dataset,condition,dimension,technique,is_original,fold,range,metric,value
DIATREND,balanced_age_jittering,age,jittering,False,1,TBR_2,A,0.0
DIATREND,balanced_age_jittering,age,jittering,False,1,TBR_2,B,0.0
DIATREND,balanced_age_jittering,age,jittering,False,1,TBR_2,C,0.0
DIATREND,balanced_age_jittering,age,jittering,False,1,TBR_2,D,95.38
DIATREND,balanced_age_jittering,age,jittering,False,1,TBR_2,E,4.62
DIATREND,balanced_age_jittering,age,jittering,False,1,TBR_2,A + B,0.0
DIATREND,balanced_age_jittering,age,jittering,False,1,TBR_2,RMSE,82.42
DIATREND,balanced_age_jittering,age,jittering,False,1,TBR_2,MSE,6793.8
DIATREND,balanced_age_jittering,age,jittering,False,1,TBR_2,MAE,78.46
DIATREND,balanced_age_jittering,age,jittering,False,1,TBR_2,MAPE,1.7
DIATREND,balanced_age_jittering,age,jittering,False,1,TBR_1,A,0.0
DIATREND,balanced_age_jittering,age,jittering,False,1,TBR_1,B,0.0
DIATREND,balanced_age_jittering,age,jittering,False,1,TBR_1,C,0.0
DIATREND,balanced_age_jittering,age,jittering,False,1,TBR_1,D,97.12
DIATREND,balanced_age_jittering,age,jittering,False,1,TBR_1,E,2.88
DIATREND,balanced_age_jittering,age,jittering,False,1,TBR_1,A + B,0.0
DIATREND,balanced_age_jittering,age,jittering,False,1,TBR_1,RMSE,63.38
DIATREND,balanced_age_jittering,age,jittering,False,1,TBR_1,MSE,4017.53
DIATREND,balanced_age_jittering,age,jittering,False,1,TBR_1,MAE,58.94
DIATREND,balanced_age_jittering,age,jittering,False,1,TBR_1,MAPE,0.94
DIATREND,balanced_age_jittering,age,jittering,False,1,TIR,A,69.07
DIATREND,balanced_age_jittering,age,jittering,False,1,TIR,B,30.52
DIATREND,balanced_age_jittering,age,jittering,False,1,TIR,C,0.41
DIATREND,balanced_age_jittering,age,jittering,False,1,TIR,D,0.0
DIATREND,balanced_age_jittering,age,jittering,False,1,TIR,E,0.0
DIATREND,balanced_age_jittering,age,jittering,False,1,TIR,A + B,99.59
DIATREND,balanced_age_jittering,age,jittering,False,1,TIR,RMSE,29.31
DIATREND,balanced_age_jittering,age,jittering,False,1,TIR,MSE,858.96
DIATREND,balanced_age_jittering,age,jittering,False,1,TIR,MAE,21.76
DIATREND,balanced_age_jittering,age,jittering,False,1,TIR,MAPE,0.17
DIATREND,balanced_age_jittering,age,jittering,False,1,TAR_1,A,69.49
DIATREND,balanced_age_jittering,age,jittering,False,1,TAR_1,B,28.06
DIATREND,balanced_age_jittering,age,jittering,False,1,TAR_1,C,0.05
DIATREND,balanced_age_jittering,age,jittering,False,1,TAR_1,D,2.4
DIATREND,balanced_age_jittering,age,jittering,False,1,TAR_1,E,0.0
DIATREND,balanced_age_jittering,age,jittering,False,1,TAR_1,A + B,97.55
DIATREND,balanced_age_jittering,age,jittering,False,1,TAR_1,RMSE,43.37
DIATREND,balanced_age_jittering,age,jittering,False,1,TAR_1,MSE,1880.8
DIATREND,balanced_age_jittering,age,jittering,False,1,TAR_1,MAE,34.26
DIATREND,balanced_age_jittering,age,jittering,False,1,TAR_1,MAPE,0.16
DIATREND,balanced_age_jittering,age,jittering,False,1,TAR_2,A,51.94
DIATREND,balanced_age_jittering,age,jittering,False,1,TAR_2,B,35.39
DIATREND,balanced_age_jittering,age,jittering,False,1,TAR_2,C,0.0
DIATREND,balanced_age_jittering,age,jittering,False,1,TAR_2,D,12.67
DIATREND,balanced_age_jittering,age,jittering,False,1,TAR_2,E,0.0
DIATREND,balanced_age_jittering,age,jittering,False,1,TAR_2,A + B,87.33
DIATREND,balanced_age_jittering,age,jittering,False,1,TAR_2,RMSE,75.36
DIATREND,balanced_age_jittering,age,jittering,False,1,TAR_2,MSE,5679.18
DIATREND,balanced_age_jittering,age,jittering,False,1,TAR_2,MAE,63.58
DIATREND,balanced_age_jittering,age,jittering,False,1,TAR_2,MAPE,0.21
DIATREND,balanced_age_jittering,age,jittering,False,1,ENTIRE,A,65.94
DIATREND,balanced_age_jittering,age,jittering,False,1,ENTIRE,B,30.21
DIATREND,balanced_age_jittering,age,jittering,False,1,ENTIRE,C,0.22
DIATREND,balanced_age_jittering,age,jittering,False,1,ENTIRE,D,3.6
DIATREND,balanced_age_jittering,age,jittering,False,1,ENTIRE,E,0.03
DIATREND,balanced_age_jittering,age,jittering,False,1,ENTIRE,A + B,96.15
DIATREND,balanced_age_jittering,age,jittering,False,1,ENTIRE,RMSE,44.5
DIATREND,balanced_age_jittering,age,jittering,False,1,ENTIRE,MSE,1980.55
DIATREND,balanced_age_jittering,age,jittering,False,1,ENTIRE,MAE,32.77
DIATREND,balanced_age_jittering,age,jittering,False,1,ENTIRE,MAPE,0.18
DIATREND,balanced_age_jittering,age,jittering,False,2,TBR_2,A,0.0
DIATREND,balanced_age_jittering,age,jittering,False,2,TBR_2,B,0.0
DIATREND,balanced_age_jittering,age,jittering,False,2,TBR_2,C,0.0
DIATREND,balanced_age_jittering,age,jittering,False,2,TBR_2,D,94.16
DIATREND,balanced_age_jittering,age,jittering,False,2,TBR_2,E,5.84
DIATREND,balanced_age_jittering,age,jittering,False,2,TBR_2,A + B,0.0
DIATREND,balanced_age_jittering,age,jittering,False,2,TBR_2,RMSE,82.87
DIATREND,balanced_age_jittering,age,jittering,False,2,TBR_2,MSE,6866.68
DIATREND,balanced_age_jittering,age,jittering,False,2,TBR_2,MAE,78.09
DIATREND,balanced_age_jittering,age,jittering,False,2,TBR_2,MAPE,1.72
DIATREND,balanced_age_jittering,age,jittering,False,2,TBR_1,A,0.02
DIATREND,balanced_age_jittering,age,jittering,False,2,TBR_1,B,0.0
DIATREND,balanced_age_jittering,age,jittering,False,2,TBR_1,C,0.0
DIATREND,balanced_age_jittering,age,jittering,False,2,TBR_1,D,95.6
DIATREND,balanced_age_jittering,age,jittering,False,2,TBR_1,E,4.39
DIATREND,balanced_age_jittering,age,jittering,False,2,TBR_1,A + B,0.02
DIATREND,balanced_age_jittering,age,jittering,False,2,TBR_1,RMSE,64.41
DIATREND,balanced_age_jittering,age,jittering,False,2,TBR_1,MSE,4148.51
DIATREND,balanced_age_jittering,age,jittering,False,2,TBR_1,MAE,58.81
DIATREND,balanced_age_jittering,age,jittering,False,2,TBR_1,MAPE,0.94
DIATREND,balanced_age_jittering,age,jittering,False,2,TIR,A,67.53
DIATREND,balanced_age_jittering,age,jittering,False,2,TIR,B,31.57
DIATREND,balanced_age_jittering,age,jittering,False,2,TIR,C,0.89
DIATREND,balanced_age_jittering,age,jittering,False,2,TIR,D,0.0
DIATREND,balanced_age_jittering,age,jittering,False,2,TIR,E,0.0
DIATREND,balanced_age_jittering,age,jittering,False,2,TIR,A + B,99.1
DIATREND,balanced_age_jittering,age,jittering,False,2,TIR,RMSE,31.11
DIATREND,balanced_age_jittering,age,jittering,False,2,TIR,MSE,968.02
DIATREND,balanced_age_jittering,age,jittering,False,2,TIR,MAE,22.46
DIATREND,balanced_age_jittering,age,jittering,False,2,TIR,MAPE,0.19
DIATREND,balanced_age_jittering,age,jittering,False,2,TAR_1,A,68.48
DIATREND,balanced_age_jittering,age,jittering,False,2,TAR_1,B,29.03
DIATREND,balanced_age_jittering,age,jittering,False,2,TAR_1,C,0.12
DIATREND,balanced_age_jittering,age,jittering,False,2,TAR_1,D,2.37
DIATREND,balanced_age_jittering,age,jittering,False,2,TAR_1,E,0.0
DIATREND,balanced_age_jittering,age,jittering,False,2,TAR_1,A + B,97.51
DIATREND,balanced_age_jittering,age,jittering,False,2,TAR_1,RMSE,43.63
DIATREND,balanced_age_jittering,age,jittering,False,2,TAR_1,MSE,1903.74
DIATREND,balanced_age_jittering,age,jittering,False,2,TAR_1,MAE,34.85
DIATREND,balanced_age_jittering,age,jittering,False,2,TAR_1,MAPE,0.16
DIATREND,balanced_age_jittering,age,jittering,False,2,TAR_2,A,52.46
DIATREND,balanced_age_jittering,age,jittering,False,2,TAR_2,B,35.98
DIATREND,balanced_age_jittering,age,jittering,False,2,TAR_2,C,0.0
DIATREND,balanced_age_jittering,age,jittering,False,2,TAR_2,D,11.56
DIATREND,balanced_age_jittering,age,jittering,False,2,TAR_2,E,0.0
DIATREND,balanced_age_jittering,age,jittering,False,2,TAR_2,A + B,88.44
DIATREND,balanced_age_jittering,age,jittering,False,2,TAR_2,RMSE,75.06
DIATREND,balanced_age_jittering,age,jittering,False,2,TAR_2,MSE,5633.51
DIATREND,balanced_age_jittering,age,jittering,False,2,TAR_2,MAE,63.89
DIATREND,balanced_age_jittering,age,jittering,False,2,TAR_2,MAPE,0.21
DIATREND,balanced_age_jittering,age,jittering,False,2,ENTIRE,A,64.21
DIATREND,balanced_age_jittering,age,jittering,False,2,ENTIRE,B,30.99
DIATREND,balanced_age_jittering,age,jittering,False,2,ENTIRE,C,0.5
DIATREND,balanced_age_jittering,age,jittering,False,2,ENTIRE,D,4.22
DIATREND,balanced_age_jittering,age,jittering,False,2,ENTIRE,E,0.08
DIATREND,balanced_age_jittering,age,jittering,False,2,ENTIRE,A + B,95.2
DIATREND,balanced_age_jittering,age,jittering,False,2,ENTIRE,RMSE,45.5
DIATREND,balanced_age_jittering,age,jittering,False,2,ENTIRE,MSE,2069.96
DIATREND,balanced_age_jittering,age,jittering,False,2,ENTIRE,MAE,33.59
DIATREND,balanced_age_jittering,age,jittering,False,2,ENTIRE,MAPE,0.2
DIATREND,balanced_age_jittering,age,jittering,False,3,TBR_2,A,0.0
DIATREND,balanced_age_jittering,age,jittering,False,3,TBR_2,B,0.0
DIATREND,balanced_age_jittering,age,jittering,False,3,TBR_2,C,0.0
DIATREND,balanced_age_jittering,age,jittering,False,3,TBR_2,D,98.35
DIATREND,balanced_age_jittering,age,jittering,False,3,TBR_2,E,1.65
DIATREND,balanced_age_jittering,age,jittering,False,3,TBR_2,A + B,0.0
DIATREND,balanced_age_jittering,age,jittering,False,3,TBR_2,RMSE,71.96
DIATREND,balanced_age_jittering,age,jittering,False,3,TBR_2,MSE,5177.87
DIATREND,balanced_age_jittering,age,jittering,False,3,TBR_2,MAE,69.19
DIATREND,balanced_age_jittering,age,jittering,False,3,TBR_2,MAPE,1.52
DIATREND,balanced_age_jittering,age,jittering,False,3,TBR_1,A,0.0
DIATREND,balanced_age_jittering,age,jittering,False,3,TBR_1,B,0.0
DIATREND,balanced_age_jittering,age,jittering,False,3,TBR_1,C,0.0
DIATREND,balanced_age_jittering,age,jittering,False,3,TBR_1,D,98.41
DIATREND,balanced_age_jittering,age,jittering,False,3,TBR_1,E,1.59
DIATREND,balanced_age_jittering,age,jittering,False,3,TBR_1,A + B,0.0
DIATREND,balanced_age_jittering,age,jittering,False,3,TBR_1,RMSE,57.87
DIATREND,balanced_age_jittering,age,jittering,False,3,TBR_1,MSE,3348.76
DIATREND,balanced_age_jittering,age,jittering,False,3,TBR_1,MAE,55.06
DIATREND,balanced_age_jittering,age,jittering,False,3,TBR_1,MAPE,0.88
DIATREND,balanced_age_jittering,age,jittering,False,3,TIR,A,69.25
DIATREND,balanced_age_jittering,age,jittering,False,3,TIR,B,30.39
DIATREND,balanced_age_jittering,age,jittering,False,3,TIR,C,0.36
DIATREND,balanced_age_jittering,age,jittering,False,3,TIR,D,0.0
DIATREND,balanced_age_jittering,age,jittering,False,3,TIR,E,0.0
DIATREND,balanced_age_jittering,age,jittering,False,3,TIR,A + B,99.64
DIATREND,balanced_age_jittering,age,jittering,False,3,TIR,RMSE,27.74
DIATREND,balanced_age_jittering,age,jittering,False,3,TIR,MSE,769.77
DIATREND,balanced_age_jittering,age,jittering,False,3,TIR,MAE,20.84
DIATREND,balanced_age_jittering,age,jittering,False,3,TIR,MAPE,0.18
DIATREND,balanced_age_jittering,age,jittering,False,3,TAR_1,A,68.05
DIATREND,balanced_age_jittering,age,jittering,False,3,TAR_1,B,29.51
DIATREND,balanced_age_jittering,age,jittering,False,3,TAR_1,C,0.09
DIATREND,balanced_age_jittering,age,jittering,False,3,TAR_1,D,2.35
DIATREND,balanced_age_jittering,age,jittering,False,3,TAR_1,E,0.0
DIATREND,balanced_age_jittering,age,jittering,False,3,TAR_1,A + B,97.56
DIATREND,balanced_age_jittering,age,jittering,False,3,TAR_1,RMSE,43.25
DIATREND,balanced_age_jittering,age,jittering,False,3,TAR_1,MSE,1870.75
DIATREND,balanced_age_jittering,age,jittering,False,3,TAR_1,MAE,34.87
DIATREND,balanced_age_jittering,age,jittering,False,3,TAR_1,MAPE,0.16
DIATREND,balanced_age_jittering,age,jittering,False,3,TAR_2,A,54.81
DIATREND,balanced_age_jittering,age,jittering,False,3,TAR_2,B,35.88
DIATREND,balanced_age_jittering,age,jittering,False,3,TAR_2,C,0.0
DIATREND,balanced_age_jittering,age,jittering,False,3,TAR_2,D,9.31
DIATREND,balanced_age_jittering,age,jittering,False,3,TAR_2,E,0.0
DIATREND,balanced_age_jittering,age,jittering,False,3,TAR_2,A + B,90.69
DIATREND,balanced_age_jittering,age,jittering,False,3,TAR_2,RMSE,74.04
DIATREND,balanced_age_jittering,age,jittering,False,3,TAR_2,MSE,5481.57
DIATREND,balanced_age_jittering,age,jittering,False,3,TAR_2,MAE,63.07
DIATREND,balanced_age_jittering,age,jittering,False,3,TAR_2,MAPE,0.21
DIATREND,balanced_age_jittering,age,jittering,False,3,ENTIRE,A,65.16
DIATREND,balanced_age_jittering,age,jittering,False,3,ENTIRE,B,30.69
DIATREND,balanced_age_jittering,age,jittering,False,3,ENTIRE,C,0.21
DIATREND,balanced_age_jittering,age,jittering,False,3,ENTIRE,D,3.91
DIATREND,balanced_age_jittering,age,jittering,False,3,ENTIRE,E,0.03
DIATREND,balanced_age_jittering,age,jittering,False,3,ENTIRE,A + B,95.85
DIATREND,balanced_age_jittering,age,jittering,False,3,ENTIRE,RMSE,44.64
DIATREND,balanced_age_jittering,age,jittering,False,3,ENTIRE,MSE,1992.56
DIATREND,balanced_age_jittering,age,jittering,False,3,ENTIRE,MAE,33.11
DIATREND,balanced_age_jittering,age,jittering,False,3,ENTIRE,MAPE,0.19
DIATREND,balanced_age_jittering,age,jittering,False,4,TBR_2,A,0.0
DIATREND,balanced_age_jittering,age,jittering,False,4,TBR_2,B,0.0
DIATREND,balanced_age_jittering,age,jittering,False,4,TBR_2,C,0.0
DIATREND,balanced_age_jittering,age,jittering,False,4,TBR_2,D,98.16
DIATREND,balanced_age_jittering,age,jittering,False,4,TBR_2,E,1.84
DIATREND,balanced_age_jittering,age,jittering,False,4,TBR_2,A + B,0.0
DIATREND,balanced_age_jittering,age,jittering,False,4,TBR_2,RMSE,74.29
DIATREND,balanced_age_jittering,age,jittering,False,4,TBR_2,MSE,5518.55
DIATREND,balanced_age_jittering,age,jittering,False,4,TBR_2,MAE,72.18
DIATREND,balanced_age_jittering,age,jittering,False,4,TBR_2,MAPE,1.62
DIATREND,balanced_age_jittering,age,jittering,False,4,TBR_1,A,0.0
DIATREND,balanced_age_jittering,age,jittering,False,4,TBR_1,B,0.0
DIATREND,balanced_age_jittering,age,jittering,False,4,TBR_1,C,0.0
DIATREND,balanced_age_jittering,age,jittering,False,4,TBR_1,D,98.18
DIATREND,balanced_age_jittering,age,jittering,False,4,TBR_1,E,1.82
DIATREND,balanced_age_jittering,age,jittering,False,4,TBR_1,A + B,0.0
DIATREND,balanced_age_jittering,age,jittering,False,4,TBR_1,RMSE,58.18
DIATREND,balanced_age_jittering,age,jittering,False,4,TBR_1,MSE,3385.11
DIATREND,balanced_age_jittering,age,jittering,False,4,TBR_1,MAE,55.22
DIATREND,balanced_age_jittering,age,jittering,False,4,TBR_1,MAPE,0.89
DIATREND,balanced_age_jittering,age,jittering,False,4,TIR,A,65.6
DIATREND,balanced_age_jittering,age,jittering,False,4,TIR,B,33.94
DIATREND,balanced_age_jittering,age,jittering,False,4,TIR,C,0.46
DIATREND,balanced_age_jittering,age,jittering,False,4,TIR,D,0.0
DIATREND,balanced_age_jittering,age,jittering,False,4,TIR,E,0.0
DIATREND,balanced_age_jittering,age,jittering,False,4,TIR,A + B,99.54
DIATREND,balanced_age_jittering,age,jittering,False,4,TIR,RMSE,29.64
DIATREND,balanced_age_jittering,age,jittering,False,4,TIR,MSE,878.35
DIATREND,balanced_age_jittering,age,jittering,False,4,TIR,MAE,22.45
DIATREND,balanced_age_jittering,age,jittering,False,4,TIR,MAPE,0.19
DIATREND,balanced_age_jittering,age,jittering,False,4,TAR_1,A,64.55
DIATREND,balanced_age_jittering,age,jittering,False,4,TAR_1,B,32.53
DIATREND,balanced_age_jittering,age,jittering,False,4,TAR_1,C,0.08
DIATREND,balanced_age_jittering,age,jittering,False,4,TAR_1,D,2.84
DIATREND,balanced_age_jittering,age,jittering,False,4,TAR_1,E,0.0
DIATREND,balanced_age_jittering,age,jittering,False,4,TAR_1,A + B,97.08
DIATREND,balanced_age_jittering,age,jittering,False,4,TAR_1,RMSE,46.33
DIATREND,balanced_age_jittering,age,jittering,False,4,TAR_1,MSE,2146.55
DIATREND,balanced_age_jittering,age,jittering,False,4,TAR_1,MAE,36.97
DIATREND,balanced_age_jittering,age,jittering,False,4,TAR_1,MAPE,0.17
DIATREND,balanced_age_jittering,age,jittering,False,4,TAR_2,A,49.96
DIATREND,balanced_age_jittering,age,jittering,False,4,TAR_2,B,39.3
DIATREND,balanced_age_jittering,age,jittering,False,4,TAR_2,C,0.0
DIATREND,balanced_age_jittering,age,jittering,False,4,TAR_2,D,10.74
DIATREND,balanced_age_jittering,age,jittering,False,4,TAR_2,E,0.0
DIATREND,balanced_age_jittering,age,jittering,False,4,TAR_2,A + B,89.26
DIATREND,balanced_age_jittering,age,jittering,False,4,TAR_2,RMSE,77.53
DIATREND,balanced_age_jittering,age,jittering,False,4,TAR_2,MSE,6011.29
DIATREND,balanced_age_jittering,age,jittering,False,4,TAR_2,MAE,66.54
DIATREND,balanced_age_jittering,age,jittering,False,4,TAR_2,MAPE,0.22
DIATREND,balanced_age_jittering,age,jittering,False,4,ENTIRE,A,60.65
DIATREND,balanced_age_jittering,age,jittering,False,4,ENTIRE,B,33.89
DIATREND,balanced_age_jittering,age,jittering,False,4,ENTIRE,C,0.25
DIATREND,balanced_age_jittering,age,jittering,False,4,ENTIRE,D,5.17
DIATREND,balanced_age_jittering,age,jittering,False,4,ENTIRE,E,0.04
DIATREND,balanced_age_jittering,age,jittering,False,4,ENTIRE,A + B,94.54
DIATREND,balanced_age_jittering,age,jittering,False,4,ENTIRE,RMSE,48.59
DIATREND,balanced_age_jittering,age,jittering,False,4,ENTIRE,MSE,2361.14
DIATREND,balanced_age_jittering,age,jittering,False,4,ENTIRE,MAE,36.46
DIATREND,balanced_age_jittering,age,jittering,False,4,ENTIRE,MAPE,0.21
DIATREND,balanced_age_jittering,age,jittering,False,5,TBR_2,A,0.0
DIATREND,balanced_age_jittering,age,jittering,False,5,TBR_2,B,0.0
DIATREND,balanced_age_jittering,age,jittering,False,5,TBR_2,C,0.0
DIATREND,balanced_age_jittering,age,jittering,False,5,TBR_2,D,98.59
DIATREND,balanced_age_jittering,age,jittering,False,5,TBR_2,E,1.41
DIATREND,balanced_age_jittering,age,jittering,False,5,TBR_2,A + B,0.0
DIATREND,balanced_age_jittering,age,jittering,False,5,TBR_2,RMSE,63.63
DIATREND,balanced_age_jittering,age,jittering,False,5,TBR_2,MSE,4048.28
DIATREND,balanced_age_jittering,age,jittering,False,5,TBR_2,MAE,59.42
DIATREND,balanced_age_jittering,age,jittering,False,5,TBR_2,MAPE,1.32
DIATREND,balanced_age_jittering,age,jittering,False,5,TBR_1,A,0.51
DIATREND,balanced_age_jittering,age,jittering,False,5,TBR_1,B,0.0
DIATREND,balanced_age_jittering,age,jittering,False,5,TBR_1,C,0.0
DIATREND,balanced_age_jittering,age,jittering,False,5,TBR_1,D,97.92
DIATREND,balanced_age_jittering,age,jittering,False,5,TBR_1,E,1.57
DIATREND,balanced_age_jittering,age,jittering,False,5,TBR_1,A + B,0.51
DIATREND,balanced_age_jittering,age,jittering,False,5,TBR_1,RMSE,52.75
DIATREND,balanced_age_jittering,age,jittering,False,5,TBR_1,MSE,2782.86
DIATREND,balanced_age_jittering,age,jittering,False,5,TBR_1,MAE,48.45
DIATREND,balanced_age_jittering,age,jittering,False,5,TBR_1,MAPE,0.78
DIATREND,balanced_age_jittering,age,jittering,False,5,TIR,A,63.88
DIATREND,balanced_age_jittering,age,jittering,False,5,TIR,B,35.48
DIATREND,balanced_age_jittering,age,jittering,False,5,TIR,C,0.65
DIATREND,balanced_age_jittering,age,jittering,False,5,TIR,D,0.0
DIATREND,balanced_age_jittering,age,jittering,False,5,TIR,E,0.0
DIATREND,balanced_age_jittering,age,jittering,False,5,TIR,A + B,99.36
DIATREND,balanced_age_jittering,age,jittering,False,5,TIR,RMSE,30.56
DIATREND,balanced_age_jittering,age,jittering,False,5,TIR,MSE,934.19
DIATREND,balanced_age_jittering,age,jittering,False,5,TIR,MAE,22.7
DIATREND,balanced_age_jittering,age,jittering,False,5,TIR,MAPE,0.2
DIATREND,balanced_age_jittering,age,jittering,False,5,TAR_1,A,68.96
DIATREND,balanced_age_jittering,age,jittering,False,5,TAR_1,B,28.41
DIATREND,balanced_age_jittering,age,jittering,False,5,TAR_1,C,0.29
DIATREND,balanced_age_jittering,age,jittering,False,5,TAR_1,D,2.35
DIATREND,balanced_age_jittering,age,jittering,False,5,TAR_1,E,0.0
DIATREND,balanced_age_jittering,age,jittering,False,5,TAR_1,A + B,97.37
DIATREND,balanced_age_jittering,age,jittering,False,5,TAR_1,RMSE,44.38
DIATREND,balanced_age_jittering,age,jittering,False,5,TAR_1,MSE,1969.92
DIATREND,balanced_age_jittering,age,jittering,False,5,TAR_1,MAE,34.57
DIATREND,balanced_age_jittering,age,jittering,False,5,TAR_1,MAPE,0.16
DIATREND,balanced_age_jittering,age,jittering,False,5,TAR_2,A,56.35
DIATREND,balanced_age_jittering,age,jittering,False,5,TAR_2,B,33.85
DIATREND,balanced_age_jittering,age,jittering,False,5,TAR_2,C,0.0
DIATREND,balanced_age_jittering,age,jittering,False,5,TAR_2,D,9.8
DIATREND,balanced_age_jittering,age,jittering,False,5,TAR_2,E,0.0
DIATREND,balanced_age_jittering,age,jittering,False,5,TAR_2,A + B,90.2
DIATREND,balanced_age_jittering,age,jittering,False,5,TAR_2,RMSE,79.38
DIATREND,balanced_age_jittering,age,jittering,False,5,TAR_2,MSE,6301.78
DIATREND,balanced_age_jittering,age,jittering,False,5,TAR_2,MAE,66.25
DIATREND,balanced_age_jittering,age,jittering,False,5,TAR_2,MAPE,0.21
DIATREND,balanced_age_jittering,age,jittering,False,5,ENTIRE,A,61.84
DIATREND,balanced_age_jittering,age,jittering,False,5,ENTIRE,B,32.42
DIATREND,balanced_age_jittering,age,jittering,False,5,ENTIRE,C,0.4
DIATREND,balanced_age_jittering,age,jittering,False,5,ENTIRE,D,5.3
DIATREND,balanced_age_jittering,age,jittering,False,5,ENTIRE,E,0.04
DIATREND,balanced_age_jittering,age,jittering,False,5,ENTIRE,A + B,94.26
DIATREND,balanced_age_jittering,age,jittering,False,5,ENTIRE,RMSE,48.68
DIATREND,balanced_age_jittering,age,jittering,False,5,ENTIRE,MSE,2369.65
DIATREND,balanced_age_jittering,age,jittering,False,5,ENTIRE,MAE,35.5
DIATREND,balanced_age_jittering,age,jittering,False,5,ENTIRE,MAPE,0.21
DIATREND,balanced_age_oversampling,age,oversampling,False,1,TBR_2,A,0.0
DIATREND,balanced_age_oversampling,age,oversampling,False,1,TBR_2,B,0.0
DIATREND,balanced_age_oversampling,age,oversampling,False,1,TBR_2,C,0.0
DIATREND,balanced_age_oversampling,age,oversampling,False,1,TBR_2,D,96.8
DIATREND,balanced_age_oversampling,age,oversampling,False,1,TBR_2,E,3.2
DIATREND,balanced_age_oversampling,age,oversampling,False,1,TBR_2,A + B,0.0
DIATREND,balanced_age_oversampling,age,oversampling,False,1,TBR_2,RMSE,78.86
DIATREND,balanced_age_oversampling,age,oversampling,False,1,TBR_2,MSE,6218.46
DIATREND,balanced_age_oversampling,age,oversampling,False,1,TBR_2,MAE,74.68
DIATREND,balanced_age_oversampling,age,oversampling,False,1,TBR_2,MAPE,1.62
DIATREND,balanced_age_oversampling,age,oversampling,False,1,TBR_1,A,0.0
DIATREND,balanced_age_oversampling,age,oversampling,False,1,TBR_1,B,0.0
DIATREND,balanced_age_oversampling,age,oversampling,False,1,TBR_1,C,0.0
DIATREND,balanced_age_oversampling,age,oversampling,False,1,TBR_1,D,97.31
DIATREND,balanced_age_oversampling,age,oversampling,False,1,TBR_1,E,2.69
DIATREND,balanced_age_oversampling,age,oversampling,False,1,TBR_1,A + B,0.0
DIATREND,balanced_age_oversampling,age,oversampling,False,1,TBR_1,RMSE,59.97
DIATREND,balanced_age_oversampling,age,oversampling,False,1,TBR_1,MSE,3595.95
DIATREND,balanced_age_oversampling,age,oversampling,False,1,TBR_1,MAE,54.7
DIATREND,balanced_age_oversampling,age,oversampling,False,1,TBR_1,MAPE,0.87
DIATREND,balanced_age_oversampling,age,oversampling,False,1,TIR,A,70.07
DIATREND,balanced_age_oversampling,age,oversampling,False,1,TIR,B,29.55
DIATREND,balanced_age_oversampling,age,oversampling,False,1,TIR,C,0.38
DIATREND,balanced_age_oversampling,age,oversampling,False,1,TIR,D,0.0
DIATREND,balanced_age_oversampling,age,oversampling,False,1,TIR,E,0.0
DIATREND,balanced_age_oversampling,age,oversampling,False,1,TIR,A + B,99.62
DIATREND,balanced_age_oversampling,age,oversampling,False,1,TIR,RMSE,28.99
DIATREND,balanced_age_oversampling,age,oversampling,False,1,TIR,MSE,840.59
DIATREND,balanced_age_oversampling,age,oversampling,False,1,TIR,MAE,21.53
DIATREND,balanced_age_oversampling,age,oversampling,False,1,TIR,MAPE,0.17
DIATREND,balanced_age_oversampling,age,oversampling,False,1,TAR_1,A,67.24
DIATREND,balanced_age_oversampling,age,oversampling,False,1,TAR_1,B,30.19
DIATREND,balanced_age_oversampling,age,oversampling,False,1,TAR_1,C,0.07
DIATREND,balanced_age_oversampling,age,oversampling,False,1,TAR_1,D,2.51
DIATREND,balanced_age_oversampling,age,oversampling,False,1,TAR_1,E,0.0
DIATREND,balanced_age_oversampling,age,oversampling,False,1,TAR_1,A + B,97.43
DIATREND,balanced_age_oversampling,age,oversampling,False,1,TAR_1,RMSE,44.75
DIATREND,balanced_age_oversampling,age,oversampling,False,1,TAR_1,MSE,2002.84
DIATREND,balanced_age_oversampling,age,oversampling,False,1,TAR_1,MAE,35.9
DIATREND,balanced_age_oversampling,age,oversampling,False,1,TAR_1,MAPE,0.17
DIATREND,balanced_age_oversampling,age,oversampling,False,1,TAR_2,A,51.86
DIATREND,balanced_age_oversampling,age,oversampling,False,1,TAR_2,B,35.27
DIATREND,balanced_age_oversampling,age,oversampling,False,1,TAR_2,C,0.0
DIATREND,balanced_age_oversampling,age,oversampling,False,1,TAR_2,D,12.87
DIATREND,balanced_age_oversampling,age,oversampling,False,1,TAR_2,E,0.0
DIATREND,balanced_age_oversampling,age,oversampling,False,1,TAR_2,A + B,87.13
DIATREND,balanced_age_oversampling,age,oversampling,False,1,TAR_2,RMSE,74.81
DIATREND,balanced_age_oversampling,age,oversampling,False,1,TAR_2,MSE,5597.04
DIATREND,balanced_age_oversampling,age,oversampling,False,1,TAR_2,MAE,63.01
DIATREND,balanced_age_oversampling,age,oversampling,False,1,TAR_2,MAPE,0.21
DIATREND,balanced_age_oversampling,age,oversampling,False,1,ENTIRE,A,65.69
DIATREND,balanced_age_oversampling,age,oversampling,False,1,ENTIRE,B,30.4
DIATREND,balanced_age_oversampling,age,oversampling,False,1,ENTIRE,C,0.21
DIATREND,balanced_age_oversampling,age,oversampling,False,1,ENTIRE,D,3.67
DIATREND,balanced_age_oversampling,age,oversampling,False,1,ENTIRE,E,0.02
DIATREND,balanced_age_oversampling,age,oversampling,False,1,ENTIRE,A + B,96.09
DIATREND,balanced_age_oversampling,age,oversampling,False,1,ENTIRE,RMSE,44.66
DIATREND,balanced_age_oversampling,age,oversampling,False,1,ENTIRE,MSE,1994.92
DIATREND,balanced_age_oversampling,age,oversampling,False,1,ENTIRE,MAE,33.07
DIATREND,balanced_age_oversampling,age,oversampling,False,1,ENTIRE,MAPE,0.18
DIATREND,balanced_age_oversampling,age,oversampling,False,2,TBR_2,A,0.0
DIATREND,balanced_age_oversampling,age,oversampling,False,2,TBR_2,B,0.0
DIATREND,balanced_age_oversampling,age,oversampling,False,2,TBR_2,C,0.0
DIATREND,balanced_age_oversampling,age,oversampling,False,2,TBR_2,D,93.91
DIATREND,balanced_age_oversampling,age,oversampling,False,2,TBR_2,E,6.09
DIATREND,balanced_age_oversampling,age,oversampling,False,2,TBR_2,A + B,0.0
DIATREND,balanced_age_oversampling,age,oversampling,False,2,TBR_2,RMSE,82.53
DIATREND,balanced_age_oversampling,age,oversampling,False,2,TBR_2,MSE,6810.63
DIATREND,balanced_age_oversampling,age,oversampling,False,2,TBR_2,MAE,77.44
DIATREND,balanced_age_oversampling,age,oversampling,False,2,TBR_2,MAPE,1.7
DIATREND,balanced_age_oversampling,age,oversampling,False,2,TBR_1,A,0.0
DIATREND,balanced_age_oversampling,age,oversampling,False,2,TBR_1,B,0.0
DIATREND,balanced_age_oversampling,age,oversampling,False,2,TBR_1,C,0.0
DIATREND,balanced_age_oversampling,age,oversampling,False,2,TBR_1,D,95.66
DIATREND,balanced_age_oversampling,age,oversampling,False,2,TBR_1,E,4.34
DIATREND,balanced_age_oversampling,age,oversampling,False,2,TBR_1,A + B,0.0
DIATREND,balanced_age_oversampling,age,oversampling,False,2,TBR_1,RMSE,63.8
DIATREND,balanced_age_oversampling,age,oversampling,False,2,TBR_1,MSE,4070.77
DIATREND,balanced_age_oversampling,age,oversampling,False,2,TBR_1,MAE,58.0
DIATREND,balanced_age_oversampling,age,oversampling,False,2,TBR_1,MAPE,0.93
DIATREND,balanced_age_oversampling,age,oversampling,False,2,TIR,A,67.61
DIATREND,balanced_age_oversampling,age,oversampling,False,2,TIR,B,31.46
DIATREND,balanced_age_oversampling,age,oversampling,False,2,TIR,C,0.93
DIATREND,balanced_age_oversampling,age,oversampling,False,2,TIR,D,0.0
DIATREND,balanced_age_oversampling,age,oversampling,False,2,TIR,E,0.0
DIATREND,balanced_age_oversampling,age,oversampling,False,2,TIR,A + B,99.07
DIATREND,balanced_age_oversampling,age,oversampling,False,2,TIR,RMSE,31.26
DIATREND,balanced_age_oversampling,age,oversampling,False,2,TIR,MSE,977.02
DIATREND,balanced_age_oversampling,age,oversampling,False,2,TIR,MAE,22.44
DIATREND,balanced_age_oversampling,age,oversampling,False,2,TIR,MAPE,0.19
DIATREND,balanced_age_oversampling,age,oversampling,False,2,TAR_1,A,68.51
DIATREND,balanced_age_oversampling,age,oversampling,False,2,TAR_1,B,29.03
DIATREND,balanced_age_oversampling,age,oversampling,False,2,TAR_1,C,0.14
DIATREND,balanced_age_oversampling,age,oversampling,False,2,TAR_1,D,2.32
DIATREND,balanced_age_oversampling,age,oversampling,False,2,TAR_1,E,0.0
DIATREND,balanced_age_oversampling,age,oversampling,False,2,TAR_1,A + B,97.54
DIATREND,balanced_age_oversampling,age,oversampling,False,2,TAR_1,RMSE,43.82
DIATREND,balanced_age_oversampling,age,oversampling,False,2,TAR_1,MSE,1919.93
DIATREND,balanced_age_oversampling,age,oversampling,False,2,TAR_1,MAE,35.13
DIATREND,balanced_age_oversampling,age,oversampling,False,2,TAR_1,MAPE,0.16
DIATREND,balanced_age_oversampling,age,oversampling,False,2,TAR_2,A,54.28
DIATREND,balanced_age_oversampling,age,oversampling,False,2,TAR_2,B,34.94
DIATREND,balanced_age_oversampling,age,oversampling,False,2,TAR_2,C,0.0
DIATREND,balanced_age_oversampling,age,oversampling,False,2,TAR_2,D,10.79
DIATREND,balanced_age_oversampling,age,oversampling,False,2,TAR_2,E,0.0
DIATREND,balanced_age_oversampling,age,oversampling,False,2,TAR_2,A + B,89.22
DIATREND,balanced_age_oversampling,age,oversampling,False,2,TAR_2,RMSE,73.1
DIATREND,balanced_age_oversampling,age,oversampling,False,2,TAR_2,MSE,5343.06
DIATREND,balanced_age_oversampling,age,oversampling,False,2,TAR_2,MAE,61.82
DIATREND,balanced_age_oversampling,age,oversampling,False,2,TAR_2,MAPE,0.21
DIATREND,balanced_age_oversampling,age,oversampling,False,2,ENTIRE,A,64.56
DIATREND,balanced_age_oversampling,age,oversampling,False,2,ENTIRE,B,30.76
DIATREND,balanced_age_oversampling,age,oversampling,False,2,ENTIRE,C,0.53
DIATREND,balanced_age_oversampling,age,oversampling,False,2,ENTIRE,D,4.08
DIATREND,balanced_age_oversampling,age,oversampling,False,2,ENTIRE,E,0.08
DIATREND,balanced_age_oversampling,age,oversampling,False,2,ENTIRE,A + B,95.32
DIATREND,balanced_age_oversampling,age,oversampling,False,2,ENTIRE,RMSE,45.07
DIATREND,balanced_age_oversampling,age,oversampling,False,2,ENTIRE,MSE,2031.09
DIATREND,balanced_age_oversampling,age,oversampling,False,2,ENTIRE,MAE,33.32
DIATREND,balanced_age_oversampling,age,oversampling,False,2,ENTIRE,MAPE,0.2
DIATREND,balanced_age_oversampling,age,oversampling,False,3,TBR_2,A,0.0
DIATREND,balanced_age_oversampling,age,oversampling,False,3,TBR_2,B,0.0
DIATREND,balanced_age_oversampling,age,oversampling,False,3,TBR_2,C,0.0
DIATREND,balanced_age_oversampling,age,oversampling,False,3,TBR_2,D,98.41
DIATREND,balanced_age_oversampling,age,oversampling,False,3,TBR_2,E,1.59
DIATREND,balanced_age_oversampling,age,oversampling,False,3,TBR_2,A + B,0.0
DIATREND,balanced_age_oversampling,age,oversampling,False,3,TBR_2,RMSE,71.1
DIATREND,balanced_age_oversampling,age,oversampling,False,3,TBR_2,MSE,5054.62
DIATREND,balanced_age_oversampling,age,oversampling,False,3,TBR_2,MAE,68.59
DIATREND,balanced_age_oversampling,age,oversampling,False,3,TBR_2,MAPE,1.51
DIATREND,balanced_age_oversampling,age,oversampling,False,3,TBR_1,A,0.0
DIATREND,balanced_age_oversampling,age,oversampling,False,3,TBR_1,B,0.0
DIATREND,balanced_age_oversampling,age,oversampling,False,3,TBR_1,C,0.0
DIATREND,balanced_age_oversampling,age,oversampling,False,3,TBR_1,D,98.45
DIATREND,balanced_age_oversampling,age,oversampling,False,3,TBR_1,E,1.55
DIATREND,balanced_age_oversampling,age,oversampling,False,3,TBR_1,A + B,0.0
DIATREND,balanced_age_oversampling,age,oversampling,False,3,TBR_1,RMSE,55.45
DIATREND,balanced_age_oversampling,age,oversampling,False,3,TBR_1,MSE,3074.88
DIATREND,balanced_age_oversampling,age,oversampling,False,3,TBR_1,MAE,52.26
DIATREND,balanced_age_oversampling,age,oversampling,False,3,TBR_1,MAPE,0.84
DIATREND,balanced_age_oversampling,age,oversampling,False,3,TIR,A,70.25
DIATREND,balanced_age_oversampling,age,oversampling,False,3,TIR,B,29.38
DIATREND,balanced_age_oversampling,age,oversampling,False,3,TIR,C,0.38
DIATREND,balanced_age_oversampling,age,oversampling,False,3,TIR,D,0.0
DIATREND,balanced_age_oversampling,age,oversampling,False,3,TIR,E,0.0
DIATREND,balanced_age_oversampling,age,oversampling,False,3,TIR,A + B,99.63
DIATREND,balanced_age_oversampling,age,oversampling,False,3,TIR,RMSE,27.81
DIATREND,balanced_age_oversampling,age,oversampling,False,3,TIR,MSE,773.56
DIATREND,balanced_age_oversampling,age,oversampling,False,3,TIR,MAE,20.69
DIATREND,balanced_age_oversampling,age,oversampling,False,3,TIR,MAPE,0.17
DIATREND,balanced_age_oversampling,age,oversampling,False,3,TAR_1,A,68.21
DIATREND,balanced_age_oversampling,age,oversampling,False,3,TAR_1,B,29.44
DIATREND,balanced_age_oversampling,age,oversampling,False,3,TAR_1,C,0.1
DIATREND,balanced_age_oversampling,age,oversampling,False,3,TAR_1,D,2.25
DIATREND,balanced_age_oversampling,age,oversampling,False,3,TAR_1,E,0.0
DIATREND,balanced_age_oversampling,age,oversampling,False,3,TAR_1,A + B,97.65
DIATREND,balanced_age_oversampling,age,oversampling,False,3,TAR_1,RMSE,43.36
DIATREND,balanced_age_oversampling,age,oversampling,False,3,TAR_1,MSE,1880.01
DIATREND,balanced_age_oversampling,age,oversampling,False,3,TAR_1,MAE,34.83
DIATREND,balanced_age_oversampling,age,oversampling,False,3,TAR_1,MAPE,0.16
DIATREND,balanced_age_oversampling,age,oversampling,False,3,TAR_2,A,58.21
DIATREND,balanced_age_oversampling,age,oversampling,False,3,TAR_2,B,33.18
DIATREND,balanced_age_oversampling,age,oversampling,False,3,TAR_2,C,0.0
DIATREND,balanced_age_oversampling,age,oversampling,False,3,TAR_2,D,8.61
DIATREND,balanced_age_oversampling,age,oversampling,False,3,TAR_2,E,0.0
DIATREND,balanced_age_oversampling,age,oversampling,False,3,TAR_2,A + B,91.39
DIATREND,balanced_age_oversampling,age,oversampling,False,3,TAR_2,RMSE,71.5
DIATREND,balanced_age_oversampling,age,oversampling,False,3,TAR_2,MSE,5112.25
DIATREND,balanced_age_oversampling,age,oversampling,False,3,TAR_2,MAE,60.22
DIATREND,balanced_age_oversampling,age,oversampling,False,3,TAR_2,MAPE,0.2
DIATREND,balanced_age_oversampling,age,oversampling,False,3,ENTIRE,A,66.36
DIATREND,balanced_age_oversampling,age,oversampling,False,3,ENTIRE,B,29.64
DIATREND,balanced_age_oversampling,age,oversampling,False,3,ENTIRE,C,0.23
DIATREND,balanced_age_oversampling,age,oversampling,False,3,ENTIRE,D,3.75
DIATREND,balanced_age_oversampling,age,oversampling,False,3,ENTIRE,E,0.02
DIATREND,balanced_age_oversampling,age,oversampling,False,3,ENTIRE,A + B,96.0
DIATREND,balanced_age_oversampling,age,oversampling,False,3,ENTIRE,RMSE,43.87
DIATREND,balanced_age_oversampling,age,oversampling,False,3,ENTIRE,MSE,1924.9
DIATREND,balanced_age_oversampling,age,oversampling,False,3,ENTIRE,MAE,32.46
DIATREND,balanced_age_oversampling,age,oversampling,False,3,ENTIRE,MAPE,0.19
DIATREND,balanced_age_oversampling,age,oversampling,False,4,TBR_2,A,0.0
DIATREND,balanced_age_oversampling,age,oversampling,False,4,TBR_2,B,0.0
DIATREND,balanced_age_oversampling,age,oversampling,False,4,TBR_2,C,0.0
DIATREND,balanced_age_oversampling,age,oversampling,False,4,TBR_2,D,98.36
DIATREND,balanced_age_oversampling,age,oversampling,False,4,TBR_2,E,1.64
DIATREND,balanced_age_oversampling,age,oversampling,False,4,TBR_2,A + B,0.0
DIATREND,balanced_age_oversampling,age,oversampling,False,4,TBR_2,RMSE,69.28
DIATREND,balanced_age_oversampling,age,oversampling,False,4,TBR_2,MSE,4800.19
DIATREND,balanced_age_oversampling,age,oversampling,False,4,TBR_2,MAE,65.59
DIATREND,balanced_age_oversampling,age,oversampling,False,4,TBR_2,MAPE,1.47
DIATREND,balanced_age_oversampling,age,oversampling,False,4,TBR_1,A,0.66
DIATREND,balanced_age_oversampling,age,oversampling,False,4,TBR_1,B,0.0
DIATREND,balanced_age_oversampling,age,oversampling,False,4,TBR_1,C,0.0
DIATREND,balanced_age_oversampling,age,oversampling,False,4,TBR_1,D,97.61
DIATREND,balanced_age_oversampling,age,oversampling,False,4,TBR_1,E,1.73
DIATREND,balanced_age_oversampling,age,oversampling,False,4,TBR_1,A + B,0.66
DIATREND,balanced_age_oversampling,age,oversampling,False,4,TBR_1,RMSE,55.14
DIATREND,balanced_age_oversampling,age,oversampling,False,4,TBR_1,MSE,3039.96
DIATREND,balanced_age_oversampling,age,oversampling,False,4,TBR_1,MAE,50.88
DIATREND,balanced_age_oversampling,age,oversampling,False,4,TBR_1,MAPE,0.82
DIATREND,balanced_age_oversampling,age,oversampling,False,4,TIR,A,67.58
DIATREND,balanced_age_oversampling,age,oversampling,False,4,TIR,B,31.97
DIATREND,balanced_age_oversampling,age,oversampling,False,4,TIR,C,0.45
DIATREND,balanced_age_oversampling,age,oversampling,False,4,TIR,D,0.0
DIATREND,balanced_age_oversampling,age,oversampling,False,4,TIR,E,0.0
DIATREND,balanced_age_oversampling,age,oversampling,False,4,TIR,A + B,99.55
DIATREND,balanced_age_oversampling,age,oversampling,False,4,TIR,RMSE,29.39
DIATREND,balanced_age_oversampling,age,oversampling,False,4,TIR,MSE,864.06
DIATREND,balanced_age_oversampling,age,oversampling,False,4,TIR,MAE,21.96
DIATREND,balanced_age_oversampling,age,oversampling,False,4,TIR,MAPE,0.18
DIATREND,balanced_age_oversampling,age,oversampling,False,4,TAR_1,A,63.83
DIATREND,balanced_age_oversampling,age,oversampling,False,4,TAR_1,B,33.18
DIATREND,balanced_age_oversampling,age,oversampling,False,4,TAR_1,C,0.13
DIATREND,balanced_age_oversampling,age,oversampling,False,4,TAR_1,D,2.87
DIATREND,balanced_age_oversampling,age,oversampling,False,4,TAR_1,E,0.0
DIATREND,balanced_age_oversampling,age,oversampling,False,4,TAR_1,A + B,97.01
DIATREND,balanced_age_oversampling,age,oversampling,False,4,TAR_1,RMSE,46.86
DIATREND,balanced_age_oversampling,age,oversampling,False,4,TAR_1,MSE,2196.04
DIATREND,balanced_age_oversampling,age,oversampling,False,4,TAR_1,MAE,37.62
DIATREND,balanced_age_oversampling,age,oversampling,False,4,TAR_1,MAPE,0.18
DIATREND,balanced_age_oversampling,age,oversampling,False,4,TAR_2,A,51.78
DIATREND,balanced_age_oversampling,age,oversampling,False,4,TAR_2,B,37.73
DIATREND,balanced_age_oversampling,age,oversampling,False,4,TAR_2,C,0.0
DIATREND,balanced_age_oversampling,age,oversampling,False,4,TAR_2,D,10.5
DIATREND,balanced_age_oversampling,age,oversampling,False,4,TAR_2,E,0.0
DIATREND,balanced_age_oversampling,age,oversampling,False,4,TAR_2,A + B,89.51
DIATREND,balanced_age_oversampling,age,oversampling,False,4,TAR_2,RMSE,75.73
DIATREND,balanced_age_oversampling,age,oversampling,False,4,TAR_2,MSE,5734.77
DIATREND,balanced_age_oversampling,age,oversampling,False,4,TAR_2,MAE,64.44
DIATREND,balanced_age_oversampling,age,oversampling,False,4,TAR_2,MAPE,0.21
DIATREND,balanced_age_oversampling,age,oversampling,False,4,ENTIRE,A,61.8
DIATREND,balanced_age_oversampling,age,oversampling,False,4,ENTIRE,B,32.79
DIATREND,balanced_age_oversampling,age,oversampling,False,4,ENTIRE,C,0.25
DIATREND,balanced_age_oversampling,age,oversampling,False,4,ENTIRE,D,5.12
DIATREND,balanced_age_oversampling,age,oversampling,False,4,ENTIRE,E,0.04
DIATREND,balanced_age_oversampling,age,oversampling,False,4,ENTIRE,A + B,94.59
DIATREND,balanced_age_oversampling,age,oversampling,False,4,ENTIRE,RMSE,47.97
DIATREND,balanced_age_oversampling,age,oversampling,False,4,ENTIRE,MSE,2301.42
DIATREND,balanced_age_oversampling,age,oversampling,False,4,ENTIRE,MAE,35.86
DIATREND,balanced_age_oversampling,age,oversampling,False,4,ENTIRE,MAPE,0.2
DIATREND,balanced_age_oversampling,age,oversampling,False,5,TBR_2,A,0.0
DIATREND,balanced_age_oversampling,age,oversampling,False,5,TBR_2,B,0.0
DIATREND,balanced_age_oversampling,age,oversampling,False,5,TBR_2,C,0.0
DIATREND,balanced_age_oversampling,age,oversampling,False,5,TBR_2,D,98.72
DIATREND,balanced_age_oversampling,age,oversampling,False,5,TBR_2,E,1.28
DIATREND,balanced_age_oversampling,age,oversampling,False,5,TBR_2,A + B,0.0
DIATREND,balanced_age_oversampling,age,oversampling,False,5,TBR_2,RMSE,65.55
DIATREND,balanced_age_oversampling,age,oversampling,False,5,TBR_2,MSE,4296.84
DIATREND,balanced_age_oversampling,age,oversampling,False,5,TBR_2,MAE,62.84
DIATREND,balanced_age_oversampling,age,oversampling,False,5,TBR_2,MAPE,1.4
DIATREND,balanced_age_oversampling,age,oversampling,False,5,TBR_1,A,0.0
DIATREND,balanced_age_oversampling,age,oversampling,False,5,TBR_1,B,0.0
DIATREND,balanced_age_oversampling,age,oversampling,False,5,TBR_1,C,0.0
DIATREND,balanced_age_oversampling,age,oversampling,False,5,TBR_1,D,98.63
DIATREND,balanced_age_oversampling,age,oversampling,False,5,TBR_1,E,1.37
DIATREND,balanced_age_oversampling,age,oversampling,False,5,TBR_1,A + B,0.0
DIATREND,balanced_age_oversampling,age,oversampling,False,5,TBR_1,RMSE,52.63
DIATREND,balanced_age_oversampling,age,oversampling,False,5,TBR_1,MSE,2770.16
DIATREND,balanced_age_oversampling,age,oversampling,False,5,TBR_1,MAE,49.17
DIATREND,balanced_age_oversampling,age,oversampling,False,5,TBR_1,MAPE,0.79
DIATREND,balanced_age_oversampling,age,oversampling,False,5,TIR,A,65.63
DIATREND,balanced_age_oversampling,age,oversampling,False,5,TIR,B,33.75
DIATREND,balanced_age_oversampling,age,oversampling,False,5,TIR,C,0.62
DIATREND,balanced_age_oversampling,age,oversampling,False,5,TIR,D,0.0
DIATREND,balanced_age_oversampling,age,oversampling,False,5,TIR,E,0.0
DIATREND,balanced_age_oversampling,age,oversampling,False,5,TIR,A + B,99.38
DIATREND,balanced_age_oversampling,age,oversampling,False,5,TIR,RMSE,29.78
DIATREND,balanced_age_oversampling,age,oversampling,False,5,TIR,MSE,886.77
DIATREND,balanced_age_oversampling,age,oversampling,False,5,TIR,MAE,22.01
DIATREND,balanced_age_oversampling,age,oversampling,False,5,TIR,MAPE,0.19
DIATREND,balanced_age_oversampling,age,oversampling,False,5,TAR_1,A,66.48
DIATREND,balanced_age_oversampling,age,oversampling,False,5,TAR_1,B,30.72
DIATREND,balanced_age_oversampling,age,oversampling,False,5,TAR_1,C,0.3
DIATREND,balanced_age_oversampling,age,oversampling,False,5,TAR_1,D,2.49
DIATREND,balanced_age_oversampling,age,oversampling,False,5,TAR_1,E,0.0
DIATREND,balanced_age_oversampling,age,oversampling,False,5,TAR_1,A + B,97.2
DIATREND,balanced_age_oversampling,age,oversampling,False,5,TAR_1,RMSE,45.84
DIATREND,balanced_age_oversampling,age,oversampling,False,5,TAR_1,MSE,2101.37
DIATREND,balanced_age_oversampling,age,oversampling,False,5,TAR_1,MAE,36.37
DIATREND,balanced_age_oversampling,age,oversampling,False,5,TAR_1,MAPE,0.17
DIATREND,balanced_age_oversampling,age,oversampling,False,5,TAR_2,A,56.03
DIATREND,balanced_age_oversampling,age,oversampling,False,5,TAR_2,B,33.78
DIATREND,balanced_age_oversampling,age,oversampling,False,5,TAR_2,C,0.0
DIATREND,balanced_age_oversampling,age,oversampling,False,5,TAR_2,D,10.19
DIATREND,balanced_age_oversampling,age,oversampling,False,5,TAR_2,E,0.0
DIATREND,balanced_age_oversampling,age,oversampling,False,5,TAR_2,A + B,89.81
DIATREND,balanced_age_oversampling,age,oversampling,False,5,TAR_2,RMSE,79.34
DIATREND,balanced_age_oversampling,age,oversampling,False,5,TAR_2,MSE,6294.86
DIATREND,balanced_age_oversampling,age,oversampling,False,5,TAR_2,MAE,65.8
DIATREND,balanced_age_oversampling,age,oversampling,False,5,TAR_2,MAPE,0.21
DIATREND,balanced_age_oversampling,age,oversampling,False,5,ENTIRE,A,62.05
DIATREND,balanced_age_oversampling,age,oversampling,False,5,ENTIRE,B,32.09
DIATREND,balanced_age_oversampling,age,oversampling,False,5,ENTIRE,C,0.39
DIATREND,balanced_age_oversampling,age,oversampling,False,5,ENTIRE,D,5.43
DIATREND,balanced_age_oversampling,age,oversampling,False,5,ENTIRE,E,0.04
DIATREND,balanced_age_oversampling,age,oversampling,False,5,ENTIRE,A + B,94.14
DIATREND,balanced_age_oversampling,age,oversampling,False,5,ENTIRE,RMSE,48.76
DIATREND,balanced_age_oversampling,age,oversampling,False,5,ENTIRE,MSE,2377.77
DIATREND,balanced_age_oversampling,age,oversampling,False,5,ENTIRE,MAE,35.54
DIATREND,balanced_age_oversampling,age,oversampling,False,5,ENTIRE,MAPE,0.21
DIATREND,balanced_age_patient_aware_undersampling,age,patient_aware_undersampling,False,1,TBR_2,A,0.0
DIATREND,balanced_age_patient_aware_undersampling,age,patient_aware_undersampling,False,1,TBR_2,B,0.0
DIATREND,balanced_age_patient_aware_undersampling,age,patient_aware_undersampling,False,1,TBR_2,C,0.0
DIATREND,balanced_age_patient_aware_undersampling,age,patient_aware_undersampling,False,1,TBR_2,D,95.38
DIATREND,balanced_age_patient_aware_undersampling,age,patient_aware_undersampling,False,1,TBR_2,E,4.62
DIATREND,balanced_age_patient_aware_undersampling,age,patient_aware_undersampling,False,1,TBR_2,A + B,0.0
DIATREND,balanced_age_patient_aware_undersampling,age,patient_aware_undersampling,False,1,TBR_2,RMSE,84.07
DIATREND,balanced_age_patient_aware_undersampling,age,patient_aware_undersampling,False,1,TBR_2,MSE,7068.15
DIATREND,balanced_age_patient_aware_undersampling,age,patient_aware_undersampling,False,1,TBR_2,MAE,79.78
DIATREND,balanced_age_patient_aware_undersampling,age,patient_aware_undersampling,False,1,TBR_2,MAPE,1.73
DIATREND,balanced_age_patient_aware_undersampling,age,patient_aware_undersampling,False,1,TBR_1,A,0.0
DIATREND,balanced_age_patient_aware_undersampling,age,patient_aware_undersampling,False,1,TBR_1,B,0.0
DIATREND,balanced_age_patient_aware_undersampling,age,patient_aware_undersampling,False,1,TBR_1,C,0.0
DIATREND,balanced_age_patient_aware_undersampling,age,patient_aware_undersampling,False,1,TBR_1,D,96.72
DIATREND,balanced_age_patient_aware_undersampling,age,patient_aware_undersampling,False,1,TBR_1,E,3.28
DIATREND,balanced_age_patient_aware_undersampling,age,patient_aware_undersampling,False,1,TBR_1,A + B,0.0
DIATREND,balanced_age_patient_aware_undersampling,age,patient_aware_undersampling,False,1,TBR_1,RMSE,64.18
DIATREND,balanced_age_patient_aware_undersampling,age,patient_aware_undersampling,False,1,TBR_1,MSE,4118.52
DIATREND,balanced_age_patient_aware_undersampling,age,patient_aware_undersampling,False,1,TBR_1,MAE,59.83
DIATREND,balanced_age_patient_aware_undersampling,age,patient_aware_undersampling,False,1,TBR_1,MAPE,0.95
DIATREND,balanced_age_patient_aware_undersampling,age,patient_aware_undersampling,False,1,TIR,A,68.75
DIATREND,balanced_age_patient_aware_undersampling,age,patient_aware_undersampling,False,1,TIR,B,30.84
DIATREND,balanced_age_patient_aware_undersampling,age,patient_aware_undersampling,False,1,TIR,C,0.4
DIATREND,balanced_age_patient_aware_undersampling,age,patient_aware_undersampling,False,1,TIR,D,0.0
DIATREND,balanced_age_patient_aware_undersampling,age,patient_aware_undersampling,False,1,TIR,E,0.0
DIATREND,balanced_age_patient_aware_undersampling,age,patient_aware_undersampling,False,1,TIR,A + B,99.59
DIATREND,balanced_age_patient_aware_undersampling,age,patient_aware_undersampling,False,1,TIR,RMSE,29.39
DIATREND,balanced_age_patient_aware_undersampling,age,patient_aware_undersampling,False,1,TIR,MSE,863.76
DIATREND,balanced_age_patient_aware_undersampling,age,patient_aware_undersampling,False,1,TIR,MAE,21.92
DIATREND,balanced_age_patient_aware_undersampling,age,patient_aware_undersampling,False,1,TIR,MAPE,0.18
DIATREND,balanced_age_patient_aware_undersampling,age,patient_aware_undersampling,False,1,TAR_1,A,69.36
DIATREND,balanced_age_patient_aware_undersampling,age,patient_aware_undersampling,False,1,TAR_1,B,28.21
DIATREND,balanced_age_patient_aware_undersampling,age,patient_aware_undersampling,False,1,TAR_1,C,0.0
DIATREND,balanced_age_patient_aware_undersampling,age,patient_aware_undersampling,False,1,TAR_1,D,2.43
DIATREND,balanced_age_patient_aware_undersampling,age,patient_aware_undersampling,False,1,TAR_1,E,0.0
DIATREND,balanced_age_patient_aware_undersampling,age,patient_aware_undersampling,False,1,TAR_1,A + B,97.57
DIATREND,balanced_age_patient_aware_undersampling,age,patient_aware_undersampling,False,1,TAR_1,RMSE,42.98
DIATREND,balanced_age_patient_aware_undersampling,age,patient_aware_undersampling,False,1,TAR_1,MSE,1847.69
DIATREND,balanced_age_patient_aware_undersampling,age,patient_aware_undersampling,False,1,TAR_1,MAE,34.48
DIATREND,balanced_age_patient_aware_undersampling,age,patient_aware_undersampling,False,1,TAR_1,MAPE,0.16
DIATREND,balanced_age_patient_aware_undersampling,age,patient_aware_undersampling,False,1,TAR_2,A,45.99
DIATREND,balanced_age_patient_aware_undersampling,age,patient_aware_undersampling,False,1,TAR_2,B,41.4
DIATREND,balanced_age_patient_aware_undersampling,age,patient_aware_undersampling,False,1,TAR_2,C,0.0
DIATREND,balanced_age_patient_aware_undersampling,age,patient_aware_undersampling,False,1,TAR_2,D,12.61
DIATREND,balanced_age_patient_aware_undersampling,age,patient_aware_undersampling,False,1,TAR_2,E,0.0
DIATREND,balanced_age_patient_aware_undersampling,age,patient_aware_undersampling,False,1,TAR_2,A + B,87.39
DIATREND,balanced_age_patient_aware_undersampling,age,patient_aware_undersampling,False,1,TAR_2,RMSE,78.52
DIATREND,balanced_age_patient_aware_undersampling,age,patient_aware_undersampling,False,1,TAR_2,MSE,6165.11
DIATREND,balanced_age_patient_aware_undersampling,age,patient_aware_undersampling,False,1,TAR_2,MAE,67.53
DIATREND,balanced_age_patient_aware_undersampling,age,patient_aware_undersampling,False,1,TAR_2,MAPE,0.23
DIATREND,balanced_age_patient_aware_undersampling,age,patient_aware_undersampling,False,1,ENTIRE,A,64.81
DIATREND,balanced_age_patient_aware_undersampling,age,patient_aware_undersampling,False,1,ENTIRE,B,31.36
DIATREND,balanced_age_patient_aware_undersampling,age,patient_aware_undersampling,False,1,ENTIRE,C,0.2
DIATREND,balanced_age_patient_aware_undersampling,age,patient_aware_undersampling,False,1,ENTIRE,D,3.6
DIATREND,balanced_age_patient_aware_undersampling,age,patient_aware_undersampling,False,1,ENTIRE,E,0.03
DIATREND,balanced_age_patient_aware_undersampling,age,patient_aware_undersampling,False,1,ENTIRE,A + B,96.17
DIATREND,balanced_age_patient_aware_undersampling,age,patient_aware_undersampling,False,1,ENTIRE,RMSE,45.27
DIATREND,balanced_age_patient_aware_undersampling,age,patient_aware_undersampling,False,1,ENTIRE,MSE,2049.12
DIATREND,balanced_age_patient_aware_undersampling,age,patient_aware_undersampling,False,1,ENTIRE,MAE,33.54
DIATREND,balanced_age_patient_aware_undersampling,age,patient_aware_undersampling,False,1,ENTIRE,MAPE,0.19
DIATREND,balanced_age_patient_aware_undersampling,age,patient_aware_undersampling,False,2,TBR_2,A,0.0
DIATREND,balanced_age_patient_aware_undersampling,age,patient_aware_undersampling,False,2,TBR_2,B,0.0
DIATREND,balanced_age_patient_aware_undersampling,age,patient_aware_undersampling,False,2,TBR_2,C,0.0
DIATREND,balanced_age_patient_aware_undersampling,age,patient_aware_undersampling,False,2,TBR_2,D,91.4
DIATREND,balanced_age_patient_aware_undersampling,age,patient_aware_undersampling,False,2,TBR_2,E,8.6
DIATREND,balanced_age_patient_aware_undersampling,age,patient_aware_undersampling,False,2,TBR_2,A + B,0.0
DIATREND,balanced_age_patient_aware_undersampling,age,patient_aware_undersampling,False,2,TBR_2,RMSE,87.68
DIATREND,balanced_age_patient_aware_undersampling,age,patient_aware_undersampling,False,2,TBR_2,MSE,7687.12
DIATREND,balanced_age_patient_aware_undersampling,age,patient_aware_undersampling,False,2,TBR_2,MAE,82.16
DIATREND,balanced_age_patient_aware_undersampling,age,patient_aware_undersampling,False,2,TBR_2,MAPE,1.81
DIATREND,balanced_age_patient_aware_undersampling,age,patient_aware_undersampling,False,2,TBR_1,A,0.0
DIATREND,balanced_age_patient_aware_undersampling,age,patient_aware_undersampling,False,2,TBR_1,B,0.0
DIATREND,balanced_age_patient_aware_undersampling,age,patient_aware_undersampling,False,2,TBR_1,C,0.0
DIATREND,balanced_age_patient_aware_undersampling,age,patient_aware_undersampling,False,2,TBR_1,D,94.16
DIATREND,balanced_age_patient_aware_undersampling,age,patient_aware_undersampling,False,2,TBR_1,E,5.84
DIATREND,balanced_age_patient_aware_undersampling,age,patient_aware_undersampling,False,2,TBR_1,A + B,0.0
DIATREND,balanced_age_patient_aware_undersampling,age,patient_aware_undersampling,False,2,TBR_1,RMSE,67.58
DIATREND,balanced_age_patient_aware_undersampling,age,patient_aware_undersampling,False,2,TBR_1,MSE,4567.64
DIATREND,balanced_age_patient_aware_undersampling,age,patient_aware_undersampling,False,2,TBR_1,MAE,61.9
DIATREND,balanced_age_patient_aware_undersampling,age,patient_aware_undersampling,False,2,TBR_1,MAPE,0.99
DIATREND,balanced_age_patient_aware_undersampling,age,patient_aware_undersampling,False,2,TIR,A,66.0
DIATREND,balanced_age_patient_aware_undersampling,age,patient_aware_undersampling,False,2,TIR,B,33.04
DIATREND,balanced_age_patient_aware_undersampling,age,patient_aware_undersampling,False,2,TIR,C,0.96
DIATREND,balanced_age_patient_aware_undersampling,age,patient_aware_undersampling,False,2,TIR,D,0.0
DIATREND,balanced_age_patient_aware_undersampling,age,patient_aware_undersampling,False,2,TIR,E,0.0
DIATREND,balanced_age_patient_aware_undersampling,age,patient_aware_undersampling,False,2,TIR,A + B,99.04
DIATREND,balanced_age_patient_aware_undersampling,age,patient_aware_undersampling,False,2,TIR,RMSE,31.78
DIATREND,balanced_age_patient_aware_undersampling,age,patient_aware_undersampling,False,2,TIR,MSE,1010.14
DIATREND,balanced_age_patient_aware_undersampling,age,patient_aware_undersampling,False,2,TIR,MAE,23.17
DIATREND,balanced_age_patient_aware_undersampling,age,patient_aware_undersampling,False,2,TIR,MAPE,0.2
DIATREND,balanced_age_patient_aware_undersampling,age,patient_aware_undersampling,False,2,TAR_1,A,69.84
DIATREND,balanced_age_patient_aware_undersampling,age,patient_aware_undersampling,False,2,TAR_1,B,27.93
DIATREND,balanced_age_patient_aware_undersampling,age,patient_aware_undersampling,False,2,TAR_1,C,0.0
DIATREND,balanced_age_patient_aware_undersampling,age,patient_aware_undersampling,False,2,TAR_1,D,2.23
DIATREND,balanced_age_patient_aware_undersampling,age,patient_aware_undersampling,False,2,TAR_1,E,0.0
DIATREND,balanced_age_patient_aware_undersampling,age,patient_aware_undersampling,False,2,TAR_1,A + B,97.77
DIATREND,balanced_age_patient_aware_undersampling,age,patient_aware_undersampling,False,2,TAR_1,RMSE,42.54
DIATREND,balanced_age_patient_aware_undersampling,age,patient_aware_undersampling,False,2,TAR_1,MSE,1809.59
DIATREND,balanced_age_patient_aware_undersampling,age,patient_aware_undersampling,False,2,TAR_1,MAE,34.19
DIATREND,balanced_age_patient_aware_undersampling,age,patient_aware_undersampling,False,2,TAR_1,MAPE,0.16
DIATREND,balanced_age_patient_aware_undersampling,age,patient_aware_undersampling,False,2,TAR_2,A,47.37
DIATREND,balanced_age_patient_aware_undersampling,age,patient_aware_undersampling,False,2,TAR_2,B,42.26
DIATREND,balanced_age_patient_aware_undersampling,age,patient_aware_undersampling,False,2,TAR_2,C,0.0
DIATREND,balanced_age_patient_aware_undersampling,age,patient_aware_undersampling,False,2,TAR_2,D,10.37
DIATREND,balanced_age_patient_aware_undersampling,age,patient_aware_undersampling,False,2,TAR_2,E,0.0
DIATREND,balanced_age_patient_aware_undersampling,age,patient_aware_undersampling,False,2,TAR_2,A + B,89.63
DIATREND,balanced_age_patient_aware_undersampling,age,patient_aware_undersampling,False,2,TAR_2,RMSE,77.25
DIATREND,balanced_age_patient_aware_undersampling,age,patient_aware_undersampling,False,2,TAR_2,MSE,5968.12
DIATREND,balanced_age_patient_aware_undersampling,age,patient_aware_undersampling,False,2,TAR_2,MAE,66.73
DIATREND,balanced_age_patient_aware_undersampling,age,patient_aware_undersampling,False,2,TAR_2,MAPE,0.22
DIATREND,balanced_age_patient_aware_undersampling,age,patient_aware_undersampling,False,2,ENTIRE,A,63.0
DIATREND,balanced_age_patient_aware_undersampling,age,patient_aware_undersampling,False,2,ENTIRE,B,32.44
DIATREND,balanced_age_patient_aware_undersampling,age,patient_aware_undersampling,False,2,ENTIRE,C,0.5
DIATREND,balanced_age_patient_aware_undersampling,age,patient_aware_undersampling,False,2,ENTIRE,D,3.96
DIATREND,balanced_age_patient_aware_undersampling,age,patient_aware_undersampling,False,2,ENTIRE,E,0.11
DIATREND,balanced_age_patient_aware_undersampling,age,patient_aware_undersampling,False,2,ENTIRE,A + B,95.44
DIATREND,balanced_age_patient_aware_undersampling,age,patient_aware_undersampling,False,2,ENTIRE,RMSE,46.11
DIATREND,balanced_age_patient_aware_undersampling,age,patient_aware_undersampling,False,2,ENTIRE,MSE,2126.47
DIATREND,balanced_age_patient_aware_undersampling,age,patient_aware_undersampling,False,2,ENTIRE,MAE,34.28
DIATREND,balanced_age_patient_aware_undersampling,age,patient_aware_undersampling,False,2,ENTIRE,MAPE,0.21
DIATREND,balanced_age_patient_aware_undersampling,age,patient_aware_undersampling,False,3,TBR_2,A,0.0
DIATREND,balanced_age_patient_aware_undersampling,age,patient_aware_undersampling,False,3,TBR_2,B,0.0
DIATREND,balanced_age_patient_aware_undersampling,age,patient_aware_undersampling,False,3,TBR_2,C,0.0
DIATREND,balanced_age_patient_aware_undersampling,age,patient_aware_undersampling,False,3,TBR_2,D,97.97
DIATREND,balanced_age_patient_aware_undersampling,age,patient_aware_undersampling,False,3,TBR_2,E,2.03
DIATREND,balanced_age_patient_aware_undersampling,age,patient_aware_undersampling,False,3,TBR_2,A + B,0.0
DIATREND,balanced_age_patient_aware_undersampling,age,patient_aware_undersampling,False,3,TBR_2,RMSE,76.77
DIATREND,balanced_age_patient_aware_undersampling,age,patient_aware_undersampling,False,3,TBR_2,MSE,5893.29
DIATREND,balanced_age_patient_aware_undersampling,age,patient_aware_undersampling,False,3,TBR_2,MAE,74.68
DIATREND,balanced_age_patient_aware_undersampling,age,patient_aware_undersampling,False,3,TBR_2,MAPE,1.64
DIATREND,balanced_age_patient_aware_undersampling,age,patient_aware_undersampling,False,3,TBR_1,A,0.0
DIATREND,balanced_age_patient_aware_undersampling,age,patient_aware_undersampling,False,3,TBR_1,B,0.0
DIATREND,balanced_age_patient_aware_undersampling,age,patient_aware_undersampling,False,3,TBR_1,C,0.0
DIATREND,balanced_age_patient_aware_undersampling,age,patient_aware_undersampling,False,3,TBR_1,D,97.81
DIATREND,balanced_age_patient_aware_undersampling,age,patient_aware_undersampling,False,3,TBR_1,E,2.19
DIATREND,balanced_age_patient_aware_undersampling,age,patient_aware_undersampling,False,3,TBR_1,A + B,0.0
DIATREND,balanced_age_patient_aware_undersampling,age,patient_aware_undersampling,False,3,TBR_1,RMSE,61.38
DIATREND,balanced_age_patient_aware_undersampling,age,patient_aware_undersampling,False,3,TBR_1,MSE,3767.47
DIATREND,balanced_age_patient_aware_undersampling,age,patient_aware_undersampling,False,3,TBR_1,MAE,58.83
DIATREND,balanced_age_patient_aware_undersampling,age,patient_aware_undersampling,False,3,TBR_1,MAPE,0.94
DIATREND,balanced_age_patient_aware_undersampling,age,patient_aware_undersampling,False,3,TIR,A,67.89
DIATREND,balanced_age_patient_aware_undersampling,age,patient_aware_undersampling,False,3,TIR,B,31.75
DIATREND,balanced_age_patient_aware_undersampling,age,patient_aware_undersampling,False,3,TIR,C,0.36
DIATREND,balanced_age_patient_aware_undersampling,age,patient_aware_undersampling,False,3,TIR,D,0.0
DIATREND,balanced_age_patient_aware_undersampling,age,patient_aware_undersampling,False,3,TIR,E,0.0
DIATREND,balanced_age_patient_aware_undersampling,age,patient_aware_undersampling,False,3,TIR,A + B,99.64
DIATREND,balanced_age_patient_aware_undersampling,age,patient_aware_undersampling,False,3,TIR,RMSE,28.41
DIATREND,balanced_age_patient_aware_undersampling,age,patient_aware_undersampling,False,3,TIR,MSE,806.88
DIATREND,balanced_age_patient_aware_undersampling,age,patient_aware_undersampling,False,3,TIR,MAE,21.52
DIATREND,balanced_age_patient_aware_undersampling,age,patient_aware_undersampling,False,3,TIR,MAPE,0.18
DIATREND,balanced_age_patient_aware_undersampling,age,patient_aware_undersampling,False,3,TAR_1,A,69.35
DIATREND,balanced_age_patient_aware_undersampling,age,patient_aware_undersampling,False,3,TAR_1,B,28.44
DIATREND,balanced_age_patient_aware_undersampling,age,patient_aware_undersampling,False,3,TAR_1,C,0.0
DIATREND,balanced_age_patient_aware_undersampling,age,patient_aware_undersampling,False,3,TAR_1,D,2.21
DIATREND,balanced_age_patient_aware_undersampling,age,patient_aware_undersampling,False,3,TAR_1,E,0.0
DIATREND,balanced_age_patient_aware_undersampling,age,patient_aware_undersampling,False,3,TAR_1,A + B,97.79
DIATREND,balanced_age_patient_aware_undersampling,age,patient_aware_undersampling,False,3,TAR_1,RMSE,41.99
DIATREND,balanced_age_patient_aware_undersampling,age,patient_aware_undersampling,False,3,TAR_1,MSE,1763.51
DIATREND,balanced_age_patient_aware_undersampling,age,patient_aware_undersampling,False,3,TAR_1,MAE,34.11
DIATREND,balanced_age_patient_aware_undersampling,age,patient_aware_undersampling,False,3,TAR_1,MAPE,0.16
DIATREND,balanced_age_patient_aware_undersampling,age,patient_aware_undersampling,False,3,TAR_2,A,44.37
DIATREND,balanced_age_patient_aware_undersampling,age,patient_aware_undersampling,False,3,TAR_2,B,47.28
DIATREND,balanced_age_patient_aware_undersampling,age,patient_aware_undersampling,False,3,TAR_2,C,0.0
DIATREND,balanced_age_patient_aware_undersampling,age,patient_aware_undersampling,False,3,TAR_2,D,8.35
DIATREND,balanced_age_patient_aware_undersampling,age,patient_aware_undersampling,False,3,TAR_2,E,0.0
DIATREND,balanced_age_patient_aware_undersampling,age,patient_aware_undersampling,False,3,TAR_2,A + B,91.65
DIATREND,balanced_age_patient_aware_undersampling,age,patient_aware_undersampling,False,3,TAR_2,RMSE,80.41
DIATREND,balanced_age_patient_aware_undersampling,age,patient_aware_undersampling,False,3,TAR_2,MSE,6466.33
DIATREND,balanced_age_patient_aware_undersampling,age,patient_aware_undersampling,False,3,TAR_2,MAE,70.09
DIATREND,balanced_age_patient_aware_undersampling,age,patient_aware_undersampling,False,3,TAR_2,MAPE,0.22
DIATREND,balanced_age_patient_aware_undersampling,age,patient_aware_undersampling,False,3,ENTIRE,A,62.87
DIATREND,balanced_age_patient_aware_undersampling,age,patient_aware_undersampling,False,3,ENTIRE,B,33.22
DIATREND,balanced_age_patient_aware_undersampling,age,patient_aware_undersampling,False,3,ENTIRE,C,0.19
DIATREND,balanced_age_patient_aware_undersampling,age,patient_aware_undersampling,False,3,ENTIRE,D,3.68
DIATREND,balanced_age_patient_aware_undersampling,age,patient_aware_undersampling,False,3,ENTIRE,E,0.03
DIATREND,balanced_age_patient_aware_undersampling,age,patient_aware_undersampling,False,3,ENTIRE,A + B,96.09
DIATREND,balanced_age_patient_aware_undersampling,age,patient_aware_undersampling,False,3,ENTIRE,RMSE,46.61
DIATREND,balanced_age_patient_aware_undersampling,age,patient_aware_undersampling,False,3,ENTIRE,MSE,2172.47
DIATREND,balanced_age_patient_aware_undersampling,age,patient_aware_undersampling,False,3,ENTIRE,MAE,34.62
DIATREND,balanced_age_patient_aware_undersampling,age,patient_aware_undersampling,False,3,ENTIRE,MAPE,0.2
DIATREND,balanced_age_patient_aware_undersampling,age,patient_aware_undersampling,False,4,TBR_2,A,0.0
DIATREND,balanced_age_patient_aware_undersampling,age,patient_aware_undersampling,False,4,TBR_2,B,0.0
DIATREND,balanced_age_patient_aware_undersampling,age,patient_aware_undersampling,False,4,TBR_2,C,0.0
DIATREND,balanced_age_patient_aware_undersampling,age,patient_aware_undersampling,False,4,TBR_2,D,97.56
DIATREND,balanced_age_patient_aware_undersampling,age,patient_aware_undersampling,False,4,TBR_2,E,2.44
DIATREND,balanced_age_patient_aware_undersampling,age,patient_aware_undersampling,False,4,TBR_2,A + B,0.0
DIATREND,balanced_age_patient_aware_undersampling,age,patient_aware_undersampling,False,4,TBR_2,RMSE,75.18
DIATREND,balanced_age_patient_aware_undersampling,age,patient_aware_undersampling,False,4,TBR_2,MSE,5651.33
DIATREND,balanced_age_patient_aware_undersampling,age,patient_aware_undersampling,False,4,TBR_2,MAE,72.81
DIATREND,balanced_age_patient_aware_undersampling,age,patient_aware_undersampling,False,4,TBR_2,MAPE,1.63
DIATREND,balanced_age_patient_aware_undersampling,age,patient_aware_undersampling,False,4,TBR_1,A,0.0
DIATREND,balanced_age_patient_aware_undersampling,age,patient_aware_undersampling,False,4,TBR_1,B,0.0
DIATREND,balanced_age_patient_aware_undersampling,age,patient_aware_undersampling,False,4,TBR_1,C,0.0
DIATREND,balanced_age_patient_aware_undersampling,age,patient_aware_undersampling,False,4,TBR_1,D,97.29
DIATREND,balanced_age_patient_aware_undersampling,age,patient_aware_undersampling,False,4,TBR_1,E,2.71
DIATREND,balanced_age_patient_aware_undersampling,age,patient_aware_undersampling,False,4,TBR_1,A + B,0.0
DIATREND,balanced_age_patient_aware_undersampling,age,patient_aware_undersampling,False,4,TBR_1,RMSE,60.29
DIATREND,balanced_age_patient_aware_undersampling,age,patient_aware_undersampling,False,4,TBR_1,MSE,3634.93
DIATREND,balanced_age_patient_aware_undersampling,age,patient_aware_undersampling,False,4,TBR_1,MAE,57.14
DIATREND,balanced_age_patient_aware_undersampling,age,patient_aware_undersampling,False,4,TBR_1,MAPE,0.92
DIATREND,balanced_age_patient_aware_undersampling,age,patient_aware_undersampling,False,4,TIR,A,64.53
DIATREND,balanced_age_patient_aware_undersampling,age,patient_aware_undersampling,False,4,TIR,B,34.93
DIATREND,balanced_age_patient_aware_undersampling,age,patient_aware_undersampling,False,4,TIR,C,0.54
DIATREND,balanced_age_patient_aware_undersampling,age,patient_aware_undersampling,False,4,TIR,D,0.0
DIATREND,balanced_age_patient_aware_undersampling,age,patient_aware_undersampling,False,4,TIR,E,0.0
DIATREND,balanced_age_patient_aware_undersampling,age,patient_aware_undersampling,False,4,TIR,A + B,99.46
DIATREND,balanced_age_patient_aware_undersampling,age,patient_aware_undersampling,False,4,TIR,RMSE,30.5
DIATREND,balanced_age_patient_aware_undersampling,age,patient_aware_undersampling,False,4,TIR,MSE,929.99
DIATREND,balanced_age_patient_aware_undersampling,age,patient_aware_undersampling,False,4,TIR,MAE,23.15
DIATREND,balanced_age_patient_aware_undersampling,age,patient_aware_undersampling,False,4,TIR,MAPE,0.19
DIATREND,balanced_age_patient_aware_undersampling,age,patient_aware_undersampling,False,4,TAR_1,A,66.12
DIATREND,balanced_age_patient_aware_undersampling,age,patient_aware_undersampling,False,4,TAR_1,B,31.28
DIATREND,balanced_age_patient_aware_undersampling,age,patient_aware_undersampling,False,4,TAR_1,C,0.0
DIATREND,balanced_age_patient_aware_undersampling,age,patient_aware_undersampling,False,4,TAR_1,D,2.6
DIATREND,balanced_age_patient_aware_undersampling,age,patient_aware_undersampling,False,4,TAR_1,E,0.0
DIATREND,balanced_age_patient_aware_undersampling,age,patient_aware_undersampling,False,4,TAR_1,A + B,97.4
DIATREND,balanced_age_patient_aware_undersampling,age,patient_aware_undersampling,False,4,TAR_1,RMSE,44.9
DIATREND,balanced_age_patient_aware_undersampling,age,patient_aware_undersampling,False,4,TAR_1,MSE,2015.75
DIATREND,balanced_age_patient_aware_undersampling,age,patient_aware_undersampling,False,4,TAR_1,MAE,35.88
DIATREND,balanced_age_patient_aware_undersampling,age,patient_aware_undersampling,False,4,TAR_1,MAPE,0.17
DIATREND,balanced_age_patient_aware_undersampling,age,patient_aware_undersampling,False,4,TAR_2,A,43.02
DIATREND,balanced_age_patient_aware_undersampling,age,patient_aware_undersampling,False,4,TAR_2,B,47.58
DIATREND,balanced_age_patient_aware_undersampling,age,patient_aware_undersampling,False,4,TAR_2,C,0.0
DIATREND,balanced_age_patient_aware_undersampling,age,patient_aware_undersampling,False,4,TAR_2,D,9.4
DIATREND,balanced_age_patient_aware_undersampling,age,patient_aware_undersampling,False,4,TAR_2,E,0.0
DIATREND,balanced_age_patient_aware_undersampling,age,patient_aware_undersampling,False,4,TAR_2,A + B,90.6
DIATREND,balanced_age_patient_aware_undersampling,age,patient_aware_undersampling,False,4,TAR_2,RMSE,81.13
DIATREND,balanced_age_patient_aware_undersampling,age,patient_aware_undersampling,False,4,TAR_2,MSE,6581.33
DIATREND,balanced_age_patient_aware_undersampling,age,patient_aware_undersampling,False,4,TAR_2,MAE,70.74
DIATREND,balanced_age_patient_aware_undersampling,age,patient_aware_undersampling,False,4,TAR_2,MAPE,0.23
DIATREND,balanced_age_patient_aware_undersampling,age,patient_aware_undersampling,False,4,ENTIRE,A,59.15
DIATREND,balanced_age_patient_aware_undersampling,age,patient_aware_undersampling,False,4,ENTIRE,B,35.72
DIATREND,balanced_age_patient_aware_undersampling,age,patient_aware_undersampling,False,4,ENTIRE,C,0.26
DIATREND,balanced_age_patient_aware_undersampling,age,patient_aware_undersampling,False,4,ENTIRE,D,4.81
DIATREND,balanced_age_patient_aware_undersampling,age,patient_aware_undersampling,False,4,ENTIRE,E,0.06
DIATREND,balanced_age_patient_aware_undersampling,age,patient_aware_undersampling,False,4,ENTIRE,A + B,94.87
DIATREND,balanced_age_patient_aware_undersampling,age,patient_aware_undersampling,False,4,ENTIRE,RMSE,49.71
DIATREND,balanced_age_patient_aware_undersampling,age,patient_aware_undersampling,False,4,ENTIRE,MSE,2470.81
DIATREND,balanced_age_patient_aware_undersampling,age,patient_aware_undersampling,False,4,ENTIRE,MAE,37.38
DIATREND,balanced_age_patient_aware_undersampling,age,patient_aware_undersampling,False,4,ENTIRE,MAPE,0.21
DIATREND,balanced_age_patient_aware_undersampling,age,patient_aware_undersampling,False,5,TBR_2,A,0.0
DIATREND,balanced_age_patient_aware_undersampling,age,patient_aware_undersampling,False,5,TBR_2,B,0.0
DIATREND,balanced_age_patient_aware_undersampling,age,patient_aware_undersampling,False,5,TBR_2,C,0.0
DIATREND,balanced_age_patient_aware_undersampling,age,patient_aware_undersampling,False,5,TBR_2,D,98.41
DIATREND,balanced_age_patient_aware_undersampling,age,patient_aware_undersampling,False,5,TBR_2,E,1.59
DIATREND,balanced_age_patient_aware_undersampling,age,patient_aware_undersampling,False,5,TBR_2,A + B,0.0
DIATREND,balanced_age_patient_aware_undersampling,age,patient_aware_undersampling,False,5,TBR_2,RMSE,72.93
DIATREND,balanced_age_patient_aware_undersampling,age,patient_aware_undersampling,False,5,TBR_2,MSE,5319.45
DIATREND,balanced_age_patient_aware_undersampling,age,patient_aware_undersampling,False,5,TBR_2,MAE,70.85
DIATREND,balanced_age_patient_aware_undersampling,age,patient_aware_undersampling,False,5,TBR_2,MAPE,1.58
DIATREND,balanced_age_patient_aware_undersampling,age,patient_aware_undersampling,False,5,TBR_1,A,0.0
DIATREND,balanced_age_patient_aware_undersampling,age,patient_aware_undersampling,False,5,TBR_1,B,0.0
DIATREND,balanced_age_patient_aware_undersampling,age,patient_aware_undersampling,False,5,TBR_1,C,0.0
DIATREND,balanced_age_patient_aware_undersampling,age,patient_aware_undersampling,False,5,TBR_1,D,98.07
DIATREND,balanced_age_patient_aware_undersampling,age,patient_aware_undersampling,False,5,TBR_1,E,1.93
DIATREND,balanced_age_patient_aware_undersampling,age,patient_aware_undersampling,False,5,TBR_1,A + B,0.0
DIATREND,balanced_age_patient_aware_undersampling,age,patient_aware_undersampling,False,5,TBR_1,RMSE,58.75
DIATREND,balanced_age_patient_aware_undersampling,age,patient_aware_undersampling,False,5,TBR_1,MSE,3451.18
DIATREND,balanced_age_patient_aware_undersampling,age,patient_aware_undersampling,False,5,TBR_1,MAE,56.02
DIATREND,balanced_age_patient_aware_undersampling,age,patient_aware_undersampling,False,5,TBR_1,MAPE,0.9
DIATREND,balanced_age_patient_aware_undersampling,age,patient_aware_undersampling,False,5,TIR,A,62.48
DIATREND,balanced_age_patient_aware_undersampling,age,patient_aware_undersampling,False,5,TIR,B,36.99
DIATREND,balanced_age_patient_aware_undersampling,age,patient_aware_undersampling,False,5,TIR,C,0.53
DIATREND,balanced_age_patient_aware_undersampling,age,patient_aware_undersampling,False,5,TIR,D,0.0
DIATREND,balanced_age_patient_aware_undersampling,age,patient_aware_undersampling,False,5,TIR,E,0.0
DIATREND,balanced_age_patient_aware_undersampling,age,patient_aware_undersampling,False,5,TIR,A + B,99.47
DIATREND,balanced_age_patient_aware_undersampling,age,patient_aware_undersampling,False,5,TIR,RMSE,30.54
DIATREND,balanced_age_patient_aware_undersampling,age,patient_aware_undersampling,False,5,TIR,MSE,932.4
DIATREND,balanced_age_patient_aware_undersampling,age,patient_aware_undersampling,False,5,TIR,MAE,23.18
DIATREND,balanced_age_patient_aware_undersampling,age,patient_aware_undersampling,False,5,TIR,MAPE,0.2
DIATREND,balanced_age_patient_aware_undersampling,age,patient_aware_undersampling,False,5,TAR_1,A,69.38
DIATREND,balanced_age_patient_aware_undersampling,age,patient_aware_undersampling,False,5,TAR_1,B,28.16
DIATREND,balanced_age_patient_aware_undersampling,age,patient_aware_undersampling,False,5,TAR_1,C,0.0
DIATREND,balanced_age_patient_aware_undersampling,age,patient_aware_undersampling,False,5,TAR_1,D,2.46
DIATREND,balanced_age_patient_aware_undersampling,age,patient_aware_undersampling,False,5,TAR_1,E,0.0
DIATREND,balanced_age_patient_aware_undersampling,age,patient_aware_undersampling,False,5,TAR_1,A + B,97.54
DIATREND,balanced_age_patient_aware_undersampling,age,patient_aware_undersampling,False,5,TAR_1,RMSE,43.03
DIATREND,balanced_age_patient_aware_undersampling,age,patient_aware_undersampling,False,5,TAR_1,MSE,1851.79
DIATREND,balanced_age_patient_aware_undersampling,age,patient_aware_undersampling,False,5,TAR_1,MAE,34.08
DIATREND,balanced_age_patient_aware_undersampling,age,patient_aware_undersampling,False,5,TAR_1,MAPE,0.16
DIATREND,balanced_age_patient_aware_undersampling,age,patient_aware_undersampling,False,5,TAR_2,A,35.91
DIATREND,balanced_age_patient_aware_undersampling,age,patient_aware_undersampling,False,5,TAR_2,B,53.95
DIATREND,balanced_age_patient_aware_undersampling,age,patient_aware_undersampling,False,5,TAR_2,C,0.0
DIATREND,balanced_age_patient_aware_undersampling,age,patient_aware_undersampling,False,5,TAR_2,D,10.15
DIATREND,balanced_age_patient_aware_undersampling,age,patient_aware_undersampling,False,5,TAR_2,E,0.0
DIATREND,balanced_age_patient_aware_undersampling,age,patient_aware_undersampling,False,5,TAR_2,A + B,89.86
DIATREND,balanced_age_patient_aware_undersampling,age,patient_aware_undersampling,False,5,TAR_2,RMSE,94.58
DIATREND,balanced_age_patient_aware_undersampling,age,patient_aware_undersampling,False,5,TAR_2,MSE,8946.04
DIATREND,balanced_age_patient_aware_undersampling,age,patient_aware_undersampling,False,5,TAR_2,MAE,82.89
DIATREND,balanced_age_patient_aware_undersampling,age,patient_aware_undersampling,False,5,TAR_2,MAPE,0.26
DIATREND,balanced_age_patient_aware_undersampling,age,patient_aware_undersampling,False,5,ENTIRE,A,56.95
DIATREND,balanced_age_patient_aware_undersampling,age,patient_aware_undersampling,False,5,ENTIRE,B,37.33
DIATREND,balanced_age_patient_aware_undersampling,age,patient_aware_undersampling,False,5,ENTIRE,C,0.27
DIATREND,balanced_age_patient_aware_undersampling,age,patient_aware_undersampling,False,5,ENTIRE,D,5.4
DIATREND,balanced_age_patient_aware_undersampling,age,patient_aware_undersampling,False,5,ENTIRE,E,0.05
DIATREND,balanced_age_patient_aware_undersampling,age,patient_aware_undersampling,False,5,ENTIRE,A + B,94.28
DIATREND,balanced_age_patient_aware_undersampling,age,patient_aware_undersampling,False,5,ENTIRE,RMSE,53.98
DIATREND,balanced_age_patient_aware_undersampling,age,patient_aware_undersampling,False,5,ENTIRE,MSE,2913.35
DIATREND,balanced_age_patient_aware_undersampling,age,patient_aware_undersampling,False,5,ENTIRE,MAE,39.33
DIATREND,balanced_age_patient_aware_undersampling,age,patient_aware_undersampling,False,5,ENTIRE,MAPE,0.23
DIATREND,balanced_age_reference_proportional,age,reference_proportional,False,1,TBR_2,A,0.0
DIATREND,balanced_age_reference_proportional,age,reference_proportional,False,1,TBR_2,B,0.0
DIATREND,balanced_age_reference_proportional,age,reference_proportional,False,1,TBR_2,C,0.0
DIATREND,balanced_age_reference_proportional,age,reference_proportional,False,1,TBR_2,D,95.74
DIATREND,balanced_age_reference_proportional,age,reference_proportional,False,1,TBR_2,E,4.26
DIATREND,balanced_age_reference_proportional,age,reference_proportional,False,1,TBR_2,A + B,0.0
DIATREND,balanced_age_reference_proportional,age,reference_proportional,False,1,TBR_2,RMSE,81.37
DIATREND,balanced_age_reference_proportional,age,reference_proportional,False,1,TBR_2,MSE,6620.93
DIATREND,balanced_age_reference_proportional,age,reference_proportional,False,1,TBR_2,MAE,76.94
DIATREND,balanced_age_reference_proportional,age,reference_proportional,False,1,TBR_2,MAPE,1.67
DIATREND,balanced_age_reference_proportional,age,reference_proportional,False,1,TBR_1,A,0.0
DIATREND,balanced_age_reference_proportional,age,reference_proportional,False,1,TBR_1,B,0.0
DIATREND,balanced_age_reference_proportional,age,reference_proportional,False,1,TBR_1,C,0.0
DIATREND,balanced_age_reference_proportional,age,reference_proportional,False,1,TBR_1,D,96.97
DIATREND,balanced_age_reference_proportional,age,reference_proportional,False,1,TBR_1,E,3.03
DIATREND,balanced_age_reference_proportional,age,reference_proportional,False,1,TBR_1,A + B,0.0
DIATREND,balanced_age_reference_proportional,age,reference_proportional,False,1,TBR_1,RMSE,61.91
DIATREND,balanced_age_reference_proportional,age,reference_proportional,False,1,TBR_1,MSE,3832.23
DIATREND,balanced_age_reference_proportional,age,reference_proportional,False,1,TBR_1,MAE,56.72
DIATREND,balanced_age_reference_proportional,age,reference_proportional,False,1,TBR_1,MAPE,0.9
DIATREND,balanced_age_reference_proportional,age,reference_proportional,False,1,TIR,A,69.35
DIATREND,balanced_age_reference_proportional,age,reference_proportional,False,1,TIR,B,30.18
DIATREND,balanced_age_reference_proportional,age,reference_proportional,False,1,TIR,C,0.46
DIATREND,balanced_age_reference_proportional,age,reference_proportional,False,1,TIR,D,0.0
DIATREND,balanced_age_reference_proportional,age,reference_proportional,False,1,TIR,E,0.0
DIATREND,balanced_age_reference_proportional,age,reference_proportional,False,1,TIR,A + B,99.53
DIATREND,balanced_age_reference_proportional,age,reference_proportional,False,1,TIR,RMSE,29.6
DIATREND,balanced_age_reference_proportional,age,reference_proportional,False,1,TIR,MSE,875.97
DIATREND,balanced_age_reference_proportional,age,reference_proportional,False,1,TIR,MAE,21.82
DIATREND,balanced_age_reference_proportional,age,reference_proportional,False,1,TIR,MAPE,0.17
DIATREND,balanced_age_reference_proportional,age,reference_proportional,False,1,TAR_1,A,69.63
DIATREND,balanced_age_reference_proportional,age,reference_proportional,False,1,TAR_1,B,28.0
DIATREND,balanced_age_reference_proportional,age,reference_proportional,False,1,TAR_1,C,0.05
DIATREND,balanced_age_reference_proportional,age,reference_proportional,False,1,TAR_1,D,2.32
DIATREND,balanced_age_reference_proportional,age,reference_proportional,False,1,TAR_1,E,0.0
DIATREND,balanced_age_reference_proportional,age,reference_proportional,False,1,TAR_1,A + B,97.63
DIATREND,balanced_age_reference_proportional,age,reference_proportional,False,1,TAR_1,RMSE,43.26
DIATREND,balanced_age_reference_proportional,age,reference_proportional,False,1,TAR_1,MSE,1871.77
DIATREND,balanced_age_reference_proportional,age,reference_proportional,False,1,TAR_1,MAE,34.1
DIATREND,balanced_age_reference_proportional,age,reference_proportional,False,1,TAR_1,MAPE,0.16
DIATREND,balanced_age_reference_proportional,age,reference_proportional,False,1,TAR_2,A,54.87
DIATREND,balanced_age_reference_proportional,age,reference_proportional,False,1,TAR_2,B,33.24
DIATREND,balanced_age_reference_proportional,age,reference_proportional,False,1,TAR_2,C,0.0
DIATREND,balanced_age_reference_proportional,age,reference_proportional,False,1,TAR_2,D,11.89
DIATREND,balanced_age_reference_proportional,age,reference_proportional,False,1,TAR_2,E,0.0
DIATREND,balanced_age_reference_proportional,age,reference_proportional,False,1,TAR_2,A + B,88.11
DIATREND,balanced_age_reference_proportional,age,reference_proportional,False,1,TAR_2,RMSE,72.95
DIATREND,balanced_age_reference_proportional,age,reference_proportional,False,1,TAR_2,MSE,5321.21
DIATREND,balanced_age_reference_proportional,age,reference_proportional,False,1,TAR_2,MAE,60.81
DIATREND,balanced_age_reference_proportional,age,reference_proportional,False,1,TAR_2,MAPE,0.2
DIATREND,balanced_age_reference_proportional,age,reference_proportional,False,1,ENTIRE,A,66.59
DIATREND,balanced_age_reference_proportional,age,reference_proportional,False,1,ENTIRE,B,29.68
DIATREND,balanced_age_reference_proportional,age,reference_proportional,False,1,ENTIRE,C,0.25
DIATREND,balanced_age_reference_proportional,age,reference_proportional,False,1,ENTIRE,D,3.45
DIATREND,balanced_age_reference_proportional,age,reference_proportional,False,1,ENTIRE,E,0.03
DIATREND,balanced_age_reference_proportional,age,reference_proportional,False,1,ENTIRE,A + B,96.27
DIATREND,balanced_age_reference_proportional,age,reference_proportional,False,1,ENTIRE,RMSE,43.92
DIATREND,balanced_age_reference_proportional,age,reference_proportional,False,1,ENTIRE,MSE,1928.62
DIATREND,balanced_age_reference_proportional,age,reference_proportional,False,1,ENTIRE,MAE,32.3
DIATREND,balanced_age_reference_proportional,age,reference_proportional,False,1,ENTIRE,MAPE,0.18
DIATREND,balanced_age_reference_proportional,age,reference_proportional,False,2,TBR_2,A,0.0
DIATREND,balanced_age_reference_proportional,age,reference_proportional,False,2,TBR_2,B,0.0
DIATREND,balanced_age_reference_proportional,age,reference_proportional,False,2,TBR_2,C,0.0
DIATREND,balanced_age_reference_proportional,age,reference_proportional,False,2,TBR_2,D,94.22
DIATREND,balanced_age_reference_proportional,age,reference_proportional,False,2,TBR_2,E,5.78
DIATREND,balanced_age_reference_proportional,age,reference_proportional,False,2,TBR_2,A + B,0.0
DIATREND,balanced_age_reference_proportional,age,reference_proportional,False,2,TBR_2,RMSE,82.8
DIATREND,balanced_age_reference_proportional,age,reference_proportional,False,2,TBR_2,MSE,6856.5
DIATREND,balanced_age_reference_proportional,age,reference_proportional,False,2,TBR_2,MAE,77.74
DIATREND,balanced_age_reference_proportional,age,reference_proportional,False,2,TBR_2,MAPE,1.71
DIATREND,balanced_age_reference_proportional,age,reference_proportional,False,2,TBR_1,A,0.0
DIATREND,balanced_age_reference_proportional,age,reference_proportional,False,2,TBR_1,B,0.0
DIATREND,balanced_age_reference_proportional,age,reference_proportional,False,2,TBR_1,C,0.0
DIATREND,balanced_age_reference_proportional,age,reference_proportional,False,2,TBR_1,D,95.66
DIATREND,balanced_age_reference_proportional,age,reference_proportional,False,2,TBR_1,E,4.34
DIATREND,balanced_age_reference_proportional,age,reference_proportional,False,2,TBR_1,A + B,0.0
DIATREND,balanced_age_reference_proportional,age,reference_proportional,False,2,TBR_1,RMSE,64.01
DIATREND,balanced_age_reference_proportional,age,reference_proportional,False,2,TBR_1,MSE,4096.94
DIATREND,balanced_age_reference_proportional,age,reference_proportional,False,2,TBR_1,MAE,58.32
DIATREND,balanced_age_reference_proportional,age,reference_proportional,False,2,TBR_1,MAPE,0.93
DIATREND,balanced_age_reference_proportional,age,reference_proportional,False,2,TIR,A,67.88
DIATREND,balanced_age_reference_proportional,age,reference_proportional,False,2,TIR,B,31.22
DIATREND,balanced_age_reference_proportional,age,reference_proportional,False,2,TIR,C,0.9
DIATREND,balanced_age_reference_proportional,age,reference_proportional,False,2,TIR,D,0.0
DIATREND,balanced_age_reference_proportional,age,reference_proportional,False,2,TIR,E,0.0
DIATREND,balanced_age_reference_proportional,age,reference_proportional,False,2,TIR,A + B,99.1
DIATREND,balanced_age_reference_proportional,age,reference_proportional,False,2,TIR,RMSE,31.03
DIATREND,balanced_age_reference_proportional,age,reference_proportional,False,2,TIR,MSE,963.05
DIATREND,balanced_age_reference_proportional,age,reference_proportional,False,2,TIR,MAE,22.34
DIATREND,balanced_age_reference_proportional,age,reference_proportional,False,2,TIR,MAPE,0.19
DIATREND,balanced_age_reference_proportional,age,reference_proportional,False,2,TAR_1,A,67.66
DIATREND,balanced_age_reference_proportional,age,reference_proportional,False,2,TAR_1,B,29.79
DIATREND,balanced_age_reference_proportional,age,reference_proportional,False,2,TAR_1,C,0.12
DIATREND,balanced_age_reference_proportional,age,reference_proportional,False,2,TAR_1,D,2.43
DIATREND,balanced_age_reference_proportional,age,reference_proportional,False,2,TAR_1,E,0.0
DIATREND,balanced_age_reference_proportional,age,reference_proportional,False,2,TAR_1,A + B,97.45
DIATREND,balanced_age_reference_proportional,age,reference_proportional,False,2,TAR_1,RMSE,44.11
DIATREND,balanced_age_reference_proportional,age,reference_proportional,False,2,TAR_1,MSE,1945.66
DIATREND,balanced_age_reference_proportional,age,reference_proportional,False,2,TAR_1,MAE,35.58
DIATREND,balanced_age_reference_proportional,age,reference_proportional,False,2,TAR_1,MAPE,0.17
DIATREND,balanced_age_reference_proportional,age,reference_proportional,False,2,TAR_2,A,52.57
DIATREND,balanced_age_reference_proportional,age,reference_proportional,False,2,TAR_2,B,36.27
DIATREND,balanced_age_reference_proportional,age,reference_proportional,False,2,TAR_2,C,0.0
DIATREND,balanced_age_reference_proportional,age,reference_proportional,False,2,TAR_2,D,11.16
DIATREND,balanced_age_reference_proportional,age,reference_proportional,False,2,TAR_2,E,0.0
DIATREND,balanced_age_reference_proportional,age,reference_proportional,False,2,TAR_2,A + B,88.84
DIATREND,balanced_age_reference_proportional,age,reference_proportional,False,2,TAR_2,RMSE,74.38
DIATREND,balanced_age_reference_proportional,age,reference_proportional,False,2,TAR_2,MSE,5531.71
DIATREND,balanced_age_reference_proportional,age,reference_proportional,False,2,TAR_2,MAE,63.36
DIATREND,balanced_age_reference_proportional,age,reference_proportional,False,2,TAR_2,MAPE,0.21
DIATREND,balanced_age_reference_proportional,age,reference_proportional,False,2,ENTIRE,A,64.17
DIATREND,balanced_age_reference_proportional,age,reference_proportional,False,2,ENTIRE,B,31.08
DIATREND,balanced_age_reference_proportional,age,reference_proportional,False,2,ENTIRE,C,0.5
DIATREND,balanced_age_reference_proportional,age,reference_proportional,False,2,ENTIRE,D,4.17
DIATREND,balanced_age_reference_proportional,age,reference_proportional,False,2,ENTIRE,E,0.08
DIATREND,balanced_age_reference_proportional,age,reference_proportional,False,2,ENTIRE,A + B,95.25
DIATREND,balanced_age_reference_proportional,age,reference_proportional,False,2,ENTIRE,RMSE,45.42
DIATREND,balanced_age_reference_proportional,age,reference_proportional,False,2,ENTIRE,MSE,2062.69
DIATREND,balanced_age_reference_proportional,age,reference_proportional,False,2,ENTIRE,MAE,33.66
DIATREND,balanced_age_reference_proportional,age,reference_proportional,False,2,ENTIRE,MAPE,0.2
DIATREND,balanced_age_reference_proportional,age,reference_proportional,False,3,TBR_2,A,0.0
DIATREND,balanced_age_reference_proportional,age,reference_proportional,False,3,TBR_2,B,0.0
DIATREND,balanced_age_reference_proportional,age,reference_proportional,False,3,TBR_2,C,0.0
DIATREND,balanced_age_reference_proportional,age,reference_proportional,False,3,TBR_2,D,98.35
DIATREND,balanced_age_reference_proportional,age,reference_proportional,False,3,TBR_2,E,1.65
DIATREND,balanced_age_reference_proportional,age,reference_proportional,False,3,TBR_2,A + B,0.0
DIATREND,balanced_age_reference_proportional,age,reference_proportional,False,3,TBR_2,RMSE,70.58
DIATREND,balanced_age_reference_proportional,age,reference_proportional,False,3,TBR_2,MSE,4980.94
DIATREND,balanced_age_reference_proportional,age,reference_proportional,False,3,TBR_2,MAE,67.97
DIATREND,balanced_age_reference_proportional,age,reference_proportional,False,3,TBR_2,MAPE,1.49
DIATREND,balanced_age_reference_proportional,age,reference_proportional,False,3,TBR_1,A,0.0
DIATREND,balanced_age_reference_proportional,age,reference_proportional,False,3,TBR_1,B,0.0
DIATREND,balanced_age_reference_proportional,age,reference_proportional,False,3,TBR_1,C,0.0
DIATREND,balanced_age_reference_proportional,age,reference_proportional,False,3,TBR_1,D,98.5
DIATREND,balanced_age_reference_proportional,age,reference_proportional,False,3,TBR_1,E,1.5
DIATREND,balanced_age_reference_proportional,age,reference_proportional,False,3,TBR_1,A + B,0.0
DIATREND,balanced_age_reference_proportional,age,reference_proportional,False,3,TBR_1,RMSE,54.98
DIATREND,balanced_age_reference_proportional,age,reference_proportional,False,3,TBR_1,MSE,3022.62
DIATREND,balanced_age_reference_proportional,age,reference_proportional,False,3,TBR_1,MAE,51.8
DIATREND,balanced_age_reference_proportional,age,reference_proportional,False,3,TBR_1,MAPE,0.83
DIATREND,balanced_age_reference_proportional,age,reference_proportional,False,3,TIR,A,70.07
DIATREND,balanced_age_reference_proportional,age,reference_proportional,False,3,TIR,B,29.58
DIATREND,balanced_age_reference_proportional,age,reference_proportional,False,3,TIR,C,0.36
DIATREND,balanced_age_reference_proportional,age,reference_proportional,False,3,TIR,D,0.0
DIATREND,balanced_age_reference_proportional,age,reference_proportional,False,3,TIR,E,0.0
DIATREND,balanced_age_reference_proportional,age,reference_proportional,False,3,TIR,A + B,99.65
DIATREND,balanced_age_reference_proportional,age,reference_proportional,False,3,TIR,RMSE,27.51
DIATREND,balanced_age_reference_proportional,age,reference_proportional,False,3,TIR,MSE,756.63
DIATREND,balanced_age_reference_proportional,age,reference_proportional,False,3,TIR,MAE,20.56
DIATREND,balanced_age_reference_proportional,age,reference_proportional,False,3,TIR,MAPE,0.17
DIATREND,balanced_age_reference_proportional,age,reference_proportional,False,3,TAR_1,A,67.6
DIATREND,balanced_age_reference_proportional,age,reference_proportional,False,3,TAR_1,B,29.93
DIATREND,balanced_age_reference_proportional,age,reference_proportional,False,3,TAR_1,C,0.12
DIATREND,balanced_age_reference_proportional,age,reference_proportional,False,3,TAR_1,D,2.35
DIATREND,balanced_age_reference_proportional,age,reference_proportional,False,3,TAR_1,E,0.0
DIATREND,balanced_age_reference_proportional,age,reference_proportional,False,3,TAR_1,A + B,97.53
DIATREND,balanced_age_reference_proportional,age,reference_proportional,False,3,TAR_1,RMSE,43.68
DIATREND,balanced_age_reference_proportional,age,reference_proportional,False,3,TAR_1,MSE,1908.3
DIATREND,balanced_age_reference_proportional,age,reference_proportional,False,3,TAR_1,MAE,35.42
DIATREND,balanced_age_reference_proportional,age,reference_proportional,False,3,TAR_1,MAPE,0.17
DIATREND,balanced_age_reference_proportional,age,reference_proportional,False,3,TAR_2,A,55.68
DIATREND,balanced_age_reference_proportional,age,reference_proportional,False,3,TAR_2,B,35.35
DIATREND,balanced_age_reference_proportional,age,reference_proportional,False,3,TAR_2,C,0.0
DIATREND,balanced_age_reference_proportional,age,reference_proportional,False,3,TAR_2,D,8.97
DIATREND,balanced_age_reference_proportional,age,reference_proportional,False,3,TAR_2,E,0.0
DIATREND,balanced_age_reference_proportional,age,reference_proportional,False,3,TAR_2,A + B,91.03
DIATREND,balanced_age_reference_proportional,age,reference_proportional,False,3,TAR_2,RMSE,72.85
DIATREND,balanced_age_reference_proportional,age,reference_proportional,False,3,TAR_2,MSE,5307.05
DIATREND,balanced_age_reference_proportional,age,reference_proportional,False,3,TAR_2,MAE,61.8
DIATREND,balanced_age_reference_proportional,age,reference_proportional,False,3,TAR_2,MAPE,0.2
DIATREND,balanced_age_reference_proportional,age,reference_proportional,False,3,ENTIRE,A,65.63
DIATREND,balanced_age_reference_proportional,age,reference_proportional,False,3,ENTIRE,B,30.28
DIATREND,balanced_age_reference_proportional,age,reference_proportional,False,3,ENTIRE,C,0.22
DIATREND,balanced_age_reference_proportional,age,reference_proportional,False,3,ENTIRE,D,3.85
DIATREND,balanced_age_reference_proportional,age,reference_proportional,False,3,ENTIRE,E,0.02
DIATREND,balanced_age_reference_proportional,age,reference_proportional,False,3,ENTIRE,A + B,95.91
DIATREND,balanced_age_reference_proportional,age,reference_proportional,False,3,ENTIRE,RMSE,44.26
DIATREND,balanced_age_reference_proportional,age,reference_proportional,False,3,ENTIRE,MSE,1959.04
DIATREND,balanced_age_reference_proportional,age,reference_proportional,False,3,ENTIRE,MAE,32.84
DIATREND,balanced_age_reference_proportional,age,reference_proportional,False,3,ENTIRE,MAPE,0.19
DIATREND,balanced_age_reference_proportional,age,reference_proportional,False,4,TBR_2,A,0.0
DIATREND,balanced_age_reference_proportional,age,reference_proportional,False,4,TBR_2,B,0.0
DIATREND,balanced_age_reference_proportional,age,reference_proportional,False,4,TBR_2,C,0.0
DIATREND,balanced_age_reference_proportional,age,reference_proportional,False,4,TBR_2,D,98.16
DIATREND,balanced_age_reference_proportional,age,reference_proportional,False,4,TBR_2,E,1.84
DIATREND,balanced_age_reference_proportional,age,reference_proportional,False,4,TBR_2,A + B,0.0
DIATREND,balanced_age_reference_proportional,age,reference_proportional,False,4,TBR_2,RMSE,74.26
DIATREND,balanced_age_reference_proportional,age,reference_proportional,False,4,TBR_2,MSE,5514.28
DIATREND,balanced_age_reference_proportional,age,reference_proportional,False,4,TBR_2,MAE,71.95
DIATREND,balanced_age_reference_proportional,age,reference_proportional,False,4,TBR_2,MAPE,1.61
DIATREND,balanced_age_reference_proportional,age,reference_proportional,False,4,TBR_1,A,0.0
DIATREND,balanced_age_reference_proportional,age,reference_proportional,False,4,TBR_1,B,0.0
DIATREND,balanced_age_reference_proportional,age,reference_proportional,False,4,TBR_1,C,0.0
DIATREND,balanced_age_reference_proportional,age,reference_proportional,False,4,TBR_1,D,98.09
DIATREND,balanced_age_reference_proportional,age,reference_proportional,False,4,TBR_1,E,1.91
DIATREND,balanced_age_reference_proportional,age,reference_proportional,False,4,TBR_1,A + B,0.0
DIATREND,balanced_age_reference_proportional,age,reference_proportional,False,4,TBR_1,RMSE,57.42
DIATREND,balanced_age_reference_proportional,age,reference_proportional,False,4,TBR_1,MSE,3297.04
DIATREND,balanced_age_reference_proportional,age,reference_proportional,False,4,TBR_1,MAE,53.99
DIATREND,balanced_age_reference_proportional,age,reference_proportional,False,4,TBR_1,MAPE,0.87
DIATREND,balanced_age_reference_proportional,age,reference_proportional,False,4,TIR,A,67.14
DIATREND,balanced_age_reference_proportional,age,reference_proportional,False,4,TIR,B,32.35
DIATREND,balanced_age_reference_proportional,age,reference_proportional,False,4,TIR,C,0.51
DIATREND,balanced_age_reference_proportional,age,reference_proportional,False,4,TIR,D,0.0
DIATREND,balanced_age_reference_proportional,age,reference_proportional,False,4,TIR,E,0.0
DIATREND,balanced_age_reference_proportional,age,reference_proportional,False,4,TIR,A + B,99.49
DIATREND,balanced_age_reference_proportional,age,reference_proportional,False,4,TIR,RMSE,29.64
DIATREND,balanced_age_reference_proportional,age,reference_proportional,False,4,TIR,MSE,878.31
DIATREND,balanced_age_reference_proportional,age,reference_proportional,False,4,TIR,MAE,22.14
DIATREND,balanced_age_reference_proportional,age,reference_proportional,False,4,TIR,MAPE,0.18
DIATREND,balanced_age_reference_proportional,age,reference_proportional,False,4,TAR_1,A,63.91
DIATREND,balanced_age_reference_proportional,age,reference_proportional,False,4,TAR_1,B,33.14
DIATREND,balanced_age_reference_proportional,age,reference_proportional,False,4,TAR_1,C,0.13
DIATREND,balanced_age_reference_proportional,age,reference_proportional,False,4,TAR_1,D,2.82
DIATREND,balanced_age_reference_proportional,age,reference_proportional,False,4,TAR_1,E,0.0
DIATREND,balanced_age_reference_proportional,age,reference_proportional,False,4,TAR_1,A + B,97.05
DIATREND,balanced_age_reference_proportional,age,reference_proportional,False,4,TAR_1,RMSE,46.66
DIATREND,balanced_age_reference_proportional,age,reference_proportional,False,4,TAR_1,MSE,2176.7
DIATREND,balanced_age_reference_proportional,age,reference_proportional,False,4,TAR_1,MAE,37.42
DIATREND,balanced_age_reference_proportional,age,reference_proportional,False,4,TAR_1,MAPE,0.17
DIATREND,balanced_age_reference_proportional,age,reference_proportional,False,4,TAR_2,A,53.8
DIATREND,balanced_age_reference_proportional,age,reference_proportional,False,4,TAR_2,B,35.96
DIATREND,balanced_age_reference_proportional,age,reference_proportional,False,4,TAR_2,C,0.0
DIATREND,balanced_age_reference_proportional,age,reference_proportional,False,4,TAR_2,D,10.24
DIATREND,balanced_age_reference_proportional,age,reference_proportional,False,4,TAR_2,E,0.0
DIATREND,balanced_age_reference_proportional,age,reference_proportional,False,4,TAR_2,A + B,89.76
DIATREND,balanced_age_reference_proportional,age,reference_proportional,False,4,TAR_2,RMSE,74.48
DIATREND,balanced_age_reference_proportional,age,reference_proportional,False,4,TAR_2,MSE,5547.34
DIATREND,balanced_age_reference_proportional,age,reference_proportional,False,4,TAR_2,MAE,62.93
DIATREND,balanced_age_reference_proportional,age,reference_proportional,False,4,TAR_2,MAPE,0.21
DIATREND,balanced_age_reference_proportional,age,reference_proportional,False,4,ENTIRE,A,62.01
DIATREND,balanced_age_reference_proportional,age,reference_proportional,False,4,ENTIRE,B,32.6
DIATREND,balanced_age_reference_proportional,age,reference_proportional,False,4,ENTIRE,C,0.29
DIATREND,balanced_age_reference_proportional,age,reference_proportional,False,4,ENTIRE,D,5.06
DIATREND,balanced_age_reference_proportional,age,reference_proportional,False,4,ENTIRE,E,0.04
DIATREND,balanced_age_reference_proportional,age,reference_proportional,False,4,ENTIRE,A + B,94.61
DIATREND,balanced_age_reference_proportional,age,reference_proportional,False,4,ENTIRE,RMSE,47.68
DIATREND,balanced_age_reference_proportional,age,reference_proportional,False,4,ENTIRE,MSE,2273.16
DIATREND,balanced_age_reference_proportional,age,reference_proportional,False,4,ENTIRE,MAE,35.67
DIATREND,balanced_age_reference_proportional,age,reference_proportional,False,4,ENTIRE,MAPE,0.2
DIATREND,balanced_age_reference_proportional,age,reference_proportional,False,5,TBR_2,A,0.0
DIATREND,balanced_age_reference_proportional,age,reference_proportional,False,5,TBR_2,B,0.0
DIATREND,balanced_age_reference_proportional,age,reference_proportional,False,5,TBR_2,C,0.0
DIATREND,balanced_age_reference_proportional,age,reference_proportional,False,5,TBR_2,D,98.56
DIATREND,balanced_age_reference_proportional,age,reference_proportional,False,5,TBR_2,E,1.44
DIATREND,balanced_age_reference_proportional,age,reference_proportional,False,5,TBR_2,A + B,0.0
DIATREND,balanced_age_reference_proportional,age,reference_proportional,False,5,TBR_2,RMSE,67.95
DIATREND,balanced_age_reference_proportional,age,reference_proportional,False,5,TBR_2,MSE,4617.19
DIATREND,balanced_age_reference_proportional,age,reference_proportional,False,5,TBR_2,MAE,65.51
DIATREND,balanced_age_reference_proportional,age,reference_proportional,False,5,TBR_2,MAPE,1.46
DIATREND,balanced_age_reference_proportional,age,reference_proportional,False,5,TBR_1,A,0.0
DIATREND,balanced_age_reference_proportional,age,reference_proportional,False,5,TBR_1,B,0.0
DIATREND,balanced_age_reference_proportional,age,reference_proportional,False,5,TBR_1,C,0.0
DIATREND,balanced_age_reference_proportional,age,reference_proportional,False,5,TBR_1,D,98.54
DIATREND,balanced_age_reference_proportional,age,reference_proportional,False,5,TBR_1,E,1.46
DIATREND,balanced_age_reference_proportional,age,reference_proportional,False,5,TBR_1,A + B,0.0
DIATREND,balanced_age_reference_proportional,age,reference_proportional,False,5,TBR_1,RMSE,54.84
DIATREND,balanced_age_reference_proportional,age,reference_proportional,False,5,TBR_1,MSE,3007.74
DIATREND,balanced_age_reference_proportional,age,reference_proportional,False,5,TBR_1,MAE,51.7
DIATREND,balanced_age_reference_proportional,age,reference_proportional,False,5,TBR_1,MAPE,0.83
DIATREND,balanced_age_reference_proportional,age,reference_proportional,False,5,TIR,A,64.48
DIATREND,balanced_age_reference_proportional,age,reference_proportional,False,5,TIR,B,34.88
DIATREND,balanced_age_reference_proportional,age,reference_proportional,False,5,TIR,C,0.64
DIATREND,balanced_age_reference_proportional,age,reference_proportional,False,5,TIR,D,0.0
DIATREND,balanced_age_reference_proportional,age,reference_proportional,False,5,TIR,E,0.0
DIATREND,balanced_age_reference_proportional,age,reference_proportional,False,5,TIR,A + B,99.36
DIATREND,balanced_age_reference_proportional,age,reference_proportional,False,5,TIR,RMSE,30.07
DIATREND,balanced_age_reference_proportional,age,reference_proportional,False,5,TIR,MSE,904.42
DIATREND,balanced_age_reference_proportional,age,reference_proportional,False,5,TIR,MAE,22.35
DIATREND,balanced_age_reference_proportional,age,reference_proportional,False,5,TIR,MAPE,0.19
DIATREND,balanced_age_reference_proportional,age,reference_proportional,False,5,TAR_1,A,66.83
DIATREND,balanced_age_reference_proportional,age,reference_proportional,False,5,TAR_1,B,30.34
DIATREND,balanced_age_reference_proportional,age,reference_proportional,False,5,TAR_1,C,0.31
DIATREND,balanced_age_reference_proportional,age,reference_proportional,False,5,TAR_1,D,2.52
DIATREND,balanced_age_reference_proportional,age,reference_proportional,False,5,TAR_1,E,0.0
DIATREND,balanced_age_reference_proportional,age,reference_proportional,False,5,TAR_1,A + B,97.17
DIATREND,balanced_age_reference_proportional,age,reference_proportional,False,5,TAR_1,RMSE,45.48
DIATREND,balanced_age_reference_proportional,age,reference_proportional,False,5,TAR_1,MSE,2068.42
DIATREND,balanced_age_reference_proportional,age,reference_proportional,False,5,TAR_1,MAE,36.17
DIATREND,balanced_age_reference_proportional,age,reference_proportional,False,5,TAR_1,MAPE,0.17
DIATREND,balanced_age_reference_proportional,age,reference_proportional,False,5,TAR_2,A,54.77
DIATREND,balanced_age_reference_proportional,age,reference_proportional,False,5,TAR_2,B,34.99
DIATREND,balanced_age_reference_proportional,age,reference_proportional,False,5,TAR_2,C,0.0
DIATREND,balanced_age_reference_proportional,age,reference_proportional,False,5,TAR_2,D,10.23
DIATREND,balanced_age_reference_proportional,age,reference_proportional,False,5,TAR_2,E,0.0
DIATREND,balanced_age_reference_proportional,age,reference_proportional,False,5,TAR_2,A + B,89.76
DIATREND,balanced_age_reference_proportional,age,reference_proportional,False,5,TAR_2,RMSE,80.33
DIATREND,balanced_age_reference_proportional,age,reference_proportional,False,5,TAR_2,MSE,6453.49
DIATREND,balanced_age_reference_proportional,age,reference_proportional,False,5,TAR_2,MAE,67.24
DIATREND,balanced_age_reference_proportional,age,reference_proportional,False,5,TAR_2,MAPE,0.21
DIATREND,balanced_age_reference_proportional,age,reference_proportional,False,5,ENTIRE,A,61.28
DIATREND,balanced_age_reference_proportional,age,reference_proportional,False,5,ENTIRE,B,32.83
DIATREND,balanced_age_reference_proportional,age,reference_proportional,False,5,ENTIRE,C,0.41
DIATREND,balanced_age_reference_proportional,age,reference_proportional,False,5,ENTIRE,D,5.44
DIATREND,balanced_age_reference_proportional,age,reference_proportional,False,5,ENTIRE,E,0.04
DIATREND,balanced_age_reference_proportional,age,reference_proportional,False,5,ENTIRE,A + B,94.11
DIATREND,balanced_age_reference_proportional,age,reference_proportional,False,5,ENTIRE,RMSE,49.18
DIATREND,balanced_age_reference_proportional,age,reference_proportional,False,5,ENTIRE,MSE,2418.84
DIATREND,balanced_age_reference_proportional,age,reference_proportional,False,5,ENTIRE,MAE,36.04
DIATREND,balanced_age_reference_proportional,age,reference_proportional,False,5,ENTIRE,MAPE,0.21
DIATREND,balanced_age_smote,age,smote,False,1,TBR_2,A,0.0
DIATREND,balanced_age_smote,age,smote,False,1,TBR_2,B,0.0
DIATREND,balanced_age_smote,age,smote,False,1,TBR_2,C,0.0
DIATREND,balanced_age_smote,age,smote,False,1,TBR_2,D,96.8
DIATREND,balanced_age_smote,age,smote,False,1,TBR_2,E,3.2
DIATREND,balanced_age_smote,age,smote,False,1,TBR_2,A + B,0.0
DIATREND,balanced_age_smote,age,smote,False,1,TBR_2,RMSE,78.85
DIATREND,balanced_age_smote,age,smote,False,1,TBR_2,MSE,6218.02
DIATREND,balanced_age_smote,age,smote,False,1,TBR_2,MAE,74.63
DIATREND,balanced_age_smote,age,smote,False,1,TBR_2,MAPE,1.62
DIATREND,balanced_age_smote,age,smote,False,1,TBR_1,A,0.0
DIATREND,balanced_age_smote,age,smote,False,1,TBR_1,B,0.0
DIATREND,balanced_age_smote,age,smote,False,1,TBR_1,C,0.0
DIATREND,balanced_age_smote,age,smote,False,1,TBR_1,D,97.0
DIATREND,balanced_age_smote,age,smote,False,1,TBR_1,E,3.0
DIATREND,balanced_age_smote,age,smote,False,1,TBR_1,A + B,0.0
DIATREND,balanced_age_smote,age,smote,False,1,TBR_1,RMSE,60.56
DIATREND,balanced_age_smote,age,smote,False,1,TBR_1,MSE,3668.02
DIATREND,balanced_age_smote,age,smote,False,1,TBR_1,MAE,55.19
DIATREND,balanced_age_smote,age,smote,False,1,TBR_1,MAPE,0.88
DIATREND,balanced_age_smote,age,smote,False,1,TIR,A,69.53
DIATREND,balanced_age_smote,age,smote,False,1,TIR,B,30.08
DIATREND,balanced_age_smote,age,smote,False,1,TIR,C,0.39
DIATREND,balanced_age_smote,age,smote,False,1,TIR,D,0.0
DIATREND,balanced_age_smote,age,smote,False,1,TIR,E,0.0
DIATREND,balanced_age_smote,age,smote,False,1,TIR,A + B,99.61
DIATREND,balanced_age_smote,age,smote,False,1,TIR,RMSE,29.28
DIATREND,balanced_age_smote,age,smote,False,1,TIR,MSE,857.2
DIATREND,balanced_age_smote,age,smote,False,1,TIR,MAE,21.76
DIATREND,balanced_age_smote,age,smote,False,1,TIR,MAPE,0.17
DIATREND,balanced_age_smote,age,smote,False,1,TAR_1,A,68.17
DIATREND,balanced_age_smote,age,smote,False,1,TAR_1,B,29.32
DIATREND,balanced_age_smote,age,smote,False,1,TAR_1,C,0.07
DIATREND,balanced_age_smote,age,smote,False,1,TAR_1,D,2.44
DIATREND,balanced_age_smote,age,smote,False,1,TAR_1,E,0.0
DIATREND,balanced_age_smote,age,smote,False,1,TAR_1,A + B,97.49
DIATREND,balanced_age_smote,age,smote,False,1,TAR_1,RMSE,44.08
DIATREND,balanced_age_smote,age,smote,False,1,TAR_1,MSE,1943.08
DIATREND,balanced_age_smote,age,smote,False,1,TAR_1,MAE,35.19
DIATREND,balanced_age_smote,age,smote,False,1,TAR_1,MAPE,0.16
DIATREND,balanced_age_smote,age,smote,False,1,TAR_2,A,52.26
DIATREND,balanced_age_smote,age,smote,False,1,TAR_2,B,35.4
DIATREND,balanced_age_smote,age,smote,False,1,TAR_2,C,0.0
DIATREND,balanced_age_smote,age,smote,False,1,TAR_2,D,12.34
DIATREND,balanced_age_smote,age,smote,False,1,TAR_2,E,0.0
DIATREND,balanced_age_smote,age,smote,False,1,TAR_2,A + B,87.66
DIATREND,balanced_age_smote,age,smote,False,1,TAR_2,RMSE,74.18
DIATREND,balanced_age_smote,age,smote,False,1,TAR_2,MSE,5502.81
DIATREND,balanced_age_smote,age,smote,False,1,TAR_2,MAE,62.35
DIATREND,balanced_age_smote,age,smote,False,1,TAR_2,MAPE,0.21
DIATREND,balanced_age_smote,age,smote,False,1,ENTIRE,A,65.79
DIATREND,balanced_age_smote,age,smote,False,1,ENTIRE,B,30.4
DIATREND,balanced_age_smote,age,smote,False,1,ENTIRE,C,0.22
DIATREND,balanced_age_smote,age,smote,False,1,ENTIRE,D,3.57
DIATREND,balanced_age_smote,age,smote,False,1,ENTIRE,E,0.03
DIATREND,balanced_age_smote,age,smote,False,1,ENTIRE,A + B,96.19
DIATREND,balanced_age_smote,age,smote,False,1,ENTIRE,RMSE,44.38
DIATREND,balanced_age_smote,age,smote,False,1,ENTIRE,MSE,1969.37
DIATREND,balanced_age_smote,age,smote,False,1,ENTIRE,MAE,32.85
DIATREND,balanced_age_smote,age,smote,False,1,ENTIRE,MAPE,0.18
DIATREND,balanced_age_smote,age,smote,False,2,TBR_2,A,0.0
DIATREND,balanced_age_smote,age,smote,False,2,TBR_2,B,0.0
DIATREND,balanced_age_smote,age,smote,False,2,TBR_2,C,0.0
DIATREND,balanced_age_smote,age,smote,False,2,TBR_2,D,94.6
DIATREND,balanced_age_smote,age,smote,False,2,TBR_2,E,5.4
DIATREND,balanced_age_smote,age,smote,False,2,TBR_2,A + B,0.0
DIATREND,balanced_age_smote,age,smote,False,2,TBR_2,RMSE,81.06
DIATREND,balanced_age_smote,age,smote,False,2,TBR_2,MSE,6570.7
DIATREND,balanced_age_smote,age,smote,False,2,TBR_2,MAE,76.09
DIATREND,balanced_age_smote,age,smote,False,2,TBR_2,MAPE,1.67
DIATREND,balanced_age_smote,age,smote,False,2,TBR_1,A,0.0
DIATREND,balanced_age_smote,age,smote,False,2,TBR_1,B,0.0
DIATREND,balanced_age_smote,age,smote,False,2,TBR_1,C,0.0
DIATREND,balanced_age_smote,age,smote,False,2,TBR_1,D,95.99
DIATREND,balanced_age_smote,age,smote,False,2,TBR_1,E,4.01
DIATREND,balanced_age_smote,age,smote,False,2,TBR_1,A + B,0.0
DIATREND,balanced_age_smote,age,smote,False,2,TBR_1,RMSE,62.52
DIATREND,balanced_age_smote,age,smote,False,2,TBR_1,MSE,3908.9
DIATREND,balanced_age_smote,age,smote,False,2,TBR_1,MAE,56.64
DIATREND,balanced_age_smote,age,smote,False,2,TBR_1,MAPE,0.91
DIATREND,balanced_age_smote,age,smote,False,2,TIR,A,68.27
DIATREND,balanced_age_smote,age,smote,False,2,TIR,B,30.84
DIATREND,balanced_age_smote,age,smote,False,2,TIR,C,0.89
DIATREND,balanced_age_smote,age,smote,False,2,TIR,D,0.0
DIATREND,balanced_age_smote,age,smote,False,2,TIR,E,0.0
DIATREND,balanced_age_smote,age,smote,False,2,TIR,A + B,99.11
DIATREND,balanced_age_smote,age,smote,False,2,TIR,RMSE,31.06
DIATREND,balanced_age_smote,age,smote,False,2,TIR,MSE,964.66
DIATREND,balanced_age_smote,age,smote,False,2,TIR,MAE,22.3
DIATREND,balanced_age_smote,age,smote,False,2,TIR,MAPE,0.18
DIATREND,balanced_age_smote,age,smote,False,2,TAR_1,A,67.45
DIATREND,balanced_age_smote,age,smote,False,2,TAR_1,B,29.99
DIATREND,balanced_age_smote,age,smote,False,2,TAR_1,C,0.17
DIATREND,balanced_age_smote,age,smote,False,2,TAR_1,D,2.39
DIATREND,balanced_age_smote,age,smote,False,2,TAR_1,E,0.0
DIATREND,balanced_age_smote,age,smote,False,2,TAR_1,A + B,97.44
DIATREND,balanced_age_smote,age,smote,False,2,TAR_1,RMSE,44.37
DIATREND,balanced_age_smote,age,smote,False,2,TAR_1,MSE,1969.01
DIATREND,balanced_age_smote,age,smote,False,2,TAR_1,MAE,35.75
DIATREND,balanced_age_smote,age,smote,False,2,TAR_1,MAPE,0.17
DIATREND,balanced_age_smote,age,smote,False,2,TAR_2,A,54.03
DIATREND,balanced_age_smote,age,smote,False,2,TAR_2,B,34.97
DIATREND,balanced_age_smote,age,smote,False,2,TAR_2,C,0.0
DIATREND,balanced_age_smote,age,smote,False,2,TAR_2,D,11.0
DIATREND,balanced_age_smote,age,smote,False,2,TAR_2,E,0.0
DIATREND,balanced_age_smote,age,smote,False,2,TAR_2,A + B,89.0
DIATREND,balanced_age_smote,age,smote,False,2,TAR_2,RMSE,73.17
DIATREND,balanced_age_smote,age,smote,False,2,TAR_2,MSE,5353.2
DIATREND,balanced_age_smote,age,smote,False,2,TAR_2,MAE,61.98
DIATREND,balanced_age_smote,age,smote,False,2,TAR_2,MAPE,0.21
DIATREND,balanced_age_smote,age,smote,False,2,ENTIRE,A,64.54
DIATREND,balanced_age_smote,age,smote,False,2,ENTIRE,B,30.73
DIATREND,balanced_age_smote,age,smote,False,2,ENTIRE,C,0.51
DIATREND,balanced_age_smote,age,smote,False,2,ENTIRE,D,4.14
DIATREND,balanced_age_smote,age,smote,False,2,ENTIRE,E,0.07
DIATREND,balanced_age_smote,age,smote,False,2,ENTIRE,A + B,95.27
DIATREND,balanced_age_smote,age,smote,False,2,ENTIRE,RMSE,45.14
DIATREND,balanced_age_smote,age,smote,False,2,ENTIRE,MSE,2038.0
DIATREND,balanced_age_smote,age,smote,False,2,ENTIRE,MAE,33.43
DIATREND,balanced_age_smote,age,smote,False,2,ENTIRE,MAPE,0.2
DIATREND,balanced_age_smote,age,smote,False,3,TBR_2,A,0.0
DIATREND,balanced_age_smote,age,smote,False,3,TBR_2,B,0.0
DIATREND,balanced_age_smote,age,smote,False,3,TBR_2,C,0.0
DIATREND,balanced_age_smote,age,smote,False,3,TBR_2,D,98.35
DIATREND,balanced_age_smote,age,smote,False,3,TBR_2,E,1.65
DIATREND,balanced_age_smote,age,smote,False,3,TBR_2,A + B,0.0
DIATREND,balanced_age_smote,age,smote,False,3,TBR_2,RMSE,69.61
DIATREND,balanced_age_smote,age,smote,False,3,TBR_2,MSE,4846.02
DIATREND,balanced_age_smote,age,smote,False,3,TBR_2,MAE,66.72
DIATREND,balanced_age_smote,age,smote,False,3,TBR_2,MAPE,1.46
DIATREND,balanced_age_smote,age,smote,False,3,TBR_1,A,0.0
DIATREND,balanced_age_smote,age,smote,False,3,TBR_1,B,0.0
DIATREND,balanced_age_smote,age,smote,False,3,TBR_1,C,0.0
DIATREND,balanced_age_smote,age,smote,False,3,TBR_1,D,98.52
DIATREND,balanced_age_smote,age,smote,False,3,TBR_1,E,1.48
DIATREND,balanced_age_smote,age,smote,False,3,TBR_1,A + B,0.0
DIATREND,balanced_age_smote,age,smote,False,3,TBR_1,RMSE,54.23
DIATREND,balanced_age_smote,age,smote,False,3,TBR_1,MSE,2940.97
DIATREND,balanced_age_smote,age,smote,False,3,TBR_1,MAE,50.68
DIATREND,balanced_age_smote,age,smote,False,3,TBR_1,MAPE,0.81
DIATREND,balanced_age_smote,age,smote,False,3,TIR,A,70.17
DIATREND,balanced_age_smote,age,smote,False,3,TIR,B,29.47
DIATREND,balanced_age_smote,age,smote,False,3,TIR,C,0.36
DIATREND,balanced_age_smote,age,smote,False,3,TIR,D,0.0
DIATREND,balanced_age_smote,age,smote,False,3,TIR,E,0.0
DIATREND,balanced_age_smote,age,smote,False,3,TIR,A + B,99.64
DIATREND,balanced_age_smote,age,smote,False,3,TIR,RMSE,27.78
DIATREND,balanced_age_smote,age,smote,False,3,TIR,MSE,771.62
DIATREND,balanced_age_smote,age,smote,False,3,TIR,MAE,20.67
DIATREND,balanced_age_smote,age,smote,False,3,TIR,MAPE,0.17
DIATREND,balanced_age_smote,age,smote,False,3,TAR_1,A,68.7
DIATREND,balanced_age_smote,age,smote,False,3,TAR_1,B,28.95
DIATREND,balanced_age_smote,age,smote,False,3,TAR_1,C,0.11
DIATREND,balanced_age_smote,age,smote,False,3,TAR_1,D,2.24
DIATREND,balanced_age_smote,age,smote,False,3,TAR_1,E,0.0
DIATREND,balanced_age_smote,age,smote,False,3,TAR_1,A + B,97.65
DIATREND,balanced_age_smote,age,smote,False,3,TAR_1,RMSE,43.15
DIATREND,balanced_age_smote,age,smote,False,3,TAR_1,MSE,1861.59
DIATREND,balanced_age_smote,age,smote,False,3,TAR_1,MAE,34.51
DIATREND,balanced_age_smote,age,smote,False,3,TAR_1,MAPE,0.16
DIATREND,balanced_age_smote,age,smote,False,3,TAR_2,A,56.76
DIATREND,balanced_age_smote,age,smote,False,3,TAR_2,B,34.55
DIATREND,balanced_age_smote,age,smote,False,3,TAR_2,C,0.0
DIATREND,balanced_age_smote,age,smote,False,3,TAR_2,D,8.69
DIATREND,balanced_age_smote,age,smote,False,3,TAR_2,E,0.0
DIATREND,balanced_age_smote,age,smote,False,3,TAR_2,A + B,91.31
DIATREND,balanced_age_smote,age,smote,False,3,TAR_2,RMSE,72.28
DIATREND,balanced_age_smote,age,smote,False,3,TAR_2,MSE,5224.49
DIATREND,balanced_age_smote,age,smote,False,3,TAR_2,MAE,61.21
DIATREND,balanced_age_smote,age,smote,False,3,TAR_2,MAPE,0.2
DIATREND,balanced_age_smote,age,smote,False,3,ENTIRE,A,66.18
DIATREND,balanced_age_smote,age,smote,False,3,ENTIRE,B,29.81
DIATREND,balanced_age_smote,age,smote,False,3,ENTIRE,C,0.22
DIATREND,balanced_age_smote,age,smote,False,3,ENTIRE,D,3.76
DIATREND,balanced_age_smote,age,smote,False,3,ENTIRE,E,0.02
DIATREND,balanced_age_smote,age,smote,False,3,ENTIRE,A + B,95.99
DIATREND,balanced_age_smote,age,smote,False,3,ENTIRE,RMSE,44.01
DIATREND,balanced_age_smote,age,smote,False,3,ENTIRE,MSE,1937.27
DIATREND,balanced_age_smote,age,smote,False,3,ENTIRE,MAE,32.52
DIATREND,balanced_age_smote,age,smote,False,3,ENTIRE,MAPE,0.19
DIATREND,balanced_age_smote,age,smote,False,4,TBR_2,A,0.0
DIATREND,balanced_age_smote,age,smote,False,4,TBR_2,B,0.0
DIATREND,balanced_age_smote,age,smote,False,4,TBR_2,C,0.0
DIATREND,balanced_age_smote,age,smote,False,4,TBR_2,D,98.09
DIATREND,balanced_age_smote,age,smote,False,4,TBR_2,E,1.91
DIATREND,balanced_age_smote,age,smote,False,4,TBR_2,A + B,0.0
DIATREND,balanced_age_smote,age,smote,False,4,TBR_2,RMSE,70.3
DIATREND,balanced_age_smote,age,smote,False,4,TBR_2,MSE,4942.47
DIATREND,balanced_age_smote,age,smote,False,4,TBR_2,MAE,67.43
DIATREND,balanced_age_smote,age,smote,False,4,TBR_2,MAPE,1.51
DIATREND,balanced_age_smote,age,smote,False,4,TBR_1,A,0.0
DIATREND,balanced_age_smote,age,smote,False,4,TBR_1,B,0.0
DIATREND,balanced_age_smote,age,smote,False,4,TBR_1,C,0.0
DIATREND,balanced_age_smote,age,smote,False,4,TBR_1,D,98.23
DIATREND,balanced_age_smote,age,smote,False,4,TBR_1,E,1.77
DIATREND,balanced_age_smote,age,smote,False,4,TBR_1,A + B,0.0
DIATREND,balanced_age_smote,age,smote,False,4,TBR_1,RMSE,55.66
DIATREND,balanced_age_smote,age,smote,False,4,TBR_1,MSE,3097.63
DIATREND,balanced_age_smote,age,smote,False,4,TBR_1,MAE,51.86
DIATREND,balanced_age_smote,age,smote,False,4,TBR_1,MAPE,0.84
DIATREND,balanced_age_smote,age,smote,False,4,TIR,A,66.65
DIATREND,balanced_age_smote,age,smote,False,4,TIR,B,32.85
DIATREND,balanced_age_smote,age,smote,False,4,TIR,C,0.5
DIATREND,balanced_age_smote,age,smote,False,4,TIR,D,0.0
DIATREND,balanced_age_smote,age,smote,False,4,TIR,E,0.0
DIATREND,balanced_age_smote,age,smote,False,4,TIR,A + B,99.5
DIATREND,balanced_age_smote,age,smote,False,4,TIR,RMSE,29.81
DIATREND,balanced_age_smote,age,smote,False,4,TIR,MSE,888.37
DIATREND,balanced_age_smote,age,smote,False,4,TIR,MAE,22.29
DIATREND,balanced_age_smote,age,smote,False,4,TIR,MAPE,0.18
DIATREND,balanced_age_smote,age,smote,False,4,TAR_1,A,64.71
DIATREND,balanced_age_smote,age,smote,False,4,TAR_1,B,32.42
DIATREND,balanced_age_smote,age,smote,False,4,TAR_1,C,0.13
DIATREND,balanced_age_smote,age,smote,False,4,TAR_1,D,2.73
DIATREND,balanced_age_smote,age,smote,False,4,TAR_1,E,0.0
DIATREND,balanced_age_smote,age,smote,False,4,TAR_1,A + B,97.13
DIATREND,balanced_age_smote,age,smote,False,4,TAR_1,RMSE,46.15
DIATREND,balanced_age_smote,age,smote,False,4,TAR_1,MSE,2129.84
DIATREND,balanced_age_smote,age,smote,False,4,TAR_1,MAE,36.93
DIATREND,balanced_age_smote,age,smote,False,4,TAR_1,MAPE,0.17
DIATREND,balanced_age_smote,age,smote,False,4,TAR_2,A,53.55
DIATREND,balanced_age_smote,age,smote,False,4,TAR_2,B,36.58
DIATREND,balanced_age_smote,age,smote,False,4,TAR_2,C,0.0
DIATREND,balanced_age_smote,age,smote,False,4,TAR_2,D,9.87
DIATREND,balanced_age_smote,age,smote,False,4,TAR_2,E,0.0
DIATREND,balanced_age_smote,age,smote,False,4,TAR_2,A + B,90.13
DIATREND,balanced_age_smote,age,smote,False,4,TAR_2,RMSE,74.27
DIATREND,balanced_age_smote,age,smote,False,4,TAR_2,MSE,5515.81
DIATREND,balanced_age_smote,age,smote,False,4,TAR_2,MAE,62.83
DIATREND,balanced_age_smote,age,smote,False,4,TAR_2,MAPE,0.2
DIATREND,balanced_age_smote,age,smote,False,4,ENTIRE,A,61.95
DIATREND,balanced_age_smote,age,smote,False,4,ENTIRE,B,32.77
DIATREND,balanced_age_smote,age,smote,False,4,ENTIRE,C,0.28
DIATREND,balanced_age_smote,age,smote,False,4,ENTIRE,D,4.96
DIATREND,balanced_age_smote,age,smote,False,4,ENTIRE,E,0.04
DIATREND,balanced_age_smote,age,smote,False,4,ENTIRE,A + B,94.72
DIATREND,balanced_age_smote,age,smote,False,4,ENTIRE,RMSE,47.45
DIATREND,balanced_age_smote,age,smote,False,4,ENTIRE,MSE,2251.4
DIATREND,balanced_age_smote,age,smote,False,4,ENTIRE,MAE,35.52
DIATREND,balanced_age_smote,age,smote,False,4,ENTIRE,MAPE,0.2
DIATREND,balanced_age_smote,age,smote,False,5,TBR_2,A,0.0
DIATREND,balanced_age_smote,age,smote,False,5,TBR_2,B,0.0
DIATREND,balanced_age_smote,age,smote,False,5,TBR_2,C,0.0
DIATREND,balanced_age_smote,age,smote,False,5,TBR_2,D,98.69
DIATREND,balanced_age_smote,age,smote,False,5,TBR_2,E,1.31
DIATREND,balanced_age_smote,age,smote,False,5,TBR_2,A + B,0.0
DIATREND,balanced_age_smote,age,smote,False,5,TBR_2,RMSE,65.58
DIATREND,balanced_age_smote,age,smote,False,5,TBR_2,MSE,4300.13
DIATREND,balanced_age_smote,age,smote,False,5,TBR_2,MAE,62.08
DIATREND,balanced_age_smote,age,smote,False,5,TBR_2,MAPE,1.38
DIATREND,balanced_age_smote,age,smote,False,5,TBR_1,A,0.21
DIATREND,balanced_age_smote,age,smote,False,5,TBR_1,B,0.0
DIATREND,balanced_age_smote,age,smote,False,5,TBR_1,C,0.0
DIATREND,balanced_age_smote,age,smote,False,5,TBR_1,D,98.4
DIATREND,balanced_age_smote,age,smote,False,5,TBR_1,E,1.39
DIATREND,balanced_age_smote,age,smote,False,5,TBR_1,A + B,0.21
DIATREND,balanced_age_smote,age,smote,False,5,TBR_1,RMSE,53.65
DIATREND,balanced_age_smote,age,smote,False,5,TBR_1,MSE,2878.85
DIATREND,balanced_age_smote,age,smote,False,5,TBR_1,MAE,49.96
DIATREND,balanced_age_smote,age,smote,False,5,TBR_1,MAPE,0.8
DIATREND,balanced_age_smote,age,smote,False,5,TIR,A,65.32
DIATREND,balanced_age_smote,age,smote,False,5,TIR,B,34.08
DIATREND,balanced_age_smote,age,smote,False,5,TIR,C,0.6
DIATREND,balanced_age_smote,age,smote,False,5,TIR,D,0.0
DIATREND,balanced_age_smote,age,smote,False,5,TIR,E,0.0
DIATREND,balanced_age_smote,age,smote,False,5,TIR,A + B,99.4
DIATREND,balanced_age_smote,age,smote,False,5,TIR,RMSE,29.92
DIATREND,balanced_age_smote,age,smote,False,5,TIR,MSE,895.24
DIATREND,balanced_age_smote,age,smote,False,5,TIR,MAE,22.15
DIATREND,balanced_age_smote,age,smote,False,5,TIR,MAPE,0.19
DIATREND,balanced_age_smote,age,smote,False,5,TAR_1,A,67.42
DIATREND,balanced_age_smote,age,smote,False,5,TAR_1,B,29.77
DIATREND,balanced_age_smote,age,smote,False,5,TAR_1,C,0.36
DIATREND,balanced_age_smote,age,smote,False,5,TAR_1,D,2.46
DIATREND,balanced_age_smote,age,smote,False,5,TAR_1,E,0.0
DIATREND,balanced_age_smote,age,smote,False,5,TAR_1,A + B,97.19
DIATREND,balanced_age_smote,age,smote,False,5,TAR_1,RMSE,45.2
DIATREND,balanced_age_smote,age,smote,False,5,TAR_1,MSE,2042.75
DIATREND,balanced_age_smote,age,smote,False,5,TAR_1,MAE,35.73
DIATREND,balanced_age_smote,age,smote,False,5,TAR_1,MAPE,0.17
DIATREND,balanced_age_smote,age,smote,False,5,TAR_2,A,56.92
DIATREND,balanced_age_smote,age,smote,False,5,TAR_2,B,33.12
DIATREND,balanced_age_smote,age,smote,False,5,TAR_2,C,0.0
DIATREND,balanced_age_smote,age,smote,False,5,TAR_2,D,9.96
DIATREND,balanced_age_smote,age,smote,False,5,TAR_2,E,0.0
DIATREND,balanced_age_smote,age,smote,False,5,TAR_2,A + B,90.04
DIATREND,balanced_age_smote,age,smote,False,5,TAR_2,RMSE,78.41
DIATREND,balanced_age_smote,age,smote,False,5,TAR_2,MSE,6147.91
DIATREND,balanced_age_smote,age,smote,False,5,TAR_2,MAE,65.01
DIATREND,balanced_age_smote,age,smote,False,5,TAR_2,MAPE,0.21
DIATREND,balanced_age_smote,age,smote,False,5,ENTIRE,A,62.31
DIATREND,balanced_age_smote,age,smote,False,5,ENTIRE,B,31.88
DIATREND,balanced_age_smote,age,smote,False,5,ENTIRE,C,0.4
DIATREND,balanced_age_smote,age,smote,False,5,ENTIRE,D,5.37
DIATREND,balanced_age_smote,age,smote,False,5,ENTIRE,E,0.04
DIATREND,balanced_age_smote,age,smote,False,5,ENTIRE,A + B,94.19
DIATREND,balanced_age_smote,age,smote,False,5,ENTIRE,RMSE,48.37
DIATREND,balanced_age_smote,age,smote,False,5,ENTIRE,MSE,2339.2
DIATREND,balanced_age_smote,age,smote,False,5,ENTIRE,MAE,35.3
DIATREND,balanced_age_smote,age,smote,False,5,ENTIRE,MAPE,0.21
DIATREND,balanced_age_undersampling,age,undersampling,False,1,TBR_2,A,0.0
DIATREND,balanced_age_undersampling,age,undersampling,False,1,TBR_2,B,0.0
DIATREND,balanced_age_undersampling,age,undersampling,False,1,TBR_2,C,0.0
DIATREND,balanced_age_undersampling,age,undersampling,False,1,TBR_2,D,94.32
DIATREND,balanced_age_undersampling,age,undersampling,False,1,TBR_2,E,5.68
DIATREND,balanced_age_undersampling,age,undersampling,False,1,TBR_2,A + B,0.0
DIATREND,balanced_age_undersampling,age,undersampling,False,1,TBR_2,RMSE,82.94
DIATREND,balanced_age_undersampling,age,undersampling,False,1,TBR_2,MSE,6879.51
DIATREND,balanced_age_undersampling,age,undersampling,False,1,TBR_2,MAE,78.0
DIATREND,balanced_age_undersampling,age,undersampling,False,1,TBR_2,MAPE,1.69
DIATREND,balanced_age_undersampling,age,undersampling,False,1,TBR_1,A,0.0
DIATREND,balanced_age_undersampling,age,undersampling,False,1,TBR_1,B,0.0
DIATREND,balanced_age_undersampling,age,undersampling,False,1,TBR_1,C,0.0
DIATREND,balanced_age_undersampling,age,undersampling,False,1,TBR_1,D,96.62
DIATREND,balanced_age_undersampling,age,undersampling,False,1,TBR_1,E,3.38
DIATREND,balanced_age_undersampling,age,undersampling,False,1,TBR_1,A + B,0.0
DIATREND,balanced_age_undersampling,age,undersampling,False,1,TBR_1,RMSE,62.79
DIATREND,balanced_age_undersampling,age,undersampling,False,1,TBR_1,MSE,3942.33
DIATREND,balanced_age_undersampling,age,undersampling,False,1,TBR_1,MAE,57.83
DIATREND,balanced_age_undersampling,age,undersampling,False,1,TBR_1,MAPE,0.92
DIATREND,balanced_age_undersampling,age,undersampling,False,1,TIR,A,68.73
DIATREND,balanced_age_undersampling,age,undersampling,False,1,TIR,B,30.81
DIATREND,balanced_age_undersampling,age,undersampling,False,1,TIR,C,0.45
DIATREND,balanced_age_undersampling,age,undersampling,False,1,TIR,D,0.0
DIATREND,balanced_age_undersampling,age,undersampling,False,1,TIR,E,0.0
DIATREND,balanced_age_undersampling,age,undersampling,False,1,TIR,A + B,99.54
DIATREND,balanced_age_undersampling,age,undersampling,False,1,TIR,RMSE,30.0
DIATREND,balanced_age_undersampling,age,undersampling,False,1,TIR,MSE,900.13
DIATREND,balanced_age_undersampling,age,undersampling,False,1,TIR,MAE,22.22
DIATREND,balanced_age_undersampling,age,undersampling,False,1,TIR,MAPE,0.18
DIATREND,balanced_age_undersampling,age,undersampling,False,1,TAR_1,A,70.02
DIATREND,balanced_age_undersampling,age,undersampling,False,1,TAR_1,B,27.69
DIATREND,balanced_age_undersampling,age,undersampling,False,1,TAR_1,C,0.0
DIATREND,balanced_age_undersampling,age,undersampling,False,1,TAR_1,D,2.3
DIATREND,balanced_age_undersampling,age,undersampling,False,1,TAR_1,E,0.0
DIATREND,balanced_age_undersampling,age,undersampling,False,1,TAR_1,A + B,97.71
DIATREND,balanced_age_undersampling,age,undersampling,False,1,TAR_1,RMSE,43.05
DIATREND,balanced_age_undersampling,age,undersampling,False,1,TAR_1,MSE,1853.35
DIATREND,balanced_age_undersampling,age,undersampling,False,1,TAR_1,MAE,33.85
DIATREND,balanced_age_undersampling,age,undersampling,False,1,TAR_1,MAPE,0.16
DIATREND,balanced_age_undersampling,age,undersampling,False,1,TAR_2,A,48.11
DIATREND,balanced_age_undersampling,age,undersampling,False,1,TAR_2,B,39.98
DIATREND,balanced_age_undersampling,age,undersampling,False,1,TAR_2,C,0.0
DIATREND,balanced_age_undersampling,age,undersampling,False,1,TAR_2,D,11.91
DIATREND,balanced_age_undersampling,age,undersampling,False,1,TAR_2,E,0.0
DIATREND,balanced_age_undersampling,age,undersampling,False,1,TAR_2,A + B,88.09
DIATREND,balanced_age_undersampling,age,undersampling,False,1,TAR_2,RMSE,77.91
DIATREND,balanced_age_undersampling,age,undersampling,False,1,TAR_2,MSE,6070.61
DIATREND,balanced_age_undersampling,age,undersampling,False,1,TAR_2,MAE,66.53
DIATREND,balanced_age_undersampling,age,undersampling,False,1,TAR_2,MAPE,0.22
DIATREND,balanced_age_undersampling,age,undersampling,False,1,ENTIRE,A,65.35
DIATREND,balanced_age_undersampling,age,undersampling,False,1,ENTIRE,B,30.95
DIATREND,balanced_age_undersampling,age,undersampling,False,1,ENTIRE,C,0.23
DIATREND,balanced_age_undersampling,age,undersampling,False,1,ENTIRE,D,3.44
DIATREND,balanced_age_undersampling,age,undersampling,False,1,ENTIRE,E,0.03
DIATREND,balanced_age_undersampling,age,undersampling,False,1,ENTIRE,A + B,96.3
DIATREND,balanced_age_undersampling,age,undersampling,False,1,ENTIRE,RMSE,45.31
DIATREND,balanced_age_undersampling,age,undersampling,False,1,ENTIRE,MSE,2053.05
DIATREND,balanced_age_undersampling,age,undersampling,False,1,ENTIRE,MAE,33.32
DIATREND,balanced_age_undersampling,age,undersampling,False,1,ENTIRE,MAPE,0.19
DIATREND,balanced_age_undersampling,age,undersampling,False,2,TBR_2,A,0.0
DIATREND,balanced_age_undersampling,age,undersampling,False,2,TBR_2,B,0.0
DIATREND,balanced_age_undersampling,age,undersampling,False,2,TBR_2,C,0.0
DIATREND,balanced_age_undersampling,age,undersampling,False,2,TBR_2,D,91.78
DIATREND,balanced_age_undersampling,age,undersampling,False,2,TBR_2,E,8.22
DIATREND,balanced_age_undersampling,age,undersampling,False,2,TBR_2,A + B,0.0
DIATREND,balanced_age_undersampling,age,undersampling,False,2,TBR_2,RMSE,85.45
DIATREND,balanced_age_undersampling,age,undersampling,False,2,TBR_2,MSE,7300.87
DIATREND,balanced_age_undersampling,age,undersampling,False,2,TBR_2,MAE,79.62
DIATREND,balanced_age_undersampling,age,undersampling,False,2,TBR_2,MAPE,1.75
DIATREND,balanced_age_undersampling,age,undersampling,False,2,TBR_1,A,0.0
DIATREND,balanced_age_undersampling,age,undersampling,False,2,TBR_1,B,0.0
DIATREND,balanced_age_undersampling,age,undersampling,False,2,TBR_1,C,0.0
DIATREND,balanced_age_undersampling,age,undersampling,False,2,TBR_1,D,94.18
DIATREND,balanced_age_undersampling,age,undersampling,False,2,TBR_1,E,5.82
DIATREND,balanced_age_undersampling,age,undersampling,False,2,TBR_1,A + B,0.0
DIATREND,balanced_age_undersampling,age,undersampling,False,2,TBR_1,RMSE,65.7
DIATREND,balanced_age_undersampling,age,undersampling,False,2,TBR_1,MSE,4316.43
DIATREND,balanced_age_undersampling,age,undersampling,False,2,TBR_1,MAE,59.54
DIATREND,balanced_age_undersampling,age,undersampling,False,2,TBR_1,MAPE,0.95
DIATREND,balanced_age_undersampling,age,undersampling,False,2,TIR,A,67.03
DIATREND,balanced_age_undersampling,age,undersampling,False,2,TIR,B,31.98
DIATREND,balanced_age_undersampling,age,undersampling,False,2,TIR,C,0.99
DIATREND,balanced_age_undersampling,age,undersampling,False,2,TIR,D,0.0
DIATREND,balanced_age_undersampling,age,undersampling,False,2,TIR,E,0.0
DIATREND,balanced_age_undersampling,age,undersampling,False,2,TIR,A + B,99.01
DIATREND,balanced_age_undersampling,age,undersampling,False,2,TIR,RMSE,31.77
DIATREND,balanced_age_undersampling,age,undersampling,False,2,TIR,MSE,1009.19
DIATREND,balanced_age_undersampling,age,undersampling,False,2,TIR,MAE,22.96
DIATREND,balanced_age_undersampling,age,undersampling,False,2,TIR,MAPE,0.19
DIATREND,balanced_age_undersampling,age,undersampling,False,2,TAR_1,A,69.38
DIATREND,balanced_age_undersampling,age,undersampling,False,2,TAR_1,B,28.44
DIATREND,balanced_age_undersampling,age,undersampling,False,2,TAR_1,C,0.0
DIATREND,balanced_age_undersampling,age,undersampling,False,2,TAR_1,D,2.18
DIATREND,balanced_age_undersampling,age,undersampling,False,2,TAR_1,E,0.0
DIATREND,balanced_age_undersampling,age,undersampling,False,2,TAR_1,A + B,97.82
DIATREND,balanced_age_undersampling,age,undersampling,False,2,TAR_1,RMSE,43.01
DIATREND,balanced_age_undersampling,age,undersampling,False,2,TAR_1,MSE,1849.93
DIATREND,balanced_age_undersampling,age,undersampling,False,2,TAR_1,MAE,34.33
DIATREND,balanced_age_undersampling,age,undersampling,False,2,TAR_1,MAPE,0.16
DIATREND,balanced_age_undersampling,age,undersampling,False,2,TAR_2,A,49.56
DIATREND,balanced_age_undersampling,age,undersampling,False,2,TAR_2,B,40.23
DIATREND,balanced_age_undersampling,age,undersampling,False,2,TAR_2,C,0.0
DIATREND,balanced_age_undersampling,age,undersampling,False,2,TAR_2,D,10.21
DIATREND,balanced_age_undersampling,age,undersampling,False,2,TAR_2,E,0.0
DIATREND,balanced_age_undersampling,age,undersampling,False,2,TAR_2,A + B,89.79
DIATREND,balanced_age_undersampling,age,undersampling,False,2,TAR_2,RMSE,76.37
DIATREND,balanced_age_undersampling,age,undersampling,False,2,TAR_2,MSE,5832.37
DIATREND,balanced_age_undersampling,age,undersampling,False,2,TAR_2,MAE,65.44
DIATREND,balanced_age_undersampling,age,undersampling,False,2,TAR_2,MAPE,0.22
DIATREND,balanced_age_undersampling,age,undersampling,False,2,ENTIRE,A,63.75
DIATREND,balanced_age_undersampling,age,undersampling,False,2,ENTIRE,B,31.71
DIATREND,balanced_age_undersampling,age,undersampling,False,2,ENTIRE,C,0.52
DIATREND,balanced_age_undersampling,age,undersampling,False,2,ENTIRE,D,3.92
DIATREND,balanced_age_undersampling,age,undersampling,False,2,ENTIRE,E,0.11
DIATREND,balanced_age_undersampling,age,undersampling,False,2,ENTIRE,A + B,95.46
DIATREND,balanced_age_undersampling,age,undersampling,False,2,ENTIRE,RMSE,45.95
DIATREND,balanced_age_undersampling,age,undersampling,False,2,ENTIRE,MSE,2111.29
DIATREND,balanced_age_undersampling,age,undersampling,False,2,ENTIRE,MAE,33.96
DIATREND,balanced_age_undersampling,age,undersampling,False,2,ENTIRE,MAPE,0.2
DIATREND,balanced_age_undersampling,age,undersampling,False,3,TBR_2,A,0.0
DIATREND,balanced_age_undersampling,age,undersampling,False,3,TBR_2,B,0.0
DIATREND,balanced_age_undersampling,age,undersampling,False,3,TBR_2,C,0.0
DIATREND,balanced_age_undersampling,age,undersampling,False,3,TBR_2,D,97.78
DIATREND,balanced_age_undersampling,age,undersampling,False,3,TBR_2,E,2.22
DIATREND,balanced_age_undersampling,age,undersampling,False,3,TBR_2,A + B,0.0
DIATREND,balanced_age_undersampling,age,undersampling,False,3,TBR_2,RMSE,75.67
DIATREND,balanced_age_undersampling,age,undersampling,False,3,TBR_2,MSE,5726.56
DIATREND,balanced_age_undersampling,age,undersampling,False,3,TBR_2,MAE,73.16
DIATREND,balanced_age_undersampling,age,undersampling,False,3,TBR_2,MAPE,1.61
DIATREND,balanced_age_undersampling,age,undersampling,False,3,TBR_1,A,0.0
DIATREND,balanced_age_undersampling,age,undersampling,False,3,TBR_1,B,0.0
DIATREND,balanced_age_undersampling,age,undersampling,False,3,TBR_1,C,0.0
DIATREND,balanced_age_undersampling,age,undersampling,False,3,TBR_1,D,97.55
DIATREND,balanced_age_undersampling,age,undersampling,False,3,TBR_1,E,2.45
DIATREND,balanced_age_undersampling,age,undersampling,False,3,TBR_1,A + B,0.0
DIATREND,balanced_age_undersampling,age,undersampling,False,3,TBR_1,RMSE,60.82
DIATREND,balanced_age_undersampling,age,undersampling,False,3,TBR_1,MSE,3699.27
DIATREND,balanced_age_undersampling,age,undersampling,False,3,TBR_1,MAE,57.77
DIATREND,balanced_age_undersampling,age,undersampling,False,3,TBR_1,MAPE,0.92
DIATREND,balanced_age_undersampling,age,undersampling,False,3,TIR,A,67.76
DIATREND,balanced_age_undersampling,age,undersampling,False,3,TIR,B,31.83
DIATREND,balanced_age_undersampling,age,undersampling,False,3,TIR,C,0.4
DIATREND,balanced_age_undersampling,age,undersampling,False,3,TIR,D,0.0
DIATREND,balanced_age_undersampling,age,undersampling,False,3,TIR,E,0.0
DIATREND,balanced_age_undersampling,age,undersampling,False,3,TIR,A + B,99.59
DIATREND,balanced_age_undersampling,age,undersampling,False,3,TIR,RMSE,28.85
DIATREND,balanced_age_undersampling,age,undersampling,False,3,TIR,MSE,832.23
DIATREND,balanced_age_undersampling,age,undersampling,False,3,TIR,MAE,21.6
DIATREND,balanced_age_undersampling,age,undersampling,False,3,TIR,MAPE,0.18
DIATREND,balanced_age_undersampling,age,undersampling,False,3,TAR_1,A,72.51
DIATREND,balanced_age_undersampling,age,undersampling,False,3,TAR_1,B,25.47
DIATREND,balanced_age_undersampling,age,undersampling,False,3,TAR_1,C,0.0
DIATREND,balanced_age_undersampling,age,undersampling,False,3,TAR_1,D,2.02
DIATREND,balanced_age_undersampling,age,undersampling,False,3,TAR_1,E,0.0
DIATREND,balanced_age_undersampling,age,undersampling,False,3,TAR_1,A + B,97.98
DIATREND,balanced_age_undersampling,age,undersampling,False,3,TAR_1,RMSE,40.41
DIATREND,balanced_age_undersampling,age,undersampling,False,3,TAR_1,MSE,1632.95
DIATREND,balanced_age_undersampling,age,undersampling,False,3,TAR_1,MAE,31.92
DIATREND,balanced_age_undersampling,age,undersampling,False,3,TAR_1,MAPE,0.15
DIATREND,balanced_age_undersampling,age,undersampling,False,3,TAR_2,A,45.88
DIATREND,balanced_age_undersampling,age,undersampling,False,3,TAR_2,B,46.33
DIATREND,balanced_age_undersampling,age,undersampling,False,3,TAR_2,C,0.0
DIATREND,balanced_age_undersampling,age,undersampling,False,3,TAR_2,D,7.79
DIATREND,balanced_age_undersampling,age,undersampling,False,3,TAR_2,E,0.0
DIATREND,balanced_age_undersampling,age,undersampling,False,3,TAR_2,A + B,92.21
DIATREND,balanced_age_undersampling,age,undersampling,False,3,TAR_2,RMSE,79.82
DIATREND,balanced_age_undersampling,age,undersampling,False,3,TAR_2,MSE,6370.57
DIATREND,balanced_age_undersampling,age,undersampling,False,3,TAR_2,MAE,69.19
DIATREND,balanced_age_undersampling,age,undersampling,False,3,TAR_2,MAPE,0.22
DIATREND,balanced_age_undersampling,age,undersampling,False,3,ENTIRE,A,63.96
DIATREND,balanced_age_undersampling,age,undersampling,False,3,ENTIRE,B,32.27
DIATREND,balanced_age_undersampling,age,undersampling,False,3,ENTIRE,C,0.21
DIATREND,balanced_age_undersampling,age,undersampling,False,3,ENTIRE,D,3.52
DIATREND,balanced_age_undersampling,age,undersampling,False,3,ENTIRE,E,0.04
DIATREND,balanced_age_undersampling,age,undersampling,False,3,ENTIRE,A + B,96.23
DIATREND,balanced_age_undersampling,age,undersampling,False,3,ENTIRE,RMSE,46.16
DIATREND,balanced_age_undersampling,age,undersampling,False,3,ENTIRE,MSE,2130.63
DIATREND,balanced_age_undersampling,age,undersampling,False,3,ENTIRE,MAE,33.88
DIATREND,balanced_age_undersampling,age,undersampling,False,3,ENTIRE,MAPE,0.19
DIATREND,balanced_age_undersampling,age,undersampling,False,4,TBR_2,A,0.0
DIATREND,balanced_age_undersampling,age,undersampling,False,4,TBR_2,B,0.0
DIATREND,balanced_age_undersampling,age,undersampling,False,4,TBR_2,C,0.0
DIATREND,balanced_age_undersampling,age,undersampling,False,4,TBR_2,D,97.72
DIATREND,balanced_age_undersampling,age,undersampling,False,4,TBR_2,E,2.28
DIATREND,balanced_age_undersampling,age,undersampling,False,4,TBR_2,A + B,0.0
DIATREND,balanced_age_undersampling,age,undersampling,False,4,TBR_2,RMSE,75.03
DIATREND,balanced_age_undersampling,age,undersampling,False,4,TBR_2,MSE,5629.02
DIATREND,balanced_age_undersampling,age,undersampling,False,4,TBR_2,MAE,72.64
DIATREND,balanced_age_undersampling,age,undersampling,False,4,TBR_2,MAPE,1.63
DIATREND,balanced_age_undersampling,age,undersampling,False,4,TBR_1,A,0.0
DIATREND,balanced_age_undersampling,age,undersampling,False,4,TBR_1,B,0.0
DIATREND,balanced_age_undersampling,age,undersampling,False,4,TBR_1,C,0.0
DIATREND,balanced_age_undersampling,age,undersampling,False,4,TBR_1,D,97.27
DIATREND,balanced_age_undersampling,age,undersampling,False,4,TBR_1,E,2.73
DIATREND,balanced_age_undersampling,age,undersampling,False,4,TBR_1,A + B,0.0
DIATREND,balanced_age_undersampling,age,undersampling,False,4,TBR_1,RMSE,60.86
DIATREND,balanced_age_undersampling,age,undersampling,False,4,TBR_1,MSE,3703.4
DIATREND,balanced_age_undersampling,age,undersampling,False,4,TBR_1,MAE,57.82
DIATREND,balanced_age_undersampling,age,undersampling,False,4,TBR_1,MAPE,0.93
DIATREND,balanced_age_undersampling,age,undersampling,False,4,TIR,A,63.94
DIATREND,balanced_age_undersampling,age,undersampling,False,4,TIR,B,35.58
DIATREND,balanced_age_undersampling,age,undersampling,False,4,TIR,C,0.48
DIATREND,balanced_age_undersampling,age,undersampling,False,4,TIR,D,0.0
DIATREND,balanced_age_undersampling,age,undersampling,False,4,TIR,E,0.0
DIATREND,balanced_age_undersampling,age,undersampling,False,4,TIR,A + B,99.52
DIATREND,balanced_age_undersampling,age,undersampling,False,4,TIR,RMSE,30.59
DIATREND,balanced_age_undersampling,age,undersampling,False,4,TIR,MSE,935.49
DIATREND,balanced_age_undersampling,age,undersampling,False,4,TIR,MAE,23.33
DIATREND,balanced_age_undersampling,age,undersampling,False,4,TIR,MAPE,0.2
DIATREND,balanced_age_undersampling,age,undersampling,False,4,TAR_1,A,67.46
DIATREND,balanced_age_undersampling,age,undersampling,False,4,TAR_1,B,29.92
DIATREND,balanced_age_undersampling,age,undersampling,False,4,TAR_1,C,0.0
DIATREND,balanced_age_undersampling,age,undersampling,False,4,TAR_1,D,2.62
DIATREND,balanced_age_undersampling,age,undersampling,False,4,TAR_1,E,0.0
DIATREND,balanced_age_undersampling,age,undersampling,False,4,TAR_1,A + B,97.38
DIATREND,balanced_age_undersampling,age,undersampling,False,4,TAR_1,RMSE,44.0
DIATREND,balanced_age_undersampling,age,undersampling,False,4,TAR_1,MSE,1935.94
DIATREND,balanced_age_undersampling,age,undersampling,False,4,TAR_1,MAE,34.95
DIATREND,balanced_age_undersampling,age,undersampling,False,4,TAR_1,MAPE,0.16
DIATREND,balanced_age_undersampling,age,undersampling,False,4,TAR_2,A,39.93
DIATREND,balanced_age_undersampling,age,undersampling,False,4,TAR_2,B,50.49
DIATREND,balanced_age_undersampling,age,undersampling,False,4,TAR_2,C,0.0
DIATREND,balanced_age_undersampling,age,undersampling,False,4,TAR_2,D,9.58
DIATREND,balanced_age_undersampling,age,undersampling,False,4,TAR_2,E,0.0
DIATREND,balanced_age_undersampling,age,undersampling,False,4,TAR_2,A + B,90.42
DIATREND,balanced_age_undersampling,age,undersampling,False,4,TAR_2,RMSE,84.51
DIATREND,balanced_age_undersampling,age,undersampling,False,4,TAR_2,MSE,7141.28
DIATREND,balanced_age_undersampling,age,undersampling,False,4,TAR_2,MAE,74.04
DIATREND,balanced_age_undersampling,age,undersampling,False,4,TAR_2,MAPE,0.24
DIATREND,balanced_age_undersampling,age,undersampling,False,4,ENTIRE,A,58.61
DIATREND,balanced_age_undersampling,age,undersampling,False,4,ENTIRE,B,36.25
DIATREND,balanced_age_undersampling,age,undersampling,False,4,ENTIRE,C,0.23
DIATREND,balanced_age_undersampling,age,undersampling,False,4,ENTIRE,D,4.85
DIATREND,balanced_age_undersampling,age,undersampling,False,4,ENTIRE,E,0.06
DIATREND,balanced_age_undersampling,age,undersampling,False,4,ENTIRE,A + B,94.86
DIATREND,balanced_age_undersampling,age,undersampling,False,4,ENTIRE,RMSE,50.66
DIATREND,balanced_age_undersampling,age,undersampling,False,4,ENTIRE,MSE,2566.55
DIATREND,balanced_age_undersampling,age,undersampling,False,4,ENTIRE,MAE,37.89
DIATREND,balanced_age_undersampling,age,undersampling,False,4,ENTIRE,MAPE,0.22
DIATREND,balanced_age_undersampling,age,undersampling,False,5,TBR_2,A,0.0
DIATREND,balanced_age_undersampling,age,undersampling,False,5,TBR_2,B,0.0
DIATREND,balanced_age_undersampling,age,undersampling,False,5,TBR_2,C,0.0
DIATREND,balanced_age_undersampling,age,undersampling,False,5,TBR_2,D,98.29
DIATREND,balanced_age_undersampling,age,undersampling,False,5,TBR_2,E,1.71
DIATREND,balanced_age_undersampling,age,undersampling,False,5,TBR_2,A + B,0.0
DIATREND,balanced_age_undersampling,age,undersampling,False,5,TBR_2,RMSE,76.93
DIATREND,balanced_age_undersampling,age,undersampling,False,5,TBR_2,MSE,5917.98
DIATREND,balanced_age_undersampling,age,undersampling,False,5,TBR_2,MAE,75.13
DIATREND,balanced_age_undersampling,age,undersampling,False,5,TBR_2,MAPE,1.68
DIATREND,balanced_age_undersampling,age,undersampling,False,5,TBR_1,A,0.0
DIATREND,balanced_age_undersampling,age,undersampling,False,5,TBR_1,B,0.0
DIATREND,balanced_age_undersampling,age,undersampling,False,5,TBR_1,C,0.0
DIATREND,balanced_age_undersampling,age,undersampling,False,5,TBR_1,D,97.82
DIATREND,balanced_age_undersampling,age,undersampling,False,5,TBR_1,E,2.18
DIATREND,balanced_age_undersampling,age,undersampling,False,5,TBR_1,A + B,0.0
DIATREND,balanced_age_undersampling,age,undersampling,False,5,TBR_1,RMSE,61.23
DIATREND,balanced_age_undersampling,age,undersampling,False,5,TBR_1,MSE,3749.47
DIATREND,balanced_age_undersampling,age,undersampling,False,5,TBR_1,MAE,58.71
DIATREND,balanced_age_undersampling,age,undersampling,False,5,TBR_1,MAPE,0.94
DIATREND,balanced_age_undersampling,age,undersampling,False,5,TIR,A,61.99
DIATREND,balanced_age_undersampling,age,undersampling,False,5,TIR,B,37.25
DIATREND,balanced_age_undersampling,age,undersampling,False,5,TIR,C,0.76
DIATREND,balanced_age_undersampling,age,undersampling,False,5,TIR,D,0.0
DIATREND,balanced_age_undersampling,age,undersampling,False,5,TIR,E,0.0
DIATREND,balanced_age_undersampling,age,undersampling,False,5,TIR,A + B,99.24
DIATREND,balanced_age_undersampling,age,undersampling,False,5,TIR,RMSE,31.41
DIATREND,balanced_age_undersampling,age,undersampling,False,5,TIR,MSE,986.34
DIATREND,balanced_age_undersampling,age,undersampling,False,5,TIR,MAE,23.62
DIATREND,balanced_age_undersampling,age,undersampling,False,5,TIR,MAPE,0.21
DIATREND,balanced_age_undersampling,age,undersampling,False,5,TAR_1,A,68.46
DIATREND,balanced_age_undersampling,age,undersampling,False,5,TAR_1,B,29.02
DIATREND,balanced_age_undersampling,age,undersampling,False,5,TAR_1,C,0.01
DIATREND,balanced_age_undersampling,age,undersampling,False,5,TAR_1,D,2.51
DIATREND,balanced_age_undersampling,age,undersampling,False,5,TAR_1,E,0.0
DIATREND,balanced_age_undersampling,age,undersampling,False,5,TAR_1,A + B,97.48
DIATREND,balanced_age_undersampling,age,undersampling,False,5,TAR_1,RMSE,43.76
DIATREND,balanced_age_undersampling,age,undersampling,False,5,TAR_1,MSE,1914.87
DIATREND,balanced_age_undersampling,age,undersampling,False,5,TAR_1,MAE,34.75
DIATREND,balanced_age_undersampling,age,undersampling,False,5,TAR_1,MAPE,0.16
DIATREND,balanced_age_undersampling,age,undersampling,False,5,TAR_2,A,44.6
DIATREND,balanced_age_undersampling,age,undersampling,False,5,TAR_2,B,44.83
DIATREND,balanced_age_undersampling,age,undersampling,False,5,TAR_2,C,0.0
DIATREND,balanced_age_undersampling,age,undersampling,False,5,TAR_2,D,10.57
DIATREND,balanced_age_undersampling,age,undersampling,False,5,TAR_2,E,0.0
DIATREND,balanced_age_undersampling,age,undersampling,False,5,TAR_2,A + B,89.43
DIATREND,balanced_age_undersampling,age,undersampling,False,5,TAR_2,RMSE,86.47
DIATREND,balanced_age_undersampling,age,undersampling,False,5,TAR_2,MSE,7477.68
DIATREND,balanced_age_undersampling,age,undersampling,False,5,TAR_2,MAE,73.88
DIATREND,balanced_age_undersampling,age,undersampling,False,5,TAR_2,MAPE,0.23
DIATREND,balanced_age_undersampling,age,undersampling,False,5,ENTIRE,A,58.28
DIATREND,balanced_age_undersampling,age,undersampling,False,5,ENTIRE,B,35.77
DIATREND,balanced_age_undersampling,age,undersampling,False,5,ENTIRE,C,0.4
DIATREND,balanced_age_undersampling,age,undersampling,False,5,ENTIRE,D,5.49
DIATREND,balanced_age_undersampling,age,undersampling,False,5,ENTIRE,E,0.06
DIATREND,balanced_age_undersampling,age,undersampling,False,5,ENTIRE,A + B,94.05
DIATREND,balanced_age_undersampling,age,undersampling,False,5,ENTIRE,RMSE,51.58
DIATREND,balanced_age_undersampling,age,undersampling,False,5,ENTIRE,MSE,2660.74
DIATREND,balanced_age_undersampling,age,undersampling,False,5,ENTIRE,MAE,37.93
DIATREND,balanced_age_undersampling,age,undersampling,False,5,ENTIRE,MAPE,0.23
DIATREND,balanced_sex_jittering,sex,jittering,False,1,TBR_2,A,0.0
DIATREND,balanced_sex_jittering,sex,jittering,False,1,TBR_2,B,0.0
DIATREND,balanced_sex_jittering,sex,jittering,False,1,TBR_2,C,0.0
DIATREND,balanced_sex_jittering,sex,jittering,False,1,TBR_2,D,95.74
DIATREND,balanced_sex_jittering,sex,jittering,False,1,TBR_2,E,4.26
DIATREND,balanced_sex_jittering,sex,jittering,False,1,TBR_2,A + B,0.0
DIATREND,balanced_sex_jittering,sex,jittering,False,1,TBR_2,RMSE,82.65
DIATREND,balanced_sex_jittering,sex,jittering,False,1,TBR_2,MSE,6831.07
DIATREND,balanced_sex_jittering,sex,jittering,False,1,TBR_2,MAE,78.32
DIATREND,balanced_sex_jittering,sex,jittering,False,1,TBR_2,MAPE,1.7
DIATREND,balanced_sex_jittering,sex,jittering,False,1,TBR_1,A,0.0
DIATREND,balanced_sex_jittering,sex,jittering,False,1,TBR_1,B,0.0
DIATREND,balanced_sex_jittering,sex,jittering,False,1,TBR_1,C,0.0
DIATREND,balanced_sex_jittering,sex,jittering,False,1,TBR_1,D,97.03
DIATREND,balanced_sex_jittering,sex,jittering,False,1,TBR_1,E,2.97
DIATREND,balanced_sex_jittering,sex,jittering,False,1,TBR_1,A + B,0.0
DIATREND,balanced_sex_jittering,sex,jittering,False,1,TBR_1,RMSE,63.31
DIATREND,balanced_sex_jittering,sex,jittering,False,1,TBR_1,MSE,4008.79
DIATREND,balanced_sex_jittering,sex,jittering,False,1,TBR_1,MAE,58.15
DIATREND,balanced_sex_jittering,sex,jittering,False,1,TBR_1,MAPE,0.93
DIATREND,balanced_sex_jittering,sex,jittering,False,1,TIR,A,68.99
DIATREND,balanced_sex_jittering,sex,jittering,False,1,TIR,B,30.53
DIATREND,balanced_sex_jittering,sex,jittering,False,1,TIR,C,0.48
DIATREND,balanced_sex_jittering,sex,jittering,False,1,TIR,D,0.0
DIATREND,balanced_sex_jittering,sex,jittering,False,1,TIR,E,0.0
DIATREND,balanced_sex_jittering,sex,jittering,False,1,TIR,A + B,99.52
DIATREND,balanced_sex_jittering,sex,jittering,False,1,TIR,RMSE,29.79
DIATREND,balanced_sex_jittering,sex,jittering,False,1,TIR,MSE,887.61
DIATREND,balanced_sex_jittering,sex,jittering,False,1,TIR,MAE,22.0
DIATREND,balanced_sex_jittering,sex,jittering,False,1,TIR,MAPE,0.18
DIATREND,balanced_sex_jittering,sex,jittering,False,1,TAR_1,A,70.57
DIATREND,balanced_sex_jittering,sex,jittering,False,1,TAR_1,B,27.14
DIATREND,balanced_sex_jittering,sex,jittering,False,1,TAR_1,C,0.06
DIATREND,balanced_sex_jittering,sex,jittering,False,1,TAR_1,D,2.22
DIATREND,balanced_sex_jittering,sex,jittering,False,1,TAR_1,E,0.0
DIATREND,balanced_sex_jittering,sex,jittering,False,1,TAR_1,A + B,97.71
DIATREND,balanced_sex_jittering,sex,jittering,False,1,TAR_1,RMSE,42.35
DIATREND,balanced_sex_jittering,sex,jittering,False,1,TAR_1,MSE,1793.41
DIATREND,balanced_sex_jittering,sex,jittering,False,1,TAR_1,MAE,33.16
DIATREND,balanced_sex_jittering,sex,jittering,False,1,TAR_1,MAPE,0.16
DIATREND,balanced_sex_jittering,sex,jittering,False,1,TAR_2,A,56.75
DIATREND,balanced_sex_jittering,sex,jittering,False,1,TAR_2,B,31.82
DIATREND,balanced_sex_jittering,sex,jittering,False,1,TAR_2,C,0.0
DIATREND,balanced_sex_jittering,sex,jittering,False,1,TAR_2,D,11.43
DIATREND,balanced_sex_jittering,sex,jittering,False,1,TAR_2,E,0.0
DIATREND,balanced_sex_jittering,sex,jittering,False,1,TAR_2,A + B,88.57
DIATREND,balanced_sex_jittering,sex,jittering,False,1,TAR_2,RMSE,71.59
DIATREND,balanced_sex_jittering,sex,jittering,False,1,TAR_2,MSE,5125.61
DIATREND,balanced_sex_jittering,sex,jittering,False,1,TAR_2,MAE,59.39
DIATREND,balanced_sex_jittering,sex,jittering,False,1,TAR_2,MAPE,0.2
DIATREND,balanced_sex_jittering,sex,jittering,False,1,ENTIRE,A,67.01
DIATREND,balanced_sex_jittering,sex,jittering,False,1,ENTIRE,B,29.35
DIATREND,balanced_sex_jittering,sex,jittering,False,1,ENTIRE,C,0.26
DIATREND,balanced_sex_jittering,sex,jittering,False,1,ENTIRE,D,3.35
DIATREND,balanced_sex_jittering,sex,jittering,False,1,ENTIRE,E,0.03
DIATREND,balanced_sex_jittering,sex,jittering,False,1,ENTIRE,A + B,96.36
DIATREND,balanced_sex_jittering,sex,jittering,False,1,ENTIRE,RMSE,43.35
DIATREND,balanced_sex_jittering,sex,jittering,False,1,ENTIRE,MSE,1879.59
DIATREND,balanced_sex_jittering,sex,jittering,False,1,ENTIRE,MAE,31.87
DIATREND,balanced_sex_jittering,sex,jittering,False,1,ENTIRE,MAPE,0.18
DIATREND,balanced_sex_jittering,sex,jittering,False,2,TBR_2,A,0.13
DIATREND,balanced_sex_jittering,sex,jittering,False,2,TBR_2,B,0.0
DIATREND,balanced_sex_jittering,sex,jittering,False,2,TBR_2,C,0.0
DIATREND,balanced_sex_jittering,sex,jittering,False,2,TBR_2,D,94.22
DIATREND,balanced_sex_jittering,sex,jittering,False,2,TBR_2,E,5.65
DIATREND,balanced_sex_jittering,sex,jittering,False,2,TBR_2,A + B,0.13
DIATREND,balanced_sex_jittering,sex,jittering,False,2,TBR_2,RMSE,82.02
DIATREND,balanced_sex_jittering,sex,jittering,False,2,TBR_2,MSE,6727.52
DIATREND,balanced_sex_jittering,sex,jittering,False,2,TBR_2,MAE,76.44
DIATREND,balanced_sex_jittering,sex,jittering,False,2,TBR_2,MAPE,1.68
DIATREND,balanced_sex_jittering,sex,jittering,False,2,TBR_1,A,0.11
DIATREND,balanced_sex_jittering,sex,jittering,False,2,TBR_1,B,0.0
DIATREND,balanced_sex_jittering,sex,jittering,False,2,TBR_1,C,0.0
DIATREND,balanced_sex_jittering,sex,jittering,False,2,TBR_1,D,95.58
DIATREND,balanced_sex_jittering,sex,jittering,False,2,TBR_1,E,4.31
DIATREND,balanced_sex_jittering,sex,jittering,False,2,TBR_1,A + B,0.11
DIATREND,balanced_sex_jittering,sex,jittering,False,2,TBR_1,RMSE,63.29
DIATREND,balanced_sex_jittering,sex,jittering,False,2,TBR_1,MSE,4005.83
DIATREND,balanced_sex_jittering,sex,jittering,False,2,TBR_1,MAE,56.71
DIATREND,balanced_sex_jittering,sex,jittering,False,2,TBR_1,MAPE,0.91
DIATREND,balanced_sex_jittering,sex,jittering,False,2,TIR,A,68.21
DIATREND,balanced_sex_jittering,sex,jittering,False,2,TIR,B,30.86
DIATREND,balanced_sex_jittering,sex,jittering,False,2,TIR,C,0.92
DIATREND,balanced_sex_jittering,sex,jittering,False,2,TIR,D,0.0
DIATREND,balanced_sex_jittering,sex,jittering,False,2,TIR,E,0.0
DIATREND,balanced_sex_jittering,sex,jittering,False,2,TIR,A + B,99.07
DIATREND,balanced_sex_jittering,sex,jittering,False,2,TIR,RMSE,31.31
DIATREND,balanced_sex_jittering,sex,jittering,False,2,TIR,MSE,980.4
DIATREND,balanced_sex_jittering,sex,jittering,False,2,TIR,MAE,22.36
DIATREND,balanced_sex_jittering,sex,jittering,False,2,TIR,MAPE,0.19
DIATREND,balanced_sex_jittering,sex,jittering,False,2,TAR_1,A,70.01
DIATREND,balanced_sex_jittering,sex,jittering,False,2,TAR_1,B,27.65
DIATREND,balanced_sex_jittering,sex,jittering,False,2,TAR_1,C,0.14
DIATREND,balanced_sex_jittering,sex,jittering,False,2,TAR_1,D,2.2
DIATREND,balanced_sex_jittering,sex,jittering,False,2,TAR_1,E,0.0
DIATREND,balanced_sex_jittering,sex,jittering,False,2,TAR_1,A + B,97.66
DIATREND,balanced_sex_jittering,sex,jittering,False,2,TAR_1,RMSE,42.76
DIATREND,balanced_sex_jittering,sex,jittering,False,2,TAR_1,MSE,1828.26
DIATREND,balanced_sex_jittering,sex,jittering,False,2,TAR_1,MAE,33.98
DIATREND,balanced_sex_jittering,sex,jittering,False,2,TAR_1,MAPE,0.16
DIATREND,balanced_sex_jittering,sex,jittering,False,2,TAR_2,A,55.55
DIATREND,balanced_sex_jittering,sex,jittering,False,2,TAR_2,B,34.07
DIATREND,balanced_sex_jittering,sex,jittering,False,2,TAR_2,C,0.0
DIATREND,balanced_sex_jittering,sex,jittering,False,2,TAR_2,D,10.38
DIATREND,balanced_sex_jittering,sex,jittering,False,2,TAR_2,E,0.0
DIATREND,balanced_sex_jittering,sex,jittering,False,2,TAR_2,A + B,89.62
DIATREND,balanced_sex_jittering,sex,jittering,False,2,TAR_2,RMSE,72.29
DIATREND,balanced_sex_jittering,sex,jittering,False,2,TAR_2,MSE,5226.23
DIATREND,balanced_sex_jittering,sex,jittering,False,2,TAR_2,MAE,61.08
DIATREND,balanced_sex_jittering,sex,jittering,False,2,TAR_2,MAPE,0.2
DIATREND,balanced_sex_jittering,sex,jittering,False,2,ENTIRE,A,65.53
DIATREND,balanced_sex_jittering,sex,jittering,False,2,ENTIRE,B,29.89
DIATREND,balanced_sex_jittering,sex,jittering,False,2,ENTIRE,C,0.52
DIATREND,balanced_sex_jittering,sex,jittering,False,2,ENTIRE,D,3.98
DIATREND,balanced_sex_jittering,sex,jittering,False,2,ENTIRE,E,0.08
DIATREND,balanced_sex_jittering,sex,jittering,False,2,ENTIRE,A + B,95.42
DIATREND,balanced_sex_jittering,sex,jittering,False,2,ENTIRE,RMSE,44.56
DIATREND,balanced_sex_jittering,sex,jittering,False,2,ENTIRE,MSE,1985.19
DIATREND,balanced_sex_jittering,sex,jittering,False,2,ENTIRE,MAE,32.79
DIATREND,balanced_sex_jittering,sex,jittering,False,2,ENTIRE,MAPE,0.2
DIATREND,balanced_sex_jittering,sex,jittering,False,3,TBR_2,A,0.0
DIATREND,balanced_sex_jittering,sex,jittering,False,3,TBR_2,B,0.0
DIATREND,balanced_sex_jittering,sex,jittering,False,3,TBR_2,C,0.0
DIATREND,balanced_sex_jittering,sex,jittering,False,3,TBR_2,D,98.03
DIATREND,balanced_sex_jittering,sex,jittering,False,3,TBR_2,E,1.97
DIATREND,balanced_sex_jittering,sex,jittering,False,3,TBR_2,A + B,0.0
DIATREND,balanced_sex_jittering,sex,jittering,False,3,TBR_2,RMSE,71.2
DIATREND,balanced_sex_jittering,sex,jittering,False,3,TBR_2,MSE,5069.49
DIATREND,balanced_sex_jittering,sex,jittering,False,3,TBR_2,MAE,67.39
DIATREND,balanced_sex_jittering,sex,jittering,False,3,TBR_2,MAPE,1.48
DIATREND,balanced_sex_jittering,sex,jittering,False,3,TBR_1,A,0.04
DIATREND,balanced_sex_jittering,sex,jittering,False,3,TBR_1,B,0.0
DIATREND,balanced_sex_jittering,sex,jittering,False,3,TBR_1,C,0.0
DIATREND,balanced_sex_jittering,sex,jittering,False,3,TBR_1,D,98.08
DIATREND,balanced_sex_jittering,sex,jittering,False,3,TBR_1,E,1.89
DIATREND,balanced_sex_jittering,sex,jittering,False,3,TBR_1,A + B,0.04
DIATREND,balanced_sex_jittering,sex,jittering,False,3,TBR_1,RMSE,57.14
DIATREND,balanced_sex_jittering,sex,jittering,False,3,TBR_1,MSE,3265.11
DIATREND,balanced_sex_jittering,sex,jittering,False,3,TBR_1,MAE,53.18
DIATREND,balanced_sex_jittering,sex,jittering,False,3,TBR_1,MAPE,0.85
DIATREND,balanced_sex_jittering,sex,jittering,False,3,TIR,A,69.35
DIATREND,balanced_sex_jittering,sex,jittering,False,3,TIR,B,30.23
DIATREND,balanced_sex_jittering,sex,jittering,False,3,TIR,C,0.42
DIATREND,balanced_sex_jittering,sex,jittering,False,3,TIR,D,0.0
DIATREND,balanced_sex_jittering,sex,jittering,False,3,TIR,E,0.0
DIATREND,balanced_sex_jittering,sex,jittering,False,3,TIR,A + B,99.58
DIATREND,balanced_sex_jittering,sex,jittering,False,3,TIR,RMSE,28.34
DIATREND,balanced_sex_jittering,sex,jittering,False,3,TIR,MSE,803.37
DIATREND,balanced_sex_jittering,sex,jittering,False,3,TIR,MAE,20.96
DIATREND,balanced_sex_jittering,sex,jittering,False,3,TIR,MAPE,0.18
DIATREND,balanced_sex_jittering,sex,jittering,False,3,TAR_1,A,71.95
DIATREND,balanced_sex_jittering,sex,jittering,False,3,TAR_1,B,25.97
DIATREND,balanced_sex_jittering,sex,jittering,False,3,TAR_1,C,0.09
DIATREND,balanced_sex_jittering,sex,jittering,False,3,TAR_1,D,1.99
DIATREND,balanced_sex_jittering,sex,jittering,False,3,TAR_1,E,0.0
DIATREND,balanced_sex_jittering,sex,jittering,False,3,TAR_1,A + B,97.92
DIATREND,balanced_sex_jittering,sex,jittering,False,3,TAR_1,RMSE,40.94
DIATREND,balanced_sex_jittering,sex,jittering,False,3,TAR_1,MSE,1676.35
DIATREND,balanced_sex_jittering,sex,jittering,False,3,TAR_1,MAE,32.33
DIATREND,balanced_sex_jittering,sex,jittering,False,3,TAR_1,MAPE,0.15
DIATREND,balanced_sex_jittering,sex,jittering,False,3,TAR_2,A,58.92
DIATREND,balanced_sex_jittering,sex,jittering,False,3,TAR_2,B,33.46
DIATREND,balanced_sex_jittering,sex,jittering,False,3,TAR_2,C,0.0
DIATREND,balanced_sex_jittering,sex,jittering,False,3,TAR_2,D,7.62
DIATREND,balanced_sex_jittering,sex,jittering,False,3,TAR_2,E,0.0
DIATREND,balanced_sex_jittering,sex,jittering,False,3,TAR_2,A + B,92.38
DIATREND,balanced_sex_jittering,sex,jittering,False,3,TAR_2,RMSE,70.67
DIATREND,balanced_sex_jittering,sex,jittering,False,3,TAR_2,MSE,4993.93
DIATREND,balanced_sex_jittering,sex,jittering,False,3,TAR_2,MAE,59.73
DIATREND,balanced_sex_jittering,sex,jittering,False,3,TAR_2,MAPE,0.19
DIATREND,balanced_sex_jittering,sex,jittering,False,3,ENTIRE,A,67.05
DIATREND,balanced_sex_jittering,sex,jittering,False,3,ENTIRE,B,29.18
DIATREND,balanced_sex_jittering,sex,jittering,False,3,ENTIRE,C,0.24
DIATREND,balanced_sex_jittering,sex,jittering,False,3,ENTIRE,D,3.49
DIATREND,balanced_sex_jittering,sex,jittering,False,3,ENTIRE,E,0.03
DIATREND,balanced_sex_jittering,sex,jittering,False,3,ENTIRE,A + B,96.23
DIATREND,balanced_sex_jittering,sex,jittering,False,3,ENTIRE,RMSE,43.18
DIATREND,balanced_sex_jittering,sex,jittering,False,3,ENTIRE,MSE,1864.86
DIATREND,balanced_sex_jittering,sex,jittering,False,3,ENTIRE,MAE,31.83
DIATREND,balanced_sex_jittering,sex,jittering,False,3,ENTIRE,MAPE,0.19
DIATREND,balanced_sex_jittering,sex,jittering,False,4,TBR_2,A,0.0
DIATREND,balanced_sex_jittering,sex,jittering,False,4,TBR_2,B,0.0
DIATREND,balanced_sex_jittering,sex,jittering,False,4,TBR_2,C,0.0
DIATREND,balanced_sex_jittering,sex,jittering,False,4,TBR_2,D,97.86
DIATREND,balanced_sex_jittering,sex,jittering,False,4,TBR_2,E,2.14
DIATREND,balanced_sex_jittering,sex,jittering,False,4,TBR_2,A + B,0.0
DIATREND,balanced_sex_jittering,sex,jittering,False,4,TBR_2,RMSE,69.97
DIATREND,balanced_sex_jittering,sex,jittering,False,4,TBR_2,MSE,4896.23
DIATREND,balanced_sex_jittering,sex,jittering,False,4,TBR_2,MAE,65.55
DIATREND,balanced_sex_jittering,sex,jittering,False,4,TBR_2,MAPE,1.47
DIATREND,balanced_sex_jittering,sex,jittering,False,4,TBR_1,A,0.32
DIATREND,balanced_sex_jittering,sex,jittering,False,4,TBR_1,B,0.0
DIATREND,balanced_sex_jittering,sex,jittering,False,4,TBR_1,C,0.0
DIATREND,balanced_sex_jittering,sex,jittering,False,4,TBR_1,D,97.48
DIATREND,balanced_sex_jittering,sex,jittering,False,4,TBR_1,E,2.2
DIATREND,balanced_sex_jittering,sex,jittering,False,4,TBR_1,A + B,0.32
DIATREND,balanced_sex_jittering,sex,jittering,False,4,TBR_1,RMSE,57.87
DIATREND,balanced_sex_jittering,sex,jittering,False,4,TBR_1,MSE,3348.94
DIATREND,balanced_sex_jittering,sex,jittering,False,4,TBR_1,MAE,53.53
DIATREND,balanced_sex_jittering,sex,jittering,False,4,TBR_1,MAPE,0.86
DIATREND,balanced_sex_jittering,sex,jittering,False,4,TIR,A,65.34
DIATREND,balanced_sex_jittering,sex,jittering,False,4,TIR,B,34.1
DIATREND,balanced_sex_jittering,sex,jittering,False,4,TIR,C,0.56
DIATREND,balanced_sex_jittering,sex,jittering,False,4,TIR,D,0.0
DIATREND,balanced_sex_jittering,sex,jittering,False,4,TIR,E,0.0
DIATREND,balanced_sex_jittering,sex,jittering,False,4,TIR,A + B,99.44
DIATREND,balanced_sex_jittering,sex,jittering,False,4,TIR,RMSE,30.58
DIATREND,balanced_sex_jittering,sex,jittering,False,4,TIR,MSE,934.98
DIATREND,balanced_sex_jittering,sex,jittering,False,4,TIR,MAE,22.94
DIATREND,balanced_sex_jittering,sex,jittering,False,4,TIR,MAPE,0.19
DIATREND,balanced_sex_jittering,sex,jittering,False,4,TAR_1,A,68.2
DIATREND,balanced_sex_jittering,sex,jittering,False,4,TAR_1,B,29.31
DIATREND,balanced_sex_jittering,sex,jittering,False,4,TAR_1,C,0.09
DIATREND,balanced_sex_jittering,sex,jittering,False,4,TAR_1,D,2.4
DIATREND,balanced_sex_jittering,sex,jittering,False,4,TAR_1,E,0.0
DIATREND,balanced_sex_jittering,sex,jittering,False,4,TAR_1,A + B,97.51
DIATREND,balanced_sex_jittering,sex,jittering,False,4,TAR_1,RMSE,43.93
DIATREND,balanced_sex_jittering,sex,jittering,False,4,TAR_1,MSE,1929.8
DIATREND,balanced_sex_jittering,sex,jittering,False,4,TAR_1,MAE,34.49
DIATREND,balanced_sex_jittering,sex,jittering,False,4,TAR_1,MAPE,0.16
DIATREND,balanced_sex_jittering,sex,jittering,False,4,TAR_2,A,55.1
DIATREND,balanced_sex_jittering,sex,jittering,False,4,TAR_2,B,36.16
DIATREND,balanced_sex_jittering,sex,jittering,False,4,TAR_2,C,0.0
DIATREND,balanced_sex_jittering,sex,jittering,False,4,TAR_2,D,8.73
DIATREND,balanced_sex_jittering,sex,jittering,False,4,TAR_2,E,0.0
DIATREND,balanced_sex_jittering,sex,jittering,False,4,TAR_2,A + B,91.26
DIATREND,balanced_sex_jittering,sex,jittering,False,4,TAR_2,RMSE,73.28
DIATREND,balanced_sex_jittering,sex,jittering,False,4,TAR_2,MSE,5369.4
DIATREND,balanced_sex_jittering,sex,jittering,False,4,TAR_2,MAE,62.31
DIATREND,balanced_sex_jittering,sex,jittering,False,4,TAR_2,MAPE,0.2
DIATREND,balanced_sex_jittering,sex,jittering,False,4,ENTIRE,A,62.62
DIATREND,balanced_sex_jittering,sex,jittering,False,4,ENTIRE,B,32.41
DIATREND,balanced_sex_jittering,sex,jittering,False,4,ENTIRE,C,0.3
DIATREND,balanced_sex_jittering,sex,jittering,False,4,ENTIRE,D,4.62
DIATREND,balanced_sex_jittering,sex,jittering,False,4,ENTIRE,E,0.05
DIATREND,balanced_sex_jittering,sex,jittering,False,4,ENTIRE,A + B,95.03
DIATREND,balanced_sex_jittering,sex,jittering,False,4,ENTIRE,RMSE,46.81
DIATREND,balanced_sex_jittering,sex,jittering,False,4,ENTIRE,MSE,2190.81
DIATREND,balanced_sex_jittering,sex,jittering,False,4,ENTIRE,MAE,35.05
DIATREND,balanced_sex_jittering,sex,jittering,False,4,ENTIRE,MAPE,0.2
DIATREND,balanced_sex_jittering,sex,jittering,False,5,TBR_2,A,4.49
DIATREND,balanced_sex_jittering,sex,jittering,False,5,TBR_2,B,0.0
DIATREND,balanced_sex_jittering,sex,jittering,False,5,TBR_2,C,0.0
DIATREND,balanced_sex_jittering,sex,jittering,False,5,TBR_2,D,94.19
DIATREND,balanced_sex_jittering,sex,jittering,False,5,TBR_2,E,1.31
DIATREND,balanced_sex_jittering,sex,jittering,False,5,TBR_2,A + B,4.49
DIATREND,balanced_sex_jittering,sex,jittering,False,5,TBR_2,RMSE,66.42
DIATREND,balanced_sex_jittering,sex,jittering,False,5,TBR_2,MSE,4412.01
DIATREND,balanced_sex_jittering,sex,jittering,False,5,TBR_2,MAE,61.84
DIATREND,balanced_sex_jittering,sex,jittering,False,5,TBR_2,MAPE,1.38
DIATREND,balanced_sex_jittering,sex,jittering,False,5,TBR_1,A,1.06
DIATREND,balanced_sex_jittering,sex,jittering,False,5,TBR_1,B,0.0
DIATREND,balanced_sex_jittering,sex,jittering,False,5,TBR_1,C,0.0
DIATREND,balanced_sex_jittering,sex,jittering,False,5,TBR_1,D,97.35
DIATREND,balanced_sex_jittering,sex,jittering,False,5,TBR_1,E,1.59
DIATREND,balanced_sex_jittering,sex,jittering,False,5,TBR_1,A + B,1.06
DIATREND,balanced_sex_jittering,sex,jittering,False,5,TBR_1,RMSE,55.06
DIATREND,balanced_sex_jittering,sex,jittering,False,5,TBR_1,MSE,3032.1
DIATREND,balanced_sex_jittering,sex,jittering,False,5,TBR_1,MAE,50.93
DIATREND,balanced_sex_jittering,sex,jittering,False,5,TBR_1,MAPE,0.82
DIATREND,balanced_sex_jittering,sex,jittering,False,5,TIR,A,64.69
DIATREND,balanced_sex_jittering,sex,jittering,False,5,TIR,B,34.65
DIATREND,balanced_sex_jittering,sex,jittering,False,5,TIR,C,0.66
DIATREND,balanced_sex_jittering,sex,jittering,False,5,TIR,D,0.0
DIATREND,balanced_sex_jittering,sex,jittering,False,5,TIR,E,0.0
DIATREND,balanced_sex_jittering,sex,jittering,False,5,TIR,A + B,99.34
DIATREND,balanced_sex_jittering,sex,jittering,False,5,TIR,RMSE,30.63
DIATREND,balanced_sex_jittering,sex,jittering,False,5,TIR,MSE,938.35
DIATREND,balanced_sex_jittering,sex,jittering,False,5,TIR,MAE,22.61
DIATREND,balanced_sex_jittering,sex,jittering,False,5,TIR,MAPE,0.2
DIATREND,balanced_sex_jittering,sex,jittering,False,5,TAR_1,A,70.7
DIATREND,balanced_sex_jittering,sex,jittering,False,5,TAR_1,B,26.85
DIATREND,balanced_sex_jittering,sex,jittering,False,5,TAR_1,C,0.28
DIATREND,balanced_sex_jittering,sex,jittering,False,5,TAR_1,D,2.16
DIATREND,balanced_sex_jittering,sex,jittering,False,5,TAR_1,E,0.0
DIATREND,balanced_sex_jittering,sex,jittering,False,5,TAR_1,A + B,97.55
DIATREND,balanced_sex_jittering,sex,jittering,False,5,TAR_1,RMSE,43.03
DIATREND,balanced_sex_jittering,sex,jittering,False,5,TAR_1,MSE,1851.68
DIATREND,balanced_sex_jittering,sex,jittering,False,5,TAR_1,MAE,33.24
DIATREND,balanced_sex_jittering,sex,jittering,False,5,TAR_1,MAPE,0.16
DIATREND,balanced_sex_jittering,sex,jittering,False,5,TAR_2,A,57.86
DIATREND,balanced_sex_jittering,sex,jittering,False,5,TAR_2,B,33.26
DIATREND,balanced_sex_jittering,sex,jittering,False,5,TAR_2,C,0.0
DIATREND,balanced_sex_jittering,sex,jittering,False,5,TAR_2,D,8.88
DIATREND,balanced_sex_jittering,sex,jittering,False,5,TAR_2,E,0.0
DIATREND,balanced_sex_jittering,sex,jittering,False,5,TAR_2,A + B,91.12
DIATREND,balanced_sex_jittering,sex,jittering,False,5,TAR_2,RMSE,77.7
DIATREND,balanced_sex_jittering,sex,jittering,False,5,TAR_2,MSE,6037.17
DIATREND,balanced_sex_jittering,sex,jittering,False,5,TAR_2,MAE,64.75
DIATREND,balanced_sex_jittering,sex,jittering,False,5,TAR_2,MAPE,0.2
DIATREND,balanced_sex_jittering,sex,jittering,False,5,ENTIRE,A,63.05
DIATREND,balanced_sex_jittering,sex,jittering,False,5,ENTIRE,B,31.48
DIATREND,balanced_sex_jittering,sex,jittering,False,5,ENTIRE,C,0.41
DIATREND,balanced_sex_jittering,sex,jittering,False,5,ENTIRE,D,5.02
DIATREND,balanced_sex_jittering,sex,jittering,False,5,ENTIRE,E,0.04
DIATREND,balanced_sex_jittering,sex,jittering,False,5,ENTIRE,A + B,94.53
DIATREND,balanced_sex_jittering,sex,jittering,False,5,ENTIRE,RMSE,47.9
DIATREND,balanced_sex_jittering,sex,jittering,False,5,ENTIRE,MSE,2294.86
DIATREND,balanced_sex_jittering,sex,jittering,False,5,ENTIRE,MAE,34.88
DIATREND,balanced_sex_jittering,sex,jittering,False,5,ENTIRE,MAPE,0.21
DIATREND,balanced_sex_oversampling,sex,oversampling,False,1,TBR_2,A,0.0
DIATREND,balanced_sex_oversampling,sex,oversampling,False,1,TBR_2,B,0.0
DIATREND,balanced_sex_oversampling,sex,oversampling,False,1,TBR_2,C,0.0
DIATREND,balanced_sex_oversampling,sex,oversampling,False,1,TBR_2,D,96.27
DIATREND,balanced_sex_oversampling,sex,oversampling,False,1,TBR_2,E,3.73
DIATREND,balanced_sex_oversampling,sex,oversampling,False,1,TBR_2,A + B,0.0
DIATREND,balanced_sex_oversampling,sex,oversampling,False,1,TBR_2,RMSE,81.53
DIATREND,balanced_sex_oversampling,sex,oversampling,False,1,TBR_2,MSE,6647.48
DIATREND,balanced_sex_oversampling,sex,oversampling,False,1,TBR_2,MAE,77.11
DIATREND,balanced_sex_oversampling,sex,oversampling,False,1,TBR_2,MAPE,1.68
DIATREND,balanced_sex_oversampling,sex,oversampling,False,1,TBR_1,A,0.06
DIATREND,balanced_sex_oversampling,sex,oversampling,False,1,TBR_1,B,0.0
DIATREND,balanced_sex_oversampling,sex,oversampling,False,1,TBR_1,C,0.0
DIATREND,balanced_sex_oversampling,sex,oversampling,False,1,TBR_1,D,96.72
DIATREND,balanced_sex_oversampling,sex,oversampling,False,1,TBR_1,E,3.22
DIATREND,balanced_sex_oversampling,sex,oversampling,False,1,TBR_1,A + B,0.06
DIATREND,balanced_sex_oversampling,sex,oversampling,False,1,TBR_1,RMSE,62.86
DIATREND,balanced_sex_oversampling,sex,oversampling,False,1,TBR_1,MSE,3951.83
DIATREND,balanced_sex_oversampling,sex,oversampling,False,1,TBR_1,MAE,57.56
DIATREND,balanced_sex_oversampling,sex,oversampling,False,1,TBR_1,MAPE,0.92
DIATREND,balanced_sex_oversampling,sex,oversampling,False,1,TIR,A,68.64
DIATREND,balanced_sex_oversampling,sex,oversampling,False,1,TIR,B,30.9
DIATREND,balanced_sex_oversampling,sex,oversampling,False,1,TIR,C,0.46
DIATREND,balanced_sex_oversampling,sex,oversampling,False,1,TIR,D,0.0
DIATREND,balanced_sex_oversampling,sex,oversampling,False,1,TIR,E,0.0
DIATREND,balanced_sex_oversampling,sex,oversampling,False,1,TIR,A + B,99.54
DIATREND,balanced_sex_oversampling,sex,oversampling,False,1,TIR,RMSE,29.86
DIATREND,balanced_sex_oversampling,sex,oversampling,False,1,TIR,MSE,891.48
DIATREND,balanced_sex_oversampling,sex,oversampling,False,1,TIR,MAE,22.13
DIATREND,balanced_sex_oversampling,sex,oversampling,False,1,TIR,MAPE,0.18
DIATREND,balanced_sex_oversampling,sex,oversampling,False,1,TAR_1,A,70.57
DIATREND,balanced_sex_oversampling,sex,oversampling,False,1,TAR_1,B,27.17
DIATREND,balanced_sex_oversampling,sex,oversampling,False,1,TAR_1,C,0.05
DIATREND,balanced_sex_oversampling,sex,oversampling,False,1,TAR_1,D,2.2
DIATREND,balanced_sex_oversampling,sex,oversampling,False,1,TAR_1,E,0.0
DIATREND,balanced_sex_oversampling,sex,oversampling,False,1,TAR_1,A + B,97.74
DIATREND,balanced_sex_oversampling,sex,oversampling,False,1,TAR_1,RMSE,42.27
DIATREND,balanced_sex_oversampling,sex,oversampling,False,1,TAR_1,MSE,1787.01
DIATREND,balanced_sex_oversampling,sex,oversampling,False,1,TAR_1,MAE,33.29
DIATREND,balanced_sex_oversampling,sex,oversampling,False,1,TAR_1,MAPE,0.16
DIATREND,balanced_sex_oversampling,sex,oversampling,False,1,TAR_2,A,56.16
DIATREND,balanced_sex_oversampling,sex,oversampling,False,1,TAR_2,B,32.62
DIATREND,balanced_sex_oversampling,sex,oversampling,False,1,TAR_2,C,0.0
DIATREND,balanced_sex_oversampling,sex,oversampling,False,1,TAR_2,D,11.22
DIATREND,balanced_sex_oversampling,sex,oversampling,False,1,TAR_2,E,0.0
DIATREND,balanced_sex_oversampling,sex,oversampling,False,1,TAR_2,A + B,88.78
DIATREND,balanced_sex_oversampling,sex,oversampling,False,1,TAR_2,RMSE,71.7
DIATREND,balanced_sex_oversampling,sex,oversampling,False,1,TAR_2,MSE,5140.95
DIATREND,balanced_sex_oversampling,sex,oversampling,False,1,TAR_2,MAE,59.84
DIATREND,balanced_sex_oversampling,sex,oversampling,False,1,TAR_2,MAPE,0.2
DIATREND,balanced_sex_oversampling,sex,oversampling,False,1,ENTIRE,A,66.74
DIATREND,balanced_sex_oversampling,sex,oversampling,False,1,ENTIRE,B,29.67
DIATREND,balanced_sex_oversampling,sex,oversampling,False,1,ENTIRE,C,0.25
DIATREND,balanced_sex_oversampling,sex,oversampling,False,1,ENTIRE,D,3.31
DIATREND,balanced_sex_oversampling,sex,oversampling,False,1,ENTIRE,E,0.03
DIATREND,balanced_sex_oversampling,sex,oversampling,False,1,ENTIRE,A + B,96.41
DIATREND,balanced_sex_oversampling,sex,oversampling,False,1,ENTIRE,RMSE,43.37
DIATREND,balanced_sex_oversampling,sex,oversampling,False,1,ENTIRE,MSE,1881.18
DIATREND,balanced_sex_oversampling,sex,oversampling,False,1,ENTIRE,MAE,32.04
DIATREND,balanced_sex_oversampling,sex,oversampling,False,1,ENTIRE,MAPE,0.18
DIATREND,balanced_sex_oversampling,sex,oversampling,False,2,TBR_2,A,0.0
DIATREND,balanced_sex_oversampling,sex,oversampling,False,2,TBR_2,B,0.0
DIATREND,balanced_sex_oversampling,sex,oversampling,False,2,TBR_2,C,0.0
DIATREND,balanced_sex_oversampling,sex,oversampling,False,2,TBR_2,D,94.73
DIATREND,balanced_sex_oversampling,sex,oversampling,False,2,TBR_2,E,5.27
DIATREND,balanced_sex_oversampling,sex,oversampling,False,2,TBR_2,A + B,0.0
DIATREND,balanced_sex_oversampling,sex,oversampling,False,2,TBR_2,RMSE,82.26
DIATREND,balanced_sex_oversampling,sex,oversampling,False,2,TBR_2,MSE,6766.53
DIATREND,balanced_sex_oversampling,sex,oversampling,False,2,TBR_2,MAE,77.03
DIATREND,balanced_sex_oversampling,sex,oversampling,False,2,TBR_2,MAPE,1.7
DIATREND,balanced_sex_oversampling,sex,oversampling,False,2,TBR_1,A,0.12
DIATREND,balanced_sex_oversampling,sex,oversampling,False,2,TBR_1,B,0.0
DIATREND,balanced_sex_oversampling,sex,oversampling,False,2,TBR_1,C,0.0
DIATREND,balanced_sex_oversampling,sex,oversampling,False,2,TBR_1,D,95.78
DIATREND,balanced_sex_oversampling,sex,oversampling,False,2,TBR_1,E,4.1
DIATREND,balanced_sex_oversampling,sex,oversampling,False,2,TBR_1,A + B,0.12
DIATREND,balanced_sex_oversampling,sex,oversampling,False,2,TBR_1,RMSE,63.69
DIATREND,balanced_sex_oversampling,sex,oversampling,False,2,TBR_1,MSE,4056.39
DIATREND,balanced_sex_oversampling,sex,oversampling,False,2,TBR_1,MAE,57.65
DIATREND,balanced_sex_oversampling,sex,oversampling,False,2,TBR_1,MAPE,0.92
DIATREND,balanced_sex_oversampling,sex,oversampling,False,2,TIR,A,67.76
DIATREND,balanced_sex_oversampling,sex,oversampling,False,2,TIR,B,31.32
DIATREND,balanced_sex_oversampling,sex,oversampling,False,2,TIR,C,0.92
DIATREND,balanced_sex_oversampling,sex,oversampling,False,2,TIR,D,0.0
DIATREND,balanced_sex_oversampling,sex,oversampling,False,2,TIR,E,0.0
DIATREND,balanced_sex_oversampling,sex,oversampling,False,2,TIR,A + B,99.08
DIATREND,balanced_sex_oversampling,sex,oversampling,False,2,TIR,RMSE,31.26
DIATREND,balanced_sex_oversampling,sex,oversampling,False,2,TIR,MSE,977.45
DIATREND,balanced_sex_oversampling,sex,oversampling,False,2,TIR,MAE,22.46
DIATREND,balanced_sex_oversampling,sex,oversampling,False,2,TIR,MAPE,0.19
DIATREND,balanced_sex_oversampling,sex,oversampling,False,2,TAR_1,A,70.15
DIATREND,balanced_sex_oversampling,sex,oversampling,False,2,TAR_1,B,27.53
DIATREND,balanced_sex_oversampling,sex,oversampling,False,2,TAR_1,C,0.16
DIATREND,balanced_sex_oversampling,sex,oversampling,False,2,TAR_1,D,2.16
DIATREND,balanced_sex_oversampling,sex,oversampling,False,2,TAR_1,E,0.0
DIATREND,balanced_sex_oversampling,sex,oversampling,False,2,TAR_1,A + B,97.68
DIATREND,balanced_sex_oversampling,sex,oversampling,False,2,TAR_1,RMSE,42.48
DIATREND,balanced_sex_oversampling,sex,oversampling,False,2,TAR_1,MSE,1804.15
DIATREND,balanced_sex_oversampling,sex,oversampling,False,2,TAR_1,MAE,33.69
DIATREND,balanced_sex_oversampling,sex,oversampling,False,2,TAR_1,MAPE,0.16
DIATREND,balanced_sex_oversampling,sex,oversampling,False,2,TAR_2,A,56.74
DIATREND,balanced_sex_oversampling,sex,oversampling,False,2,TAR_2,B,33.24
DIATREND,balanced_sex_oversampling,sex,oversampling,False,2,TAR_2,C,0.0
DIATREND,balanced_sex_oversampling,sex,oversampling,False,2,TAR_2,D,10.02
DIATREND,balanced_sex_oversampling,sex,oversampling,False,2,TAR_2,E,0.0
DIATREND,balanced_sex_oversampling,sex,oversampling,False,2,TAR_2,A + B,89.98
DIATREND,balanced_sex_oversampling,sex,oversampling,False,2,TAR_2,RMSE,71.4
DIATREND,balanced_sex_oversampling,sex,oversampling,False,2,TAR_2,MSE,5098.07
DIATREND,balanced_sex_oversampling,sex,oversampling,False,2,TAR_2,MAE,60.07
DIATREND,balanced_sex_oversampling,sex,oversampling,False,2,TAR_2,MAPE,0.2
DIATREND,balanced_sex_oversampling,sex,oversampling,False,2,ENTIRE,A,65.53
DIATREND,balanced_sex_oversampling,sex,oversampling,False,2,ENTIRE,B,29.96
DIATREND,balanced_sex_oversampling,sex,oversampling,False,2,ENTIRE,C,0.52
DIATREND,balanced_sex_oversampling,sex,oversampling,False,2,ENTIRE,D,3.91
DIATREND,balanced_sex_oversampling,sex,oversampling,False,2,ENTIRE,E,0.07
DIATREND,balanced_sex_oversampling,sex,oversampling,False,2,ENTIRE,A + B,95.49
DIATREND,balanced_sex_oversampling,sex,oversampling,False,2,ENTIRE,RMSE,44.23
DIATREND,balanced_sex_oversampling,sex,oversampling,False,2,ENTIRE,MSE,1956.44
DIATREND,balanced_sex_oversampling,sex,oversampling,False,2,ENTIRE,MAE,32.6
DIATREND,balanced_sex_oversampling,sex,oversampling,False,2,ENTIRE,MAPE,0.2
DIATREND,balanced_sex_oversampling,sex,oversampling,False,3,TBR_2,A,0.0
DIATREND,balanced_sex_oversampling,sex,oversampling,False,3,TBR_2,B,0.0
DIATREND,balanced_sex_oversampling,sex,oversampling,False,3,TBR_2,C,0.0
DIATREND,balanced_sex_oversampling,sex,oversampling,False,3,TBR_2,D,97.97
DIATREND,balanced_sex_oversampling,sex,oversampling,False,3,TBR_2,E,2.03
DIATREND,balanced_sex_oversampling,sex,oversampling,False,3,TBR_2,A + B,0.0
DIATREND,balanced_sex_oversampling,sex,oversampling,False,3,TBR_2,RMSE,71.24
DIATREND,balanced_sex_oversampling,sex,oversampling,False,3,TBR_2,MSE,5074.74
DIATREND,balanced_sex_oversampling,sex,oversampling,False,3,TBR_2,MAE,67.42
DIATREND,balanced_sex_oversampling,sex,oversampling,False,3,TBR_2,MAPE,1.48
DIATREND,balanced_sex_oversampling,sex,oversampling,False,3,TBR_1,A,0.04
DIATREND,balanced_sex_oversampling,sex,oversampling,False,3,TBR_1,B,0.0
DIATREND,balanced_sex_oversampling,sex,oversampling,False,3,TBR_1,C,0.0
DIATREND,balanced_sex_oversampling,sex,oversampling,False,3,TBR_1,D,98.15
DIATREND,balanced_sex_oversampling,sex,oversampling,False,3,TBR_1,E,1.82
DIATREND,balanced_sex_oversampling,sex,oversampling,False,3,TBR_1,A + B,0.04
DIATREND,balanced_sex_oversampling,sex,oversampling,False,3,TBR_1,RMSE,56.74
DIATREND,balanced_sex_oversampling,sex,oversampling,False,3,TBR_1,MSE,3219.72
DIATREND,balanced_sex_oversampling,sex,oversampling,False,3,TBR_1,MAE,52.68
DIATREND,balanced_sex_oversampling,sex,oversampling,False,3,TBR_1,MAPE,0.84
DIATREND,balanced_sex_oversampling,sex,oversampling,False,3,TIR,A,69.53
DIATREND,balanced_sex_oversampling,sex,oversampling,False,3,TIR,B,30.05
DIATREND,balanced_sex_oversampling,sex,oversampling,False,3,TIR,C,0.42
DIATREND,balanced_sex_oversampling,sex,oversampling,False,3,TIR,D,0.0
DIATREND,balanced_sex_oversampling,sex,oversampling,False,3,TIR,E,0.0
DIATREND,balanced_sex_oversampling,sex,oversampling,False,3,TIR,A + B,99.58
DIATREND,balanced_sex_oversampling,sex,oversampling,False,3,TIR,RMSE,28.44
DIATREND,balanced_sex_oversampling,sex,oversampling,False,3,TIR,MSE,808.83
DIATREND,balanced_sex_oversampling,sex,oversampling,False,3,TIR,MAE,20.99
DIATREND,balanced_sex_oversampling,sex,oversampling,False,3,TIR,MAPE,0.18
DIATREND,balanced_sex_oversampling,sex,oversampling,False,3,TAR_1,A,72.16
DIATREND,balanced_sex_oversampling,sex,oversampling,False,3,TAR_1,B,25.83
DIATREND,balanced_sex_oversampling,sex,oversampling,False,3,TAR_1,C,0.09
DIATREND,balanced_sex_oversampling,sex,oversampling,False,3,TAR_1,D,1.92
DIATREND,balanced_sex_oversampling,sex,oversampling,False,3,TAR_1,E,0.0
DIATREND,balanced_sex_oversampling,sex,oversampling,False,3,TAR_1,A + B,97.99
DIATREND,balanced_sex_oversampling,sex,oversampling,False,3,TAR_1,RMSE,40.96
DIATREND,balanced_sex_oversampling,sex,oversampling,False,3,TAR_1,MSE,1677.98
DIATREND,balanced_sex_oversampling,sex,oversampling,False,3,TAR_1,MAE,32.31
DIATREND,balanced_sex_oversampling,sex,oversampling,False,3,TAR_1,MAPE,0.15
DIATREND,balanced_sex_oversampling,sex,oversampling,False,3,TAR_2,A,59.01
DIATREND,balanced_sex_oversampling,sex,oversampling,False,3,TAR_2,B,33.65
DIATREND,balanced_sex_oversampling,sex,oversampling,False,3,TAR_2,C,0.0
DIATREND,balanced_sex_oversampling,sex,oversampling,False,3,TAR_2,D,7.34
DIATREND,balanced_sex_oversampling,sex,oversampling,False,3,TAR_2,E,0.0
DIATREND,balanced_sex_oversampling,sex,oversampling,False,3,TAR_2,A + B,92.66
DIATREND,balanced_sex_oversampling,sex,oversampling,False,3,TAR_2,RMSE,70.44
DIATREND,balanced_sex_oversampling,sex,oversampling,False,3,TAR_2,MSE,4961.5
DIATREND,balanced_sex_oversampling,sex,oversampling,False,3,TAR_2,MAE,59.62
DIATREND,balanced_sex_oversampling,sex,oversampling,False,3,TAR_2,MAPE,0.19
DIATREND,balanced_sex_oversampling,sex,oversampling,False,3,ENTIRE,A,67.22
DIATREND,balanced_sex_oversampling,sex,oversampling,False,3,ENTIRE,B,29.09
DIATREND,balanced_sex_oversampling,sex,oversampling,False,3,ENTIRE,C,0.24
DIATREND,balanced_sex_oversampling,sex,oversampling,False,3,ENTIRE,D,3.42
DIATREND,balanced_sex_oversampling,sex,oversampling,False,3,ENTIRE,E,0.03
DIATREND,balanced_sex_oversampling,sex,oversampling,False,3,ENTIRE,A + B,96.31
DIATREND,balanced_sex_oversampling,sex,oversampling,False,3,ENTIRE,RMSE,43.15
DIATREND,balanced_sex_oversampling,sex,oversampling,False,3,ENTIRE,MSE,1861.63
DIATREND,balanced_sex_oversampling,sex,oversampling,False,3,ENTIRE,MAE,31.81
DIATREND,balanced_sex_oversampling,sex,oversampling,False,3,ENTIRE,MAPE,0.18
DIATREND,balanced_sex_oversampling,sex,oversampling,False,4,TBR_2,A,0.0
DIATREND,balanced_sex_oversampling,sex,oversampling,False,4,TBR_2,B,0.0
DIATREND,balanced_sex_oversampling,sex,oversampling,False,4,TBR_2,C,0.0
DIATREND,balanced_sex_oversampling,sex,oversampling,False,4,TBR_2,D,98.06
DIATREND,balanced_sex_oversampling,sex,oversampling,False,4,TBR_2,E,1.94
DIATREND,balanced_sex_oversampling,sex,oversampling,False,4,TBR_2,A + B,0.0
DIATREND,balanced_sex_oversampling,sex,oversampling,False,4,TBR_2,RMSE,69.21
DIATREND,balanced_sex_oversampling,sex,oversampling,False,4,TBR_2,MSE,4790.68
DIATREND,balanced_sex_oversampling,sex,oversampling,False,4,TBR_2,MAE,65.01
DIATREND,balanced_sex_oversampling,sex,oversampling,False,4,TBR_2,MAPE,1.45
DIATREND,balanced_sex_oversampling,sex,oversampling,False,4,TBR_1,A,0.03
DIATREND,balanced_sex_oversampling,sex,oversampling,False,4,TBR_1,B,0.0
DIATREND,balanced_sex_oversampling,sex,oversampling,False,4,TBR_1,C,0.0
DIATREND,balanced_sex_oversampling,sex,oversampling,False,4,TBR_1,D,98.02
DIATREND,balanced_sex_oversampling,sex,oversampling,False,4,TBR_1,E,1.95
DIATREND,balanced_sex_oversampling,sex,oversampling,False,4,TBR_1,A + B,0.03
DIATREND,balanced_sex_oversampling,sex,oversampling,False,4,TBR_1,RMSE,56.88
DIATREND,balanced_sex_oversampling,sex,oversampling,False,4,TBR_1,MSE,3235.84
DIATREND,balanced_sex_oversampling,sex,oversampling,False,4,TBR_1,MAE,52.18
DIATREND,balanced_sex_oversampling,sex,oversampling,False,4,TBR_1,MAPE,0.84
DIATREND,balanced_sex_oversampling,sex,oversampling,False,4,TIR,A,66.25
DIATREND,balanced_sex_oversampling,sex,oversampling,False,4,TIR,B,33.2
DIATREND,balanced_sex_oversampling,sex,oversampling,False,4,TIR,C,0.55
DIATREND,balanced_sex_oversampling,sex,oversampling,False,4,TIR,D,0.0
DIATREND,balanced_sex_oversampling,sex,oversampling,False,4,TIR,E,0.0
DIATREND,balanced_sex_oversampling,sex,oversampling,False,4,TIR,A + B,99.45
DIATREND,balanced_sex_oversampling,sex,oversampling,False,4,TIR,RMSE,30.36
DIATREND,balanced_sex_oversampling,sex,oversampling,False,4,TIR,MSE,921.52
DIATREND,balanced_sex_oversampling,sex,oversampling,False,4,TIR,MAE,22.66
DIATREND,balanced_sex_oversampling,sex,oversampling,False,4,TIR,MAPE,0.19
DIATREND,balanced_sex_oversampling,sex,oversampling,False,4,TAR_1,A,66.81
DIATREND,balanced_sex_oversampling,sex,oversampling,False,4,TAR_1,B,30.58
DIATREND,balanced_sex_oversampling,sex,oversampling,False,4,TAR_1,C,0.12
DIATREND,balanced_sex_oversampling,sex,oversampling,False,4,TAR_1,D,2.49
DIATREND,balanced_sex_oversampling,sex,oversampling,False,4,TAR_1,E,0.0
DIATREND,balanced_sex_oversampling,sex,oversampling,False,4,TAR_1,A + B,97.39
DIATREND,balanced_sex_oversampling,sex,oversampling,False,4,TAR_1,RMSE,44.85
DIATREND,balanced_sex_oversampling,sex,oversampling,False,4,TAR_1,MSE,2011.59
DIATREND,balanced_sex_oversampling,sex,oversampling,False,4,TAR_1,MAE,35.51
DIATREND,balanced_sex_oversampling,sex,oversampling,False,4,TAR_1,MAPE,0.17
DIATREND,balanced_sex_oversampling,sex,oversampling,False,4,TAR_2,A,55.89
DIATREND,balanced_sex_oversampling,sex,oversampling,False,4,TAR_2,B,35.12
DIATREND,balanced_sex_oversampling,sex,oversampling,False,4,TAR_2,C,0.0
DIATREND,balanced_sex_oversampling,sex,oversampling,False,4,TAR_2,D,8.99
DIATREND,balanced_sex_oversampling,sex,oversampling,False,4,TAR_2,E,0.0
DIATREND,balanced_sex_oversampling,sex,oversampling,False,4,TAR_2,A + B,91.01
DIATREND,balanced_sex_oversampling,sex,oversampling,False,4,TAR_2,RMSE,72.88
DIATREND,balanced_sex_oversampling,sex,oversampling,False,4,TAR_2,MSE,5311.78
DIATREND,balanced_sex_oversampling,sex,oversampling,False,4,TAR_2,MAE,61.69
DIATREND,balanced_sex_oversampling,sex,oversampling,False,4,TAR_2,MAPE,0.2
DIATREND,balanced_sex_oversampling,sex,oversampling,False,4,ENTIRE,A,62.83
DIATREND,balanced_sex_oversampling,sex,oversampling,False,4,ENTIRE,B,32.12
DIATREND,balanced_sex_oversampling,sex,oversampling,False,4,ENTIRE,C,0.3
DIATREND,balanced_sex_oversampling,sex,oversampling,False,4,ENTIRE,D,4.71
DIATREND,balanced_sex_oversampling,sex,oversampling,False,4,ENTIRE,E,0.04
DIATREND,balanced_sex_oversampling,sex,oversampling,False,4,ENTIRE,A + B,94.95
DIATREND,balanced_sex_oversampling,sex,oversampling,False,4,ENTIRE,RMSE,46.83
DIATREND,balanced_sex_oversampling,sex,oversampling,False,4,ENTIRE,MSE,2193.23
DIATREND,balanced_sex_oversampling,sex,oversampling,False,4,ENTIRE,MAE,35.05
DIATREND,balanced_sex_oversampling,sex,oversampling,False,4,ENTIRE,MAPE,0.2
DIATREND,balanced_sex_oversampling,sex,oversampling,False,5,TBR_2,A,0.0
DIATREND,balanced_sex_oversampling,sex,oversampling,False,5,TBR_2,B,0.0
DIATREND,balanced_sex_oversampling,sex,oversampling,False,5,TBR_2,C,0.0
DIATREND,balanced_sex_oversampling,sex,oversampling,False,5,TBR_2,D,98.47
DIATREND,balanced_sex_oversampling,sex,oversampling,False,5,TBR_2,E,1.53
DIATREND,balanced_sex_oversampling,sex,oversampling,False,5,TBR_2,A + B,0.0
DIATREND,balanced_sex_oversampling,sex,oversampling,False,5,TBR_2,RMSE,69.86
DIATREND,balanced_sex_oversampling,sex,oversampling,False,5,TBR_2,MSE,4879.89
DIATREND,balanced_sex_oversampling,sex,oversampling,False,5,TBR_2,MAE,67.71
DIATREND,balanced_sex_oversampling,sex,oversampling,False,5,TBR_2,MAPE,1.51
DIATREND,balanced_sex_oversampling,sex,oversampling,False,5,TBR_1,A,0.0
DIATREND,balanced_sex_oversampling,sex,oversampling,False,5,TBR_1,B,0.0
DIATREND,balanced_sex_oversampling,sex,oversampling,False,5,TBR_1,C,0.0
DIATREND,balanced_sex_oversampling,sex,oversampling,False,5,TBR_1,D,98.29
DIATREND,balanced_sex_oversampling,sex,oversampling,False,5,TBR_1,E,1.71
DIATREND,balanced_sex_oversampling,sex,oversampling,False,5,TBR_1,A + B,0.0
DIATREND,balanced_sex_oversampling,sex,oversampling,False,5,TBR_1,RMSE,55.32
DIATREND,balanced_sex_oversampling,sex,oversampling,False,5,TBR_1,MSE,3060.78
DIATREND,balanced_sex_oversampling,sex,oversampling,False,5,TBR_1,MAE,52.26
DIATREND,balanced_sex_oversampling,sex,oversampling,False,5,TBR_1,MAPE,0.84
DIATREND,balanced_sex_oversampling,sex,oversampling,False,5,TIR,A,63.94
DIATREND,balanced_sex_oversampling,sex,oversampling,False,5,TIR,B,35.34
DIATREND,balanced_sex_oversampling,sex,oversampling,False,5,TIR,C,0.72
DIATREND,balanced_sex_oversampling,sex,oversampling,False,5,TIR,D,0.0
DIATREND,balanced_sex_oversampling,sex,oversampling,False,5,TIR,E,0.0
DIATREND,balanced_sex_oversampling,sex,oversampling,False,5,TIR,A + B,99.28
DIATREND,balanced_sex_oversampling,sex,oversampling,False,5,TIR,RMSE,30.82
DIATREND,balanced_sex_oversampling,sex,oversampling,False,5,TIR,MSE,949.91
DIATREND,balanced_sex_oversampling,sex,oversampling,False,5,TIR,MAE,22.78
DIATREND,balanced_sex_oversampling,sex,oversampling,False,5,TIR,MAPE,0.2
DIATREND,balanced_sex_oversampling,sex,oversampling,False,5,TAR_1,A,70.72
DIATREND,balanced_sex_oversampling,sex,oversampling,False,5,TAR_1,B,26.92
DIATREND,balanced_sex_oversampling,sex,oversampling,False,5,TAR_1,C,0.22
DIATREND,balanced_sex_oversampling,sex,oversampling,False,5,TAR_1,D,2.14
DIATREND,balanced_sex_oversampling,sex,oversampling,False,5,TAR_1,E,0.0
DIATREND,balanced_sex_oversampling,sex,oversampling,False,5,TAR_1,A + B,97.64
DIATREND,balanced_sex_oversampling,sex,oversampling,False,5,TAR_1,RMSE,43.37
DIATREND,balanced_sex_oversampling,sex,oversampling,False,5,TAR_1,MSE,1880.63
DIATREND,balanced_sex_oversampling,sex,oversampling,False,5,TAR_1,MAE,33.4
DIATREND,balanced_sex_oversampling,sex,oversampling,False,5,TAR_1,MAPE,0.16
DIATREND,balanced_sex_oversampling,sex,oversampling,False,5,TAR_2,A,56.92
DIATREND,balanced_sex_oversampling,sex,oversampling,False,5,TAR_2,B,34.38
DIATREND,balanced_sex_oversampling,sex,oversampling,False,5,TAR_2,C,0.0
DIATREND,balanced_sex_oversampling,sex,oversampling,False,5,TAR_2,D,8.7
DIATREND,balanced_sex_oversampling,sex,oversampling,False,5,TAR_2,E,0.0
DIATREND,balanced_sex_oversampling,sex,oversampling,False,5,TAR_2,A + B,91.3
DIATREND,balanced_sex_oversampling,sex,oversampling,False,5,TAR_2,RMSE,78.48
DIATREND,balanced_sex_oversampling,sex,oversampling,False,5,TAR_2,MSE,6158.65
DIATREND,balanced_sex_oversampling,sex,oversampling,False,5,TAR_2,MAE,65.64
DIATREND,balanced_sex_oversampling,sex,oversampling,False,5,TAR_2,MAPE,0.21
DIATREND,balanced_sex_oversampling,sex,oversampling,False,5,ENTIRE,A,62.41
DIATREND,balanced_sex_oversampling,sex,oversampling,False,5,ENTIRE,B,32.09
DIATREND,balanced_sex_oversampling,sex,oversampling,False,5,ENTIRE,C,0.42
DIATREND,balanced_sex_oversampling,sex,oversampling,False,5,ENTIRE,D,5.02
DIATREND,balanced_sex_oversampling,sex,oversampling,False,5,ENTIRE,E,0.05
DIATREND,balanced_sex_oversampling,sex,oversampling,False,5,ENTIRE,A + B,94.5
DIATREND,balanced_sex_oversampling,sex,oversampling,False,5,ENTIRE,RMSE,48.34
DIATREND,balanced_sex_oversampling,sex,oversampling,False,5,ENTIRE,MSE,2337.15
DIATREND,balanced_sex_oversampling,sex,oversampling,False,5,ENTIRE,MAE,35.26
DIATREND,balanced_sex_oversampling,sex,oversampling,False,5,ENTIRE,MAPE,0.21
DIATREND,balanced_sex_patient_aware_undersampling,sex,patient_aware_undersampling,False,1,TBR_2,A,0.0
DIATREND,balanced_sex_patient_aware_undersampling,sex,patient_aware_undersampling,False,1,TBR_2,B,0.0
DIATREND,balanced_sex_patient_aware_undersampling,sex,patient_aware_undersampling,False,1,TBR_2,C,0.0
DIATREND,balanced_sex_patient_aware_undersampling,sex,patient_aware_undersampling,False,1,TBR_2,D,95.56
DIATREND,balanced_sex_patient_aware_undersampling,sex,patient_aware_undersampling,False,1,TBR_2,E,4.44
DIATREND,balanced_sex_patient_aware_undersampling,sex,patient_aware_undersampling,False,1,TBR_2,A + B,0.0
DIATREND,balanced_sex_patient_aware_undersampling,sex,patient_aware_undersampling,False,1,TBR_2,RMSE,84.24
DIATREND,balanced_sex_patient_aware_undersampling,sex,patient_aware_undersampling,False,1,TBR_2,MSE,7097.07
DIATREND,balanced_sex_patient_aware_undersampling,sex,patient_aware_undersampling,False,1,TBR_2,MAE,80.24
DIATREND,balanced_sex_patient_aware_undersampling,sex,patient_aware_undersampling,False,1,TBR_2,MAPE,1.74
DIATREND,balanced_sex_patient_aware_undersampling,sex,patient_aware_undersampling,False,1,TBR_1,A,0.0
DIATREND,balanced_sex_patient_aware_undersampling,sex,patient_aware_undersampling,False,1,TBR_1,B,0.0
DIATREND,balanced_sex_patient_aware_undersampling,sex,patient_aware_undersampling,False,1,TBR_1,C,0.0
DIATREND,balanced_sex_patient_aware_undersampling,sex,patient_aware_undersampling,False,1,TBR_1,D,96.53
DIATREND,balanced_sex_patient_aware_undersampling,sex,patient_aware_undersampling,False,1,TBR_1,E,3.47
DIATREND,balanced_sex_patient_aware_undersampling,sex,patient_aware_undersampling,False,1,TBR_1,A + B,0.0
DIATREND,balanced_sex_patient_aware_undersampling,sex,patient_aware_undersampling,False,1,TBR_1,RMSE,65.35
DIATREND,balanced_sex_patient_aware_undersampling,sex,patient_aware_undersampling,False,1,TBR_1,MSE,4271.26
DIATREND,balanced_sex_patient_aware_undersampling,sex,patient_aware_undersampling,False,1,TBR_1,MAE,60.87
DIATREND,balanced_sex_patient_aware_undersampling,sex,patient_aware_undersampling,False,1,TBR_1,MAPE,0.97
DIATREND,balanced_sex_patient_aware_undersampling,sex,patient_aware_undersampling,False,1,TIR,A,68.27
DIATREND,balanced_sex_patient_aware_undersampling,sex,patient_aware_undersampling,False,1,TIR,B,31.21
DIATREND,balanced_sex_patient_aware_undersampling,sex,patient_aware_undersampling,False,1,TIR,C,0.52
DIATREND,balanced_sex_patient_aware_undersampling,sex,patient_aware_undersampling,False,1,TIR,D,0.0
DIATREND,balanced_sex_patient_aware_undersampling,sex,patient_aware_undersampling,False,1,TIR,E,0.0
DIATREND,balanced_sex_patient_aware_undersampling,sex,patient_aware_undersampling,False,1,TIR,A + B,99.48
DIATREND,balanced_sex_patient_aware_undersampling,sex,patient_aware_undersampling,False,1,TIR,RMSE,30.16
DIATREND,balanced_sex_patient_aware_undersampling,sex,patient_aware_undersampling,False,1,TIR,MSE,909.7
DIATREND,balanced_sex_patient_aware_undersampling,sex,patient_aware_undersampling,False,1,TIR,MAE,22.4
DIATREND,balanced_sex_patient_aware_undersampling,sex,patient_aware_undersampling,False,1,TIR,MAPE,0.18
DIATREND,balanced_sex_patient_aware_undersampling,sex,patient_aware_undersampling,False,1,TAR_1,A,70.11
DIATREND,balanced_sex_patient_aware_undersampling,sex,patient_aware_undersampling,False,1,TAR_1,B,27.64
DIATREND,balanced_sex_patient_aware_undersampling,sex,patient_aware_undersampling,False,1,TAR_1,C,0.06
DIATREND,balanced_sex_patient_aware_undersampling,sex,patient_aware_undersampling,False,1,TAR_1,D,2.19
DIATREND,balanced_sex_patient_aware_undersampling,sex,patient_aware_undersampling,False,1,TAR_1,E,0.0
DIATREND,balanced_sex_patient_aware_undersampling,sex,patient_aware_undersampling,False,1,TAR_1,A + B,97.75
DIATREND,balanced_sex_patient_aware_undersampling,sex,patient_aware_undersampling,False,1,TAR_1,RMSE,42.34
DIATREND,balanced_sex_patient_aware_undersampling,sex,patient_aware_undersampling,False,1,TAR_1,MSE,1792.99
DIATREND,balanced_sex_patient_aware_undersampling,sex,patient_aware_undersampling,False,1,TAR_1,MAE,33.47
DIATREND,balanced_sex_patient_aware_undersampling,sex,patient_aware_undersampling,False,1,TAR_1,MAPE,0.16
DIATREND,balanced_sex_patient_aware_undersampling,sex,patient_aware_undersampling,False,1,TAR_2,A,57.36
DIATREND,balanced_sex_patient_aware_undersampling,sex,patient_aware_undersampling,False,1,TAR_2,B,31.5
DIATREND,balanced_sex_patient_aware_undersampling,sex,patient_aware_undersampling,False,1,TAR_2,C,0.0
DIATREND,balanced_sex_patient_aware_undersampling,sex,patient_aware_undersampling,False,1,TAR_2,D,11.15
DIATREND,balanced_sex_patient_aware_undersampling,sex,patient_aware_undersampling,False,1,TAR_2,E,0.0
DIATREND,balanced_sex_patient_aware_undersampling,sex,patient_aware_undersampling,False,1,TAR_2,A + B,88.86
DIATREND,balanced_sex_patient_aware_undersampling,sex,patient_aware_undersampling,False,1,TAR_2,RMSE,71.02
DIATREND,balanced_sex_patient_aware_undersampling,sex,patient_aware_undersampling,False,1,TAR_2,MSE,5043.71
DIATREND,balanced_sex_patient_aware_undersampling,sex,patient_aware_undersampling,False,1,TAR_2,MAE,58.84
DIATREND,balanced_sex_patient_aware_undersampling,sex,patient_aware_undersampling,False,1,TAR_2,MAPE,0.2
DIATREND,balanced_sex_patient_aware_undersampling,sex,patient_aware_undersampling,False,1,ENTIRE,A,66.59
DIATREND,balanced_sex_patient_aware_undersampling,sex,patient_aware_undersampling,False,1,ENTIRE,B,29.81
DIATREND,balanced_sex_patient_aware_undersampling,sex,patient_aware_undersampling,False,1,ENTIRE,C,0.28
DIATREND,balanced_sex_patient_aware_undersampling,sex,patient_aware_undersampling,False,1,ENTIRE,D,3.29
DIATREND,balanced_sex_patient_aware_undersampling,sex,patient_aware_undersampling,False,1,ENTIRE,E,0.03
DIATREND,balanced_sex_patient_aware_undersampling,sex,patient_aware_undersampling,False,1,ENTIRE,A + B,96.4
DIATREND,balanced_sex_patient_aware_undersampling,sex,patient_aware_undersampling,False,1,ENTIRE,RMSE,43.36
DIATREND,balanced_sex_patient_aware_undersampling,sex,patient_aware_undersampling,False,1,ENTIRE,MSE,1880.05
DIATREND,balanced_sex_patient_aware_undersampling,sex,patient_aware_undersampling,False,1,ENTIRE,MAE,32.11
DIATREND,balanced_sex_patient_aware_undersampling,sex,patient_aware_undersampling,False,1,ENTIRE,MAPE,0.18
DIATREND,balanced_sex_patient_aware_undersampling,sex,patient_aware_undersampling,False,2,TBR_2,A,0.0
DIATREND,balanced_sex_patient_aware_undersampling,sex,patient_aware_undersampling,False,2,TBR_2,B,0.0
DIATREND,balanced_sex_patient_aware_undersampling,sex,patient_aware_undersampling,False,2,TBR_2,C,0.0
DIATREND,balanced_sex_patient_aware_undersampling,sex,patient_aware_undersampling,False,2,TBR_2,D,93.35
DIATREND,balanced_sex_patient_aware_undersampling,sex,patient_aware_undersampling,False,2,TBR_2,E,6.65
DIATREND,balanced_sex_patient_aware_undersampling,sex,patient_aware_undersampling,False,2,TBR_2,A + B,0.0
DIATREND,balanced_sex_patient_aware_undersampling,sex,patient_aware_undersampling,False,2,TBR_2,RMSE,85.86
DIATREND,balanced_sex_patient_aware_undersampling,sex,patient_aware_undersampling,False,2,TBR_2,MSE,7371.23
DIATREND,balanced_sex_patient_aware_undersampling,sex,patient_aware_undersampling,False,2,TBR_2,MAE,81.12
DIATREND,balanced_sex_patient_aware_undersampling,sex,patient_aware_undersampling,False,2,TBR_2,MAPE,1.78
DIATREND,balanced_sex_patient_aware_undersampling,sex,patient_aware_undersampling,False,2,TBR_1,A,0.0
DIATREND,balanced_sex_patient_aware_undersampling,sex,patient_aware_undersampling,False,2,TBR_1,B,0.0
DIATREND,balanced_sex_patient_aware_undersampling,sex,patient_aware_undersampling,False,2,TBR_1,C,0.0
DIATREND,balanced_sex_patient_aware_undersampling,sex,patient_aware_undersampling,False,2,TBR_1,D,95.25
DIATREND,balanced_sex_patient_aware_undersampling,sex,patient_aware_undersampling,False,2,TBR_1,E,4.75
DIATREND,balanced_sex_patient_aware_undersampling,sex,patient_aware_undersampling,False,2,TBR_1,A + B,0.0
DIATREND,balanced_sex_patient_aware_undersampling,sex,patient_aware_undersampling,False,2,TBR_1,RMSE,67.03
DIATREND,balanced_sex_patient_aware_undersampling,sex,patient_aware_undersampling,False,2,TBR_1,MSE,4492.52
DIATREND,balanced_sex_patient_aware_undersampling,sex,patient_aware_undersampling,False,2,TBR_1,MAE,61.81
DIATREND,balanced_sex_patient_aware_undersampling,sex,patient_aware_undersampling,False,2,TBR_1,MAPE,0.99
DIATREND,balanced_sex_patient_aware_undersampling,sex,patient_aware_undersampling,False,2,TIR,A,66.47
DIATREND,balanced_sex_patient_aware_undersampling,sex,patient_aware_undersampling,False,2,TIR,B,32.54
DIATREND,balanced_sex_patient_aware_undersampling,sex,patient_aware_undersampling,False,2,TIR,C,1.0
DIATREND,balanced_sex_patient_aware_undersampling,sex,patient_aware_undersampling,False,2,TIR,D,0.0
DIATREND,balanced_sex_patient_aware_undersampling,sex,patient_aware_undersampling,False,2,TIR,E,0.0
DIATREND,balanced_sex_patient_aware_undersampling,sex,patient_aware_undersampling,False,2,TIR,A + B,99.01
DIATREND,balanced_sex_patient_aware_undersampling,sex,patient_aware_undersampling,False,2,TIR,RMSE,31.83
DIATREND,balanced_sex_patient_aware_undersampling,sex,patient_aware_undersampling,False,2,TIR,MSE,1013.1
DIATREND,balanced_sex_patient_aware_undersampling,sex,patient_aware_undersampling,False,2,TIR,MAE,22.96
DIATREND,balanced_sex_patient_aware_undersampling,sex,patient_aware_undersampling,False,2,TIR,MAPE,0.19
DIATREND,balanced_sex_patient_aware_undersampling,sex,patient_aware_undersampling,False,2,TAR_1,A,70.05
DIATREND,balanced_sex_patient_aware_undersampling,sex,patient_aware_undersampling,False,2,TAR_1,B,27.68
DIATREND,balanced_sex_patient_aware_undersampling,sex,patient_aware_undersampling,False,2,TAR_1,C,0.13
DIATREND,balanced_sex_patient_aware_undersampling,sex,patient_aware_undersampling,False,2,TAR_1,D,2.14
DIATREND,balanced_sex_patient_aware_undersampling,sex,patient_aware_undersampling,False,2,TAR_1,E,0.0
DIATREND,balanced_sex_patient_aware_undersampling,sex,patient_aware_undersampling,False,2,TAR_1,A + B,97.73
DIATREND,balanced_sex_patient_aware_undersampling,sex,patient_aware_undersampling,False,2,TAR_1,RMSE,42.51
DIATREND,balanced_sex_patient_aware_undersampling,sex,patient_aware_undersampling,False,2,TAR_1,MSE,1807.11
DIATREND,balanced_sex_patient_aware_undersampling,sex,patient_aware_undersampling,False,2,TAR_1,MAE,33.69
DIATREND,balanced_sex_patient_aware_undersampling,sex,patient_aware_undersampling,False,2,TAR_1,MAPE,0.16
DIATREND,balanced_sex_patient_aware_undersampling,sex,patient_aware_undersampling,False,2,TAR_2,A,56.96
DIATREND,balanced_sex_patient_aware_undersampling,sex,patient_aware_undersampling,False,2,TAR_2,B,33.08
DIATREND,balanced_sex_patient_aware_undersampling,sex,patient_aware_undersampling,False,2,TAR_2,C,0.0
DIATREND,balanced_sex_patient_aware_undersampling,sex,patient_aware_undersampling,False,2,TAR_2,D,9.96
DIATREND,balanced_sex_patient_aware_undersampling,sex,patient_aware_undersampling,False,2,TAR_2,E,0.0
DIATREND,balanced_sex_patient_aware_undersampling,sex,patient_aware_undersampling,False,2,TAR_2,A + B,90.04
DIATREND,balanced_sex_patient_aware_undersampling,sex,patient_aware_undersampling,False,2,TAR_2,RMSE,71.35
DIATREND,balanced_sex_patient_aware_undersampling,sex,patient_aware_undersampling,False,2,TAR_2,MSE,5090.26
DIATREND,balanced_sex_patient_aware_undersampling,sex,patient_aware_undersampling,False,2,TAR_2,MAE,59.9
DIATREND,balanced_sex_patient_aware_undersampling,sex,patient_aware_undersampling,False,2,TAR_2,MAPE,0.2
DIATREND,balanced_sex_patient_aware_undersampling,sex,patient_aware_undersampling,False,2,ENTIRE,A,64.86
DIATREND,balanced_sex_patient_aware_undersampling,sex,patient_aware_undersampling,False,2,ENTIRE,B,30.61
DIATREND,balanced_sex_patient_aware_undersampling,sex,patient_aware_undersampling,False,2,ENTIRE,C,0.56
DIATREND,balanced_sex_patient_aware_undersampling,sex,patient_aware_undersampling,False,2,ENTIRE,D,3.89
DIATREND,balanced_sex_patient_aware_undersampling,sex,patient_aware_undersampling,False,2,ENTIRE,E,0.09
DIATREND,balanced_sex_patient_aware_undersampling,sex,patient_aware_undersampling,False,2,ENTIRE,A + B,95.47
DIATREND,balanced_sex_patient_aware_undersampling,sex,patient_aware_undersampling,False,2,ENTIRE,RMSE,44.53
DIATREND,balanced_sex_patient_aware_undersampling,sex,patient_aware_undersampling,False,2,ENTIRE,MSE,1982.65
DIATREND,balanced_sex_patient_aware_undersampling,sex,patient_aware_undersampling,False,2,ENTIRE,MAE,32.91
DIATREND,balanced_sex_patient_aware_undersampling,sex,patient_aware_undersampling,False,2,ENTIRE,MAPE,0.2
DIATREND,balanced_sex_patient_aware_undersampling,sex,patient_aware_undersampling,False,3,TBR_2,A,0.0
DIATREND,balanced_sex_patient_aware_undersampling,sex,patient_aware_undersampling,False,3,TBR_2,B,0.0
DIATREND,balanced_sex_patient_aware_undersampling,sex,patient_aware_undersampling,False,3,TBR_2,C,0.0
DIATREND,balanced_sex_patient_aware_undersampling,sex,patient_aware_undersampling,False,3,TBR_2,D,97.65
DIATREND,balanced_sex_patient_aware_undersampling,sex,patient_aware_undersampling,False,3,TBR_2,E,2.35
DIATREND,balanced_sex_patient_aware_undersampling,sex,patient_aware_undersampling,False,3,TBR_2,A + B,0.0
DIATREND,balanced_sex_patient_aware_undersampling,sex,patient_aware_undersampling,False,3,TBR_2,RMSE,73.97
DIATREND,balanced_sex_patient_aware_undersampling,sex,patient_aware_undersampling,False,3,TBR_2,MSE,5471.35
DIATREND,balanced_sex_patient_aware_undersampling,sex,patient_aware_undersampling,False,3,TBR_2,MAE,71.08
DIATREND,balanced_sex_patient_aware_undersampling,sex,patient_aware_undersampling,False,3,TBR_2,MAPE,1.56
DIATREND,balanced_sex_patient_aware_undersampling,sex,patient_aware_undersampling,False,3,TBR_1,A,0.0
DIATREND,balanced_sex_patient_aware_undersampling,sex,patient_aware_undersampling,False,3,TBR_1,B,0.0
DIATREND,balanced_sex_patient_aware_undersampling,sex,patient_aware_undersampling,False,3,TBR_1,C,0.0
DIATREND,balanced_sex_patient_aware_undersampling,sex,patient_aware_undersampling,False,3,TBR_1,D,97.94
DIATREND,balanced_sex_patient_aware_undersampling,sex,patient_aware_undersampling,False,3,TBR_1,E,2.06
DIATREND,balanced_sex_patient_aware_undersampling,sex,patient_aware_undersampling,False,3,TBR_1,A + B,0.0
DIATREND,balanced_sex_patient_aware_undersampling,sex,patient_aware_undersampling,False,3,TBR_1,RMSE,59.16
DIATREND,balanced_sex_patient_aware_undersampling,sex,patient_aware_undersampling,False,3,TBR_1,MSE,3500.06
DIATREND,balanced_sex_patient_aware_undersampling,sex,patient_aware_undersampling,False,3,TBR_1,MAE,55.85
DIATREND,balanced_sex_patient_aware_undersampling,sex,patient_aware_undersampling,False,3,TBR_1,MAPE,0.89
DIATREND,balanced_sex_patient_aware_undersampling,sex,patient_aware_undersampling,False,3,TIR,A,68.5
DIATREND,balanced_sex_patient_aware_undersampling,sex,patient_aware_undersampling,False,3,TIR,B,31.04
DIATREND,balanced_sex_patient_aware_undersampling,sex,patient_aware_undersampling,False,3,TIR,C,0.46
DIATREND,balanced_sex_patient_aware_undersampling,sex,patient_aware_undersampling,False,3,TIR,D,0.0
DIATREND,balanced_sex_patient_aware_undersampling,sex,patient_aware_undersampling,False,3,TIR,E,0.0
DIATREND,balanced_sex_patient_aware_undersampling,sex,patient_aware_undersampling,False,3,TIR,A + B,99.54
DIATREND,balanced_sex_patient_aware_undersampling,sex,patient_aware_undersampling,False,3,TIR,RMSE,28.77
DIATREND,balanced_sex_patient_aware_undersampling,sex,patient_aware_undersampling,False,3,TIR,MSE,827.98
DIATREND,balanced_sex_patient_aware_undersampling,sex,patient_aware_undersampling,False,3,TIR,MAE,21.31
DIATREND,balanced_sex_patient_aware_undersampling,sex,patient_aware_undersampling,False,3,TIR,MAPE,0.18
DIATREND,balanced_sex_patient_aware_undersampling,sex,patient_aware_undersampling,False,3,TAR_1,A,72.46
DIATREND,balanced_sex_patient_aware_undersampling,sex,patient_aware_undersampling,False,3,TAR_1,B,25.56
DIATREND,balanced_sex_patient_aware_undersampling,sex,patient_aware_undersampling,False,3,TAR_1,C,0.07
DIATREND,balanced_sex_patient_aware_undersampling,sex,patient_aware_undersampling,False,3,TAR_1,D,1.92
DIATREND,balanced_sex_patient_aware_undersampling,sex,patient_aware_undersampling,False,3,TAR_1,E,0.0
DIATREND,balanced_sex_patient_aware_undersampling,sex,patient_aware_undersampling,False,3,TAR_1,A + B,98.02
DIATREND,balanced_sex_patient_aware_undersampling,sex,patient_aware_undersampling,False,3,TAR_1,RMSE,40.52
DIATREND,balanced_sex_patient_aware_undersampling,sex,patient_aware_undersampling,False,3,TAR_1,MSE,1641.54
DIATREND,balanced_sex_patient_aware_undersampling,sex,patient_aware_undersampling,False,3,TAR_1,MAE,31.98
DIATREND,balanced_sex_patient_aware_undersampling,sex,patient_aware_undersampling,False,3,TAR_1,MAPE,0.15
DIATREND,balanced_sex_patient_aware_undersampling,sex,patient_aware_undersampling,False,3,TAR_2,A,59.98
DIATREND,balanced_sex_patient_aware_undersampling,sex,patient_aware_undersampling,False,3,TAR_2,B,32.75
DIATREND,balanced_sex_patient_aware_undersampling,sex,patient_aware_undersampling,False,3,TAR_2,C,0.0
DIATREND,balanced_sex_patient_aware_undersampling,sex,patient_aware_undersampling,False,3,TAR_2,D,7.27
DIATREND,balanced_sex_patient_aware_undersampling,sex,patient_aware_undersampling,False,3,TAR_2,E,0.0
DIATREND,balanced_sex_patient_aware_undersampling,sex,patient_aware_undersampling,False,3,TAR_2,A + B,92.73
DIATREND,balanced_sex_patient_aware_undersampling,sex,patient_aware_undersampling,False,3,TAR_2,RMSE,69.99
DIATREND,balanced_sex_patient_aware_undersampling,sex,patient_aware_undersampling,False,3,TAR_2,MSE,4898.16
DIATREND,balanced_sex_patient_aware_undersampling,sex,patient_aware_undersampling,False,3,TAR_2,MAE,58.9
DIATREND,balanced_sex_patient_aware_undersampling,sex,patient_aware_undersampling,False,3,TAR_2,MAPE,0.19
DIATREND,balanced_sex_patient_aware_undersampling,sex,patient_aware_undersampling,False,3,ENTIRE,A,66.94
DIATREND,balanced_sex_patient_aware_undersampling,sex,patient_aware_undersampling,False,3,ENTIRE,B,29.36
DIATREND,balanced_sex_patient_aware_undersampling,sex,patient_aware_undersampling,False,3,ENTIRE,C,0.26
DIATREND,balanced_sex_patient_aware_undersampling,sex,patient_aware_undersampling,False,3,ENTIRE,D,3.4
DIATREND,balanced_sex_patient_aware_undersampling,sex,patient_aware_undersampling,False,3,ENTIRE,E,0.03
DIATREND,balanced_sex_patient_aware_undersampling,sex,patient_aware_undersampling,False,3,ENTIRE,A + B,96.3
DIATREND,balanced_sex_patient_aware_undersampling,sex,patient_aware_undersampling,False,3,ENTIRE,RMSE,43.07
DIATREND,balanced_sex_patient_aware_undersampling,sex,patient_aware_undersampling,False,3,ENTIRE,MSE,1854.65
DIATREND,balanced_sex_patient_aware_undersampling,sex,patient_aware_undersampling,False,3,ENTIRE,MAE,31.81
DIATREND,balanced_sex_patient_aware_undersampling,sex,patient_aware_undersampling,False,3,ENTIRE,MAPE,0.19
DIATREND,balanced_sex_patient_aware_undersampling,sex,patient_aware_undersampling,False,4,TBR_2,A,0.0
DIATREND,balanced_sex_patient_aware_undersampling,sex,patient_aware_undersampling,False,4,TBR_2,B,0.0
DIATREND,balanced_sex_patient_aware_undersampling,sex,patient_aware_undersampling,False,4,TBR_2,C,0.0
DIATREND,balanced_sex_patient_aware_undersampling,sex,patient_aware_undersampling,False,4,TBR_2,D,97.69
DIATREND,balanced_sex_patient_aware_undersampling,sex,patient_aware_undersampling,False,4,TBR_2,E,2.31
DIATREND,balanced_sex_patient_aware_undersampling,sex,patient_aware_undersampling,False,4,TBR_2,A + B,0.0
DIATREND,balanced_sex_patient_aware_undersampling,sex,patient_aware_undersampling,False,4,TBR_2,RMSE,74.94
DIATREND,balanced_sex_patient_aware_undersampling,sex,patient_aware_undersampling,False,4,TBR_2,MSE,5616.19
DIATREND,balanced_sex_patient_aware_undersampling,sex,patient_aware_undersampling,False,4,TBR_2,MAE,72.39
DIATREND,balanced_sex_patient_aware_undersampling,sex,patient_aware_undersampling,False,4,TBR_2,MAPE,1.62
DIATREND,balanced_sex_patient_aware_undersampling,sex,patient_aware_undersampling,False,4,TBR_1,A,0.0
DIATREND,balanced_sex_patient_aware_undersampling,sex,patient_aware_undersampling,False,4,TBR_1,B,0.0
DIATREND,balanced_sex_patient_aware_undersampling,sex,patient_aware_undersampling,False,4,TBR_1,C,0.0
DIATREND,balanced_sex_patient_aware_undersampling,sex,patient_aware_undersampling,False,4,TBR_1,D,97.65
DIATREND,balanced_sex_patient_aware_undersampling,sex,patient_aware_undersampling,False,4,TBR_1,E,2.35
DIATREND,balanced_sex_patient_aware_undersampling,sex,patient_aware_undersampling,False,4,TBR_1,A + B,0.0
DIATREND,balanced_sex_patient_aware_undersampling,sex,patient_aware_undersampling,False,4,TBR_1,RMSE,60.76
DIATREND,balanced_sex_patient_aware_undersampling,sex,patient_aware_undersampling,False,4,TBR_1,MSE,3691.94
DIATREND,balanced_sex_patient_aware_undersampling,sex,patient_aware_undersampling,False,4,TBR_1,MAE,57.47
DIATREND,balanced_sex_patient_aware_undersampling,sex,patient_aware_undersampling,False,4,TBR_1,MAPE,0.93
DIATREND,balanced_sex_patient_aware_undersampling,sex,patient_aware_undersampling,False,4,TIR,A,64.43
DIATREND,balanced_sex_patient_aware_undersampling,sex,patient_aware_undersampling,False,4,TIR,B,34.97
DIATREND,balanced_sex_patient_aware_undersampling,sex,patient_aware_undersampling,False,4,TIR,C,0.6
DIATREND,balanced_sex_patient_aware_undersampling,sex,patient_aware_undersampling,False,4,TIR,D,0.0
DIATREND,balanced_sex_patient_aware_undersampling,sex,patient_aware_undersampling,False,4,TIR,E,0.0
DIATREND,balanced_sex_patient_aware_undersampling,sex,patient_aware_undersampling,False,4,TIR,A + B,99.4
DIATREND,balanced_sex_patient_aware_undersampling,sex,patient_aware_undersampling,False,4,TIR,RMSE,30.95
DIATREND,balanced_sex_patient_aware_undersampling,sex,patient_aware_undersampling,False,4,TIR,MSE,957.78
DIATREND,balanced_sex_patient_aware_undersampling,sex,patient_aware_undersampling,False,4,TIR,MAE,23.31
DIATREND,balanced_sex_patient_aware_undersampling,sex,patient_aware_undersampling,False,4,TIR,MAPE,0.19
DIATREND,balanced_sex_patient_aware_undersampling,sex,patient_aware_undersampling,False,4,TAR_1,A,68.1
DIATREND,balanced_sex_patient_aware_undersampling,sex,patient_aware_undersampling,False,4,TAR_1,B,29.45
DIATREND,balanced_sex_patient_aware_undersampling,sex,patient_aware_undersampling,False,4,TAR_1,C,0.06
DIATREND,balanced_sex_patient_aware_undersampling,sex,patient_aware_undersampling,False,4,TAR_1,D,2.4
DIATREND,balanced_sex_patient_aware_undersampling,sex,patient_aware_undersampling,False,4,TAR_1,E,0.0
DIATREND,balanced_sex_patient_aware_undersampling,sex,patient_aware_undersampling,False,4,TAR_1,A + B,97.55
DIATREND,balanced_sex_patient_aware_undersampling,sex,patient_aware_undersampling,False,4,TAR_1,RMSE,43.62
DIATREND,balanced_sex_patient_aware_undersampling,sex,patient_aware_undersampling,False,4,TAR_1,MSE,1902.3
DIATREND,balanced_sex_patient_aware_undersampling,sex,patient_aware_undersampling,False,4,TAR_1,MAE,34.31
DIATREND,balanced_sex_patient_aware_undersampling,sex,patient_aware_undersampling,False,4,TAR_1,MAPE,0.16
DIATREND,balanced_sex_patient_aware_undersampling,sex,patient_aware_undersampling,False,4,TAR_2,A,54.48
DIATREND,balanced_sex_patient_aware_undersampling,sex,patient_aware_undersampling,False,4,TAR_2,B,36.97
DIATREND,balanced_sex_patient_aware_undersampling,sex,patient_aware_undersampling,False,4,TAR_2,C,0.0
DIATREND,balanced_sex_patient_aware_undersampling,sex,patient_aware_undersampling,False,4,TAR_2,D,8.56
DIATREND,balanced_sex_patient_aware_undersampling,sex,patient_aware_undersampling,False,4,TAR_2,E,0.0
DIATREND,balanced_sex_patient_aware_undersampling,sex,patient_aware_undersampling,False,4,TAR_2,A + B,91.45
DIATREND,balanced_sex_patient_aware_undersampling,sex,patient_aware_undersampling,False,4,TAR_2,RMSE,72.97
DIATREND,balanced_sex_patient_aware_undersampling,sex,patient_aware_undersampling,False,4,TAR_2,MSE,5325.27
DIATREND,balanced_sex_patient_aware_undersampling,sex,patient_aware_undersampling,False,4,TAR_2,MAE,61.86
DIATREND,balanced_sex_patient_aware_undersampling,sex,patient_aware_undersampling,False,4,TAR_2,MAPE,0.2
DIATREND,balanced_sex_patient_aware_undersampling,sex,patient_aware_undersampling,False,4,ENTIRE,A,62.01
DIATREND,balanced_sex_patient_aware_undersampling,sex,patient_aware_undersampling,False,4,ENTIRE,B,33.04
DIATREND,balanced_sex_patient_aware_undersampling,sex,patient_aware_undersampling,False,4,ENTIRE,C,0.31
DIATREND,balanced_sex_patient_aware_undersampling,sex,patient_aware_undersampling,False,4,ENTIRE,D,4.59
DIATREND,balanced_sex_patient_aware_undersampling,sex,patient_aware_undersampling,False,4,ENTIRE,E,0.05
DIATREND,balanced_sex_patient_aware_undersampling,sex,patient_aware_undersampling,False,4,ENTIRE,A + B,95.05
DIATREND,balanced_sex_patient_aware_undersampling,sex,patient_aware_undersampling,False,4,ENTIRE,RMSE,46.85
DIATREND,balanced_sex_patient_aware_undersampling,sex,patient_aware_undersampling,False,4,ENTIRE,MSE,2195.15
DIATREND,balanced_sex_patient_aware_undersampling,sex,patient_aware_undersampling,False,4,ENTIRE,MAE,35.19
DIATREND,balanced_sex_patient_aware_undersampling,sex,patient_aware_undersampling,False,4,ENTIRE,MAPE,0.21
DIATREND,balanced_sex_patient_aware_undersampling,sex,patient_aware_undersampling,False,5,TBR_2,A,0.0
DIATREND,balanced_sex_patient_aware_undersampling,sex,patient_aware_undersampling,False,5,TBR_2,B,0.0
DIATREND,balanced_sex_patient_aware_undersampling,sex,patient_aware_undersampling,False,5,TBR_2,C,0.0
DIATREND,balanced_sex_patient_aware_undersampling,sex,patient_aware_undersampling,False,5,TBR_2,D,98.62
DIATREND,balanced_sex_patient_aware_undersampling,sex,patient_aware_undersampling,False,5,TBR_2,E,1.38
DIATREND,balanced_sex_patient_aware_undersampling,sex,patient_aware_undersampling,False,5,TBR_2,A + B,0.0
DIATREND,balanced_sex_patient_aware_undersampling,sex,patient_aware_undersampling,False,5,TBR_2,RMSE,69.03
DIATREND,balanced_sex_patient_aware_undersampling,sex,patient_aware_undersampling,False,5,TBR_2,MSE,4765.28
DIATREND,balanced_sex_patient_aware_undersampling,sex,patient_aware_undersampling,False,5,TBR_2,MAE,66.61
DIATREND,balanced_sex_patient_aware_undersampling,sex,patient_aware_undersampling,False,5,TBR_2,MAPE,1.49
DIATREND,balanced_sex_patient_aware_undersampling,sex,patient_aware_undersampling,False,5,TBR_1,A,0.0
DIATREND,balanced_sex_patient_aware_undersampling,sex,patient_aware_undersampling,False,5,TBR_1,B,0.0
DIATREND,balanced_sex_patient_aware_undersampling,sex,patient_aware_undersampling,False,5,TBR_1,C,0.0
DIATREND,balanced_sex_patient_aware_undersampling,sex,patient_aware_undersampling,False,5,TBR_1,D,98.51
DIATREND,balanced_sex_patient_aware_undersampling,sex,patient_aware_undersampling,False,5,TBR_1,E,1.49
DIATREND,balanced_sex_patient_aware_undersampling,sex,patient_aware_undersampling,False,5,TBR_1,A + B,0.0
DIATREND,balanced_sex_patient_aware_undersampling,sex,patient_aware_undersampling,False,5,TBR_1,RMSE,55.49
DIATREND,balanced_sex_patient_aware_undersampling,sex,patient_aware_undersampling,False,5,TBR_1,MSE,3079.32
DIATREND,balanced_sex_patient_aware_undersampling,sex,patient_aware_undersampling,False,5,TBR_1,MAE,52.32
DIATREND,balanced_sex_patient_aware_undersampling,sex,patient_aware_undersampling,False,5,TBR_1,MAPE,0.84
DIATREND,balanced_sex_patient_aware_undersampling,sex,patient_aware_undersampling,False,5,TIR,A,64.5
DIATREND,balanced_sex_patient_aware_undersampling,sex,patient_aware_undersampling,False,5,TIR,B,34.85
DIATREND,balanced_sex_patient_aware_undersampling,sex,patient_aware_undersampling,False,5,TIR,C,0.65
DIATREND,balanced_sex_patient_aware_undersampling,sex,patient_aware_undersampling,False,5,TIR,D,0.0
DIATREND,balanced_sex_patient_aware_undersampling,sex,patient_aware_undersampling,False,5,TIR,E,0.0
DIATREND,balanced_sex_patient_aware_undersampling,sex,patient_aware_undersampling,False,5,TIR,A + B,99.35
DIATREND,balanced_sex_patient_aware_undersampling,sex,patient_aware_undersampling,False,5,TIR,RMSE,30.44
DIATREND,balanced_sex_patient_aware_undersampling,sex,patient_aware_undersampling,False,5,TIR,MSE,926.35
DIATREND,balanced_sex_patient_aware_undersampling,sex,patient_aware_undersampling,False,5,TIR,MAE,22.53
DIATREND,balanced_sex_patient_aware_undersampling,sex,patient_aware_undersampling,False,5,TIR,MAPE,0.19
DIATREND,balanced_sex_patient_aware_undersampling,sex,patient_aware_undersampling,False,5,TAR_1,A,69.96
DIATREND,balanced_sex_patient_aware_undersampling,sex,patient_aware_undersampling,False,5,TAR_1,B,27.55
DIATREND,balanced_sex_patient_aware_undersampling,sex,patient_aware_undersampling,False,5,TAR_1,C,0.26
DIATREND,balanced_sex_patient_aware_undersampling,sex,patient_aware_undersampling,False,5,TAR_1,D,2.22
DIATREND,balanced_sex_patient_aware_undersampling,sex,patient_aware_undersampling,False,5,TAR_1,E,0.0
DIATREND,balanced_sex_patient_aware_undersampling,sex,patient_aware_undersampling,False,5,TAR_1,A + B,97.51
DIATREND,balanced_sex_patient_aware_undersampling,sex,patient_aware_undersampling,False,5,TAR_1,RMSE,43.6
DIATREND,balanced_sex_patient_aware_undersampling,sex,patient_aware_undersampling,False,5,TAR_1,MSE,1900.81
DIATREND,balanced_sex_patient_aware_undersampling,sex,patient_aware_undersampling,False,5,TAR_1,MAE,33.89
DIATREND,balanced_sex_patient_aware_undersampling,sex,patient_aware_undersampling,False,5,TAR_1,MAPE,0.16
DIATREND,balanced_sex_patient_aware_undersampling,sex,patient_aware_undersampling,False,5,TAR_2,A,57.44
DIATREND,balanced_sex_patient_aware_undersampling,sex,patient_aware_undersampling,False,5,TAR_2,B,33.51
DIATREND,balanced_sex_patient_aware_undersampling,sex,patient_aware_undersampling,False,5,TAR_2,C,0.0
DIATREND,balanced_sex_patient_aware_undersampling,sex,patient_aware_undersampling,False,5,TAR_2,D,9.05
DIATREND,balanced_sex_patient_aware_undersampling,sex,patient_aware_undersampling,False,5,TAR_2,E,0.0
DIATREND,balanced_sex_patient_aware_undersampling,sex,patient_aware_undersampling,False,5,TAR_2,A + B,90.95
DIATREND,balanced_sex_patient_aware_undersampling,sex,patient_aware_undersampling,False,5,TAR_2,RMSE,77.92
DIATREND,balanced_sex_patient_aware_undersampling,sex,patient_aware_undersampling,False,5,TAR_2,MSE,6071.37
DIATREND,balanced_sex_patient_aware_undersampling,sex,patient_aware_undersampling,False,5,TAR_2,MAE,64.97
DIATREND,balanced_sex_patient_aware_undersampling,sex,patient_aware_undersampling,False,5,TAR_2,MAPE,0.2
DIATREND,balanced_sex_patient_aware_undersampling,sex,patient_aware_undersampling,False,5,ENTIRE,A,62.63
DIATREND,balanced_sex_patient_aware_undersampling,sex,patient_aware_undersampling,False,5,ENTIRE,B,31.81
DIATREND,balanced_sex_patient_aware_undersampling,sex,patient_aware_undersampling,False,5,ENTIRE,C,0.4
DIATREND,balanced_sex_patient_aware_undersampling,sex,patient_aware_undersampling,False,5,ENTIRE,D,5.12
DIATREND,balanced_sex_patient_aware_undersampling,sex,patient_aware_undersampling,False,5,ENTIRE,E,0.04
DIATREND,balanced_sex_patient_aware_undersampling,sex,patient_aware_undersampling,False,5,ENTIRE,A + B,94.44
DIATREND,balanced_sex_patient_aware_undersampling,sex,patient_aware_undersampling,False,5,ENTIRE,RMSE,48.08
DIATREND,balanced_sex_patient_aware_undersampling,sex,patient_aware_undersampling,False,5,ENTIRE,MSE,2311.38
DIATREND,balanced_sex_patient_aware_undersampling,sex,patient_aware_undersampling,False,5,ENTIRE,MAE,35.11
DIATREND,balanced_sex_patient_aware_undersampling,sex,patient_aware_undersampling,False,5,ENTIRE,MAPE,0.21
DIATREND,balanced_sex_reference_proportional,sex,reference_proportional,False,1,TBR_2,A,0.0
DIATREND,balanced_sex_reference_proportional,sex,reference_proportional,False,1,TBR_2,B,0.0
DIATREND,balanced_sex_reference_proportional,sex,reference_proportional,False,1,TBR_2,C,0.0
DIATREND,balanced_sex_reference_proportional,sex,reference_proportional,False,1,TBR_2,D,96.63
DIATREND,balanced_sex_reference_proportional,sex,reference_proportional,False,1,TBR_2,E,3.37
DIATREND,balanced_sex_reference_proportional,sex,reference_proportional,False,1,TBR_2,A + B,0.0
DIATREND,balanced_sex_reference_proportional,sex,reference_proportional,False,1,TBR_2,RMSE,81.35
DIATREND,balanced_sex_reference_proportional,sex,reference_proportional,False,1,TBR_2,MSE,6618.64
DIATREND,balanced_sex_reference_proportional,sex,reference_proportional,False,1,TBR_2,MAE,77.27
DIATREND,balanced_sex_reference_proportional,sex,reference_proportional,False,1,TBR_2,MAPE,1.68
DIATREND,balanced_sex_reference_proportional,sex,reference_proportional,False,1,TBR_1,A,0.09
DIATREND,balanced_sex_reference_proportional,sex,reference_proportional,False,1,TBR_1,B,0.0
DIATREND,balanced_sex_reference_proportional,sex,reference_proportional,False,1,TBR_1,C,0.0
DIATREND,balanced_sex_reference_proportional,sex,reference_proportional,False,1,TBR_1,D,97.09
DIATREND,balanced_sex_reference_proportional,sex,reference_proportional,False,1,TBR_1,E,2.82
DIATREND,balanced_sex_reference_proportional,sex,reference_proportional,False,1,TBR_1,A + B,0.09
DIATREND,balanced_sex_reference_proportional,sex,reference_proportional,False,1,TBR_1,RMSE,62.75
DIATREND,balanced_sex_reference_proportional,sex,reference_proportional,False,1,TBR_1,MSE,3937.92
DIATREND,balanced_sex_reference_proportional,sex,reference_proportional,False,1,TBR_1,MAE,57.69
DIATREND,balanced_sex_reference_proportional,sex,reference_proportional,False,1,TBR_1,MAPE,0.92
DIATREND,balanced_sex_reference_proportional,sex,reference_proportional,False,1,TIR,A,69.38
DIATREND,balanced_sex_reference_proportional,sex,reference_proportional,False,1,TIR,B,30.18
DIATREND,balanced_sex_reference_proportional,sex,reference_proportional,False,1,TIR,C,0.43
DIATREND,balanced_sex_reference_proportional,sex,reference_proportional,False,1,TIR,D,0.0
DIATREND,balanced_sex_reference_proportional,sex,reference_proportional,False,1,TIR,E,0.0
DIATREND,balanced_sex_reference_proportional,sex,reference_proportional,False,1,TIR,A + B,99.56
DIATREND,balanced_sex_reference_proportional,sex,reference_proportional,False,1,TIR,RMSE,29.51
DIATREND,balanced_sex_reference_proportional,sex,reference_proportional,False,1,TIR,MSE,870.55
DIATREND,balanced_sex_reference_proportional,sex,reference_proportional,False,1,TIR,MAE,21.88
DIATREND,balanced_sex_reference_proportional,sex,reference_proportional,False,1,TIR,MAPE,0.17
DIATREND,balanced_sex_reference_proportional,sex,reference_proportional,False,1,TAR_1,A,69.53
DIATREND,balanced_sex_reference_proportional,sex,reference_proportional,False,1,TAR_1,B,28.11
DIATREND,balanced_sex_reference_proportional,sex,reference_proportional,False,1,TAR_1,C,0.05
DIATREND,balanced_sex_reference_proportional,sex,reference_proportional,False,1,TAR_1,D,2.3
DIATREND,balanced_sex_reference_proportional,sex,reference_proportional,False,1,TAR_1,E,0.0
DIATREND,balanced_sex_reference_proportional,sex,reference_proportional,False,1,TAR_1,A + B,97.64
DIATREND,balanced_sex_reference_proportional,sex,reference_proportional,False,1,TAR_1,RMSE,42.91
DIATREND,balanced_sex_reference_proportional,sex,reference_proportional,False,1,TAR_1,MSE,1841.46
DIATREND,balanced_sex_reference_proportional,sex,reference_proportional,False,1,TAR_1,MAE,33.76
DIATREND,balanced_sex_reference_proportional,sex,reference_proportional,False,1,TAR_1,MAPE,0.16
DIATREND,balanced_sex_reference_proportional,sex,reference_proportional,False,1,TAR_2,A,55.89
DIATREND,balanced_sex_reference_proportional,sex,reference_proportional,False,1,TAR_2,B,32.31
DIATREND,balanced_sex_reference_proportional,sex,reference_proportional,False,1,TAR_2,C,0.0
DIATREND,balanced_sex_reference_proportional,sex,reference_proportional,False,1,TAR_2,D,11.79
DIATREND,balanced_sex_reference_proportional,sex,reference_proportional,False,1,TAR_2,E,0.0
DIATREND,balanced_sex_reference_proportional,sex,reference_proportional,False,1,TAR_2,A + B,88.2
DIATREND,balanced_sex_reference_proportional,sex,reference_proportional,False,1,TAR_2,RMSE,72.27
DIATREND,balanced_sex_reference_proportional,sex,reference_proportional,False,1,TAR_2,MSE,5223.32
DIATREND,balanced_sex_reference_proportional,sex,reference_proportional,False,1,TAR_2,MAE,60.09
DIATREND,balanced_sex_reference_proportional,sex,reference_proportional,False,1,TAR_2,MAPE,0.2
DIATREND,balanced_sex_reference_proportional,sex,reference_proportional,False,1,ENTIRE,A,66.73
DIATREND,balanced_sex_reference_proportional,sex,reference_proportional,False,1,ENTIRE,B,29.58
DIATREND,balanced_sex_reference_proportional,sex,reference_proportional,False,1,ENTIRE,C,0.24
DIATREND,balanced_sex_reference_proportional,sex,reference_proportional,False,1,ENTIRE,D,3.43
DIATREND,balanced_sex_reference_proportional,sex,reference_proportional,False,1,ENTIRE,E,0.02
DIATREND,balanced_sex_reference_proportional,sex,reference_proportional,False,1,ENTIRE,A + B,96.31
DIATREND,balanced_sex_reference_proportional,sex,reference_proportional,False,1,ENTIRE,RMSE,43.6
DIATREND,balanced_sex_reference_proportional,sex,reference_proportional,False,1,ENTIRE,MSE,1901.33
DIATREND,balanced_sex_reference_proportional,sex,reference_proportional,False,1,ENTIRE,MAE,32.11
DIATREND,balanced_sex_reference_proportional,sex,reference_proportional,False,1,ENTIRE,MAPE,0.18
DIATREND,balanced_sex_reference_proportional,sex,reference_proportional,False,2,TBR_2,A,0.0
DIATREND,balanced_sex_reference_proportional,sex,reference_proportional,False,2,TBR_2,B,0.0
DIATREND,balanced_sex_reference_proportional,sex,reference_proportional,False,2,TBR_2,C,0.0
DIATREND,balanced_sex_reference_proportional,sex,reference_proportional,False,2,TBR_2,D,94.29
DIATREND,balanced_sex_reference_proportional,sex,reference_proportional,False,2,TBR_2,E,5.71
DIATREND,balanced_sex_reference_proportional,sex,reference_proportional,False,2,TBR_2,A + B,0.0
DIATREND,balanced_sex_reference_proportional,sex,reference_proportional,False,2,TBR_2,RMSE,83.01
DIATREND,balanced_sex_reference_proportional,sex,reference_proportional,False,2,TBR_2,MSE,6890.31
DIATREND,balanced_sex_reference_proportional,sex,reference_proportional,False,2,TBR_2,MAE,77.67
DIATREND,balanced_sex_reference_proportional,sex,reference_proportional,False,2,TBR_2,MAPE,1.71
DIATREND,balanced_sex_reference_proportional,sex,reference_proportional,False,2,TBR_1,A,0.0
DIATREND,balanced_sex_reference_proportional,sex,reference_proportional,False,2,TBR_1,B,0.0
DIATREND,balanced_sex_reference_proportional,sex,reference_proportional,False,2,TBR_1,C,0.0
DIATREND,balanced_sex_reference_proportional,sex,reference_proportional,False,2,TBR_1,D,95.63
DIATREND,balanced_sex_reference_proportional,sex,reference_proportional,False,2,TBR_1,E,4.37
DIATREND,balanced_sex_reference_proportional,sex,reference_proportional,False,2,TBR_1,A + B,0.0
DIATREND,balanced_sex_reference_proportional,sex,reference_proportional,False,2,TBR_1,RMSE,63.93
DIATREND,balanced_sex_reference_proportional,sex,reference_proportional,False,2,TBR_1,MSE,4087.47
DIATREND,balanced_sex_reference_proportional,sex,reference_proportional,False,2,TBR_1,MAE,57.68
DIATREND,balanced_sex_reference_proportional,sex,reference_proportional,False,2,TBR_1,MAPE,0.92
DIATREND,balanced_sex_reference_proportional,sex,reference_proportional,False,2,TIR,A,68.05
DIATREND,balanced_sex_reference_proportional,sex,reference_proportional,False,2,TIR,B,30.97
DIATREND,balanced_sex_reference_proportional,sex,reference_proportional,False,2,TIR,C,0.98
DIATREND,balanced_sex_reference_proportional,sex,reference_proportional,False,2,TIR,D,0.0
DIATREND,balanced_sex_reference_proportional,sex,reference_proportional,False,2,TIR,E,0.0
DIATREND,balanced_sex_reference_proportional,sex,reference_proportional,False,2,TIR,A + B,99.02
DIATREND,balanced_sex_reference_proportional,sex,reference_proportional,False,2,TIR,RMSE,31.53
DIATREND,balanced_sex_reference_proportional,sex,reference_proportional,False,2,TIR,MSE,994.21
DIATREND,balanced_sex_reference_proportional,sex,reference_proportional,False,2,TIR,MAE,22.52
DIATREND,balanced_sex_reference_proportional,sex,reference_proportional,False,2,TIR,MAPE,0.19
DIATREND,balanced_sex_reference_proportional,sex,reference_proportional,False,2,TAR_1,A,68.96
DIATREND,balanced_sex_reference_proportional,sex,reference_proportional,False,2,TAR_1,B,28.65
DIATREND,balanced_sex_reference_proportional,sex,reference_proportional,False,2,TAR_1,C,0.16
DIATREND,balanced_sex_reference_proportional,sex,reference_proportional,False,2,TAR_1,D,2.23
DIATREND,balanced_sex_reference_proportional,sex,reference_proportional,False,2,TAR_1,E,0.0
DIATREND,balanced_sex_reference_proportional,sex,reference_proportional,False,2,TAR_1,A + B,97.61
DIATREND,balanced_sex_reference_proportional,sex,reference_proportional,False,2,TAR_1,RMSE,43.21
DIATREND,balanced_sex_reference_proportional,sex,reference_proportional,False,2,TAR_1,MSE,1866.88
DIATREND,balanced_sex_reference_proportional,sex,reference_proportional,False,2,TAR_1,MAE,34.27
DIATREND,balanced_sex_reference_proportional,sex,reference_proportional,False,2,TAR_1,MAPE,0.16
DIATREND,balanced_sex_reference_proportional,sex,reference_proportional,False,2,TAR_2,A,58.23
DIATREND,balanced_sex_reference_proportional,sex,reference_proportional,False,2,TAR_2,B,31.53
DIATREND,balanced_sex_reference_proportional,sex,reference_proportional,False,2,TAR_2,C,0.0
DIATREND,balanced_sex_reference_proportional,sex,reference_proportional,False,2,TAR_2,D,10.25
DIATREND,balanced_sex_reference_proportional,sex,reference_proportional,False,2,TAR_2,E,0.0
DIATREND,balanced_sex_reference_proportional,sex,reference_proportional,False,2,TAR_2,A + B,89.76
DIATREND,balanced_sex_reference_proportional,sex,reference_proportional,False,2,TAR_2,RMSE,70.76
DIATREND,balanced_sex_reference_proportional,sex,reference_proportional,False,2,TAR_2,MSE,5006.79
DIATREND,balanced_sex_reference_proportional,sex,reference_proportional,False,2,TAR_2,MAE,59.07
DIATREND,balanced_sex_reference_proportional,sex,reference_proportional,False,2,TAR_2,MAPE,0.2
DIATREND,balanced_sex_reference_proportional,sex,reference_proportional,False,2,ENTIRE,A,65.56
DIATREND,balanced_sex_reference_proportional,sex,reference_proportional,False,2,ENTIRE,B,29.83
DIATREND,balanced_sex_reference_proportional,sex,reference_proportional,False,2,ENTIRE,C,0.56
DIATREND,balanced_sex_reference_proportional,sex,reference_proportional,False,2,ENTIRE,D,3.97
DIATREND,balanced_sex_reference_proportional,sex,reference_proportional,False,2,ENTIRE,E,0.08
DIATREND,balanced_sex_reference_proportional,sex,reference_proportional,False,2,ENTIRE,A + B,95.39
DIATREND,balanced_sex_reference_proportional,sex,reference_proportional,False,2,ENTIRE,RMSE,44.38
DIATREND,balanced_sex_reference_proportional,sex,reference_proportional,False,2,ENTIRE,MSE,1970.02
DIATREND,balanced_sex_reference_proportional,sex,reference_proportional,False,2,ENTIRE,MAE,32.65
DIATREND,balanced_sex_reference_proportional,sex,reference_proportional,False,2,ENTIRE,MAPE,0.2
DIATREND,balanced_sex_reference_proportional,sex,reference_proportional,False,3,TBR_2,A,0.0
DIATREND,balanced_sex_reference_proportional,sex,reference_proportional,False,3,TBR_2,B,0.0
DIATREND,balanced_sex_reference_proportional,sex,reference_proportional,False,3,TBR_2,C,0.0
DIATREND,balanced_sex_reference_proportional,sex,reference_proportional,False,3,TBR_2,D,97.91
DIATREND,balanced_sex_reference_proportional,sex,reference_proportional,False,3,TBR_2,E,2.09
DIATREND,balanced_sex_reference_proportional,sex,reference_proportional,False,3,TBR_2,A + B,0.0
DIATREND,balanced_sex_reference_proportional,sex,reference_proportional,False,3,TBR_2,RMSE,72.59
DIATREND,balanced_sex_reference_proportional,sex,reference_proportional,False,3,TBR_2,MSE,5269.21
DIATREND,balanced_sex_reference_proportional,sex,reference_proportional,False,3,TBR_2,MAE,69.08
DIATREND,balanced_sex_reference_proportional,sex,reference_proportional,False,3,TBR_2,MAPE,1.51
DIATREND,balanced_sex_reference_proportional,sex,reference_proportional,False,3,TBR_1,A,0.0
DIATREND,balanced_sex_reference_proportional,sex,reference_proportional,False,3,TBR_1,B,0.0
DIATREND,balanced_sex_reference_proportional,sex,reference_proportional,False,3,TBR_1,C,0.0
DIATREND,balanced_sex_reference_proportional,sex,reference_proportional,False,3,TBR_1,D,98.18
DIATREND,balanced_sex_reference_proportional,sex,reference_proportional,False,3,TBR_1,E,1.82
DIATREND,balanced_sex_reference_proportional,sex,reference_proportional,False,3,TBR_1,A + B,0.0
DIATREND,balanced_sex_reference_proportional,sex,reference_proportional,False,3,TBR_1,RMSE,58.29
DIATREND,balanced_sex_reference_proportional,sex,reference_proportional,False,3,TBR_1,MSE,3398.28
DIATREND,balanced_sex_reference_proportional,sex,reference_proportional,False,3,TBR_1,MAE,54.63
DIATREND,balanced_sex_reference_proportional,sex,reference_proportional,False,3,TBR_1,MAPE,0.87
DIATREND,balanced_sex_reference_proportional,sex,reference_proportional,False,3,TIR,A,68.53
DIATREND,balanced_sex_reference_proportional,sex,reference_proportional,False,3,TIR,B,31.05
DIATREND,balanced_sex_reference_proportional,sex,reference_proportional,False,3,TIR,C,0.42
DIATREND,balanced_sex_reference_proportional,sex,reference_proportional,False,3,TIR,D,0.0
DIATREND,balanced_sex_reference_proportional,sex,reference_proportional,False,3,TIR,E,0.0
DIATREND,balanced_sex_reference_proportional,sex,reference_proportional,False,3,TIR,A + B,99.58
DIATREND,balanced_sex_reference_proportional,sex,reference_proportional,False,3,TIR,RMSE,28.63
DIATREND,balanced_sex_reference_proportional,sex,reference_proportional,False,3,TIR,MSE,819.58
DIATREND,balanced_sex_reference_proportional,sex,reference_proportional,False,3,TIR,MAE,21.31
DIATREND,balanced_sex_reference_proportional,sex,reference_proportional,False,3,TIR,MAPE,0.18
DIATREND,balanced_sex_reference_proportional,sex,reference_proportional,False,3,TAR_1,A,72.44
DIATREND,balanced_sex_reference_proportional,sex,reference_proportional,False,3,TAR_1,B,25.54
DIATREND,balanced_sex_reference_proportional,sex,reference_proportional,False,3,TAR_1,C,0.09
DIATREND,balanced_sex_reference_proportional,sex,reference_proportional,False,3,TAR_1,D,1.92
DIATREND,balanced_sex_reference_proportional,sex,reference_proportional,False,3,TAR_1,E,0.0
DIATREND,balanced_sex_reference_proportional,sex,reference_proportional,False,3,TAR_1,A + B,97.98
DIATREND,balanced_sex_reference_proportional,sex,reference_proportional,False,3,TAR_1,RMSE,40.56
DIATREND,balanced_sex_reference_proportional,sex,reference_proportional,False,3,TAR_1,MSE,1645.37
DIATREND,balanced_sex_reference_proportional,sex,reference_proportional,False,3,TAR_1,MAE,32.13
DIATREND,balanced_sex_reference_proportional,sex,reference_proportional,False,3,TAR_1,MAPE,0.15
DIATREND,balanced_sex_reference_proportional,sex,reference_proportional,False,3,TAR_2,A,58.59
DIATREND,balanced_sex_reference_proportional,sex,reference_proportional,False,3,TAR_2,B,34.12
DIATREND,balanced_sex_reference_proportional,sex,reference_proportional,False,3,TAR_2,C,0.0
DIATREND,balanced_sex_reference_proportional,sex,reference_proportional,False,3,TAR_2,D,7.29
DIATREND,balanced_sex_reference_proportional,sex,reference_proportional,False,3,TAR_2,E,0.0
DIATREND,balanced_sex_reference_proportional,sex,reference_proportional,False,3,TAR_2,A + B,92.71
DIATREND,balanced_sex_reference_proportional,sex,reference_proportional,False,3,TAR_2,RMSE,70.32
DIATREND,balanced_sex_reference_proportional,sex,reference_proportional,False,3,TAR_2,MSE,4945.0
DIATREND,balanced_sex_reference_proportional,sex,reference_proportional,False,3,TAR_2,MAE,59.66
DIATREND,balanced_sex_reference_proportional,sex,reference_proportional,False,3,TAR_2,MAPE,0.19
DIATREND,balanced_sex_reference_proportional,sex,reference_proportional,False,3,ENTIRE,A,66.7
DIATREND,balanced_sex_reference_proportional,sex,reference_proportional,False,3,ENTIRE,B,29.62
DIATREND,balanced_sex_reference_proportional,sex,reference_proportional,False,3,ENTIRE,C,0.25
DIATREND,balanced_sex_reference_proportional,sex,reference_proportional,False,3,ENTIRE,D,3.41
DIATREND,balanced_sex_reference_proportional,sex,reference_proportional,False,3,ENTIRE,E,0.03
DIATREND,balanced_sex_reference_proportional,sex,reference_proportional,False,3,ENTIRE,A + B,96.32
DIATREND,balanced_sex_reference_proportional,sex,reference_proportional,False,3,ENTIRE,RMSE,43.11
DIATREND,balanced_sex_reference_proportional,sex,reference_proportional,False,3,ENTIRE,MSE,1858.06
DIATREND,balanced_sex_reference_proportional,sex,reference_proportional,False,3,ENTIRE,MAE,31.96
DIATREND,balanced_sex_reference_proportional,sex,reference_proportional,False,3,ENTIRE,MAPE,0.19
DIATREND,balanced_sex_reference_proportional,sex,reference_proportional,False,4,TBR_2,A,0.0
DIATREND,balanced_sex_reference_proportional,sex,reference_proportional,False,4,TBR_2,B,0.0
DIATREND,balanced_sex_reference_proportional,sex,reference_proportional,False,4,TBR_2,C,0.0
DIATREND,balanced_sex_reference_proportional,sex,reference_proportional,False,4,TBR_2,D,97.96
DIATREND,balanced_sex_reference_proportional,sex,reference_proportional,False,4,TBR_2,E,2.04
DIATREND,balanced_sex_reference_proportional,sex,reference_proportional,False,4,TBR_2,A + B,0.0
DIATREND,balanced_sex_reference_proportional,sex,reference_proportional,False,4,TBR_2,RMSE,69.53
DIATREND,balanced_sex_reference_proportional,sex,reference_proportional,False,4,TBR_2,MSE,4833.83
DIATREND,balanced_sex_reference_proportional,sex,reference_proportional,False,4,TBR_2,MAE,66.11
DIATREND,balanced_sex_reference_proportional,sex,reference_proportional,False,4,TBR_2,MAPE,1.48
DIATREND,balanced_sex_reference_proportional,sex,reference_proportional,False,4,TBR_1,A,0.0
DIATREND,balanced_sex_reference_proportional,sex,reference_proportional,False,4,TBR_1,B,0.0
DIATREND,balanced_sex_reference_proportional,sex,reference_proportional,False,4,TBR_1,C,0.0
DIATREND,balanced_sex_reference_proportional,sex,reference_proportional,False,4,TBR_1,D,97.93
DIATREND,balanced_sex_reference_proportional,sex,reference_proportional,False,4,TBR_1,E,2.07
DIATREND,balanced_sex_reference_proportional,sex,reference_proportional,False,4,TBR_1,A + B,0.0
DIATREND,balanced_sex_reference_proportional,sex,reference_proportional,False,4,TBR_1,RMSE,56.15
DIATREND,balanced_sex_reference_proportional,sex,reference_proportional,False,4,TBR_1,MSE,3152.94
DIATREND,balanced_sex_reference_proportional,sex,reference_proportional,False,4,TBR_1,MAE,51.86
DIATREND,balanced_sex_reference_proportional,sex,reference_proportional,False,4,TBR_1,MAPE,0.84
DIATREND,balanced_sex_reference_proportional,sex,reference_proportional,False,4,TIR,A,65.64
DIATREND,balanced_sex_reference_proportional,sex,reference_proportional,False,4,TIR,B,33.8
DIATREND,balanced_sex_reference_proportional,sex,reference_proportional,False,4,TIR,C,0.56
DIATREND,balanced_sex_reference_proportional,sex,reference_proportional,False,4,TIR,D,0.0
DIATREND,balanced_sex_reference_proportional,sex,reference_proportional,False,4,TIR,E,0.0
DIATREND,balanced_sex_reference_proportional,sex,reference_proportional,False,4,TIR,A + B,99.44
DIATREND,balanced_sex_reference_proportional,sex,reference_proportional,False,4,TIR,RMSE,30.45
DIATREND,balanced_sex_reference_proportional,sex,reference_proportional,False,4,TIR,MSE,927.17
DIATREND,balanced_sex_reference_proportional,sex,reference_proportional,False,4,TIR,MAE,22.77
DIATREND,balanced_sex_reference_proportional,sex,reference_proportional,False,4,TIR,MAPE,0.19
DIATREND,balanced_sex_reference_proportional,sex,reference_proportional,False,4,TAR_1,A,67.39
DIATREND,balanced_sex_reference_proportional,sex,reference_proportional,False,4,TAR_1,B,30.06
DIATREND,balanced_sex_reference_proportional,sex,reference_proportional,False,4,TAR_1,C,0.1
DIATREND,balanced_sex_reference_proportional,sex,reference_proportional,False,4,TAR_1,D,2.45
DIATREND,balanced_sex_reference_proportional,sex,reference_proportional,False,4,TAR_1,E,0.0
DIATREND,balanced_sex_reference_proportional,sex,reference_proportional,False,4,TAR_1,A + B,97.45
DIATREND,balanced_sex_reference_proportional,sex,reference_proportional,False,4,TAR_1,RMSE,44.68
DIATREND,balanced_sex_reference_proportional,sex,reference_proportional,False,4,TAR_1,MSE,1995.86
DIATREND,balanced_sex_reference_proportional,sex,reference_proportional,False,4,TAR_1,MAE,35.22
DIATREND,balanced_sex_reference_proportional,sex,reference_proportional,False,4,TAR_1,MAPE,0.16
DIATREND,balanced_sex_reference_proportional,sex,reference_proportional,False,4,TAR_2,A,55.42
DIATREND,balanced_sex_reference_proportional,sex,reference_proportional,False,4,TAR_2,B,35.77
DIATREND,balanced_sex_reference_proportional,sex,reference_proportional,False,4,TAR_2,C,0.0
DIATREND,balanced_sex_reference_proportional,sex,reference_proportional,False,4,TAR_2,D,8.81
DIATREND,balanced_sex_reference_proportional,sex,reference_proportional,False,4,TAR_2,E,0.0
DIATREND,balanced_sex_reference_proportional,sex,reference_proportional,False,4,TAR_2,A + B,91.19
DIATREND,balanced_sex_reference_proportional,sex,reference_proportional,False,4,TAR_2,RMSE,72.99
DIATREND,balanced_sex_reference_proportional,sex,reference_proportional,False,4,TAR_2,MSE,5326.98
DIATREND,balanced_sex_reference_proportional,sex,reference_proportional,False,4,TAR_2,MAE,61.91
DIATREND,balanced_sex_reference_proportional,sex,reference_proportional,False,4,TAR_2,MAPE,0.2
DIATREND,balanced_sex_reference_proportional,sex,reference_proportional,False,4,ENTIRE,A,62.6
DIATREND,balanced_sex_reference_proportional,sex,reference_proportional,False,4,ENTIRE,B,32.4
DIATREND,balanced_sex_reference_proportional,sex,reference_proportional,False,4,ENTIRE,C,0.3
DIATREND,balanced_sex_reference_proportional,sex,reference_proportional,False,4,ENTIRE,D,4.66
DIATREND,balanced_sex_reference_proportional,sex,reference_proportional,False,4,ENTIRE,E,0.05
DIATREND,balanced_sex_reference_proportional,sex,reference_proportional,False,4,ENTIRE,A + B,95.0
DIATREND,balanced_sex_reference_proportional,sex,reference_proportional,False,4,ENTIRE,RMSE,46.84
DIATREND,balanced_sex_reference_proportional,sex,reference_proportional,False,4,ENTIRE,MSE,2193.65
DIATREND,balanced_sex_reference_proportional,sex,reference_proportional,False,4,ENTIRE,MAE,35.07
DIATREND,balanced_sex_reference_proportional,sex,reference_proportional,False,4,ENTIRE,MAPE,0.2
DIATREND,balanced_sex_reference_proportional,sex,reference_proportional,False,5,TBR_2,A,0.0
DIATREND,balanced_sex_reference_proportional,sex,reference_proportional,False,5,TBR_2,B,0.0
DIATREND,balanced_sex_reference_proportional,sex,reference_proportional,False,5,TBR_2,C,0.0
DIATREND,balanced_sex_reference_proportional,sex,reference_proportional,False,5,TBR_2,D,98.56
DIATREND,balanced_sex_reference_proportional,sex,reference_proportional,False,5,TBR_2,E,1.44
DIATREND,balanced_sex_reference_proportional,sex,reference_proportional,False,5,TBR_2,A + B,0.0
DIATREND,balanced_sex_reference_proportional,sex,reference_proportional,False,5,TBR_2,RMSE,71.85
DIATREND,balanced_sex_reference_proportional,sex,reference_proportional,False,5,TBR_2,MSE,5162.33
DIATREND,balanced_sex_reference_proportional,sex,reference_proportional,False,5,TBR_2,MAE,69.89
DIATREND,balanced_sex_reference_proportional,sex,reference_proportional,False,5,TBR_2,MAPE,1.56
DIATREND,balanced_sex_reference_proportional,sex,reference_proportional,False,5,TBR_1,A,0.0
DIATREND,balanced_sex_reference_proportional,sex,reference_proportional,False,5,TBR_1,B,0.0
DIATREND,balanced_sex_reference_proportional,sex,reference_proportional,False,5,TBR_1,C,0.0
DIATREND,balanced_sex_reference_proportional,sex,reference_proportional,False,5,TBR_1,D,98.29
DIATREND,balanced_sex_reference_proportional,sex,reference_proportional,False,5,TBR_1,E,1.71
DIATREND,balanced_sex_reference_proportional,sex,reference_proportional,False,5,TBR_1,A + B,0.0
DIATREND,balanced_sex_reference_proportional,sex,reference_proportional,False,5,TBR_1,RMSE,57.72
DIATREND,balanced_sex_reference_proportional,sex,reference_proportional,False,5,TBR_1,MSE,3331.97
DIATREND,balanced_sex_reference_proportional,sex,reference_proportional,False,5,TBR_1,MAE,55.07
DIATREND,balanced_sex_reference_proportional,sex,reference_proportional,False,5,TBR_1,MAPE,0.88
DIATREND,balanced_sex_reference_proportional,sex,reference_proportional,False,5,TIR,A,62.22
DIATREND,balanced_sex_reference_proportional,sex,reference_proportional,False,5,TIR,B,37.08
DIATREND,balanced_sex_reference_proportional,sex,reference_proportional,False,5,TIR,C,0.7
DIATREND,balanced_sex_reference_proportional,sex,reference_proportional,False,5,TIR,D,0.0
DIATREND,balanced_sex_reference_proportional,sex,reference_proportional,False,5,TIR,E,0.0
DIATREND,balanced_sex_reference_proportional,sex,reference_proportional,False,5,TIR,A + B,99.3
DIATREND,balanced_sex_reference_proportional,sex,reference_proportional,False,5,TIR,RMSE,31.2
DIATREND,balanced_sex_reference_proportional,sex,reference_proportional,False,5,TIR,MSE,973.57
DIATREND,balanced_sex_reference_proportional,sex,reference_proportional,False,5,TIR,MAE,23.38
DIATREND,balanced_sex_reference_proportional,sex,reference_proportional,False,5,TIR,MAPE,0.2
DIATREND,balanced_sex_reference_proportional,sex,reference_proportional,False,5,TAR_1,A,70.82
DIATREND,balanced_sex_reference_proportional,sex,reference_proportional,False,5,TAR_1,B,26.8
DIATREND,balanced_sex_reference_proportional,sex,reference_proportional,False,5,TAR_1,C,0.21
DIATREND,balanced_sex_reference_proportional,sex,reference_proportional,False,5,TAR_1,D,2.16
DIATREND,balanced_sex_reference_proportional,sex,reference_proportional,False,5,TAR_1,E,0.0
DIATREND,balanced_sex_reference_proportional,sex,reference_proportional,False,5,TAR_1,A + B,97.62
DIATREND,balanced_sex_reference_proportional,sex,reference_proportional,False,5,TAR_1,RMSE,42.91
DIATREND,balanced_sex_reference_proportional,sex,reference_proportional,False,5,TAR_1,MSE,1841.64
DIATREND,balanced_sex_reference_proportional,sex,reference_proportional,False,5,TAR_1,MAE,33.45
DIATREND,balanced_sex_reference_proportional,sex,reference_proportional,False,5,TAR_1,MAPE,0.16
DIATREND,balanced_sex_reference_proportional,sex,reference_proportional,False,5,TAR_2,A,56.51
DIATREND,balanced_sex_reference_proportional,sex,reference_proportional,False,5,TAR_2,B,34.72
DIATREND,balanced_sex_reference_proportional,sex,reference_proportional,False,5,TAR_2,C,0.0
DIATREND,balanced_sex_reference_proportional,sex,reference_proportional,False,5,TAR_2,D,8.77
DIATREND,balanced_sex_reference_proportional,sex,reference_proportional,False,5,TAR_2,E,0.0
DIATREND,balanced_sex_reference_proportional,sex,reference_proportional,False,5,TAR_2,A + B,91.23
DIATREND,balanced_sex_reference_proportional,sex,reference_proportional,False,5,TAR_2,RMSE,78.37
DIATREND,balanced_sex_reference_proportional,sex,reference_proportional,False,5,TAR_2,MSE,6141.53
DIATREND,balanced_sex_reference_proportional,sex,reference_proportional,False,5,TAR_2,MAE,65.69
DIATREND,balanced_sex_reference_proportional,sex,reference_proportional,False,5,TAR_2,MAPE,0.21
DIATREND,balanced_sex_reference_proportional,sex,reference_proportional,False,5,ENTIRE,A,61.47
DIATREND,balanced_sex_reference_proportional,sex,reference_proportional,False,5,ENTIRE,B,33.03
DIATREND,balanced_sex_reference_proportional,sex,reference_proportional,False,5,ENTIRE,C,0.42
DIATREND,balanced_sex_reference_proportional,sex,reference_proportional,False,5,ENTIRE,D,5.05
DIATREND,balanced_sex_reference_proportional,sex,reference_proportional,False,5,ENTIRE,E,0.04
DIATREND,balanced_sex_reference_proportional,sex,reference_proportional,False,5,ENTIRE,A + B,94.5
DIATREND,balanced_sex_reference_proportional,sex,reference_proportional,False,5,ENTIRE,RMSE,48.41
DIATREND,balanced_sex_reference_proportional,sex,reference_proportional,False,5,ENTIRE,MSE,2343.58
DIATREND,balanced_sex_reference_proportional,sex,reference_proportional,False,5,ENTIRE,MAE,35.67
DIATREND,balanced_sex_reference_proportional,sex,reference_proportional,False,5,ENTIRE,MAPE,0.22
DIATREND,balanced_sex_smote,sex,smote,False,1,TBR_2,A,0.0
DIATREND,balanced_sex_smote,sex,smote,False,1,TBR_2,B,0.0
DIATREND,balanced_sex_smote,sex,smote,False,1,TBR_2,C,0.0
DIATREND,balanced_sex_smote,sex,smote,False,1,TBR_2,D,96.27
DIATREND,balanced_sex_smote,sex,smote,False,1,TBR_2,E,3.73
DIATREND,balanced_sex_smote,sex,smote,False,1,TBR_2,A + B,0.0
DIATREND,balanced_sex_smote,sex,smote,False,1,TBR_2,RMSE,81.28
DIATREND,balanced_sex_smote,sex,smote,False,1,TBR_2,MSE,6606.6
DIATREND,balanced_sex_smote,sex,smote,False,1,TBR_2,MAE,76.99
DIATREND,balanced_sex_smote,sex,smote,False,1,TBR_2,MAPE,1.67
DIATREND,balanced_sex_smote,sex,smote,False,1,TBR_1,A,0.12
DIATREND,balanced_sex_smote,sex,smote,False,1,TBR_1,B,0.0
DIATREND,balanced_sex_smote,sex,smote,False,1,TBR_1,C,0.0
DIATREND,balanced_sex_smote,sex,smote,False,1,TBR_1,D,96.66
DIATREND,balanced_sex_smote,sex,smote,False,1,TBR_1,E,3.22
DIATREND,balanced_sex_smote,sex,smote,False,1,TBR_1,A + B,0.12
DIATREND,balanced_sex_smote,sex,smote,False,1,TBR_1,RMSE,62.65
DIATREND,balanced_sex_smote,sex,smote,False,1,TBR_1,MSE,3924.6
DIATREND,balanced_sex_smote,sex,smote,False,1,TBR_1,MAE,57.26
DIATREND,balanced_sex_smote,sex,smote,False,1,TBR_1,MAPE,0.91
DIATREND,balanced_sex_smote,sex,smote,False,1,TIR,A,69.07
DIATREND,balanced_sex_smote,sex,smote,False,1,TIR,B,30.46
DIATREND,balanced_sex_smote,sex,smote,False,1,TIR,C,0.46
DIATREND,balanced_sex_smote,sex,smote,False,1,TIR,D,0.0
DIATREND,balanced_sex_smote,sex,smote,False,1,TIR,E,0.0
DIATREND,balanced_sex_smote,sex,smote,False,1,TIR,A + B,99.53
DIATREND,balanced_sex_smote,sex,smote,False,1,TIR,RMSE,29.82
DIATREND,balanced_sex_smote,sex,smote,False,1,TIR,MSE,889.06
DIATREND,balanced_sex_smote,sex,smote,False,1,TIR,MAE,22.05
DIATREND,balanced_sex_smote,sex,smote,False,1,TIR,MAPE,0.18
DIATREND,balanced_sex_smote,sex,smote,False,1,TAR_1,A,69.95
DIATREND,balanced_sex_smote,sex,smote,False,1,TAR_1,B,27.75
DIATREND,balanced_sex_smote,sex,smote,False,1,TAR_1,C,0.07
DIATREND,balanced_sex_smote,sex,smote,False,1,TAR_1,D,2.24
DIATREND,balanced_sex_smote,sex,smote,False,1,TAR_1,E,0.0
DIATREND,balanced_sex_smote,sex,smote,False,1,TAR_1,A + B,97.7
DIATREND,balanced_sex_smote,sex,smote,False,1,TAR_1,RMSE,42.68
DIATREND,balanced_sex_smote,sex,smote,False,1,TAR_1,MSE,1821.7
DIATREND,balanced_sex_smote,sex,smote,False,1,TAR_1,MAE,33.54
DIATREND,balanced_sex_smote,sex,smote,False,1,TAR_1,MAPE,0.16
DIATREND,balanced_sex_smote,sex,smote,False,1,TAR_2,A,57.0
DIATREND,balanced_sex_smote,sex,smote,False,1,TAR_2,B,31.53
DIATREND,balanced_sex_smote,sex,smote,False,1,TAR_2,C,0.0
DIATREND,balanced_sex_smote,sex,smote,False,1,TAR_2,D,11.46
DIATREND,balanced_sex_smote,sex,smote,False,1,TAR_2,E,0.0
DIATREND,balanced_sex_smote,sex,smote,False,1,TAR_2,A + B,88.53
DIATREND,balanced_sex_smote,sex,smote,False,1,TAR_2,RMSE,71.3
DIATREND,balanced_sex_smote,sex,smote,False,1,TAR_2,MSE,5083.56
DIATREND,balanced_sex_smote,sex,smote,False,1,TAR_2,MAE,59.06
DIATREND,balanced_sex_smote,sex,smote,False,1,TAR_2,MAPE,0.2
DIATREND,balanced_sex_smote,sex,smote,False,1,ENTIRE,A,66.89
DIATREND,balanced_sex_smote,sex,smote,False,1,ENTIRE,B,29.48
DIATREND,balanced_sex_smote,sex,smote,False,1,ENTIRE,C,0.26
DIATREND,balanced_sex_smote,sex,smote,False,1,ENTIRE,D,3.36
DIATREND,balanced_sex_smote,sex,smote,False,1,ENTIRE,E,0.03
DIATREND,balanced_sex_smote,sex,smote,False,1,ENTIRE,A + B,96.37
DIATREND,balanced_sex_smote,sex,smote,False,1,ENTIRE,RMSE,43.38
DIATREND,balanced_sex_smote,sex,smote,False,1,ENTIRE,MSE,1882.19
DIATREND,balanced_sex_smote,sex,smote,False,1,ENTIRE,MAE,31.96
DIATREND,balanced_sex_smote,sex,smote,False,1,ENTIRE,MAPE,0.18
DIATREND,balanced_sex_smote,sex,smote,False,2,TBR_2,A,0.0
DIATREND,balanced_sex_smote,sex,smote,False,2,TBR_2,B,0.0
DIATREND,balanced_sex_smote,sex,smote,False,2,TBR_2,C,0.0
DIATREND,balanced_sex_smote,sex,smote,False,2,TBR_2,D,94.41
DIATREND,balanced_sex_smote,sex,smote,False,2,TBR_2,E,5.59
DIATREND,balanced_sex_smote,sex,smote,False,2,TBR_2,A + B,0.0
DIATREND,balanced_sex_smote,sex,smote,False,2,TBR_2,RMSE,82.05
DIATREND,balanced_sex_smote,sex,smote,False,2,TBR_2,MSE,6732.62
DIATREND,balanced_sex_smote,sex,smote,False,2,TBR_2,MAE,76.61
DIATREND,balanced_sex_smote,sex,smote,False,2,TBR_2,MAPE,1.69
DIATREND,balanced_sex_smote,sex,smote,False,2,TBR_1,A,0.0
DIATREND,balanced_sex_smote,sex,smote,False,2,TBR_1,B,0.0
DIATREND,balanced_sex_smote,sex,smote,False,2,TBR_1,C,0.0
DIATREND,balanced_sex_smote,sex,smote,False,2,TBR_1,D,95.69
DIATREND,balanced_sex_smote,sex,smote,False,2,TBR_1,E,4.31
DIATREND,balanced_sex_smote,sex,smote,False,2,TBR_1,A + B,0.0
DIATREND,balanced_sex_smote,sex,smote,False,2,TBR_1,RMSE,63.63
DIATREND,balanced_sex_smote,sex,smote,False,2,TBR_1,MSE,4048.3
DIATREND,balanced_sex_smote,sex,smote,False,2,TBR_1,MAE,57.36
DIATREND,balanced_sex_smote,sex,smote,False,2,TBR_1,MAPE,0.92
DIATREND,balanced_sex_smote,sex,smote,False,2,TIR,A,67.75
DIATREND,balanced_sex_smote,sex,smote,False,2,TIR,B,31.28
DIATREND,balanced_sex_smote,sex,smote,False,2,TIR,C,0.97
DIATREND,balanced_sex_smote,sex,smote,False,2,TIR,D,0.0
DIATREND,balanced_sex_smote,sex,smote,False,2,TIR,E,0.0
DIATREND,balanced_sex_smote,sex,smote,False,2,TIR,A + B,99.03
DIATREND,balanced_sex_smote,sex,smote,False,2,TIR,RMSE,31.59
DIATREND,balanced_sex_smote,sex,smote,False,2,TIR,MSE,997.88
DIATREND,balanced_sex_smote,sex,smote,False,2,TIR,MAE,22.62
DIATREND,balanced_sex_smote,sex,smote,False,2,TIR,MAPE,0.19
DIATREND,balanced_sex_smote,sex,smote,False,2,TAR_1,A,68.9
DIATREND,balanced_sex_smote,sex,smote,False,2,TAR_1,B,28.7
DIATREND,balanced_sex_smote,sex,smote,False,2,TAR_1,C,0.18
DIATREND,balanced_sex_smote,sex,smote,False,2,TAR_1,D,2.22
DIATREND,balanced_sex_smote,sex,smote,False,2,TAR_1,E,0.0
DIATREND,balanced_sex_smote,sex,smote,False,2,TAR_1,A + B,97.6
DIATREND,balanced_sex_smote,sex,smote,False,2,TAR_1,RMSE,43.3
DIATREND,balanced_sex_smote,sex,smote,False,2,TAR_1,MSE,1874.82
DIATREND,balanced_sex_smote,sex,smote,False,2,TAR_1,MAE,34.37
DIATREND,balanced_sex_smote,sex,smote,False,2,TAR_1,MAPE,0.16
DIATREND,balanced_sex_smote,sex,smote,False,2,TAR_2,A,58.4
DIATREND,balanced_sex_smote,sex,smote,False,2,TAR_2,B,31.43
DIATREND,balanced_sex_smote,sex,smote,False,2,TAR_2,C,0.0
DIATREND,balanced_sex_smote,sex,smote,False,2,TAR_2,D,10.17
DIATREND,balanced_sex_smote,sex,smote,False,2,TAR_2,E,0.0
DIATREND,balanced_sex_smote,sex,smote,False,2,TAR_2,A + B,89.83
DIATREND,balanced_sex_smote,sex,smote,False,2,TAR_2,RMSE,70.52
DIATREND,balanced_sex_smote,sex,smote,False,2,TAR_2,MSE,4973.13
DIATREND,balanced_sex_smote,sex,smote,False,2,TAR_2,MAE,58.74
DIATREND,balanced_sex_smote,sex,smote,False,2,TAR_2,MAPE,0.2
DIATREND,balanced_sex_smote,sex,smote,False,2,ENTIRE,A,65.42
DIATREND,balanced_sex_smote,sex,smote,False,2,ENTIRE,B,29.99
DIATREND,balanced_sex_smote,sex,smote,False,2,ENTIRE,C,0.56
DIATREND,balanced_sex_smote,sex,smote,False,2,ENTIRE,D,3.95
DIATREND,balanced_sex_smote,sex,smote,False,2,ENTIRE,E,0.08
DIATREND,balanced_sex_smote,sex,smote,False,2,ENTIRE,A + B,95.41
DIATREND,balanced_sex_smote,sex,smote,False,2,ENTIRE,RMSE,44.36
DIATREND,balanced_sex_smote,sex,smote,False,2,ENTIRE,MSE,1967.77
DIATREND,balanced_sex_smote,sex,smote,False,2,ENTIRE,MAE,32.67
DIATREND,balanced_sex_smote,sex,smote,False,2,ENTIRE,MAPE,0.2
DIATREND,balanced_sex_smote,sex,smote,False,3,TBR_2,A,0.0
DIATREND,balanced_sex_smote,sex,smote,False,3,TBR_2,B,0.0
DIATREND,balanced_sex_smote,sex,smote,False,3,TBR_2,C,0.0
DIATREND,balanced_sex_smote,sex,smote,False,3,TBR_2,D,97.97
DIATREND,balanced_sex_smote,sex,smote,False,3,TBR_2,E,2.03
DIATREND,balanced_sex_smote,sex,smote,False,3,TBR_2,A + B,0.0
DIATREND,balanced_sex_smote,sex,smote,False,3,TBR_2,RMSE,72.23
DIATREND,balanced_sex_smote,sex,smote,False,3,TBR_2,MSE,5217.7
DIATREND,balanced_sex_smote,sex,smote,False,3,TBR_2,MAE,68.33
DIATREND,balanced_sex_smote,sex,smote,False,3,TBR_2,MAPE,1.5
DIATREND,balanced_sex_smote,sex,smote,False,3,TBR_1,A,0.21
DIATREND,balanced_sex_smote,sex,smote,False,3,TBR_1,B,0.0
DIATREND,balanced_sex_smote,sex,smote,False,3,TBR_1,C,0.0
DIATREND,balanced_sex_smote,sex,smote,False,3,TBR_1,D,98.04
DIATREND,balanced_sex_smote,sex,smote,False,3,TBR_1,E,1.75
DIATREND,balanced_sex_smote,sex,smote,False,3,TBR_1,A + B,0.21
DIATREND,balanced_sex_smote,sex,smote,False,3,TBR_1,RMSE,58.12
DIATREND,balanced_sex_smote,sex,smote,False,3,TBR_1,MSE,3377.88
DIATREND,balanced_sex_smote,sex,smote,False,3,TBR_1,MAE,54.32
DIATREND,balanced_sex_smote,sex,smote,False,3,TBR_1,MAPE,0.87
DIATREND,balanced_sex_smote,sex,smote,False,3,TIR,A,68.65
DIATREND,balanced_sex_smote,sex,smote,False,3,TIR,B,30.93
DIATREND,balanced_sex_smote,sex,smote,False,3,TIR,C,0.41
DIATREND,balanced_sex_smote,sex,smote,False,3,TIR,D,0.0
DIATREND,balanced_sex_smote,sex,smote,False,3,TIR,E,0.0
DIATREND,balanced_sex_smote,sex,smote,False,3,TIR,A + B,99.58
DIATREND,balanced_sex_smote,sex,smote,False,3,TIR,RMSE,28.74
DIATREND,balanced_sex_smote,sex,smote,False,3,TIR,MSE,825.77
DIATREND,balanced_sex_smote,sex,smote,False,3,TIR,MAE,21.32
DIATREND,balanced_sex_smote,sex,smote,False,3,TIR,MAPE,0.18
DIATREND,balanced_sex_smote,sex,smote,False,3,TAR_1,A,73.12
DIATREND,balanced_sex_smote,sex,smote,False,3,TAR_1,B,24.91
DIATREND,balanced_sex_smote,sex,smote,False,3,TAR_1,C,0.09
DIATREND,balanced_sex_smote,sex,smote,False,3,TAR_1,D,1.88
DIATREND,balanced_sex_smote,sex,smote,False,3,TAR_1,E,0.0
DIATREND,balanced_sex_smote,sex,smote,False,3,TAR_1,A + B,98.03
DIATREND,balanced_sex_smote,sex,smote,False,3,TAR_1,RMSE,40.19
DIATREND,balanced_sex_smote,sex,smote,False,3,TAR_1,MSE,1615.61
DIATREND,balanced_sex_smote,sex,smote,False,3,TAR_1,MAE,31.57
DIATREND,balanced_sex_smote,sex,smote,False,3,TAR_1,MAPE,0.15
DIATREND,balanced_sex_smote,sex,smote,False,3,TAR_2,A,58.78
DIATREND,balanced_sex_smote,sex,smote,False,3,TAR_2,B,34.05
DIATREND,balanced_sex_smote,sex,smote,False,3,TAR_2,C,0.0
DIATREND,balanced_sex_smote,sex,smote,False,3,TAR_2,D,7.18
DIATREND,balanced_sex_smote,sex,smote,False,3,TAR_2,E,0.0
DIATREND,balanced_sex_smote,sex,smote,False,3,TAR_2,A + B,92.83
DIATREND,balanced_sex_smote,sex,smote,False,3,TAR_2,RMSE,70.3
DIATREND,balanced_sex_smote,sex,smote,False,3,TAR_2,MSE,4942.19
DIATREND,balanced_sex_smote,sex,smote,False,3,TAR_2,MAE,59.59
DIATREND,balanced_sex_smote,sex,smote,False,3,TAR_2,MAPE,0.19
DIATREND,balanced_sex_smote,sex,smote,False,3,ENTIRE,A,66.98
DIATREND,balanced_sex_smote,sex,smote,False,3,ENTIRE,B,29.37
DIATREND,balanced_sex_smote,sex,smote,False,3,ENTIRE,C,0.24
DIATREND,balanced_sex_smote,sex,smote,False,3,ENTIRE,D,3.38
DIATREND,balanced_sex_smote,sex,smote,False,3,ENTIRE,E,0.03
DIATREND,balanced_sex_smote,sex,smote,False,3,ENTIRE,A + B,96.35
DIATREND,balanced_sex_smote,sex,smote,False,3,ENTIRE,RMSE,43.04
DIATREND,balanced_sex_smote,sex,smote,False,3,ENTIRE,MSE,1852.16
DIATREND,balanced_sex_smote,sex,smote,False,3,ENTIRE,MAE,31.8
DIATREND,balanced_sex_smote,sex,smote,False,3,ENTIRE,MAPE,0.19
DIATREND,balanced_sex_smote,sex,smote,False,4,TBR_2,A,0.0
DIATREND,balanced_sex_smote,sex,smote,False,4,TBR_2,B,0.0
DIATREND,balanced_sex_smote,sex,smote,False,4,TBR_2,C,0.0
DIATREND,balanced_sex_smote,sex,smote,False,4,TBR_2,D,97.92
DIATREND,balanced_sex_smote,sex,smote,False,4,TBR_2,E,2.08
DIATREND,balanced_sex_smote,sex,smote,False,4,TBR_2,A + B,0.0
DIATREND,balanced_sex_smote,sex,smote,False,4,TBR_2,RMSE,70.16
DIATREND,balanced_sex_smote,sex,smote,False,4,TBR_2,MSE,4921.97
DIATREND,balanced_sex_smote,sex,smote,False,4,TBR_2,MAE,65.27
DIATREND,balanced_sex_smote,sex,smote,False,4,TBR_2,MAPE,1.46
DIATREND,balanced_sex_smote,sex,smote,False,4,TBR_1,A,0.57
DIATREND,balanced_sex_smote,sex,smote,False,4,TBR_1,B,0.0
DIATREND,balanced_sex_smote,sex,smote,False,4,TBR_1,C,0.0
DIATREND,balanced_sex_smote,sex,smote,False,4,TBR_1,D,97.35
DIATREND,balanced_sex_smote,sex,smote,False,4,TBR_1,E,2.08
DIATREND,balanced_sex_smote,sex,smote,False,4,TBR_1,A + B,0.57
DIATREND,balanced_sex_smote,sex,smote,False,4,TBR_1,RMSE,58.8
DIATREND,balanced_sex_smote,sex,smote,False,4,TBR_1,MSE,3457.89
DIATREND,balanced_sex_smote,sex,smote,False,4,TBR_1,MAE,54.11
DIATREND,balanced_sex_smote,sex,smote,False,4,TBR_1,MAPE,0.87
DIATREND,balanced_sex_smote,sex,smote,False,4,TIR,A,65.11
DIATREND,balanced_sex_smote,sex,smote,False,4,TIR,B,34.34
DIATREND,balanced_sex_smote,sex,smote,False,4,TIR,C,0.55
DIATREND,balanced_sex_smote,sex,smote,False,4,TIR,D,0.0
DIATREND,balanced_sex_smote,sex,smote,False,4,TIR,E,0.0
DIATREND,balanced_sex_smote,sex,smote,False,4,TIR,A + B,99.45
DIATREND,balanced_sex_smote,sex,smote,False,4,TIR,RMSE,30.75
DIATREND,balanced_sex_smote,sex,smote,False,4,TIR,MSE,945.47
DIATREND,balanced_sex_smote,sex,smote,False,4,TIR,MAE,23.1
DIATREND,balanced_sex_smote,sex,smote,False,4,TIR,MAPE,0.19
DIATREND,balanced_sex_smote,sex,smote,False,4,TAR_1,A,68.71
DIATREND,balanced_sex_smote,sex,smote,False,4,TAR_1,B,28.84
DIATREND,balanced_sex_smote,sex,smote,False,4,TAR_1,C,0.09
DIATREND,balanced_sex_smote,sex,smote,False,4,TAR_1,D,2.36
DIATREND,balanced_sex_smote,sex,smote,False,4,TAR_1,E,0.0
DIATREND,balanced_sex_smote,sex,smote,False,4,TAR_1,A + B,97.55
DIATREND,balanced_sex_smote,sex,smote,False,4,TAR_1,RMSE,43.41
DIATREND,balanced_sex_smote,sex,smote,False,4,TAR_1,MSE,1884.3
DIATREND,balanced_sex_smote,sex,smote,False,4,TAR_1,MAE,34.12
DIATREND,balanced_sex_smote,sex,smote,False,4,TAR_1,MAPE,0.16
DIATREND,balanced_sex_smote,sex,smote,False,4,TAR_2,A,55.63
DIATREND,balanced_sex_smote,sex,smote,False,4,TAR_2,B,35.9
DIATREND,balanced_sex_smote,sex,smote,False,4,TAR_2,C,0.0
DIATREND,balanced_sex_smote,sex,smote,False,4,TAR_2,D,8.46
DIATREND,balanced_sex_smote,sex,smote,False,4,TAR_2,E,0.0
DIATREND,balanced_sex_smote,sex,smote,False,4,TAR_2,A + B,91.53
DIATREND,balanced_sex_smote,sex,smote,False,4,TAR_2,RMSE,72.76
DIATREND,balanced_sex_smote,sex,smote,False,4,TAR_2,MSE,5293.92
DIATREND,balanced_sex_smote,sex,smote,False,4,TAR_2,MAE,61.82
DIATREND,balanced_sex_smote,sex,smote,False,4,TAR_2,MAPE,0.2
DIATREND,balanced_sex_smote,sex,smote,False,4,ENTIRE,A,62.77
DIATREND,balanced_sex_smote,sex,smote,False,4,ENTIRE,B,32.34
DIATREND,balanced_sex_smote,sex,smote,False,4,ENTIRE,C,0.29
DIATREND,balanced_sex_smote,sex,smote,False,4,ENTIRE,D,4.55
DIATREND,balanced_sex_smote,sex,smote,False,4,ENTIRE,E,0.05
DIATREND,balanced_sex_smote,sex,smote,False,4,ENTIRE,A + B,95.11
DIATREND,balanced_sex_smote,sex,smote,False,4,ENTIRE,RMSE,46.58
DIATREND,balanced_sex_smote,sex,smote,False,4,ENTIRE,MSE,2169.35
DIATREND,balanced_sex_smote,sex,smote,False,4,ENTIRE,MAE,34.93
DIATREND,balanced_sex_smote,sex,smote,False,4,ENTIRE,MAPE,0.2
DIATREND,balanced_sex_smote,sex,smote,False,5,TBR_2,A,5.11
DIATREND,balanced_sex_smote,sex,smote,False,5,TBR_2,B,0.0
DIATREND,balanced_sex_smote,sex,smote,False,5,TBR_2,C,0.0
DIATREND,balanced_sex_smote,sex,smote,False,5,TBR_2,D,93.55
DIATREND,balanced_sex_smote,sex,smote,False,5,TBR_2,E,1.35
DIATREND,balanced_sex_smote,sex,smote,False,5,TBR_2,A + B,5.11
DIATREND,balanced_sex_smote,sex,smote,False,5,TBR_2,RMSE,66.91
DIATREND,balanced_sex_smote,sex,smote,False,5,TBR_2,MSE,4477.3
DIATREND,balanced_sex_smote,sex,smote,False,5,TBR_2,MAE,62.56
DIATREND,balanced_sex_smote,sex,smote,False,5,TBR_2,MAPE,1.39
DIATREND,balanced_sex_smote,sex,smote,False,5,TBR_1,A,0.85
DIATREND,balanced_sex_smote,sex,smote,False,5,TBR_1,B,0.0
DIATREND,balanced_sex_smote,sex,smote,False,5,TBR_1,C,0.0
DIATREND,balanced_sex_smote,sex,smote,False,5,TBR_1,D,97.55
DIATREND,balanced_sex_smote,sex,smote,False,5,TBR_1,E,1.6
DIATREND,balanced_sex_smote,sex,smote,False,5,TBR_1,A + B,0.85
DIATREND,balanced_sex_smote,sex,smote,False,5,TBR_1,RMSE,54.98
DIATREND,balanced_sex_smote,sex,smote,False,5,TBR_1,MSE,3023.05
DIATREND,balanced_sex_smote,sex,smote,False,5,TBR_1,MAE,50.89
DIATREND,balanced_sex_smote,sex,smote,False,5,TBR_1,MAPE,0.82
DIATREND,balanced_sex_smote,sex,smote,False,5,TIR,A,64.03
DIATREND,balanced_sex_smote,sex,smote,False,5,TIR,B,35.29
DIATREND,balanced_sex_smote,sex,smote,False,5,TIR,C,0.68
DIATREND,balanced_sex_smote,sex,smote,False,5,TIR,D,0.0
DIATREND,balanced_sex_smote,sex,smote,False,5,TIR,E,0.0
DIATREND,balanced_sex_smote,sex,smote,False,5,TIR,A + B,99.32
DIATREND,balanced_sex_smote,sex,smote,False,5,TIR,RMSE,30.87
DIATREND,balanced_sex_smote,sex,smote,False,5,TIR,MSE,953.08
DIATREND,balanced_sex_smote,sex,smote,False,5,TIR,MAE,22.85
DIATREND,balanced_sex_smote,sex,smote,False,5,TIR,MAPE,0.2
DIATREND,balanced_sex_smote,sex,smote,False,5,TAR_1,A,71.17
DIATREND,balanced_sex_smote,sex,smote,False,5,TAR_1,B,26.42
DIATREND,balanced_sex_smote,sex,smote,False,5,TAR_1,C,0.29
DIATREND,balanced_sex_smote,sex,smote,False,5,TAR_1,D,2.12
DIATREND,balanced_sex_smote,sex,smote,False,5,TAR_1,E,0.0
DIATREND,balanced_sex_smote,sex,smote,False,5,TAR_1,A + B,97.59
DIATREND,balanced_sex_smote,sex,smote,False,5,TAR_1,RMSE,42.64
DIATREND,balanced_sex_smote,sex,smote,False,5,TAR_1,MSE,1818.43
DIATREND,balanced_sex_smote,sex,smote,False,5,TAR_1,MAE,33.02
DIATREND,balanced_sex_smote,sex,smote,False,5,TAR_1,MAPE,0.15
DIATREND,balanced_sex_smote,sex,smote,False,5,TAR_2,A,58.17
DIATREND,balanced_sex_smote,sex,smote,False,5,TAR_2,B,33.12
DIATREND,balanced_sex_smote,sex,smote,False,5,TAR_2,C,0.0
DIATREND,balanced_sex_smote,sex,smote,False,5,TAR_2,D,8.7
DIATREND,balanced_sex_smote,sex,smote,False,5,TAR_2,E,0.0
DIATREND,balanced_sex_smote,sex,smote,False,5,TAR_2,A + B,91.29
DIATREND,balanced_sex_smote,sex,smote,False,5,TAR_2,RMSE,76.94
DIATREND,balanced_sex_smote,sex,smote,False,5,TAR_2,MSE,5920.46
DIATREND,balanced_sex_smote,sex,smote,False,5,TAR_2,MAE,64.06
DIATREND,balanced_sex_smote,sex,smote,False,5,TAR_2,MAPE,0.2
DIATREND,balanced_sex_smote,sex,smote,False,5,ENTIRE,A,62.89
DIATREND,balanced_sex_smote,sex,smote,False,5,ENTIRE,B,31.67
DIATREND,balanced_sex_smote,sex,smote,False,5,ENTIRE,C,0.42
DIATREND,balanced_sex_smote,sex,smote,False,5,ENTIRE,D,4.97
DIATREND,balanced_sex_smote,sex,smote,False,5,ENTIRE,E,0.04
DIATREND,balanced_sex_smote,sex,smote,False,5,ENTIRE,A + B,94.56
DIATREND,balanced_sex_smote,sex,smote,False,5,ENTIRE,RMSE,47.65
DIATREND,balanced_sex_smote,sex,smote,False,5,ENTIRE,MSE,2270.15
DIATREND,balanced_sex_smote,sex,smote,False,5,ENTIRE,MAE,34.81
DIATREND,balanced_sex_smote,sex,smote,False,5,ENTIRE,MAPE,0.21
DIATREND,balanced_sex_undersampling,sex,undersampling,False,1,TBR_2,A,0.0
DIATREND,balanced_sex_undersampling,sex,undersampling,False,1,TBR_2,B,0.0
DIATREND,balanced_sex_undersampling,sex,undersampling,False,1,TBR_2,C,0.0
DIATREND,balanced_sex_undersampling,sex,undersampling,False,1,TBR_2,D,95.56
DIATREND,balanced_sex_undersampling,sex,undersampling,False,1,TBR_2,E,4.44
DIATREND,balanced_sex_undersampling,sex,undersampling,False,1,TBR_2,A + B,0.0
DIATREND,balanced_sex_undersampling,sex,undersampling,False,1,TBR_2,RMSE,83.91
DIATREND,balanced_sex_undersampling,sex,undersampling,False,1,TBR_2,MSE,7041.08
DIATREND,balanced_sex_undersampling,sex,undersampling,False,1,TBR_2,MAE,79.39
DIATREND,balanced_sex_undersampling,sex,undersampling,False,1,TBR_2,MAPE,1.72
DIATREND,balanced_sex_undersampling,sex,undersampling,False,1,TBR_1,A,0.0
DIATREND,balanced_sex_undersampling,sex,undersampling,False,1,TBR_1,B,0.0
DIATREND,balanced_sex_undersampling,sex,undersampling,False,1,TBR_1,C,0.0
DIATREND,balanced_sex_undersampling,sex,undersampling,False,1,TBR_1,D,96.35
DIATREND,balanced_sex_undersampling,sex,undersampling,False,1,TBR_1,E,3.65
DIATREND,balanced_sex_undersampling,sex,undersampling,False,1,TBR_1,A + B,0.0
DIATREND,balanced_sex_undersampling,sex,undersampling,False,1,TBR_1,RMSE,64.47
DIATREND,balanced_sex_undersampling,sex,undersampling,False,1,TBR_1,MSE,4156.81
DIATREND,balanced_sex_undersampling,sex,undersampling,False,1,TBR_1,MAE,59.37
DIATREND,balanced_sex_undersampling,sex,undersampling,False,1,TBR_1,MAPE,0.95
DIATREND,balanced_sex_undersampling,sex,undersampling,False,1,TIR,A,67.87
DIATREND,balanced_sex_undersampling,sex,undersampling,False,1,TIR,B,31.6
DIATREND,balanced_sex_undersampling,sex,undersampling,False,1,TIR,C,0.53
DIATREND,balanced_sex_undersampling,sex,undersampling,False,1,TIR,D,0.0
DIATREND,balanced_sex_undersampling,sex,undersampling,False,1,TIR,E,0.0
DIATREND,balanced_sex_undersampling,sex,undersampling,False,1,TIR,A + B,99.47
DIATREND,balanced_sex_undersampling,sex,undersampling,False,1,TIR,RMSE,30.49
DIATREND,balanced_sex_undersampling,sex,undersampling,False,1,TIR,MSE,929.53
DIATREND,balanced_sex_undersampling,sex,undersampling,False,1,TIR,MAE,22.6
DIATREND,balanced_sex_undersampling,sex,undersampling,False,1,TIR,MAPE,0.18
DIATREND,balanced_sex_undersampling,sex,undersampling,False,1,TAR_1,A,71.11
DIATREND,balanced_sex_undersampling,sex,undersampling,False,1,TAR_1,B,26.72
DIATREND,balanced_sex_undersampling,sex,undersampling,False,1,TAR_1,C,0.04
DIATREND,balanced_sex_undersampling,sex,undersampling,False,1,TAR_1,D,2.13
DIATREND,balanced_sex_undersampling,sex,undersampling,False,1,TAR_1,E,0.0
DIATREND,balanced_sex_undersampling,sex,undersampling,False,1,TAR_1,A + B,97.83
DIATREND,balanced_sex_undersampling,sex,undersampling,False,1,TAR_1,RMSE,41.74
DIATREND,balanced_sex_undersampling,sex,undersampling,False,1,TAR_1,MSE,1742.37
DIATREND,balanced_sex_undersampling,sex,undersampling,False,1,TAR_1,MAE,32.58
DIATREND,balanced_sex_undersampling,sex,undersampling,False,1,TAR_1,MAPE,0.15
DIATREND,balanced_sex_undersampling,sex,undersampling,False,1,TAR_2,A,57.33
DIATREND,balanced_sex_undersampling,sex,undersampling,False,1,TAR_2,B,31.87
DIATREND,balanced_sex_undersampling,sex,undersampling,False,1,TAR_2,C,0.0
DIATREND,balanced_sex_undersampling,sex,undersampling,False,1,TAR_2,D,10.8
DIATREND,balanced_sex_undersampling,sex,undersampling,False,1,TAR_2,E,0.0
DIATREND,balanced_sex_undersampling,sex,undersampling,False,1,TAR_2,A + B,89.2
DIATREND,balanced_sex_undersampling,sex,undersampling,False,1,TAR_2,RMSE,70.98
DIATREND,balanced_sex_undersampling,sex,undersampling,False,1,TAR_2,MSE,5038.17
DIATREND,balanced_sex_undersampling,sex,undersampling,False,1,TAR_2,MAE,58.87
DIATREND,balanced_sex_undersampling,sex,undersampling,False,1,TAR_2,MAPE,0.2
DIATREND,balanced_sex_undersampling,sex,undersampling,False,1,ENTIRE,A,66.71
DIATREND,balanced_sex_undersampling,sex,undersampling,False,1,ENTIRE,B,29.76
DIATREND,balanced_sex_undersampling,sex,undersampling,False,1,ENTIRE,C,0.28
DIATREND,balanced_sex_undersampling,sex,undersampling,False,1,ENTIRE,D,3.22
DIATREND,balanced_sex_undersampling,sex,undersampling,False,1,ENTIRE,E,0.03
DIATREND,balanced_sex_undersampling,sex,undersampling,False,1,ENTIRE,A + B,96.47
DIATREND,balanced_sex_undersampling,sex,undersampling,False,1,ENTIRE,RMSE,43.26
DIATREND,balanced_sex_undersampling,sex,undersampling,False,1,ENTIRE,MSE,1871.58
DIATREND,balanced_sex_undersampling,sex,undersampling,False,1,ENTIRE,MAE,31.9
DIATREND,balanced_sex_undersampling,sex,undersampling,False,1,ENTIRE,MAPE,0.18
DIATREND,balanced_sex_undersampling,sex,undersampling,False,2,TBR_2,A,0.0
DIATREND,balanced_sex_undersampling,sex,undersampling,False,2,TBR_2,B,0.0
DIATREND,balanced_sex_undersampling,sex,undersampling,False,2,TBR_2,C,0.0
DIATREND,balanced_sex_undersampling,sex,undersampling,False,2,TBR_2,D,93.28
DIATREND,balanced_sex_undersampling,sex,undersampling,False,2,TBR_2,E,6.72
DIATREND,balanced_sex_undersampling,sex,undersampling,False,2,TBR_2,A + B,0.0
DIATREND,balanced_sex_undersampling,sex,undersampling,False,2,TBR_2,RMSE,84.81
DIATREND,balanced_sex_undersampling,sex,undersampling,False,2,TBR_2,MSE,7192.61
DIATREND,balanced_sex_undersampling,sex,undersampling,False,2,TBR_2,MAE,79.26
DIATREND,balanced_sex_undersampling,sex,undersampling,False,2,TBR_2,MAPE,1.74
DIATREND,balanced_sex_undersampling,sex,undersampling,False,2,TBR_1,A,0.0
DIATREND,balanced_sex_undersampling,sex,undersampling,False,2,TBR_1,B,0.0
DIATREND,balanced_sex_undersampling,sex,undersampling,False,2,TBR_1,C,0.0
DIATREND,balanced_sex_undersampling,sex,undersampling,False,2,TBR_1,D,94.91
DIATREND,balanced_sex_undersampling,sex,undersampling,False,2,TBR_1,E,5.09
DIATREND,balanced_sex_undersampling,sex,undersampling,False,2,TBR_1,A + B,0.0
DIATREND,balanced_sex_undersampling,sex,undersampling,False,2,TBR_1,RMSE,65.82
DIATREND,balanced_sex_undersampling,sex,undersampling,False,2,TBR_1,MSE,4332.42
DIATREND,balanced_sex_undersampling,sex,undersampling,False,2,TBR_1,MAE,59.78
DIATREND,balanced_sex_undersampling,sex,undersampling,False,2,TBR_1,MAPE,0.96
DIATREND,balanced_sex_undersampling,sex,undersampling,False,2,TIR,A,66.74
DIATREND,balanced_sex_undersampling,sex,undersampling,False,2,TIR,B,32.2
DIATREND,balanced_sex_undersampling,sex,undersampling,False,2,TIR,C,1.06
DIATREND,balanced_sex_undersampling,sex,undersampling,False,2,TIR,D,0.0
DIATREND,balanced_sex_undersampling,sex,undersampling,False,2,TIR,E,0.0
DIATREND,balanced_sex_undersampling,sex,undersampling,False,2,TIR,A + B,98.94
DIATREND,balanced_sex_undersampling,sex,undersampling,False,2,TIR,RMSE,32.1
DIATREND,balanced_sex_undersampling,sex,undersampling,False,2,TIR,MSE,1030.13
DIATREND,balanced_sex_undersampling,sex,undersampling,False,2,TIR,MAE,23.01
DIATREND,balanced_sex_undersampling,sex,undersampling,False,2,TIR,MAPE,0.19
DIATREND,balanced_sex_undersampling,sex,undersampling,False,2,TAR_1,A,70.17
DIATREND,balanced_sex_undersampling,sex,undersampling,False,2,TAR_1,B,27.6
DIATREND,balanced_sex_undersampling,sex,undersampling,False,2,TAR_1,C,0.12
DIATREND,balanced_sex_undersampling,sex,undersampling,False,2,TAR_1,D,2.11
DIATREND,balanced_sex_undersampling,sex,undersampling,False,2,TAR_1,E,0.0
DIATREND,balanced_sex_undersampling,sex,undersampling,False,2,TAR_1,A + B,97.77
DIATREND,balanced_sex_undersampling,sex,undersampling,False,2,TAR_1,RMSE,42.41
DIATREND,balanced_sex_undersampling,sex,undersampling,False,2,TAR_1,MSE,1798.94
DIATREND,balanced_sex_undersampling,sex,undersampling,False,2,TAR_1,MAE,33.4
DIATREND,balanced_sex_undersampling,sex,undersampling,False,2,TAR_1,MAPE,0.16
DIATREND,balanced_sex_undersampling,sex,undersampling,False,2,TAR_2,A,58.66
DIATREND,balanced_sex_undersampling,sex,undersampling,False,2,TAR_2,B,31.53
DIATREND,balanced_sex_undersampling,sex,undersampling,False,2,TAR_2,C,0.0
DIATREND,balanced_sex_undersampling,sex,undersampling,False,2,TAR_2,D,9.81
DIATREND,balanced_sex_undersampling,sex,undersampling,False,2,TAR_2,E,0.0
DIATREND,balanced_sex_undersampling,sex,undersampling,False,2,TAR_2,A + B,90.19
DIATREND,balanced_sex_undersampling,sex,undersampling,False,2,TAR_2,RMSE,70.58
DIATREND,balanced_sex_undersampling,sex,undersampling,False,2,TAR_2,MSE,4981.04
DIATREND,balanced_sex_undersampling,sex,undersampling,False,2,TAR_2,MAE,58.89
DIATREND,balanced_sex_undersampling,sex,undersampling,False,2,TAR_2,MAPE,0.2
DIATREND,balanced_sex_undersampling,sex,undersampling,False,2,ENTIRE,A,65.32
DIATREND,balanced_sex_undersampling,sex,undersampling,False,2,ENTIRE,B,30.16
DIATREND,balanced_sex_undersampling,sex,undersampling,False,2,ENTIRE,C,0.59
DIATREND,balanced_sex_undersampling,sex,undersampling,False,2,ENTIRE,D,3.85
DIATREND,balanced_sex_undersampling,sex,undersampling,False,2,ENTIRE,E,0.09
DIATREND,balanced_sex_undersampling,sex,undersampling,False,2,ENTIRE,A + B,95.48
DIATREND,balanced_sex_undersampling,sex,undersampling,False,2,ENTIRE,RMSE,44.37
DIATREND,balanced_sex_undersampling,sex,undersampling,False,2,ENTIRE,MSE,1968.52
DIATREND,balanced_sex_undersampling,sex,undersampling,False,2,ENTIRE,MAE,32.65
DIATREND,balanced_sex_undersampling,sex,undersampling,False,2,ENTIRE,MAPE,0.2
DIATREND,balanced_sex_undersampling,sex,undersampling,False,3,TBR_2,A,0.0
DIATREND,balanced_sex_undersampling,sex,undersampling,False,3,TBR_2,B,0.0
DIATREND,balanced_sex_undersampling,sex,undersampling,False,3,TBR_2,C,0.0
DIATREND,balanced_sex_undersampling,sex,undersampling,False,3,TBR_2,D,97.65
DIATREND,balanced_sex_undersampling,sex,undersampling,False,3,TBR_2,E,2.35
DIATREND,balanced_sex_undersampling,sex,undersampling,False,3,TBR_2,A + B,0.0
DIATREND,balanced_sex_undersampling,sex,undersampling,False,3,TBR_2,RMSE,75.16
DIATREND,balanced_sex_undersampling,sex,undersampling,False,3,TBR_2,MSE,5648.29
DIATREND,balanced_sex_undersampling,sex,undersampling,False,3,TBR_2,MAE,72.7
DIATREND,balanced_sex_undersampling,sex,undersampling,False,3,TBR_2,MAPE,1.6
DIATREND,balanced_sex_undersampling,sex,undersampling,False,3,TBR_1,A,0.0
DIATREND,balanced_sex_undersampling,sex,undersampling,False,3,TBR_1,B,0.0
DIATREND,balanced_sex_undersampling,sex,undersampling,False,3,TBR_1,C,0.0
DIATREND,balanced_sex_undersampling,sex,undersampling,False,3,TBR_1,D,97.94
DIATREND,balanced_sex_undersampling,sex,undersampling,False,3,TBR_1,E,2.06
DIATREND,balanced_sex_undersampling,sex,undersampling,False,3,TBR_1,A + B,0.0
DIATREND,balanced_sex_undersampling,sex,undersampling,False,3,TBR_1,RMSE,60.35
DIATREND,balanced_sex_undersampling,sex,undersampling,False,3,TBR_1,MSE,3642.23
DIATREND,balanced_sex_undersampling,sex,undersampling,False,3,TBR_1,MAE,57.47
DIATREND,balanced_sex_undersampling,sex,undersampling,False,3,TBR_1,MAPE,0.92
DIATREND,balanced_sex_undersampling,sex,undersampling,False,3,TIR,A,66.9
DIATREND,balanced_sex_undersampling,sex,undersampling,False,3,TIR,B,32.67
DIATREND,balanced_sex_undersampling,sex,undersampling,False,3,TIR,C,0.43
DIATREND,balanced_sex_undersampling,sex,undersampling,False,3,TIR,D,0.0
DIATREND,balanced_sex_undersampling,sex,undersampling,False,3,TIR,E,0.0
DIATREND,balanced_sex_undersampling,sex,undersampling,False,3,TIR,A + B,99.57
DIATREND,balanced_sex_undersampling,sex,undersampling,False,3,TIR,RMSE,29.04
DIATREND,balanced_sex_undersampling,sex,undersampling,False,3,TIR,MSE,843.13
DIATREND,balanced_sex_undersampling,sex,undersampling,False,3,TIR,MAE,21.8
DIATREND,balanced_sex_undersampling,sex,undersampling,False,3,TIR,MAPE,0.19
DIATREND,balanced_sex_undersampling,sex,undersampling,False,3,TAR_1,A,73.77
DIATREND,balanced_sex_undersampling,sex,undersampling,False,3,TAR_1,B,24.32
DIATREND,balanced_sex_undersampling,sex,undersampling,False,3,TAR_1,C,0.05
DIATREND,balanced_sex_undersampling,sex,undersampling,False,3,TAR_1,D,1.86
DIATREND,balanced_sex_undersampling,sex,undersampling,False,3,TAR_1,E,0.0
DIATREND,balanced_sex_undersampling,sex,undersampling,False,3,TAR_1,A + B,98.09
DIATREND,balanced_sex_undersampling,sex,undersampling,False,3,TAR_1,RMSE,39.61
DIATREND,balanced_sex_undersampling,sex,undersampling,False,3,TAR_1,MSE,1568.93
DIATREND,balanced_sex_undersampling,sex,undersampling,False,3,TAR_1,MAE,31.24
DIATREND,balanced_sex_undersampling,sex,undersampling,False,3,TAR_1,MAPE,0.15
DIATREND,balanced_sex_undersampling,sex,undersampling,False,3,TAR_2,A,56.22
DIATREND,balanced_sex_undersampling,sex,undersampling,False,3,TAR_2,B,36.73
DIATREND,balanced_sex_undersampling,sex,undersampling,False,3,TAR_2,C,0.0
DIATREND,balanced_sex_undersampling,sex,undersampling,False,3,TAR_2,D,7.04
DIATREND,balanced_sex_undersampling,sex,undersampling,False,3,TAR_2,E,0.0
DIATREND,balanced_sex_undersampling,sex,undersampling,False,3,TAR_2,A + B,92.95
DIATREND,balanced_sex_undersampling,sex,undersampling,False,3,TAR_2,RMSE,71.73
DIATREND,balanced_sex_undersampling,sex,undersampling,False,3,TAR_2,MSE,5144.56
DIATREND,balanced_sex_undersampling,sex,undersampling,False,3,TAR_2,MAE,61.34
DIATREND,balanced_sex_undersampling,sex,undersampling,False,3,TAR_2,MAPE,0.2
DIATREND,balanced_sex_undersampling,sex,undersampling,False,3,ENTIRE,A,65.77
DIATREND,balanced_sex_undersampling,sex,undersampling,False,3,ENTIRE,B,30.61
DIATREND,balanced_sex_undersampling,sex,undersampling,False,3,ENTIRE,C,0.24
DIATREND,balanced_sex_undersampling,sex,undersampling,False,3,ENTIRE,D,3.34
DIATREND,balanced_sex_undersampling,sex,undersampling,False,3,ENTIRE,E,0.03
DIATREND,balanced_sex_undersampling,sex,undersampling,False,3,ENTIRE,A + B,96.38
DIATREND,balanced_sex_undersampling,sex,undersampling,False,3,ENTIRE,RMSE,43.48
DIATREND,balanced_sex_undersampling,sex,undersampling,False,3,ENTIRE,MSE,1890.58
DIATREND,balanced_sex_undersampling,sex,undersampling,False,3,ENTIRE,MAE,32.33
DIATREND,balanced_sex_undersampling,sex,undersampling,False,3,ENTIRE,MAPE,0.19
DIATREND,balanced_sex_undersampling,sex,undersampling,False,4,TBR_2,A,0.0
DIATREND,balanced_sex_undersampling,sex,undersampling,False,4,TBR_2,B,0.0
DIATREND,balanced_sex_undersampling,sex,undersampling,False,4,TBR_2,C,0.0
DIATREND,balanced_sex_undersampling,sex,undersampling,False,4,TBR_2,D,97.76
DIATREND,balanced_sex_undersampling,sex,undersampling,False,4,TBR_2,E,2.24
DIATREND,balanced_sex_undersampling,sex,undersampling,False,4,TBR_2,A + B,0.0
DIATREND,balanced_sex_undersampling,sex,undersampling,False,4,TBR_2,RMSE,71.1
DIATREND,balanced_sex_undersampling,sex,undersampling,False,4,TBR_2,MSE,5055.29
DIATREND,balanced_sex_undersampling,sex,undersampling,False,4,TBR_2,MAE,67.85
DIATREND,balanced_sex_undersampling,sex,undersampling,False,4,TBR_2,MAPE,1.52
DIATREND,balanced_sex_undersampling,sex,undersampling,False,4,TBR_1,A,0.0
DIATREND,balanced_sex_undersampling,sex,undersampling,False,4,TBR_1,B,0.0
DIATREND,balanced_sex_undersampling,sex,undersampling,False,4,TBR_1,C,0.0
DIATREND,balanced_sex_undersampling,sex,undersampling,False,4,TBR_1,D,97.68
DIATREND,balanced_sex_undersampling,sex,undersampling,False,4,TBR_1,E,2.32
DIATREND,balanced_sex_undersampling,sex,undersampling,False,4,TBR_1,A + B,0.0
DIATREND,balanced_sex_undersampling,sex,undersampling,False,4,TBR_1,RMSE,57.45
DIATREND,balanced_sex_undersampling,sex,undersampling,False,4,TBR_1,MSE,3300.35
DIATREND,balanced_sex_undersampling,sex,undersampling,False,4,TBR_1,MAE,53.32
DIATREND,balanced_sex_undersampling,sex,undersampling,False,4,TBR_1,MAPE,0.86
DIATREND,balanced_sex_undersampling,sex,undersampling,False,4,TIR,A,64.49
DIATREND,balanced_sex_undersampling,sex,undersampling,False,4,TIR,B,34.92
DIATREND,balanced_sex_undersampling,sex,undersampling,False,4,TIR,C,0.59
DIATREND,balanced_sex_undersampling,sex,undersampling,False,4,TIR,D,0.0
DIATREND,balanced_sex_undersampling,sex,undersampling,False,4,TIR,E,0.0
DIATREND,balanced_sex_undersampling,sex,undersampling,False,4,TIR,A + B,99.41
DIATREND,balanced_sex_undersampling,sex,undersampling,False,4,TIR,RMSE,31.07
DIATREND,balanced_sex_undersampling,sex,undersampling,False,4,TIR,MSE,965.1
DIATREND,balanced_sex_undersampling,sex,undersampling,False,4,TIR,MAE,23.31
DIATREND,balanced_sex_undersampling,sex,undersampling,False,4,TIR,MAPE,0.19
DIATREND,balanced_sex_undersampling,sex,undersampling,False,4,TAR_1,A,69.23
DIATREND,balanced_sex_undersampling,sex,undersampling,False,4,TAR_1,B,28.38
DIATREND,balanced_sex_undersampling,sex,undersampling,False,4,TAR_1,C,0.1
DIATREND,balanced_sex_undersampling,sex,undersampling,False,4,TAR_1,D,2.29
DIATREND,balanced_sex_undersampling,sex,undersampling,False,4,TAR_1,E,0.0
DIATREND,balanced_sex_undersampling,sex,undersampling,False,4,TAR_1,A + B,97.61
DIATREND,balanced_sex_undersampling,sex,undersampling,False,4,TAR_1,RMSE,43.6
DIATREND,balanced_sex_undersampling,sex,undersampling,False,4,TAR_1,MSE,1900.92
DIATREND,balanced_sex_undersampling,sex,undersampling,False,4,TAR_1,MAE,33.89
DIATREND,balanced_sex_undersampling,sex,undersampling,False,4,TAR_1,MAPE,0.16
DIATREND,balanced_sex_undersampling,sex,undersampling,False,4,TAR_2,A,57.02
DIATREND,balanced_sex_undersampling,sex,undersampling,False,4,TAR_2,B,34.82
DIATREND,balanced_sex_undersampling,sex,undersampling,False,4,TAR_2,C,0.0
DIATREND,balanced_sex_undersampling,sex,undersampling,False,4,TAR_2,D,8.16
DIATREND,balanced_sex_undersampling,sex,undersampling,False,4,TAR_2,E,0.0
DIATREND,balanced_sex_undersampling,sex,undersampling,False,4,TAR_2,A + B,91.84
DIATREND,balanced_sex_undersampling,sex,undersampling,False,4,TAR_2,RMSE,71.99
DIATREND,balanced_sex_undersampling,sex,undersampling,False,4,TAR_2,MSE,5182.6
DIATREND,balanced_sex_undersampling,sex,undersampling,False,4,TAR_2,MAE,60.84
DIATREND,balanced_sex_undersampling,sex,undersampling,False,4,TAR_2,MAPE,0.2
DIATREND,balanced_sex_undersampling,sex,undersampling,False,4,ENTIRE,A,62.89
DIATREND,balanced_sex_undersampling,sex,undersampling,False,4,ENTIRE,B,32.27
DIATREND,balanced_sex_undersampling,sex,undersampling,False,4,ENTIRE,C,0.32
DIATREND,balanced_sex_undersampling,sex,undersampling,False,4,ENTIRE,D,4.48
DIATREND,balanced_sex_undersampling,sex,undersampling,False,4,ENTIRE,E,0.05
DIATREND,balanced_sex_undersampling,sex,undersampling,False,4,ENTIRE,A + B,95.16
DIATREND,balanced_sex_undersampling,sex,undersampling,False,4,ENTIRE,RMSE,46.47
DIATREND,balanced_sex_undersampling,sex,undersampling,False,4,ENTIRE,MSE,2159.32
DIATREND,balanced_sex_undersampling,sex,undersampling,False,4,ENTIRE,MAE,34.77
DIATREND,balanced_sex_undersampling,sex,undersampling,False,4,ENTIRE,MAPE,0.2
DIATREND,balanced_sex_undersampling,sex,undersampling,False,5,TBR_2,A,0.0
DIATREND,balanced_sex_undersampling,sex,undersampling,False,5,TBR_2,B,0.0
DIATREND,balanced_sex_undersampling,sex,undersampling,False,5,TBR_2,C,0.0
DIATREND,balanced_sex_undersampling,sex,undersampling,False,5,TBR_2,D,98.56
DIATREND,balanced_sex_undersampling,sex,undersampling,False,5,TBR_2,E,1.44
DIATREND,balanced_sex_undersampling,sex,undersampling,False,5,TBR_2,A + B,0.0
DIATREND,balanced_sex_undersampling,sex,undersampling,False,5,TBR_2,RMSE,65.99
DIATREND,balanced_sex_undersampling,sex,undersampling,False,5,TBR_2,MSE,4354.25
DIATREND,balanced_sex_undersampling,sex,undersampling,False,5,TBR_2,MAE,62.78
DIATREND,balanced_sex_undersampling,sex,undersampling,False,5,TBR_2,MAPE,1.4
DIATREND,balanced_sex_undersampling,sex,undersampling,False,5,TBR_1,A,0.0
DIATREND,balanced_sex_undersampling,sex,undersampling,False,5,TBR_1,B,0.0
DIATREND,balanced_sex_undersampling,sex,undersampling,False,5,TBR_1,C,0.0
DIATREND,balanced_sex_undersampling,sex,undersampling,False,5,TBR_1,D,98.41
DIATREND,balanced_sex_undersampling,sex,undersampling,False,5,TBR_1,E,1.59
DIATREND,balanced_sex_undersampling,sex,undersampling,False,5,TBR_1,A + B,0.0
DIATREND,balanced_sex_undersampling,sex,undersampling,False,5,TBR_1,RMSE,53.4
DIATREND,balanced_sex_undersampling,sex,undersampling,False,5,TBR_1,MSE,2851.29
DIATREND,balanced_sex_undersampling,sex,undersampling,False,5,TBR_1,MAE,49.47
DIATREND,balanced_sex_undersampling,sex,undersampling,False,5,TBR_1,MAPE,0.79
DIATREND,balanced_sex_undersampling,sex,undersampling,False,5,TIR,A,65.09
DIATREND,balanced_sex_undersampling,sex,undersampling,False,5,TIR,B,34.23
DIATREND,balanced_sex_undersampling,sex,undersampling,False,5,TIR,C,0.68
DIATREND,balanced_sex_undersampling,sex,undersampling,False,5,TIR,D,0.0
DIATREND,balanced_sex_undersampling,sex,undersampling,False,5,TIR,E,0.0
DIATREND,balanced_sex_undersampling,sex,undersampling,False,5,TIR,A + B,99.32
DIATREND,balanced_sex_undersampling,sex,undersampling,False,5,TIR,RMSE,30.5
DIATREND,balanced_sex_undersampling,sex,undersampling,False,5,TIR,MSE,930.3
DIATREND,balanced_sex_undersampling,sex,undersampling,False,5,TIR,MAE,22.41
DIATREND,balanced_sex_undersampling,sex,undersampling,False,5,TIR,MAPE,0.19
DIATREND,balanced_sex_undersampling,sex,undersampling,False,5,TAR_1,A,70.22
DIATREND,balanced_sex_undersampling,sex,undersampling,False,5,TAR_1,B,27.32
DIATREND,balanced_sex_undersampling,sex,undersampling,False,5,TAR_1,C,0.28
DIATREND,balanced_sex_undersampling,sex,undersampling,False,5,TAR_1,D,2.19
DIATREND,balanced_sex_undersampling,sex,undersampling,False,5,TAR_1,E,0.0
DIATREND,balanced_sex_undersampling,sex,undersampling,False,5,TAR_1,A + B,97.54
DIATREND,balanced_sex_undersampling,sex,undersampling,False,5,TAR_1,RMSE,43.69
DIATREND,balanced_sex_undersampling,sex,undersampling,False,5,TAR_1,MSE,1908.89
DIATREND,balanced_sex_undersampling,sex,undersampling,False,5,TAR_1,MAE,33.86
DIATREND,balanced_sex_undersampling,sex,undersampling,False,5,TAR_1,MAPE,0.16
DIATREND,balanced_sex_undersampling,sex,undersampling,False,5,TAR_2,A,57.75
DIATREND,balanced_sex_undersampling,sex,undersampling,False,5,TAR_2,B,33.32
DIATREND,balanced_sex_undersampling,sex,undersampling,False,5,TAR_2,C,0.0
DIATREND,balanced_sex_undersampling,sex,undersampling,False,5,TAR_2,D,8.93
DIATREND,balanced_sex_undersampling,sex,undersampling,False,5,TAR_2,E,0.0
DIATREND,balanced_sex_undersampling,sex,undersampling,False,5,TAR_2,A + B,91.07
DIATREND,balanced_sex_undersampling,sex,undersampling,False,5,TAR_2,RMSE,77.69
DIATREND,balanced_sex_undersampling,sex,undersampling,False,5,TAR_2,MSE,6035.45
DIATREND,balanced_sex_undersampling,sex,undersampling,False,5,TAR_2,MAE,64.72
DIATREND,balanced_sex_undersampling,sex,undersampling,False,5,TAR_2,MAPE,0.2
DIATREND,balanced_sex_undersampling,sex,undersampling,False,5,ENTIRE,A,63.06
DIATREND,balanced_sex_undersampling,sex,undersampling,False,5,ENTIRE,B,31.4
DIATREND,balanced_sex_undersampling,sex,undersampling,False,5,ENTIRE,C,0.42
DIATREND,balanced_sex_undersampling,sex,undersampling,False,5,ENTIRE,D,5.09
DIATREND,balanced_sex_undersampling,sex,undersampling,False,5,ENTIRE,E,0.04
DIATREND,balanced_sex_undersampling,sex,undersampling,False,5,ENTIRE,A + B,94.46
DIATREND,balanced_sex_undersampling,sex,undersampling,False,5,ENTIRE,RMSE,47.96
DIATREND,balanced_sex_undersampling,sex,undersampling,False,5,ENTIRE,MSE,2300.45
DIATREND,balanced_sex_undersampling,sex,undersampling,False,5,ENTIRE,MAE,34.9
DIATREND,balanced_sex_undersampling,sex,undersampling,False,5,ENTIRE,MAPE,0.21
DIATREND,original,,original,True,1,TBR_2,A,0.0
DIATREND,original,,original,True,1,TBR_2,B,0.0
DIATREND,original,,original,True,1,TBR_2,C,0.0
DIATREND,original,,original,True,1,TBR_2,D,95.03
DIATREND,original,,original,True,1,TBR_2,E,4.97
DIATREND,original,,original,True,1,TBR_2,A + B,0.0
DIATREND,original,,original,True,1,TBR_2,RMSE,82.71
DIATREND,original,,original,True,1,TBR_2,MSE,6841.65
DIATREND,original,,original,True,1,TBR_2,MAE,77.72
DIATREND,original,,original,True,1,TBR_2,MAPE,1.69
DIATREND,original,,original,True,1,TBR_1,A,0.0
DIATREND,original,,original,True,1,TBR_1,B,0.0
DIATREND,original,,original,True,1,TBR_1,C,0.0
DIATREND,original,,original,True,1,TBR_1,D,96.22
DIATREND,original,,original,True,1,TBR_1,E,3.78
DIATREND,original,,original,True,1,TBR_1,A + B,0.0
DIATREND,original,,original,True,1,TBR_1,RMSE,63.37
DIATREND,original,,original,True,1,TBR_1,MSE,4015.2
DIATREND,original,,original,True,1,TBR_1,MAE,57.8
DIATREND,original,,original,True,1,TBR_1,MAPE,0.92
DIATREND,original,,original,True,1,TIR,A,67.93
DIATREND,original,,original,True,1,TIR,B,31.55
DIATREND,original,,original,True,1,TIR,C,0.52
DIATREND,original,,original,True,1,TIR,D,0.0
DIATREND,original,,original,True,1,TIR,E,0.0
DIATREND,original,,original,True,1,TIR,A + B,99.48
DIATREND,original,,original,True,1,TIR,RMSE,30.59
DIATREND,original,,original,True,1,TIR,MSE,935.77
DIATREND,original,,original,True,1,TIR,MAE,22.6
DIATREND,original,,original,True,1,TIR,MAPE,0.18
DIATREND,original,,original,True,1,TAR_1,A,71.86
DIATREND,original,,original,True,1,TAR_1,B,26.03
DIATREND,original,,original,True,1,TAR_1,C,0.04
DIATREND,original,,original,True,1,TAR_1,D,2.07
DIATREND,original,,original,True,1,TAR_1,E,0.0
DIATREND,original,,original,True,1,TAR_1,A + B,97.89
DIATREND,original,,original,True,1,TAR_1,RMSE,41.61
DIATREND,original,,original,True,1,TAR_1,MSE,1731.66
DIATREND,original,,original,True,1,TAR_1,MAE,32.27
DIATREND,original,,original,True,1,TAR_1,MAPE,0.15
DIATREND,original,,original,True,1,TAR_2,A,57.13
DIATREND,original,,original,True,1,TAR_2,B,32.33
DIATREND,original,,original,True,1,TAR_2,C,0.0
DIATREND,original,,original,True,1,TAR_2,D,10.53
DIATREND,original,,original,True,1,TAR_2,E,0.0
DIATREND,original,,original,True,1,TAR_2,A + B,89.46
DIATREND,original,,original,True,1,TAR_2,RMSE,71.05
DIATREND,original,,original,True,1,TAR_2,MSE,5048.09
DIATREND,original,,original,True,1,TAR_2,MAE,58.97
DIATREND,original,,original,True,1,TAR_2,MAPE,0.2
DIATREND,original,,original,True,1,ENTIRE,A,66.96
DIATREND,original,,original,True,1,ENTIRE,B,29.58
DIATREND,original,,original,True,1,ENTIRE,C,0.27
DIATREND,original,,original,True,1,ENTIRE,D,3.15
DIATREND,original,,original,True,1,ENTIRE,E,0.03
DIATREND,original,,original,True,1,ENTIRE,A + B,96.54
DIATREND,original,,original,True,1,ENTIRE,RMSE,43.26
DIATREND,original,,original,True,1,ENTIRE,MSE,1871.46
DIATREND,original,,original,True,1,ENTIRE,MAE,31.81
DIATREND,original,,original,True,1,ENTIRE,MAPE,0.18
DIATREND,original,,original,True,2,TBR_2,A,0.0
DIATREND,original,,original,True,2,TBR_2,B,0.0
DIATREND,original,,original,True,2,TBR_2,C,0.0
DIATREND,original,,original,True,2,TBR_2,D,93.79
DIATREND,original,,original,True,2,TBR_2,E,6.21
DIATREND,original,,original,True,2,TBR_2,A + B,0.0
DIATREND,original,,original,True,2,TBR_2,RMSE,83.69
DIATREND,original,,original,True,2,TBR_2,MSE,7004.55
DIATREND,original,,original,True,2,TBR_2,MAE,78.02
DIATREND,original,,original,True,2,TBR_2,MAPE,1.72
DIATREND,original,,original,True,2,TBR_1,A,0.03
DIATREND,original,,original,True,2,TBR_1,B,0.0
DIATREND,original,,original,True,2,TBR_1,C,0.0
DIATREND,original,,original,True,2,TBR_1,D,95.35
DIATREND,original,,original,True,2,TBR_1,E,4.62
DIATREND,original,,original,True,2,TBR_1,A + B,0.03
DIATREND,original,,original,True,2,TBR_1,RMSE,64.74
DIATREND,original,,original,True,2,TBR_1,MSE,4190.94
DIATREND,original,,original,True,2,TBR_1,MAE,58.17
DIATREND,original,,original,True,2,TBR_1,MAPE,0.93
DIATREND,original,,original,True,2,TIR,A,67.4
DIATREND,original,,original,True,2,TIR,B,31.57
DIATREND,original,,original,True,2,TIR,C,1.03
DIATREND,original,,original,True,2,TIR,D,0.0
DIATREND,original,,original,True,2,TIR,E,0.0
DIATREND,original,,original,True,2,TIR,A + B,98.97
DIATREND,original,,original,True,2,TIR,RMSE,32.05
DIATREND,original,,original,True,2,TIR,MSE,1027.05
DIATREND,original,,original,True,2,TIR,MAE,22.89
DIATREND,original,,original,True,2,TIR,MAPE,0.19
DIATREND,original,,original,True,2,TAR_1,A,70.34
DIATREND,original,,original,True,2,TAR_1,B,27.41
DIATREND,original,,original,True,2,TAR_1,C,0.17
DIATREND,original,,original,True,2,TAR_1,D,2.08
DIATREND,original,,original,True,2,TAR_1,E,0.0
DIATREND,original,,original,True,2,TAR_1,A + B,97.75
DIATREND,original,,original,True,2,TAR_1,RMSE,42.26
DIATREND,original,,original,True,2,TAR_1,MSE,1785.72
DIATREND,original,,original,True,2,TAR_1,MAE,33.18
DIATREND,original,,original,True,2,TAR_1,MAPE,0.16
DIATREND,original,,original,True,2,TAR_2,A,60.14
DIATREND,original,,original,True,2,TAR_2,B,30.21
DIATREND,original,,original,True,2,TAR_2,C,0.0
DIATREND,original,,original,True,2,TAR_2,D,9.65
DIATREND,original,,original,True,2,TAR_2,E,0.0
DIATREND,original,,original,True,2,TAR_2,A + B,90.35
DIATREND,original,,original,True,2,TAR_2,RMSE,69.31
DIATREND,original,,original,True,2,TAR_2,MSE,4804.21
DIATREND,original,,original,True,2,TAR_2,MAE,57.38
DIATREND,original,,original,True,2,TAR_2,MAPE,0.19
DIATREND,original,,original,True,2,ENTIRE,A,65.95
DIATREND,original,,original,True,2,ENTIRE,B,29.56
DIATREND,original,,original,True,2,ENTIRE,C,0.58
DIATREND,original,,original,True,2,ENTIRE,D,3.82
DIATREND,original,,original,True,2,ENTIRE,E,0.08
DIATREND,original,,original,True,2,ENTIRE,A + B,95.51
DIATREND,original,,original,True,2,ENTIRE,RMSE,43.95
DIATREND,original,,original,True,2,ENTIRE,MSE,1931.66
DIATREND,original,,original,True,2,ENTIRE,MAE,32.25
DIATREND,original,,original,True,2,ENTIRE,MAPE,0.2
DIATREND,original,,original,True,3,TBR_2,A,0.0
DIATREND,original,,original,True,3,TBR_2,B,0.0
DIATREND,original,,original,True,3,TBR_2,C,0.0
DIATREND,original,,original,True,3,TBR_2,D,97.65
DIATREND,original,,original,True,3,TBR_2,E,2.35
DIATREND,original,,original,True,3,TBR_2,A + B,0.0
DIATREND,original,,original,True,3,TBR_2,RMSE,71.7
DIATREND,original,,original,True,3,TBR_2,MSE,5140.77
DIATREND,original,,original,True,3,TBR_2,MAE,68.23
DIATREND,original,,original,True,3,TBR_2,MAPE,1.49
DIATREND,original,,original,True,3,TBR_1,A,0.0
DIATREND,original,,original,True,3,TBR_1,B,0.0
DIATREND,original,,original,True,3,TBR_1,C,0.0
DIATREND,original,,original,True,3,TBR_1,D,97.97
DIATREND,original,,original,True,3,TBR_1,E,2.03
DIATREND,original,,original,True,3,TBR_1,A + B,0.0
DIATREND,original,,original,True,3,TBR_1,RMSE,57.85
DIATREND,original,,original,True,3,TBR_1,MSE,3346.83
DIATREND,original,,original,True,3,TBR_1,MAE,54.16
DIATREND,original,,original,True,3,TBR_1,MAPE,0.87
DIATREND,original,,original,True,3,TIR,A,68.23
DIATREND,original,,original,True,3,TIR,B,31.31
DIATREND,original,,original,True,3,TIR,C,0.46
DIATREND,original,,original,True,3,TIR,D,0.0
DIATREND,original,,original,True,3,TIR,E,0.0
DIATREND,original,,original,True,3,TIR,A + B,99.54
DIATREND,original,,original,True,3,TIR,RMSE,28.93
DIATREND,original,,original,True,3,TIR,MSE,837.03
DIATREND,original,,original,True,3,TIR,MAE,21.43
DIATREND,original,,original,True,3,TIR,MAPE,0.18
DIATREND,original,,original,True,3,TAR_1,A,72.89
DIATREND,original,,original,True,3,TAR_1,B,25.14
DIATREND,original,,original,True,3,TAR_1,C,0.08
DIATREND,original,,original,True,3,TAR_1,D,1.89
DIATREND,original,,original,True,3,TAR_1,E,0.0
DIATREND,original,,original,True,3,TAR_1,A + B,98.03
DIATREND,original,,original,True,3,TAR_1,RMSE,40.31
DIATREND,original,,original,True,3,TAR_1,MSE,1624.51
DIATREND,original,,original,True,3,TAR_1,MAE,31.74
DIATREND,original,,original,True,3,TAR_1,MAPE,0.15
DIATREND,original,,original,True,3,TAR_2,A,60.78
DIATREND,original,,original,True,3,TAR_2,B,32.04
DIATREND,original,,original,True,3,TAR_2,C,0.0
DIATREND,original,,original,True,3,TAR_2,D,7.18
DIATREND,original,,original,True,3,TAR_2,E,0.0
DIATREND,original,,original,True,3,TAR_2,A + B,92.82
DIATREND,original,,original,True,3,TAR_2,RMSE,69.32
DIATREND,original,,original,True,3,TAR_2,MSE,4805.09
DIATREND,original,,original,True,3,TAR_2,MAE,58.26
DIATREND,original,,original,True,3,TAR_2,MAPE,0.19
DIATREND,original,,original,True,3,ENTIRE,A,67.07
DIATREND,original,,original,True,3,ENTIRE,B,29.26
DIATREND,original,,original,True,3,ENTIRE,C,0.26
DIATREND,original,,original,True,3,ENTIRE,D,3.38
DIATREND,original,,original,True,3,ENTIRE,E,0.03
DIATREND,original,,original,True,3,ENTIRE,A + B,96.33
DIATREND,original,,original,True,3,ENTIRE,RMSE,42.83
DIATREND,original,,original,True,3,ENTIRE,MSE,1834.46
DIATREND,original,,original,True,3,ENTIRE,MAE,31.65
DIATREND,original,,original,True,3,ENTIRE,MAPE,0.19
DIATREND,original,,original,True,4,TBR_2,A,0.0
DIATREND,original,,original,True,4,TBR_2,B,0.0
DIATREND,original,,original,True,4,TBR_2,C,0.0
DIATREND,original,,original,True,4,TBR_2,D,97.62
DIATREND,original,,original,True,4,TBR_2,E,2.38
DIATREND,original,,original,True,4,TBR_2,A + B,0.0
DIATREND,original,,original,True,4,TBR_2,RMSE,69.82
DIATREND,original,,original,True,4,TBR_2,MSE,4874.83
DIATREND,original,,original,True,4,TBR_2,MAE,66.47
DIATREND,original,,original,True,4,TBR_2,MAPE,1.49
DIATREND,original,,original,True,4,TBR_1,A,0.0
DIATREND,original,,original,True,4,TBR_1,B,0.0
DIATREND,original,,original,True,4,TBR_1,C,0.0
DIATREND,original,,original,True,4,TBR_1,D,97.74
DIATREND,original,,original,True,4,TBR_1,E,2.26
DIATREND,original,,original,True,4,TBR_1,A + B,0.0
DIATREND,original,,original,True,4,TBR_1,RMSE,57.13
DIATREND,original,,original,True,4,TBR_1,MSE,3263.57
DIATREND,original,,original,True,4,TBR_1,MAE,53.03
DIATREND,original,,original,True,4,TBR_1,MAPE,0.85
DIATREND,original,,original,True,4,TIR,A,64.4
DIATREND,original,,original,True,4,TIR,B,35.03
DIATREND,original,,original,True,4,TIR,C,0.57
DIATREND,original,,original,True,4,TIR,D,0.0
DIATREND,original,,original,True,4,TIR,E,0.0
DIATREND,original,,original,True,4,TIR,A + B,99.43
DIATREND,original,,original,True,4,TIR,RMSE,31.01
DIATREND,original,,original,True,4,TIR,MSE,961.89
DIATREND,original,,original,True,4,TIR,MAE,23.3
DIATREND,original,,original,True,4,TIR,MAPE,0.19
DIATREND,original,,original,True,4,TAR_1,A,69.15
DIATREND,original,,original,True,4,TAR_1,B,28.47
DIATREND,original,,original,True,4,TAR_1,C,0.07
DIATREND,original,,original,True,4,TAR_1,D,2.32
DIATREND,original,,original,True,4,TAR_1,E,0.0
DIATREND,original,,original,True,4,TAR_1,A + B,97.62
DIATREND,original,,original,True,4,TAR_1,RMSE,43.5
DIATREND,original,,original,True,4,TAR_1,MSE,1892.39
DIATREND,original,,original,True,4,TAR_1,MAE,33.98
DIATREND,original,,original,True,4,TAR_1,MAPE,0.16
DIATREND,original,,original,True,4,TAR_2,A,54.99
DIATREND,original,,original,True,4,TAR_2,B,36.73
DIATREND,original,,original,True,4,TAR_2,C,0.0
DIATREND,original,,original,True,4,TAR_2,D,8.28
DIATREND,original,,original,True,4,TAR_2,E,0.0
DIATREND,original,,original,True,4,TAR_2,A + B,91.72
DIATREND,original,,original,True,4,TAR_2,RMSE,72.87
DIATREND,original,,original,True,4,TAR_2,MSE,5310.43
DIATREND,original,,original,True,4,TAR_2,MAE,61.8
DIATREND,original,,original,True,4,TAR_2,MAPE,0.2
DIATREND,original,,original,True,4,ENTIRE,A,62.4
DIATREND,original,,original,True,4,ENTIRE,B,32.74
DIATREND,original,,original,True,4,ENTIRE,C,0.3
DIATREND,original,,original,True,4,ENTIRE,D,4.51
DIATREND,original,,original,True,4,ENTIRE,E,0.05
DIATREND,original,,original,True,4,ENTIRE,A + B,95.14
DIATREND,original,,original,True,4,ENTIRE,RMSE,46.69
DIATREND,original,,original,True,4,ENTIRE,MSE,2179.77
DIATREND,original,,original,True,4,ENTIRE,MAE,34.98
DIATREND,original,,original,True,4,ENTIRE,MAPE,0.2
DIATREND,original,,original,True,5,TBR_2,A,0.0
DIATREND,original,,original,True,5,TBR_2,B,0.0
DIATREND,original,,original,True,5,TBR_2,C,0.0
DIATREND,original,,original,True,5,TBR_2,D,98.56
DIATREND,original,,original,True,5,TBR_2,E,1.44
DIATREND,original,,original,True,5,TBR_2,A + B,0.0
DIATREND,original,,original,True,5,TBR_2,RMSE,68.49
DIATREND,original,,original,True,5,TBR_2,MSE,4691.06
DIATREND,original,,original,True,5,TBR_2,MAE,65.65
DIATREND,original,,original,True,5,TBR_2,MAPE,1.47
DIATREND,original,,original,True,5,TBR_1,A,0.0
DIATREND,original,,original,True,5,TBR_1,B,0.0
DIATREND,original,,original,True,5,TBR_1,C,0.0
DIATREND,original,,original,True,5,TBR_1,D,98.28
DIATREND,original,,original,True,5,TBR_1,E,1.72
DIATREND,original,,original,True,5,TBR_1,A + B,0.0
DIATREND,original,,original,True,5,TBR_1,RMSE,56.04
DIATREND,original,,original,True,5,TBR_1,MSE,3140.52
DIATREND,original,,original,True,5,TBR_1,MAE,52.61
DIATREND,original,,original,True,5,TBR_1,MAPE,0.84
DIATREND,original,,original,True,5,TIR,A,63.06
DIATREND,original,,original,True,5,TIR,B,36.23
DIATREND,original,,original,True,5,TIR,C,0.71
DIATREND,original,,original,True,5,TIR,D,0.0
DIATREND,original,,original,True,5,TIR,E,0.0
DIATREND,original,,original,True,5,TIR,A + B,99.29
DIATREND,original,,original,True,5,TIR,RMSE,31.03
DIATREND,original,,original,True,5,TIR,MSE,963.09
DIATREND,original,,original,True,5,TIR,MAE,23.12
DIATREND,original,,original,True,5,TIR,MAPE,0.2
DIATREND,original,,original,True,5,TAR_1,A,70.65
DIATREND,original,,original,True,5,TAR_1,B,27.03
DIATREND,original,,original,True,5,TAR_1,C,0.14
DIATREND,original,,original,True,5,TAR_1,D,2.18
DIATREND,original,,original,True,5,TAR_1,E,0.0
DIATREND,original,,original,True,5,TAR_1,A + B,97.68
DIATREND,original,,original,True,5,TAR_1,RMSE,42.72
DIATREND,original,,original,True,5,TAR_1,MSE,1824.95
DIATREND,original,,original,True,5,TAR_1,MAE,33.34
DIATREND,original,,original,True,5,TAR_1,MAPE,0.16
DIATREND,original,,original,True,5,TAR_2,A,51.84
DIATREND,original,,original,True,5,TAR_2,B,39.36
DIATREND,original,,original,True,5,TAR_2,C,0.0
DIATREND,original,,original,True,5,TAR_2,D,8.8
DIATREND,original,,original,True,5,TAR_2,E,0.0
DIATREND,original,,original,True,5,TAR_2,A + B,91.2
DIATREND,original,,original,True,5,TAR_2,RMSE,79.14
DIATREND,original,,original,True,5,TAR_2,MSE,6263.21
DIATREND,original,,original,True,5,TAR_2,MAE,66.32
DIATREND,original,,original,True,5,TAR_2,MAPE,0.21
DIATREND,original,,original,True,5,ENTIRE,A,60.88
DIATREND,original,,original,True,5,ENTIRE,B,33.62
DIATREND,original,,original,True,5,ENTIRE,C,0.4
DIATREND,original,,original,True,5,ENTIRE,D,5.05
DIATREND,original,,original,True,5,ENTIRE,E,0.04
DIATREND,original,,original,True,5,ENTIRE,A + B,94.5
DIATREND,original,,original,True,5,ENTIRE,RMSE,48.5
DIATREND,original,,original,True,5,ENTIRE,MSE,2352.29
DIATREND,original,,original,True,5,ENTIRE,MAE,35.56
DIATREND,original,,original,True,5,ENTIRE,MAPE,0.21
REPLACE-BG,balanced_age_jittering,age,jittering,False,1,TBR_2,A,0.09
REPLACE-BG,balanced_age_jittering,age,jittering,False,1,TBR_2,B,0.0
REPLACE-BG,balanced_age_jittering,age,jittering,False,1,TBR_2,C,0.0
REPLACE-BG,balanced_age_jittering,age,jittering,False,1,TBR_2,D,99.42
REPLACE-BG,balanced_age_jittering,age,jittering,False,1,TBR_2,E,0.48
REPLACE-BG,balanced_age_jittering,age,jittering,False,1,TBR_2,A + B,0.09
REPLACE-BG,balanced_age_jittering,age,jittering,False,1,TBR_2,RMSE,55.86
REPLACE-BG,balanced_age_jittering,age,jittering,False,1,TBR_2,MSE,3120.63
REPLACE-BG,balanced_age_jittering,age,jittering,False,1,TBR_2,MAE,52.92
REPLACE-BG,balanced_age_jittering,age,jittering,False,1,TBR_2,MAPE,1.16
REPLACE-BG,balanced_age_jittering,age,jittering,False,1,TBR_1,A,1.25
REPLACE-BG,balanced_age_jittering,age,jittering,False,1,TBR_1,B,0.0
REPLACE-BG,balanced_age_jittering,age,jittering,False,1,TBR_1,C,0.0
REPLACE-BG,balanced_age_jittering,age,jittering,False,1,TBR_1,D,98.27
REPLACE-BG,balanced_age_jittering,age,jittering,False,1,TBR_1,E,0.48
REPLACE-BG,balanced_age_jittering,age,jittering,False,1,TBR_1,A + B,1.25
REPLACE-BG,balanced_age_jittering,age,jittering,False,1,TBR_1,RMSE,41.26
REPLACE-BG,balanced_age_jittering,age,jittering,False,1,TBR_1,MSE,1702.36
REPLACE-BG,balanced_age_jittering,age,jittering,False,1,TBR_1,MAE,37.49
REPLACE-BG,balanced_age_jittering,age,jittering,False,1,TBR_1,MAPE,0.61
REPLACE-BG,balanced_age_jittering,age,jittering,False,1,TIR,A,72.28
REPLACE-BG,balanced_age_jittering,age,jittering,False,1,TIR,B,27.55
REPLACE-BG,balanced_age_jittering,age,jittering,False,1,TIR,C,0.16
REPLACE-BG,balanced_age_jittering,age,jittering,False,1,TIR,D,0.0
REPLACE-BG,balanced_age_jittering,age,jittering,False,1,TIR,E,0.0
REPLACE-BG,balanced_age_jittering,age,jittering,False,1,TIR,A + B,99.83
REPLACE-BG,balanced_age_jittering,age,jittering,False,1,TIR,RMSE,25.83
REPLACE-BG,balanced_age_jittering,age,jittering,False,1,TIR,MSE,667.16
REPLACE-BG,balanced_age_jittering,age,jittering,False,1,TIR,MAE,19.09
REPLACE-BG,balanced_age_jittering,age,jittering,False,1,TIR,MAPE,0.16
REPLACE-BG,balanced_age_jittering,age,jittering,False,1,TAR_1,A,68.26
REPLACE-BG,balanced_age_jittering,age,jittering,False,1,TAR_1,B,29.76
REPLACE-BG,balanced_age_jittering,age,jittering,False,1,TAR_1,C,0.04
REPLACE-BG,balanced_age_jittering,age,jittering,False,1,TAR_1,D,1.93
REPLACE-BG,balanced_age_jittering,age,jittering,False,1,TAR_1,E,0.0
REPLACE-BG,balanced_age_jittering,age,jittering,False,1,TAR_1,A + B,98.02
REPLACE-BG,balanced_age_jittering,age,jittering,False,1,TAR_1,RMSE,43.99
REPLACE-BG,balanced_age_jittering,age,jittering,False,1,TAR_1,MSE,1935.02
REPLACE-BG,balanced_age_jittering,age,jittering,False,1,TAR_1,MAE,34.99
REPLACE-BG,balanced_age_jittering,age,jittering,False,1,TAR_1,MAPE,0.17
REPLACE-BG,balanced_age_jittering,age,jittering,False,1,TAR_2,A,57.52
REPLACE-BG,balanced_age_jittering,age,jittering,False,1,TAR_2,B,33.34
REPLACE-BG,balanced_age_jittering,age,jittering,False,1,TAR_2,C,0.0
REPLACE-BG,balanced_age_jittering,age,jittering,False,1,TAR_2,D,9.15
REPLACE-BG,balanced_age_jittering,age,jittering,False,1,TAR_2,E,0.0
REPLACE-BG,balanced_age_jittering,age,jittering,False,1,TAR_2,A + B,90.86
REPLACE-BG,balanced_age_jittering,age,jittering,False,1,TAR_2,RMSE,69.26
REPLACE-BG,balanced_age_jittering,age,jittering,False,1,TAR_2,MSE,4797.02
REPLACE-BG,balanced_age_jittering,age,jittering,False,1,TAR_2,MAE,59.25
REPLACE-BG,balanced_age_jittering,age,jittering,False,1,TAR_2,MAPE,0.2
REPLACE-BG,balanced_age_jittering,age,jittering,False,1,ENTIRE,A,67.18
REPLACE-BG,balanced_age_jittering,age,jittering,False,1,ENTIRE,B,27.52
REPLACE-BG,balanced_age_jittering,age,jittering,False,1,ENTIRE,C,0.11
REPLACE-BG,balanced_age_jittering,age,jittering,False,1,ENTIRE,D,5.17
REPLACE-BG,balanced_age_jittering,age,jittering,False,1,ENTIRE,E,0.02
REPLACE-BG,balanced_age_jittering,age,jittering,False,1,ENTIRE,A + B,94.7
REPLACE-BG,balanced_age_jittering,age,jittering,False,1,ENTIRE,RMSE,37.4
REPLACE-BG,balanced_age_jittering,age,jittering,False,1,ENTIRE,MSE,1398.83
REPLACE-BG,balanced_age_jittering,age,jittering,False,1,ENTIRE,MAE,27.36
REPLACE-BG,balanced_age_jittering,age,jittering,False,1,ENTIRE,MAPE,0.19
REPLACE-BG,balanced_age_jittering,age,jittering,False,2,TBR_2,A,0.0
REPLACE-BG,balanced_age_jittering,age,jittering,False,2,TBR_2,B,0.0
REPLACE-BG,balanced_age_jittering,age,jittering,False,2,TBR_2,C,0.0
REPLACE-BG,balanced_age_jittering,age,jittering,False,2,TBR_2,D,99.52
REPLACE-BG,balanced_age_jittering,age,jittering,False,2,TBR_2,E,0.48
REPLACE-BG,balanced_age_jittering,age,jittering,False,2,TBR_2,A + B,0.0
REPLACE-BG,balanced_age_jittering,age,jittering,False,2,TBR_2,RMSE,54.98
REPLACE-BG,balanced_age_jittering,age,jittering,False,2,TBR_2,MSE,3022.58
REPLACE-BG,balanced_age_jittering,age,jittering,False,2,TBR_2,MAE,51.99
REPLACE-BG,balanced_age_jittering,age,jittering,False,2,TBR_2,MAPE,1.15
REPLACE-BG,balanced_age_jittering,age,jittering,False,2,TBR_1,A,0.86
REPLACE-BG,balanced_age_jittering,age,jittering,False,2,TBR_1,B,0.0
REPLACE-BG,balanced_age_jittering,age,jittering,False,2,TBR_1,C,0.0
REPLACE-BG,balanced_age_jittering,age,jittering,False,2,TBR_1,D,98.76
REPLACE-BG,balanced_age_jittering,age,jittering,False,2,TBR_1,E,0.38
REPLACE-BG,balanced_age_jittering,age,jittering,False,2,TBR_1,A + B,0.86
REPLACE-BG,balanced_age_jittering,age,jittering,False,2,TBR_1,RMSE,39.14
REPLACE-BG,balanced_age_jittering,age,jittering,False,2,TBR_1,MSE,1531.79
REPLACE-BG,balanced_age_jittering,age,jittering,False,2,TBR_1,MAE,35.72
REPLACE-BG,balanced_age_jittering,age,jittering,False,2,TBR_1,MAPE,0.58
REPLACE-BG,balanced_age_jittering,age,jittering,False,2,TIR,A,73.4
REPLACE-BG,balanced_age_jittering,age,jittering,False,2,TIR,B,26.48
REPLACE-BG,balanced_age_jittering,age,jittering,False,2,TIR,C,0.13
REPLACE-BG,balanced_age_jittering,age,jittering,False,2,TIR,D,0.0
REPLACE-BG,balanced_age_jittering,age,jittering,False,2,TIR,E,0.0
REPLACE-BG,balanced_age_jittering,age,jittering,False,2,TIR,A + B,99.88
REPLACE-BG,balanced_age_jittering,age,jittering,False,2,TIR,RMSE,25.08
REPLACE-BG,balanced_age_jittering,age,jittering,False,2,TIR,MSE,629.1
REPLACE-BG,balanced_age_jittering,age,jittering,False,2,TIR,MAE,18.52
REPLACE-BG,balanced_age_jittering,age,jittering,False,2,TIR,MAPE,0.15
REPLACE-BG,balanced_age_jittering,age,jittering,False,2,TAR_1,A,70.16
REPLACE-BG,balanced_age_jittering,age,jittering,False,2,TAR_1,B,28.07
REPLACE-BG,balanced_age_jittering,age,jittering,False,2,TAR_1,C,0.03
REPLACE-BG,balanced_age_jittering,age,jittering,False,2,TAR_1,D,1.74
REPLACE-BG,balanced_age_jittering,age,jittering,False,2,TAR_1,E,0.0
REPLACE-BG,balanced_age_jittering,age,jittering,False,2,TAR_1,A + B,98.23
REPLACE-BG,balanced_age_jittering,age,jittering,False,2,TAR_1,RMSE,42.77
REPLACE-BG,balanced_age_jittering,age,jittering,False,2,TAR_1,MSE,1829.68
REPLACE-BG,balanced_age_jittering,age,jittering,False,2,TAR_1,MAE,33.82
REPLACE-BG,balanced_age_jittering,age,jittering,False,2,TAR_1,MAPE,0.16
REPLACE-BG,balanced_age_jittering,age,jittering,False,2,TAR_2,A,57.79
REPLACE-BG,balanced_age_jittering,age,jittering,False,2,TAR_2,B,33.26
REPLACE-BG,balanced_age_jittering,age,jittering,False,2,TAR_2,C,0.0
REPLACE-BG,balanced_age_jittering,age,jittering,False,2,TAR_2,D,8.95
REPLACE-BG,balanced_age_jittering,age,jittering,False,2,TAR_2,E,0.0
REPLACE-BG,balanced_age_jittering,age,jittering,False,2,TAR_2,A + B,91.05
REPLACE-BG,balanced_age_jittering,age,jittering,False,2,TAR_2,RMSE,69.17
REPLACE-BG,balanced_age_jittering,age,jittering,False,2,TAR_2,MSE,4784.97
REPLACE-BG,balanced_age_jittering,age,jittering,False,2,TAR_2,MAE,59.06
REPLACE-BG,balanced_age_jittering,age,jittering,False,2,TAR_2,MAPE,0.2
REPLACE-BG,balanced_age_jittering,age,jittering,False,2,ENTIRE,A,68.78
REPLACE-BG,balanced_age_jittering,age,jittering,False,2,ENTIRE,B,26.51
REPLACE-BG,balanced_age_jittering,age,jittering,False,2,ENTIRE,C,0.09
REPLACE-BG,balanced_age_jittering,age,jittering,False,2,ENTIRE,D,4.61
REPLACE-BG,balanced_age_jittering,age,jittering,False,2,ENTIRE,E,0.01
REPLACE-BG,balanced_age_jittering,age,jittering,False,2,ENTIRE,A + B,95.29
REPLACE-BG,balanced_age_jittering,age,jittering,False,2,ENTIRE,RMSE,36.15
REPLACE-BG,balanced_age_jittering,age,jittering,False,2,ENTIRE,MSE,1306.68
REPLACE-BG,balanced_age_jittering,age,jittering,False,2,ENTIRE,MAE,26.24
REPLACE-BG,balanced_age_jittering,age,jittering,False,2,ENTIRE,MAPE,0.18
REPLACE-BG,balanced_age_jittering,age,jittering,False,3,TBR_2,A,0.0
REPLACE-BG,balanced_age_jittering,age,jittering,False,3,TBR_2,B,0.0
REPLACE-BG,balanced_age_jittering,age,jittering,False,3,TBR_2,C,0.0
REPLACE-BG,balanced_age_jittering,age,jittering,False,3,TBR_2,D,99.53
REPLACE-BG,balanced_age_jittering,age,jittering,False,3,TBR_2,E,0.47
REPLACE-BG,balanced_age_jittering,age,jittering,False,3,TBR_2,A + B,0.0
REPLACE-BG,balanced_age_jittering,age,jittering,False,3,TBR_2,RMSE,55.91
REPLACE-BG,balanced_age_jittering,age,jittering,False,3,TBR_2,MSE,3125.39
REPLACE-BG,balanced_age_jittering,age,jittering,False,3,TBR_2,MAE,53.32
REPLACE-BG,balanced_age_jittering,age,jittering,False,3,TBR_2,MAPE,1.18
REPLACE-BG,balanced_age_jittering,age,jittering,False,3,TBR_1,A,0.12
REPLACE-BG,balanced_age_jittering,age,jittering,False,3,TBR_1,B,0.0
REPLACE-BG,balanced_age_jittering,age,jittering,False,3,TBR_1,C,0.0
REPLACE-BG,balanced_age_jittering,age,jittering,False,3,TBR_1,D,99.49
REPLACE-BG,balanced_age_jittering,age,jittering,False,3,TBR_1,E,0.39
REPLACE-BG,balanced_age_jittering,age,jittering,False,3,TBR_1,A + B,0.12
REPLACE-BG,balanced_age_jittering,age,jittering,False,3,TBR_1,RMSE,40.72
REPLACE-BG,balanced_age_jittering,age,jittering,False,3,TBR_1,MSE,1658.34
REPLACE-BG,balanced_age_jittering,age,jittering,False,3,TBR_1,MAE,37.41
REPLACE-BG,balanced_age_jittering,age,jittering,False,3,TBR_1,MAPE,0.6
REPLACE-BG,balanced_age_jittering,age,jittering,False,3,TIR,A,72.72
REPLACE-BG,balanced_age_jittering,age,jittering,False,3,TIR,B,27.14
REPLACE-BG,balanced_age_jittering,age,jittering,False,3,TIR,C,0.14
REPLACE-BG,balanced_age_jittering,age,jittering,False,3,TIR,D,0.0
REPLACE-BG,balanced_age_jittering,age,jittering,False,3,TIR,E,0.0
REPLACE-BG,balanced_age_jittering,age,jittering,False,3,TIR,A + B,99.86
REPLACE-BG,balanced_age_jittering,age,jittering,False,3,TIR,RMSE,25.47
REPLACE-BG,balanced_age_jittering,age,jittering,False,3,TIR,MSE,648.59
REPLACE-BG,balanced_age_jittering,age,jittering,False,3,TIR,MAE,18.96
REPLACE-BG,balanced_age_jittering,age,jittering,False,3,TIR,MAPE,0.15
REPLACE-BG,balanced_age_jittering,age,jittering,False,3,TAR_1,A,67.71
REPLACE-BG,balanced_age_jittering,age,jittering,False,3,TAR_1,B,30.34
REPLACE-BG,balanced_age_jittering,age,jittering,False,3,TAR_1,C,0.04
REPLACE-BG,balanced_age_jittering,age,jittering,False,3,TAR_1,D,1.91
REPLACE-BG,balanced_age_jittering,age,jittering,False,3,TAR_1,E,0.0
REPLACE-BG,balanced_age_jittering,age,jittering,False,3,TAR_1,A + B,98.05
REPLACE-BG,balanced_age_jittering,age,jittering,False,3,TAR_1,RMSE,44.06
REPLACE-BG,balanced_age_jittering,age,jittering,False,3,TAR_1,MSE,1941.14
REPLACE-BG,balanced_age_jittering,age,jittering,False,3,TAR_1,MAE,35.48
REPLACE-BG,balanced_age_jittering,age,jittering,False,3,TAR_1,MAPE,0.17
REPLACE-BG,balanced_age_jittering,age,jittering,False,3,TAR_2,A,56.27
REPLACE-BG,balanced_age_jittering,age,jittering,False,3,TAR_2,B,33.16
REPLACE-BG,balanced_age_jittering,age,jittering,False,3,TAR_2,C,0.0
REPLACE-BG,balanced_age_jittering,age,jittering,False,3,TAR_2,D,10.57
REPLACE-BG,balanced_age_jittering,age,jittering,False,3,TAR_2,E,0.0
REPLACE-BG,balanced_age_jittering,age,jittering,False,3,TAR_2,A + B,89.43
REPLACE-BG,balanced_age_jittering,age,jittering,False,3,TAR_2,RMSE,70.18
REPLACE-BG,balanced_age_jittering,age,jittering,False,3,TAR_2,MSE,4925.51
REPLACE-BG,balanced_age_jittering,age,jittering,False,3,TAR_2,MAE,59.63
REPLACE-BG,balanced_age_jittering,age,jittering,False,3,TAR_2,MAPE,0.2
REPLACE-BG,balanced_age_jittering,age,jittering,False,3,ENTIRE,A,67.46
REPLACE-BG,balanced_age_jittering,age,jittering,False,3,ENTIRE,B,27.54
REPLACE-BG,balanced_age_jittering,age,jittering,False,3,ENTIRE,C,0.1
REPLACE-BG,balanced_age_jittering,age,jittering,False,3,ENTIRE,D,4.88
REPLACE-BG,balanced_age_jittering,age,jittering,False,3,ENTIRE,E,0.01
REPLACE-BG,balanced_age_jittering,age,jittering,False,3,ENTIRE,A + B,95.0
REPLACE-BG,balanced_age_jittering,age,jittering,False,3,ENTIRE,RMSE,37.52
REPLACE-BG,balanced_age_jittering,age,jittering,False,3,ENTIRE,MSE,1407.6
REPLACE-BG,balanced_age_jittering,age,jittering,False,3,ENTIRE,MAE,27.54
REPLACE-BG,balanced_age_jittering,age,jittering,False,3,ENTIRE,MAPE,0.18
REPLACE-BG,balanced_age_jittering,age,jittering,False,4,TBR_2,A,0.09
REPLACE-BG,balanced_age_jittering,age,jittering,False,4,TBR_2,B,0.0
REPLACE-BG,balanced_age_jittering,age,jittering,False,4,TBR_2,C,0.0
REPLACE-BG,balanced_age_jittering,age,jittering,False,4,TBR_2,D,99.08
REPLACE-BG,balanced_age_jittering,age,jittering,False,4,TBR_2,E,0.83
REPLACE-BG,balanced_age_jittering,age,jittering,False,4,TBR_2,A + B,0.09
REPLACE-BG,balanced_age_jittering,age,jittering,False,4,TBR_2,RMSE,57.19
REPLACE-BG,balanced_age_jittering,age,jittering,False,4,TBR_2,MSE,3270.29
REPLACE-BG,balanced_age_jittering,age,jittering,False,4,TBR_2,MAE,53.68
REPLACE-BG,balanced_age_jittering,age,jittering,False,4,TBR_2,MAPE,1.19
REPLACE-BG,balanced_age_jittering,age,jittering,False,4,TBR_1,A,1.41
REPLACE-BG,balanced_age_jittering,age,jittering,False,4,TBR_1,B,0.0
REPLACE-BG,balanced_age_jittering,age,jittering,False,4,TBR_1,C,0.0
REPLACE-BG,balanced_age_jittering,age,jittering,False,4,TBR_1,D,97.94
REPLACE-BG,balanced_age_jittering,age,jittering,False,4,TBR_1,E,0.64
REPLACE-BG,balanced_age_jittering,age,jittering,False,4,TBR_1,A + B,1.41
REPLACE-BG,balanced_age_jittering,age,jittering,False,4,TBR_1,RMSE,41.79
REPLACE-BG,balanced_age_jittering,age,jittering,False,4,TBR_1,MSE,1746.32
REPLACE-BG,balanced_age_jittering,age,jittering,False,4,TBR_1,MAE,37.52
REPLACE-BG,balanced_age_jittering,age,jittering,False,4,TBR_1,MAPE,0.61
REPLACE-BG,balanced_age_jittering,age,jittering,False,4,TIR,A,72.07
REPLACE-BG,balanced_age_jittering,age,jittering,False,4,TIR,B,27.74
REPLACE-BG,balanced_age_jittering,age,jittering,False,4,TIR,C,0.19
REPLACE-BG,balanced_age_jittering,age,jittering,False,4,TIR,D,0.0
REPLACE-BG,balanced_age_jittering,age,jittering,False,4,TIR,E,0.0
REPLACE-BG,balanced_age_jittering,age,jittering,False,4,TIR,A + B,99.81
REPLACE-BG,balanced_age_jittering,age,jittering,False,4,TIR,RMSE,26.22
REPLACE-BG,balanced_age_jittering,age,jittering,False,4,TIR,MSE,687.53
REPLACE-BG,balanced_age_jittering,age,jittering,False,4,TIR,MAE,19.39
REPLACE-BG,balanced_age_jittering,age,jittering,False,4,TIR,MAPE,0.16
REPLACE-BG,balanced_age_jittering,age,jittering,False,4,TAR_1,A,69.25
REPLACE-BG,balanced_age_jittering,age,jittering,False,4,TAR_1,B,28.8
REPLACE-BG,balanced_age_jittering,age,jittering,False,4,TAR_1,C,0.04
REPLACE-BG,balanced_age_jittering,age,jittering,False,4,TAR_1,D,1.91
REPLACE-BG,balanced_age_jittering,age,jittering,False,4,TAR_1,E,0.0
REPLACE-BG,balanced_age_jittering,age,jittering,False,4,TAR_1,A + B,98.05
REPLACE-BG,balanced_age_jittering,age,jittering,False,4,TAR_1,RMSE,43.31
REPLACE-BG,balanced_age_jittering,age,jittering,False,4,TAR_1,MSE,1876.09
REPLACE-BG,balanced_age_jittering,age,jittering,False,4,TAR_1,MAE,35.05
REPLACE-BG,balanced_age_jittering,age,jittering,False,4,TAR_1,MAPE,0.17
REPLACE-BG,balanced_age_jittering,age,jittering,False,4,TAR_2,A,58.86
REPLACE-BG,balanced_age_jittering,age,jittering,False,4,TAR_2,B,32.37
REPLACE-BG,balanced_age_jittering,age,jittering,False,4,TAR_2,C,0.0
REPLACE-BG,balanced_age_jittering,age,jittering,False,4,TAR_2,D,8.77
REPLACE-BG,balanced_age_jittering,age,jittering,False,4,TAR_2,E,0.0
REPLACE-BG,balanced_age_jittering,age,jittering,False,4,TAR_2,A + B,91.23
REPLACE-BG,balanced_age_jittering,age,jittering,False,4,TAR_2,RMSE,67.58
REPLACE-BG,balanced_age_jittering,age,jittering,False,4,TAR_2,MSE,4567.2
REPLACE-BG,balanced_age_jittering,age,jittering,False,4,TAR_2,MAE,57.77
REPLACE-BG,balanced_age_jittering,age,jittering,False,4,TAR_2,MAPE,0.2
REPLACE-BG,balanced_age_jittering,age,jittering,False,4,ENTIRE,A,67.41
REPLACE-BG,balanced_age_jittering,age,jittering,False,4,ENTIRE,B,27.52
REPLACE-BG,balanced_age_jittering,age,jittering,False,4,ENTIRE,C,0.12
REPLACE-BG,balanced_age_jittering,age,jittering,False,4,ENTIRE,D,4.91
REPLACE-BG,balanced_age_jittering,age,jittering,False,4,ENTIRE,E,0.02
REPLACE-BG,balanced_age_jittering,age,jittering,False,4,ENTIRE,A + B,94.93
REPLACE-BG,balanced_age_jittering,age,jittering,False,4,ENTIRE,RMSE,38.19
REPLACE-BG,balanced_age_jittering,age,jittering,False,4,ENTIRE,MSE,1458.52
REPLACE-BG,balanced_age_jittering,age,jittering,False,4,ENTIRE,MAE,28.29
REPLACE-BG,balanced_age_jittering,age,jittering,False,4,ENTIRE,MAPE,0.18
REPLACE-BG,balanced_age_jittering,age,jittering,False,5,TBR_2,A,0.0
REPLACE-BG,balanced_age_jittering,age,jittering,False,5,TBR_2,B,0.0
REPLACE-BG,balanced_age_jittering,age,jittering,False,5,TBR_2,C,0.0
REPLACE-BG,balanced_age_jittering,age,jittering,False,5,TBR_2,D,99.28
REPLACE-BG,balanced_age_jittering,age,jittering,False,5,TBR_2,E,0.72
REPLACE-BG,balanced_age_jittering,age,jittering,False,5,TBR_2,A + B,0.0
REPLACE-BG,balanced_age_jittering,age,jittering,False,5,TBR_2,RMSE,58.53
REPLACE-BG,balanced_age_jittering,age,jittering,False,5,TBR_2,MSE,3425.54
REPLACE-BG,balanced_age_jittering,age,jittering,False,5,TBR_2,MAE,55.6
REPLACE-BG,balanced_age_jittering,age,jittering,False,5,TBR_2,MAPE,1.22
REPLACE-BG,balanced_age_jittering,age,jittering,False,5,TBR_1,A,0.43
REPLACE-BG,balanced_age_jittering,age,jittering,False,5,TBR_1,B,0.0
REPLACE-BG,balanced_age_jittering,age,jittering,False,5,TBR_1,C,0.0
REPLACE-BG,balanced_age_jittering,age,jittering,False,5,TBR_1,D,99.05
REPLACE-BG,balanced_age_jittering,age,jittering,False,5,TBR_1,E,0.52
REPLACE-BG,balanced_age_jittering,age,jittering,False,5,TBR_1,A + B,0.43
REPLACE-BG,balanced_age_jittering,age,jittering,False,5,TBR_1,RMSE,42.47
REPLACE-BG,balanced_age_jittering,age,jittering,False,5,TBR_1,MSE,1803.33
REPLACE-BG,balanced_age_jittering,age,jittering,False,5,TBR_1,MAE,38.95
REPLACE-BG,balanced_age_jittering,age,jittering,False,5,TBR_1,MAPE,0.63
REPLACE-BG,balanced_age_jittering,age,jittering,False,5,TIR,A,71.3
REPLACE-BG,balanced_age_jittering,age,jittering,False,5,TIR,B,28.52
REPLACE-BG,balanced_age_jittering,age,jittering,False,5,TIR,C,0.19
REPLACE-BG,balanced_age_jittering,age,jittering,False,5,TIR,D,0.0
REPLACE-BG,balanced_age_jittering,age,jittering,False,5,TIR,E,0.0
REPLACE-BG,balanced_age_jittering,age,jittering,False,5,TIR,A + B,99.82
REPLACE-BG,balanced_age_jittering,age,jittering,False,5,TIR,RMSE,25.99
REPLACE-BG,balanced_age_jittering,age,jittering,False,5,TIR,MSE,675.3
REPLACE-BG,balanced_age_jittering,age,jittering,False,5,TIR,MAE,19.17
REPLACE-BG,balanced_age_jittering,age,jittering,False,5,TIR,MAPE,0.16
REPLACE-BG,balanced_age_jittering,age,jittering,False,5,TAR_1,A,67.08
REPLACE-BG,balanced_age_jittering,age,jittering,False,5,TAR_1,B,30.98
REPLACE-BG,balanced_age_jittering,age,jittering,False,5,TAR_1,C,0.05
REPLACE-BG,balanced_age_jittering,age,jittering,False,5,TAR_1,D,1.89
REPLACE-BG,balanced_age_jittering,age,jittering,False,5,TAR_1,E,0.0
REPLACE-BG,balanced_age_jittering,age,jittering,False,5,TAR_1,A + B,98.06
REPLACE-BG,balanced_age_jittering,age,jittering,False,5,TAR_1,RMSE,44.93
REPLACE-BG,balanced_age_jittering,age,jittering,False,5,TAR_1,MSE,2018.26
REPLACE-BG,balanced_age_jittering,age,jittering,False,5,TAR_1,MAE,35.66
REPLACE-BG,balanced_age_jittering,age,jittering,False,5,TAR_1,MAPE,0.17
REPLACE-BG,balanced_age_jittering,age,jittering,False,5,TAR_2,A,57.32
REPLACE-BG,balanced_age_jittering,age,jittering,False,5,TAR_2,B,31.44
REPLACE-BG,balanced_age_jittering,age,jittering,False,5,TAR_2,C,0.0
REPLACE-BG,balanced_age_jittering,age,jittering,False,5,TAR_2,D,11.24
REPLACE-BG,balanced_age_jittering,age,jittering,False,5,TAR_2,E,0.0
REPLACE-BG,balanced_age_jittering,age,jittering,False,5,TAR_2,A + B,88.76
REPLACE-BG,balanced_age_jittering,age,jittering,False,5,TAR_2,RMSE,68.58
REPLACE-BG,balanced_age_jittering,age,jittering,False,5,TAR_2,MSE,4703.12
REPLACE-BG,balanced_age_jittering,age,jittering,False,5,TAR_2,MAE,57.7
REPLACE-BG,balanced_age_jittering,age,jittering,False,5,TAR_2,MAPE,0.2
REPLACE-BG,balanced_age_jittering,age,jittering,False,5,ENTIRE,A,66.69
REPLACE-BG,balanced_age_jittering,age,jittering,False,5,ENTIRE,B,28.19
REPLACE-BG,balanced_age_jittering,age,jittering,False,5,ENTIRE,C,0.14
REPLACE-BG,balanced_age_jittering,age,jittering,False,5,ENTIRE,D,4.96
REPLACE-BG,balanced_age_jittering,age,jittering,False,5,ENTIRE,E,0.02
REPLACE-BG,balanced_age_jittering,age,jittering,False,5,ENTIRE,A + B,94.88
REPLACE-BG,balanced_age_jittering,age,jittering,False,5,ENTIRE,RMSE,36.29
REPLACE-BG,balanced_age_jittering,age,jittering,False,5,ENTIRE,MSE,1316.95
REPLACE-BG,balanced_age_jittering,age,jittering,False,5,ENTIRE,MAE,26.45
REPLACE-BG,balanced_age_jittering,age,jittering,False,5,ENTIRE,MAPE,0.19
REPLACE-BG,balanced_age_oversampling,age,oversampling,False,1,TBR_2,A,0.0
REPLACE-BG,balanced_age_oversampling,age,oversampling,False,1,TBR_2,B,0.0
REPLACE-BG,balanced_age_oversampling,age,oversampling,False,1,TBR_2,C,0.0
REPLACE-BG,balanced_age_oversampling,age,oversampling,False,1,TBR_2,D,99.5
REPLACE-BG,balanced_age_oversampling,age,oversampling,False,1,TBR_2,E,0.5
REPLACE-BG,balanced_age_oversampling,age,oversampling,False,1,TBR_2,A + B,0.0
REPLACE-BG,balanced_age_oversampling,age,oversampling,False,1,TBR_2,RMSE,56.49
REPLACE-BG,balanced_age_oversampling,age,oversampling,False,1,TBR_2,MSE,3190.98
REPLACE-BG,balanced_age_oversampling,age,oversampling,False,1,TBR_2,MAE,53.97
REPLACE-BG,balanced_age_oversampling,age,oversampling,False,1,TBR_2,MAPE,1.19
REPLACE-BG,balanced_age_oversampling,age,oversampling,False,1,TBR_1,A,0.1
REPLACE-BG,balanced_age_oversampling,age,oversampling,False,1,TBR_1,B,0.0
REPLACE-BG,balanced_age_oversampling,age,oversampling,False,1,TBR_1,C,0.0
REPLACE-BG,balanced_age_oversampling,age,oversampling,False,1,TBR_1,D,99.42
REPLACE-BG,balanced_age_oversampling,age,oversampling,False,1,TBR_1,E,0.48
REPLACE-BG,balanced_age_oversampling,age,oversampling,False,1,TBR_1,A + B,0.1
REPLACE-BG,balanced_age_oversampling,age,oversampling,False,1,TBR_1,RMSE,41.85
REPLACE-BG,balanced_age_oversampling,age,oversampling,False,1,TBR_1,MSE,1751.72
REPLACE-BG,balanced_age_oversampling,age,oversampling,False,1,TBR_1,MAE,38.51
REPLACE-BG,balanced_age_oversampling,age,oversampling,False,1,TBR_1,MAPE,0.62
REPLACE-BG,balanced_age_oversampling,age,oversampling,False,1,TIR,A,71.65
REPLACE-BG,balanced_age_oversampling,age,oversampling,False,1,TIR,B,28.17
REPLACE-BG,balanced_age_oversampling,age,oversampling,False,1,TIR,C,0.18
REPLACE-BG,balanced_age_oversampling,age,oversampling,False,1,TIR,D,0.0
REPLACE-BG,balanced_age_oversampling,age,oversampling,False,1,TIR,E,0.0
REPLACE-BG,balanced_age_oversampling,age,oversampling,False,1,TIR,A + B,99.82
REPLACE-BG,balanced_age_oversampling,age,oversampling,False,1,TIR,RMSE,26.07
REPLACE-BG,balanced_age_oversampling,age,oversampling,False,1,TIR,MSE,679.39
REPLACE-BG,balanced_age_oversampling,age,oversampling,False,1,TIR,MAE,19.36
REPLACE-BG,balanced_age_oversampling,age,oversampling,False,1,TIR,MAPE,0.16
REPLACE-BG,balanced_age_oversampling,age,oversampling,False,1,TAR_1,A,67.95
REPLACE-BG,balanced_age_oversampling,age,oversampling,False,1,TAR_1,B,30.11
REPLACE-BG,balanced_age_oversampling,age,oversampling,False,1,TAR_1,C,0.05
REPLACE-BG,balanced_age_oversampling,age,oversampling,False,1,TAR_1,D,1.9
REPLACE-BG,balanced_age_oversampling,age,oversampling,False,1,TAR_1,E,0.0
REPLACE-BG,balanced_age_oversampling,age,oversampling,False,1,TAR_1,A + B,98.06
REPLACE-BG,balanced_age_oversampling,age,oversampling,False,1,TAR_1,RMSE,44.21
REPLACE-BG,balanced_age_oversampling,age,oversampling,False,1,TAR_1,MSE,1954.46
REPLACE-BG,balanced_age_oversampling,age,oversampling,False,1,TAR_1,MAE,35.17
REPLACE-BG,balanced_age_oversampling,age,oversampling,False,1,TAR_1,MAPE,0.17
REPLACE-BG,balanced_age_oversampling,age,oversampling,False,1,TAR_2,A,59.17
REPLACE-BG,balanced_age_oversampling,age,oversampling,False,1,TAR_2,B,31.86
REPLACE-BG,balanced_age_oversampling,age,oversampling,False,1,TAR_2,C,0.0
REPLACE-BG,balanced_age_oversampling,age,oversampling,False,1,TAR_2,D,8.97
REPLACE-BG,balanced_age_oversampling,age,oversampling,False,1,TAR_2,E,0.0
REPLACE-BG,balanced_age_oversampling,age,oversampling,False,1,TAR_2,A + B,91.03
REPLACE-BG,balanced_age_oversampling,age,oversampling,False,1,TAR_2,RMSE,68.04
REPLACE-BG,balanced_age_oversampling,age,oversampling,False,1,TAR_2,MSE,4629.84
REPLACE-BG,balanced_age_oversampling,age,oversampling,False,1,TAR_2,MAE,57.8
REPLACE-BG,balanced_age_oversampling,age,oversampling,False,1,TAR_2,MAPE,0.19
REPLACE-BG,balanced_age_oversampling,age,oversampling,False,1,ENTIRE,A,66.82
REPLACE-BG,balanced_age_oversampling,age,oversampling,False,1,ENTIRE,B,27.85
REPLACE-BG,balanced_age_oversampling,age,oversampling,False,1,ENTIRE,C,0.13
REPLACE-BG,balanced_age_oversampling,age,oversampling,False,1,ENTIRE,D,5.18
REPLACE-BG,balanced_age_oversampling,age,oversampling,False,1,ENTIRE,E,0.02
REPLACE-BG,balanced_age_oversampling,age,oversampling,False,1,ENTIRE,A + B,94.67
REPLACE-BG,balanced_age_oversampling,age,oversampling,False,1,ENTIRE,RMSE,37.38
REPLACE-BG,balanced_age_oversampling,age,oversampling,False,1,ENTIRE,MSE,1397.38
REPLACE-BG,balanced_age_oversampling,age,oversampling,False,1,ENTIRE,MAE,27.47
REPLACE-BG,balanced_age_oversampling,age,oversampling,False,1,ENTIRE,MAPE,0.19
REPLACE-BG,balanced_age_oversampling,age,oversampling,False,2,TBR_2,A,0.0
REPLACE-BG,balanced_age_oversampling,age,oversampling,False,2,TBR_2,B,0.0
REPLACE-BG,balanced_age_oversampling,age,oversampling,False,2,TBR_2,C,0.0
REPLACE-BG,balanced_age_oversampling,age,oversampling,False,2,TBR_2,D,99.52
REPLACE-BG,balanced_age_oversampling,age,oversampling,False,2,TBR_2,E,0.48
REPLACE-BG,balanced_age_oversampling,age,oversampling,False,2,TBR_2,A + B,0.0
REPLACE-BG,balanced_age_oversampling,age,oversampling,False,2,TBR_2,RMSE,55.8
REPLACE-BG,balanced_age_oversampling,age,oversampling,False,2,TBR_2,MSE,3113.58
REPLACE-BG,balanced_age_oversampling,age,oversampling,False,2,TBR_2,MAE,52.99
REPLACE-BG,balanced_age_oversampling,age,oversampling,False,2,TBR_2,MAPE,1.17
REPLACE-BG,balanced_age_oversampling,age,oversampling,False,2,TBR_1,A,0.46
REPLACE-BG,balanced_age_oversampling,age,oversampling,False,2,TBR_1,B,0.0
REPLACE-BG,balanced_age_oversampling,age,oversampling,False,2,TBR_1,C,0.0
REPLACE-BG,balanced_age_oversampling,age,oversampling,False,2,TBR_1,D,99.21
REPLACE-BG,balanced_age_oversampling,age,oversampling,False,2,TBR_1,E,0.33
REPLACE-BG,balanced_age_oversampling,age,oversampling,False,2,TBR_1,A + B,0.46
REPLACE-BG,balanced_age_oversampling,age,oversampling,False,2,TBR_1,RMSE,39.57
REPLACE-BG,balanced_age_oversampling,age,oversampling,False,2,TBR_1,MSE,1565.77
REPLACE-BG,balanced_age_oversampling,age,oversampling,False,2,TBR_1,MAE,36.27
REPLACE-BG,balanced_age_oversampling,age,oversampling,False,2,TBR_1,MAPE,0.58
REPLACE-BG,balanced_age_oversampling,age,oversampling,False,2,TIR,A,73.62
REPLACE-BG,balanced_age_oversampling,age,oversampling,False,2,TIR,B,26.26
REPLACE-BG,balanced_age_oversampling,age,oversampling,False,2,TIR,C,0.12
REPLACE-BG,balanced_age_oversampling,age,oversampling,False,2,TIR,D,0.0
REPLACE-BG,balanced_age_oversampling,age,oversampling,False,2,TIR,E,0.0
REPLACE-BG,balanced_age_oversampling,age,oversampling,False,2,TIR,A + B,99.88
REPLACE-BG,balanced_age_oversampling,age,oversampling,False,2,TIR,RMSE,24.87
REPLACE-BG,balanced_age_oversampling,age,oversampling,False,2,TIR,MSE,618.69
REPLACE-BG,balanced_age_oversampling,age,oversampling,False,2,TIR,MAE,18.42
REPLACE-BG,balanced_age_oversampling,age,oversampling,False,2,TIR,MAPE,0.15
REPLACE-BG,balanced_age_oversampling,age,oversampling,False,2,TAR_1,A,69.28
REPLACE-BG,balanced_age_oversampling,age,oversampling,False,2,TAR_1,B,28.88
REPLACE-BG,balanced_age_oversampling,age,oversampling,False,2,TAR_1,C,0.03
REPLACE-BG,balanced_age_oversampling,age,oversampling,False,2,TAR_1,D,1.81
REPLACE-BG,balanced_age_oversampling,age,oversampling,False,2,TAR_1,E,0.0
REPLACE-BG,balanced_age_oversampling,age,oversampling,False,2,TAR_1,A + B,98.16
REPLACE-BG,balanced_age_oversampling,age,oversampling,False,2,TAR_1,RMSE,42.94
REPLACE-BG,balanced_age_oversampling,age,oversampling,False,2,TAR_1,MSE,1843.99
REPLACE-BG,balanced_age_oversampling,age,oversampling,False,2,TAR_1,MAE,34.15
REPLACE-BG,balanced_age_oversampling,age,oversampling,False,2,TAR_1,MAPE,0.16
REPLACE-BG,balanced_age_oversampling,age,oversampling,False,2,TAR_2,A,57.76
REPLACE-BG,balanced_age_oversampling,age,oversampling,False,2,TAR_2,B,33.01
REPLACE-BG,balanced_age_oversampling,age,oversampling,False,2,TAR_2,C,0.0
REPLACE-BG,balanced_age_oversampling,age,oversampling,False,2,TAR_2,D,9.23
REPLACE-BG,balanced_age_oversampling,age,oversampling,False,2,TAR_2,E,0.0
REPLACE-BG,balanced_age_oversampling,age,oversampling,False,2,TAR_2,A + B,90.77
REPLACE-BG,balanced_age_oversampling,age,oversampling,False,2,TAR_2,RMSE,69.09
REPLACE-BG,balanced_age_oversampling,age,oversampling,False,2,TAR_2,MSE,4773.7
REPLACE-BG,balanced_age_oversampling,age,oversampling,False,2,TAR_2,MAE,59.02
REPLACE-BG,balanced_age_oversampling,age,oversampling,False,2,TAR_2,MAPE,0.2
REPLACE-BG,balanced_age_oversampling,age,oversampling,False,2,ENTIRE,A,68.71
REPLACE-BG,balanced_age_oversampling,age,oversampling,False,2,ENTIRE,B,26.53
REPLACE-BG,balanced_age_oversampling,age,oversampling,False,2,ENTIRE,C,0.09
REPLACE-BG,balanced_age_oversampling,age,oversampling,False,2,ENTIRE,D,4.66
REPLACE-BG,balanced_age_oversampling,age,oversampling,False,2,ENTIRE,E,0.01
REPLACE-BG,balanced_age_oversampling,age,oversampling,False,2,ENTIRE,A + B,95.24
REPLACE-BG,balanced_age_oversampling,age,oversampling,False,2,ENTIRE,RMSE,36.11
REPLACE-BG,balanced_age_oversampling,age,oversampling,False,2,ENTIRE,MSE,1303.73
REPLACE-BG,balanced_age_oversampling,age,oversampling,False,2,ENTIRE,MAE,26.26
REPLACE-BG,balanced_age_oversampling,age,oversampling,False,2,ENTIRE,MAPE,0.18
REPLACE-BG,balanced_age_oversampling,age,oversampling,False,3,TBR_2,A,0.0
REPLACE-BG,balanced_age_oversampling,age,oversampling,False,3,TBR_2,B,0.0
REPLACE-BG,balanced_age_oversampling,age,oversampling,False,3,TBR_2,C,0.0
REPLACE-BG,balanced_age_oversampling,age,oversampling,False,3,TBR_2,D,99.6
REPLACE-BG,balanced_age_oversampling,age,oversampling,False,3,TBR_2,E,0.4
REPLACE-BG,balanced_age_oversampling,age,oversampling,False,3,TBR_2,A + B,0.0
REPLACE-BG,balanced_age_oversampling,age,oversampling,False,3,TBR_2,RMSE,56.93
REPLACE-BG,balanced_age_oversampling,age,oversampling,False,3,TBR_2,MSE,3241.28
REPLACE-BG,balanced_age_oversampling,age,oversampling,False,3,TBR_2,MAE,54.53
REPLACE-BG,balanced_age_oversampling,age,oversampling,False,3,TBR_2,MAPE,1.2
REPLACE-BG,balanced_age_oversampling,age,oversampling,False,3,TBR_1,A,0.28
REPLACE-BG,balanced_age_oversampling,age,oversampling,False,3,TBR_1,B,0.0
REPLACE-BG,balanced_age_oversampling,age,oversampling,False,3,TBR_1,C,0.0
REPLACE-BG,balanced_age_oversampling,age,oversampling,False,3,TBR_1,D,99.37
REPLACE-BG,balanced_age_oversampling,age,oversampling,False,3,TBR_1,E,0.36
REPLACE-BG,balanced_age_oversampling,age,oversampling,False,3,TBR_1,A + B,0.28
REPLACE-BG,balanced_age_oversampling,age,oversampling,False,3,TBR_1,RMSE,41.66
REPLACE-BG,balanced_age_oversampling,age,oversampling,False,3,TBR_1,MSE,1735.46
REPLACE-BG,balanced_age_oversampling,age,oversampling,False,3,TBR_1,MAE,38.61
REPLACE-BG,balanced_age_oversampling,age,oversampling,False,3,TBR_1,MAPE,0.62
REPLACE-BG,balanced_age_oversampling,age,oversampling,False,3,TIR,A,72.61
REPLACE-BG,balanced_age_oversampling,age,oversampling,False,3,TIR,B,27.26
REPLACE-BG,balanced_age_oversampling,age,oversampling,False,3,TIR,C,0.13
REPLACE-BG,balanced_age_oversampling,age,oversampling,False,3,TIR,D,0.0
REPLACE-BG,balanced_age_oversampling,age,oversampling,False,3,TIR,E,0.0
REPLACE-BG,balanced_age_oversampling,age,oversampling,False,3,TIR,A + B,99.87
REPLACE-BG,balanced_age_oversampling,age,oversampling,False,3,TIR,RMSE,25.3
REPLACE-BG,balanced_age_oversampling,age,oversampling,False,3,TIR,MSE,639.87
REPLACE-BG,balanced_age_oversampling,age,oversampling,False,3,TIR,MAE,18.92
REPLACE-BG,balanced_age_oversampling,age,oversampling,False,3,TIR,MAPE,0.15
REPLACE-BG,balanced_age_oversampling,age,oversampling,False,3,TAR_1,A,68.67
REPLACE-BG,balanced_age_oversampling,age,oversampling,False,3,TAR_1,B,29.44
REPLACE-BG,balanced_age_oversampling,age,oversampling,False,3,TAR_1,C,0.05
REPLACE-BG,balanced_age_oversampling,age,oversampling,False,3,TAR_1,D,1.85
REPLACE-BG,balanced_age_oversampling,age,oversampling,False,3,TAR_1,E,0.0
REPLACE-BG,balanced_age_oversampling,age,oversampling,False,3,TAR_1,A + B,98.11
REPLACE-BG,balanced_age_oversampling,age,oversampling,False,3,TAR_1,RMSE,43.24
REPLACE-BG,balanced_age_oversampling,age,oversampling,False,3,TAR_1,MSE,1869.37
REPLACE-BG,balanced_age_oversampling,age,oversampling,False,3,TAR_1,MAE,34.59
REPLACE-BG,balanced_age_oversampling,age,oversampling,False,3,TAR_1,MAPE,0.16
REPLACE-BG,balanced_age_oversampling,age,oversampling,False,3,TAR_2,A,56.33
REPLACE-BG,balanced_age_oversampling,age,oversampling,False,3,TAR_2,B,33.48
REPLACE-BG,balanced_age_oversampling,age,oversampling,False,3,TAR_2,C,0.0
REPLACE-BG,balanced_age_oversampling,age,oversampling,False,3,TAR_2,D,10.18
REPLACE-BG,balanced_age_oversampling,age,oversampling,False,3,TAR_2,E,0.0
REPLACE-BG,balanced_age_oversampling,age,oversampling,False,3,TAR_2,A + B,89.81
REPLACE-BG,balanced_age_oversampling,age,oversampling,False,3,TAR_2,RMSE,69.71
REPLACE-BG,balanced_age_oversampling,age,oversampling,False,3,TAR_2,MSE,4859.54
REPLACE-BG,balanced_age_oversampling,age,oversampling,False,3,TAR_2,MAE,59.26
REPLACE-BG,balanced_age_oversampling,age,oversampling,False,3,TAR_2,MAPE,0.2
REPLACE-BG,balanced_age_oversampling,age,oversampling,False,3,ENTIRE,A,67.64
REPLACE-BG,balanced_age_oversampling,age,oversampling,False,3,ENTIRE,B,27.42
REPLACE-BG,balanced_age_oversampling,age,oversampling,False,3,ENTIRE,C,0.09
REPLACE-BG,balanced_age_oversampling,age,oversampling,False,3,ENTIRE,D,4.83
REPLACE-BG,balanced_age_oversampling,age,oversampling,False,3,ENTIRE,E,0.01
REPLACE-BG,balanced_age_oversampling,age,oversampling,False,3,ENTIRE,A + B,95.06
REPLACE-BG,balanced_age_oversampling,age,oversampling,False,3,ENTIRE,RMSE,37.17
REPLACE-BG,balanced_age_oversampling,age,oversampling,False,3,ENTIRE,MSE,1381.41
REPLACE-BG,balanced_age_oversampling,age,oversampling,False,3,ENTIRE,MAE,27.31
REPLACE-BG,balanced_age_oversampling,age,oversampling,False,3,ENTIRE,MAPE,0.18
REPLACE-BG,balanced_age_oversampling,age,oversampling,False,4,TBR_2,A,0.0
REPLACE-BG,balanced_age_oversampling,age,oversampling,False,4,TBR_2,B,0.0
REPLACE-BG,balanced_age_oversampling,age,oversampling,False,4,TBR_2,C,0.0
REPLACE-BG,balanced_age_oversampling,age,oversampling,False,4,TBR_2,D,99.18
REPLACE-BG,balanced_age_oversampling,age,oversampling,False,4,TBR_2,E,0.82
REPLACE-BG,balanced_age_oversampling,age,oversampling,False,4,TBR_2,A + B,0.0
REPLACE-BG,balanced_age_oversampling,age,oversampling,False,4,TBR_2,RMSE,58.15
REPLACE-BG,balanced_age_oversampling,age,oversampling,False,4,TBR_2,MSE,3381.74
REPLACE-BG,balanced_age_oversampling,age,oversampling,False,4,TBR_2,MAE,55.04
REPLACE-BG,balanced_age_oversampling,age,oversampling,False,4,TBR_2,MAPE,1.22
REPLACE-BG,balanced_age_oversampling,age,oversampling,False,4,TBR_1,A,0.17
REPLACE-BG,balanced_age_oversampling,age,oversampling,False,4,TBR_1,B,0.0
REPLACE-BG,balanced_age_oversampling,age,oversampling,False,4,TBR_1,C,0.0
REPLACE-BG,balanced_age_oversampling,age,oversampling,False,4,TBR_1,D,99.11
REPLACE-BG,balanced_age_oversampling,age,oversampling,False,4,TBR_1,E,0.72
REPLACE-BG,balanced_age_oversampling,age,oversampling,False,4,TBR_1,A + B,0.17
REPLACE-BG,balanced_age_oversampling,age,oversampling,False,4,TBR_1,RMSE,42.47
REPLACE-BG,balanced_age_oversampling,age,oversampling,False,4,TBR_1,MSE,1803.66
REPLACE-BG,balanced_age_oversampling,age,oversampling,False,4,TBR_1,MAE,38.56
REPLACE-BG,balanced_age_oversampling,age,oversampling,False,4,TBR_1,MAPE,0.62
REPLACE-BG,balanced_age_oversampling,age,oversampling,False,4,TIR,A,71.64
REPLACE-BG,balanced_age_oversampling,age,oversampling,False,4,TIR,B,28.18
REPLACE-BG,balanced_age_oversampling,age,oversampling,False,4,TIR,C,0.19
REPLACE-BG,balanced_age_oversampling,age,oversampling,False,4,TIR,D,0.0
REPLACE-BG,balanced_age_oversampling,age,oversampling,False,4,TIR,E,0.0
REPLACE-BG,balanced_age_oversampling,age,oversampling,False,4,TIR,A + B,99.82
REPLACE-BG,balanced_age_oversampling,age,oversampling,False,4,TIR,RMSE,26.27
REPLACE-BG,balanced_age_oversampling,age,oversampling,False,4,TIR,MSE,689.99
REPLACE-BG,balanced_age_oversampling,age,oversampling,False,4,TIR,MAE,19.46
REPLACE-BG,balanced_age_oversampling,age,oversampling,False,4,TIR,MAPE,0.16
REPLACE-BG,balanced_age_oversampling,age,oversampling,False,4,TAR_1,A,70.26
REPLACE-BG,balanced_age_oversampling,age,oversampling,False,4,TAR_1,B,27.88
REPLACE-BG,balanced_age_oversampling,age,oversampling,False,4,TAR_1,C,0.03
REPLACE-BG,balanced_age_oversampling,age,oversampling,False,4,TAR_1,D,1.83
REPLACE-BG,balanced_age_oversampling,age,oversampling,False,4,TAR_1,E,0.0
REPLACE-BG,balanced_age_oversampling,age,oversampling,False,4,TAR_1,A + B,98.14
REPLACE-BG,balanced_age_oversampling,age,oversampling,False,4,TAR_1,RMSE,42.59
REPLACE-BG,balanced_age_oversampling,age,oversampling,False,4,TAR_1,MSE,1813.96
REPLACE-BG,balanced_age_oversampling,age,oversampling,False,4,TAR_1,MAE,34.08
REPLACE-BG,balanced_age_oversampling,age,oversampling,False,4,TAR_1,MAPE,0.16
REPLACE-BG,balanced_age_oversampling,age,oversampling,False,4,TAR_2,A,58.7
REPLACE-BG,balanced_age_oversampling,age,oversampling,False,4,TAR_2,B,32.84
REPLACE-BG,balanced_age_oversampling,age,oversampling,False,4,TAR_2,C,0.0
REPLACE-BG,balanced_age_oversampling,age,oversampling,False,4,TAR_2,D,8.45
REPLACE-BG,balanced_age_oversampling,age,oversampling,False,4,TAR_2,E,0.0
REPLACE-BG,balanced_age_oversampling,age,oversampling,False,4,TAR_2,A + B,91.54
REPLACE-BG,balanced_age_oversampling,age,oversampling,False,4,TAR_2,RMSE,67.67
REPLACE-BG,balanced_age_oversampling,age,oversampling,False,4,TAR_2,MSE,4579.76
REPLACE-BG,balanced_age_oversampling,age,oversampling,False,4,TAR_2,MAE,58.03
REPLACE-BG,balanced_age_oversampling,age,oversampling,False,4,TAR_2,MAPE,0.2
REPLACE-BG,balanced_age_oversampling,age,oversampling,False,4,ENTIRE,A,67.36
REPLACE-BG,balanced_age_oversampling,age,oversampling,False,4,ENTIRE,B,27.6
REPLACE-BG,balanced_age_oversampling,age,oversampling,False,4,ENTIRE,C,0.12
REPLACE-BG,balanced_age_oversampling,age,oversampling,False,4,ENTIRE,D,4.89
REPLACE-BG,balanced_age_oversampling,age,oversampling,False,4,ENTIRE,E,0.03
REPLACE-BG,balanced_age_oversampling,age,oversampling,False,4,ENTIRE,A + B,94.96
REPLACE-BG,balanced_age_oversampling,age,oversampling,False,4,ENTIRE,RMSE,38.05
REPLACE-BG,balanced_age_oversampling,age,oversampling,False,4,ENTIRE,MSE,1448.11
REPLACE-BG,balanced_age_oversampling,age,oversampling,False,4,ENTIRE,MAE,28.15
REPLACE-BG,balanced_age_oversampling,age,oversampling,False,4,ENTIRE,MAPE,0.19
REPLACE-BG,balanced_age_oversampling,age,oversampling,False,5,TBR_2,A,0.0
REPLACE-BG,balanced_age_oversampling,age,oversampling,False,5,TBR_2,B,0.0
REPLACE-BG,balanced_age_oversampling,age,oversampling,False,5,TBR_2,C,0.0
REPLACE-BG,balanced_age_oversampling,age,oversampling,False,5,TBR_2,D,99.33
REPLACE-BG,balanced_age_oversampling,age,oversampling,False,5,TBR_2,E,0.67
REPLACE-BG,balanced_age_oversampling,age,oversampling,False,5,TBR_2,A + B,0.0
REPLACE-BG,balanced_age_oversampling,age,oversampling,False,5,TBR_2,RMSE,57.57
REPLACE-BG,balanced_age_oversampling,age,oversampling,False,5,TBR_2,MSE,3314.41
REPLACE-BG,balanced_age_oversampling,age,oversampling,False,5,TBR_2,MAE,54.58
REPLACE-BG,balanced_age_oversampling,age,oversampling,False,5,TBR_2,MAPE,1.2
REPLACE-BG,balanced_age_oversampling,age,oversampling,False,5,TBR_1,A,0.7
REPLACE-BG,balanced_age_oversampling,age,oversampling,False,5,TBR_1,B,0.0
REPLACE-BG,balanced_age_oversampling,age,oversampling,False,5,TBR_1,C,0.0
REPLACE-BG,balanced_age_oversampling,age,oversampling,False,5,TBR_1,D,98.78
REPLACE-BG,balanced_age_oversampling,age,oversampling,False,5,TBR_1,E,0.52
REPLACE-BG,balanced_age_oversampling,age,oversampling,False,5,TBR_1,A + B,0.7
REPLACE-BG,balanced_age_oversampling,age,oversampling,False,5,TBR_1,RMSE,41.85
REPLACE-BG,balanced_age_oversampling,age,oversampling,False,5,TBR_1,MSE,1751.4
REPLACE-BG,balanced_age_oversampling,age,oversampling,False,5,TBR_1,MAE,38.19
REPLACE-BG,balanced_age_oversampling,age,oversampling,False,5,TBR_1,MAPE,0.62
REPLACE-BG,balanced_age_oversampling,age,oversampling,False,5,TIR,A,71.34
REPLACE-BG,balanced_age_oversampling,age,oversampling,False,5,TIR,B,28.48
REPLACE-BG,balanced_age_oversampling,age,oversampling,False,5,TIR,C,0.19
REPLACE-BG,balanced_age_oversampling,age,oversampling,False,5,TIR,D,0.0
REPLACE-BG,balanced_age_oversampling,age,oversampling,False,5,TIR,E,0.0
REPLACE-BG,balanced_age_oversampling,age,oversampling,False,5,TIR,A + B,99.82
REPLACE-BG,balanced_age_oversampling,age,oversampling,False,5,TIR,RMSE,25.99
REPLACE-BG,balanced_age_oversampling,age,oversampling,False,5,TIR,MSE,675.46
REPLACE-BG,balanced_age_oversampling,age,oversampling,False,5,TIR,MAE,19.2
REPLACE-BG,balanced_age_oversampling,age,oversampling,False,5,TIR,MAPE,0.16
REPLACE-BG,balanced_age_oversampling,age,oversampling,False,5,TAR_1,A,67.19
REPLACE-BG,balanced_age_oversampling,age,oversampling,False,5,TAR_1,B,30.9
REPLACE-BG,balanced_age_oversampling,age,oversampling,False,5,TAR_1,C,0.05
REPLACE-BG,balanced_age_oversampling,age,oversampling,False,5,TAR_1,D,1.86
REPLACE-BG,balanced_age_oversampling,age,oversampling,False,5,TAR_1,E,0.0
REPLACE-BG,balanced_age_oversampling,age,oversampling,False,5,TAR_1,A + B,98.09
REPLACE-BG,balanced_age_oversampling,age,oversampling,False,5,TAR_1,RMSE,44.67
REPLACE-BG,balanced_age_oversampling,age,oversampling,False,5,TAR_1,MSE,1995.38
REPLACE-BG,balanced_age_oversampling,age,oversampling,False,5,TAR_1,MAE,35.63
REPLACE-BG,balanced_age_oversampling,age,oversampling,False,5,TAR_1,MAPE,0.17
REPLACE-BG,balanced_age_oversampling,age,oversampling,False,5,TAR_2,A,57.33
REPLACE-BG,balanced_age_oversampling,age,oversampling,False,5,TAR_2,B,31.86
REPLACE-BG,balanced_age_oversampling,age,oversampling,False,5,TAR_2,C,0.0
REPLACE-BG,balanced_age_oversampling,age,oversampling,False,5,TAR_2,D,10.8
REPLACE-BG,balanced_age_oversampling,age,oversampling,False,5,TAR_2,E,0.0
REPLACE-BG,balanced_age_oversampling,age,oversampling,False,5,TAR_2,A + B,89.19
REPLACE-BG,balanced_age_oversampling,age,oversampling,False,5,TAR_2,RMSE,68.3
REPLACE-BG,balanced_age_oversampling,age,oversampling,False,5,TAR_2,MSE,4664.33
REPLACE-BG,balanced_age_oversampling,age,oversampling,False,5,TAR_2,MAE,57.71
REPLACE-BG,balanced_age_oversampling,age,oversampling,False,5,TAR_2,MAPE,0.2
REPLACE-BG,balanced_age_oversampling,age,oversampling,False,5,ENTIRE,A,66.75
REPLACE-BG,balanced_age_oversampling,age,oversampling,False,5,ENTIRE,B,28.18
REPLACE-BG,balanced_age_oversampling,age,oversampling,False,5,ENTIRE,C,0.14
REPLACE-BG,balanced_age_oversampling,age,oversampling,False,5,ENTIRE,D,4.91
REPLACE-BG,balanced_age_oversampling,age,oversampling,False,5,ENTIRE,E,0.02
REPLACE-BG,balanced_age_oversampling,age,oversampling,False,5,ENTIRE,A + B,94.93
REPLACE-BG,balanced_age_oversampling,age,oversampling,False,5,ENTIRE,RMSE,36.15
REPLACE-BG,balanced_age_oversampling,age,oversampling,False,5,ENTIRE,MSE,1306.81
REPLACE-BG,balanced_age_oversampling,age,oversampling,False,5,ENTIRE,MAE,26.43
REPLACE-BG,balanced_age_oversampling,age,oversampling,False,5,ENTIRE,MAPE,0.19
REPLACE-BG,balanced_age_patient_aware_undersampling,age,patient_aware_undersampling,False,1,TBR_2,A,0.0
REPLACE-BG,balanced_age_patient_aware_undersampling,age,patient_aware_undersampling,False,1,TBR_2,B,0.0
REPLACE-BG,balanced_age_patient_aware_undersampling,age,patient_aware_undersampling,False,1,TBR_2,C,0.0
REPLACE-BG,balanced_age_patient_aware_undersampling,age,patient_aware_undersampling,False,1,TBR_2,D,99.5
REPLACE-BG,balanced_age_patient_aware_undersampling,age,patient_aware_undersampling,False,1,TBR_2,E,0.5
REPLACE-BG,balanced_age_patient_aware_undersampling,age,patient_aware_undersampling,False,1,TBR_2,A + B,0.0
REPLACE-BG,balanced_age_patient_aware_undersampling,age,patient_aware_undersampling,False,1,TBR_2,RMSE,55.63
REPLACE-BG,balanced_age_patient_aware_undersampling,age,patient_aware_undersampling,False,1,TBR_2,MSE,3094.41
REPLACE-BG,balanced_age_patient_aware_undersampling,age,patient_aware_undersampling,False,1,TBR_2,MAE,52.93
REPLACE-BG,balanced_age_patient_aware_undersampling,age,patient_aware_undersampling,False,1,TBR_2,MAPE,1.16
REPLACE-BG,balanced_age_patient_aware_undersampling,age,patient_aware_undersampling,False,1,TBR_1,A,0.42
REPLACE-BG,balanced_age_patient_aware_undersampling,age,patient_aware_undersampling,False,1,TBR_1,B,0.0
REPLACE-BG,balanced_age_patient_aware_undersampling,age,patient_aware_undersampling,False,1,TBR_1,C,0.0
REPLACE-BG,balanced_age_patient_aware_undersampling,age,patient_aware_undersampling,False,1,TBR_1,D,99.13
REPLACE-BG,balanced_age_patient_aware_undersampling,age,patient_aware_undersampling,False,1,TBR_1,E,0.44
REPLACE-BG,balanced_age_patient_aware_undersampling,age,patient_aware_undersampling,False,1,TBR_1,A + B,0.42
REPLACE-BG,balanced_age_patient_aware_undersampling,age,patient_aware_undersampling,False,1,TBR_1,RMSE,41.2
REPLACE-BG,balanced_age_patient_aware_undersampling,age,patient_aware_undersampling,False,1,TBR_1,MSE,1697.39
REPLACE-BG,balanced_age_patient_aware_undersampling,age,patient_aware_undersampling,False,1,TBR_1,MAE,37.73
REPLACE-BG,balanced_age_patient_aware_undersampling,age,patient_aware_undersampling,False,1,TBR_1,MAPE,0.61
REPLACE-BG,balanced_age_patient_aware_undersampling,age,patient_aware_undersampling,False,1,TIR,A,71.86
REPLACE-BG,balanced_age_patient_aware_undersampling,age,patient_aware_undersampling,False,1,TIR,B,27.97
REPLACE-BG,balanced_age_patient_aware_undersampling,age,patient_aware_undersampling,False,1,TIR,C,0.17
REPLACE-BG,balanced_age_patient_aware_undersampling,age,patient_aware_undersampling,False,1,TIR,D,0.0
REPLACE-BG,balanced_age_patient_aware_undersampling,age,patient_aware_undersampling,False,1,TIR,E,0.0
REPLACE-BG,balanced_age_patient_aware_undersampling,age,patient_aware_undersampling,False,1,TIR,A + B,99.83
REPLACE-BG,balanced_age_patient_aware_undersampling,age,patient_aware_undersampling,False,1,TIR,RMSE,25.97
REPLACE-BG,balanced_age_patient_aware_undersampling,age,patient_aware_undersampling,False,1,TIR,MSE,674.69
REPLACE-BG,balanced_age_patient_aware_undersampling,age,patient_aware_undersampling,False,1,TIR,MAE,19.26
REPLACE-BG,balanced_age_patient_aware_undersampling,age,patient_aware_undersampling,False,1,TIR,MAPE,0.16
REPLACE-BG,balanced_age_patient_aware_undersampling,age,patient_aware_undersampling,False,1,TAR_1,A,68.15
REPLACE-BG,balanced_age_patient_aware_undersampling,age,patient_aware_undersampling,False,1,TAR_1,B,29.91
REPLACE-BG,balanced_age_patient_aware_undersampling,age,patient_aware_undersampling,False,1,TAR_1,C,0.04
REPLACE-BG,balanced_age_patient_aware_undersampling,age,patient_aware_undersampling,False,1,TAR_1,D,1.9
REPLACE-BG,balanced_age_patient_aware_undersampling,age,patient_aware_undersampling,False,1,TAR_1,E,0.0
REPLACE-BG,balanced_age_patient_aware_undersampling,age,patient_aware_undersampling,False,1,TAR_1,A + B,98.06
REPLACE-BG,balanced_age_patient_aware_undersampling,age,patient_aware_undersampling,False,1,TAR_1,RMSE,44.16
REPLACE-BG,balanced_age_patient_aware_undersampling,age,patient_aware_undersampling,False,1,TAR_1,MSE,1950.38
REPLACE-BG,balanced_age_patient_aware_undersampling,age,patient_aware_undersampling,False,1,TAR_1,MAE,35.17
REPLACE-BG,balanced_age_patient_aware_undersampling,age,patient_aware_undersampling,False,1,TAR_1,MAPE,0.17
REPLACE-BG,balanced_age_patient_aware_undersampling,age,patient_aware_undersampling,False,1,TAR_2,A,58.41
REPLACE-BG,balanced_age_patient_aware_undersampling,age,patient_aware_undersampling,False,1,TAR_2,B,32.64
REPLACE-BG,balanced_age_patient_aware_undersampling,age,patient_aware_undersampling,False,1,TAR_2,C,0.0
REPLACE-BG,balanced_age_patient_aware_undersampling,age,patient_aware_undersampling,False,1,TAR_2,D,8.94
REPLACE-BG,balanced_age_patient_aware_undersampling,age,patient_aware_undersampling,False,1,TAR_2,E,0.0
REPLACE-BG,balanced_age_patient_aware_undersampling,age,patient_aware_undersampling,False,1,TAR_2,A + B,91.05
REPLACE-BG,balanced_age_patient_aware_undersampling,age,patient_aware_undersampling,False,1,TAR_2,RMSE,68.53
REPLACE-BG,balanced_age_patient_aware_undersampling,age,patient_aware_undersampling,False,1,TAR_2,MSE,4696.84
REPLACE-BG,balanced_age_patient_aware_undersampling,age,patient_aware_undersampling,False,1,TAR_2,MAE,58.4
REPLACE-BG,balanced_age_patient_aware_undersampling,age,patient_aware_undersampling,False,1,TAR_2,MAPE,0.2
REPLACE-BG,balanced_age_patient_aware_undersampling,age,patient_aware_undersampling,False,1,ENTIRE,A,66.94
REPLACE-BG,balanced_age_patient_aware_undersampling,age,patient_aware_undersampling,False,1,ENTIRE,B,27.75
REPLACE-BG,balanced_age_patient_aware_undersampling,age,patient_aware_undersampling,False,1,ENTIRE,C,0.12
REPLACE-BG,balanced_age_patient_aware_undersampling,age,patient_aware_undersampling,False,1,ENTIRE,D,5.17
REPLACE-BG,balanced_age_patient_aware_undersampling,age,patient_aware_undersampling,False,1,ENTIRE,E,0.02
REPLACE-BG,balanced_age_patient_aware_undersampling,age,patient_aware_undersampling,False,1,ENTIRE,A + B,94.69
REPLACE-BG,balanced_age_patient_aware_undersampling,age,patient_aware_undersampling,False,1,ENTIRE,RMSE,37.38
REPLACE-BG,balanced_age_patient_aware_undersampling,age,patient_aware_undersampling,False,1,ENTIRE,MSE,1397.25
REPLACE-BG,balanced_age_patient_aware_undersampling,age,patient_aware_undersampling,False,1,ENTIRE,MAE,27.43
REPLACE-BG,balanced_age_patient_aware_undersampling,age,patient_aware_undersampling,False,1,ENTIRE,MAPE,0.19
REPLACE-BG,balanced_age_patient_aware_undersampling,age,patient_aware_undersampling,False,2,TBR_2,A,0.0
REPLACE-BG,balanced_age_patient_aware_undersampling,age,patient_aware_undersampling,False,2,TBR_2,B,0.0
REPLACE-BG,balanced_age_patient_aware_undersampling,age,patient_aware_undersampling,False,2,TBR_2,C,0.0
REPLACE-BG,balanced_age_patient_aware_undersampling,age,patient_aware_undersampling,False,2,TBR_2,D,99.52
REPLACE-BG,balanced_age_patient_aware_undersampling,age,patient_aware_undersampling,False,2,TBR_2,E,0.48
REPLACE-BG,balanced_age_patient_aware_undersampling,age,patient_aware_undersampling,False,2,TBR_2,A + B,0.0
REPLACE-BG,balanced_age_patient_aware_undersampling,age,patient_aware_undersampling,False,2,TBR_2,RMSE,55.39
REPLACE-BG,balanced_age_patient_aware_undersampling,age,patient_aware_undersampling,False,2,TBR_2,MSE,3068.07
REPLACE-BG,balanced_age_patient_aware_undersampling,age,patient_aware_undersampling,False,2,TBR_2,MAE,52.56
REPLACE-BG,balanced_age_patient_aware_undersampling,age,patient_aware_undersampling,False,2,TBR_2,MAPE,1.16
REPLACE-BG,balanced_age_patient_aware_undersampling,age,patient_aware_undersampling,False,2,TBR_1,A,0.23
REPLACE-BG,balanced_age_patient_aware_undersampling,age,patient_aware_undersampling,False,2,TBR_1,B,0.0
REPLACE-BG,balanced_age_patient_aware_undersampling,age,patient_aware_undersampling,False,2,TBR_1,C,0.0
REPLACE-BG,balanced_age_patient_aware_undersampling,age,patient_aware_undersampling,False,2,TBR_1,D,99.43
REPLACE-BG,balanced_age_patient_aware_undersampling,age,patient_aware_undersampling,False,2,TBR_1,E,0.34
REPLACE-BG,balanced_age_patient_aware_undersampling,age,patient_aware_undersampling,False,2,TBR_1,A + B,0.23
REPLACE-BG,balanced_age_patient_aware_undersampling,age,patient_aware_undersampling,False,2,TBR_1,RMSE,39.64
REPLACE-BG,balanced_age_patient_aware_undersampling,age,patient_aware_undersampling,False,2,TBR_1,MSE,1571.3
REPLACE-BG,balanced_age_patient_aware_undersampling,age,patient_aware_undersampling,False,2,TBR_1,MAE,36.37
REPLACE-BG,balanced_age_patient_aware_undersampling,age,patient_aware_undersampling,False,2,TBR_1,MAPE,0.59
REPLACE-BG,balanced_age_patient_aware_undersampling,age,patient_aware_undersampling,False,2,TIR,A,73.29
REPLACE-BG,balanced_age_patient_aware_undersampling,age,patient_aware_undersampling,False,2,TIR,B,26.57
REPLACE-BG,balanced_age_patient_aware_undersampling,age,patient_aware_undersampling,False,2,TIR,C,0.13
REPLACE-BG,balanced_age_patient_aware_undersampling,age,patient_aware_undersampling,False,2,TIR,D,0.0
REPLACE-BG,balanced_age_patient_aware_undersampling,age,patient_aware_undersampling,False,2,TIR,E,0.0
REPLACE-BG,balanced_age_patient_aware_undersampling,age,patient_aware_undersampling,False,2,TIR,A + B,99.86
REPLACE-BG,balanced_age_patient_aware_undersampling,age,patient_aware_undersampling,False,2,TIR,RMSE,25.0
REPLACE-BG,balanced_age_patient_aware_undersampling,age,patient_aware_undersampling,False,2,TIR,MSE,625.19
REPLACE-BG,balanced_age_patient_aware_undersampling,age,patient_aware_undersampling,False,2,TIR,MAE,18.47
REPLACE-BG,balanced_age_patient_aware_undersampling,age,patient_aware_undersampling,False,2,TIR,MAPE,0.15
REPLACE-BG,balanced_age_patient_aware_undersampling,age,patient_aware_undersampling,False,2,TAR_1,A,69.7
REPLACE-BG,balanced_age_patient_aware_undersampling,age,patient_aware_undersampling,False,2,TAR_1,B,28.49
REPLACE-BG,balanced_age_patient_aware_undersampling,age,patient_aware_undersampling,False,2,TAR_1,C,0.04
REPLACE-BG,balanced_age_patient_aware_undersampling,age,patient_aware_undersampling,False,2,TAR_1,D,1.77
REPLACE-BG,balanced_age_patient_aware_undersampling,age,patient_aware_undersampling,False,2,TAR_1,E,0.0
REPLACE-BG,balanced_age_patient_aware_undersampling,age,patient_aware_undersampling,False,2,TAR_1,A + B,98.19
REPLACE-BG,balanced_age_patient_aware_undersampling,age,patient_aware_undersampling,False,2,TAR_1,RMSE,42.87
REPLACE-BG,balanced_age_patient_aware_undersampling,age,patient_aware_undersampling,False,2,TAR_1,MSE,1837.97
REPLACE-BG,balanced_age_patient_aware_undersampling,age,patient_aware_undersampling,False,2,TAR_1,MAE,34.16
REPLACE-BG,balanced_age_patient_aware_undersampling,age,patient_aware_undersampling,False,2,TAR_1,MAPE,0.16
REPLACE-BG,balanced_age_patient_aware_undersampling,age,patient_aware_undersampling,False,2,TAR_2,A,59.69
REPLACE-BG,balanced_age_patient_aware_undersampling,age,patient_aware_undersampling,False,2,TAR_2,B,31.37
REPLACE-BG,balanced_age_patient_aware_undersampling,age,patient_aware_undersampling,False,2,TAR_2,C,0.0
REPLACE-BG,balanced_age_patient_aware_undersampling,age,patient_aware_undersampling,False,2,TAR_2,D,8.94
REPLACE-BG,balanced_age_patient_aware_undersampling,age,patient_aware_undersampling,False,2,TAR_2,E,0.0
REPLACE-BG,balanced_age_patient_aware_undersampling,age,patient_aware_undersampling,False,2,TAR_2,A + B,91.06
REPLACE-BG,balanced_age_patient_aware_undersampling,age,patient_aware_undersampling,False,2,TAR_2,RMSE,67.66
REPLACE-BG,balanced_age_patient_aware_undersampling,age,patient_aware_undersampling,False,2,TAR_2,MSE,4578.32
REPLACE-BG,balanced_age_patient_aware_undersampling,age,patient_aware_undersampling,False,2,TAR_2,MAE,57.2
REPLACE-BG,balanced_age_patient_aware_undersampling,age,patient_aware_undersampling,False,2,TAR_2,MAPE,0.19
REPLACE-BG,balanced_age_patient_aware_undersampling,age,patient_aware_undersampling,False,2,ENTIRE,A,68.76
REPLACE-BG,balanced_age_patient_aware_undersampling,age,patient_aware_undersampling,False,2,ENTIRE,B,26.5
REPLACE-BG,balanced_age_patient_aware_undersampling,age,patient_aware_undersampling,False,2,ENTIRE,C,0.1
REPLACE-BG,balanced_age_patient_aware_undersampling,age,patient_aware_undersampling,False,2,ENTIRE,D,4.63
REPLACE-BG,balanced_age_patient_aware_undersampling,age,patient_aware_undersampling,False,2,ENTIRE,E,0.01
REPLACE-BG,balanced_age_patient_aware_undersampling,age,patient_aware_undersampling,False,2,ENTIRE,A + B,95.26
REPLACE-BG,balanced_age_patient_aware_undersampling,age,patient_aware_undersampling,False,2,ENTIRE,RMSE,35.91
REPLACE-BG,balanced_age_patient_aware_undersampling,age,patient_aware_undersampling,False,2,ENTIRE,MSE,1289.18
REPLACE-BG,balanced_age_patient_aware_undersampling,age,patient_aware_undersampling,False,2,ENTIRE,MAE,26.14
REPLACE-BG,balanced_age_patient_aware_undersampling,age,patient_aware_undersampling,False,2,ENTIRE,MAPE,0.18
REPLACE-BG,balanced_age_patient_aware_undersampling,age,patient_aware_undersampling,False,3,TBR_2,A,0.0
REPLACE-BG,balanced_age_patient_aware_undersampling,age,patient_aware_undersampling,False,3,TBR_2,B,0.0
REPLACE-BG,balanced_age_patient_aware_undersampling,age,patient_aware_undersampling,False,3,TBR_2,C,0.0
REPLACE-BG,balanced_age_patient_aware_undersampling,age,patient_aware_undersampling,False,3,TBR_2,D,99.53
REPLACE-BG,balanced_age_patient_aware_undersampling,age,patient_aware_undersampling,False,3,TBR_2,E,0.47
REPLACE-BG,balanced_age_patient_aware_undersampling,age,patient_aware_undersampling,False,3,TBR_2,A + B,0.0
REPLACE-BG,balanced_age_patient_aware_undersampling,age,patient_aware_undersampling,False,3,TBR_2,RMSE,56.47
REPLACE-BG,balanced_age_patient_aware_undersampling,age,patient_aware_undersampling,False,3,TBR_2,MSE,3188.78
REPLACE-BG,balanced_age_patient_aware_undersampling,age,patient_aware_undersampling,False,3,TBR_2,MAE,53.96
REPLACE-BG,balanced_age_patient_aware_undersampling,age,patient_aware_undersampling,False,3,TBR_2,MAPE,1.19
REPLACE-BG,balanced_age_patient_aware_undersampling,age,patient_aware_undersampling,False,3,TBR_1,A,0.21
REPLACE-BG,balanced_age_patient_aware_undersampling,age,patient_aware_undersampling,False,3,TBR_1,B,0.0
REPLACE-BG,balanced_age_patient_aware_undersampling,age,patient_aware_undersampling,False,3,TBR_1,C,0.0
REPLACE-BG,balanced_age_patient_aware_undersampling,age,patient_aware_undersampling,False,3,TBR_1,D,99.4
REPLACE-BG,balanced_age_patient_aware_undersampling,age,patient_aware_undersampling,False,3,TBR_1,E,0.39
REPLACE-BG,balanced_age_patient_aware_undersampling,age,patient_aware_undersampling,False,3,TBR_1,A + B,0.21
REPLACE-BG,balanced_age_patient_aware_undersampling,age,patient_aware_undersampling,False,3,TBR_1,RMSE,41.26
REPLACE-BG,balanced_age_patient_aware_undersampling,age,patient_aware_undersampling,False,3,TBR_1,MSE,1702.71
REPLACE-BG,balanced_age_patient_aware_undersampling,age,patient_aware_undersampling,False,3,TBR_1,MAE,38.08
REPLACE-BG,balanced_age_patient_aware_undersampling,age,patient_aware_undersampling,False,3,TBR_1,MAPE,0.61
REPLACE-BG,balanced_age_patient_aware_undersampling,age,patient_aware_undersampling,False,3,TIR,A,72.65
REPLACE-BG,balanced_age_patient_aware_undersampling,age,patient_aware_undersampling,False,3,TIR,B,27.22
REPLACE-BG,balanced_age_patient_aware_undersampling,age,patient_aware_undersampling,False,3,TIR,C,0.14
REPLACE-BG,balanced_age_patient_aware_undersampling,age,patient_aware_undersampling,False,3,TIR,D,0.0
REPLACE-BG,balanced_age_patient_aware_undersampling,age,patient_aware_undersampling,False,3,TIR,E,0.0
REPLACE-BG,balanced_age_patient_aware_undersampling,age,patient_aware_undersampling,False,3,TIR,A + B,99.87
REPLACE-BG,balanced_age_patient_aware_undersampling,age,patient_aware_undersampling,False,3,TIR,RMSE,25.37
REPLACE-BG,balanced_age_patient_aware_undersampling,age,patient_aware_undersampling,False,3,TIR,MSE,643.84
REPLACE-BG,balanced_age_patient_aware_undersampling,age,patient_aware_undersampling,False,3,TIR,MAE,18.87
REPLACE-BG,balanced_age_patient_aware_undersampling,age,patient_aware_undersampling,False,3,TIR,MAPE,0.15
REPLACE-BG,balanced_age_patient_aware_undersampling,age,patient_aware_undersampling,False,3,TAR_1,A,69.12
REPLACE-BG,balanced_age_patient_aware_undersampling,age,patient_aware_undersampling,False,3,TAR_1,B,29.0
REPLACE-BG,balanced_age_patient_aware_undersampling,age,patient_aware_undersampling,False,3,TAR_1,C,0.04
REPLACE-BG,balanced_age_patient_aware_undersampling,age,patient_aware_undersampling,False,3,TAR_1,D,1.84
REPLACE-BG,balanced_age_patient_aware_undersampling,age,patient_aware_undersampling,False,3,TAR_1,E,0.0
REPLACE-BG,balanced_age_patient_aware_undersampling,age,patient_aware_undersampling,False,3,TAR_1,A + B,98.12
REPLACE-BG,balanced_age_patient_aware_undersampling,age,patient_aware_undersampling,False,3,TAR_1,RMSE,43.09
REPLACE-BG,balanced_age_patient_aware_undersampling,age,patient_aware_undersampling,False,3,TAR_1,MSE,1856.44
REPLACE-BG,balanced_age_patient_aware_undersampling,age,patient_aware_undersampling,False,3,TAR_1,MAE,34.48
REPLACE-BG,balanced_age_patient_aware_undersampling,age,patient_aware_undersampling,False,3,TAR_1,MAPE,0.16
REPLACE-BG,balanced_age_patient_aware_undersampling,age,patient_aware_undersampling,False,3,TAR_2,A,56.3
REPLACE-BG,balanced_age_patient_aware_undersampling,age,patient_aware_undersampling,False,3,TAR_2,B,33.67
REPLACE-BG,balanced_age_patient_aware_undersampling,age,patient_aware_undersampling,False,3,TAR_2,C,0.0
REPLACE-BG,balanced_age_patient_aware_undersampling,age,patient_aware_undersampling,False,3,TAR_2,D,10.02
REPLACE-BG,balanced_age_patient_aware_undersampling,age,patient_aware_undersampling,False,3,TAR_2,E,0.0
REPLACE-BG,balanced_age_patient_aware_undersampling,age,patient_aware_undersampling,False,3,TAR_2,A + B,89.97
REPLACE-BG,balanced_age_patient_aware_undersampling,age,patient_aware_undersampling,False,3,TAR_2,RMSE,69.59
REPLACE-BG,balanced_age_patient_aware_undersampling,age,patient_aware_undersampling,False,3,TAR_2,MSE,4843.45
REPLACE-BG,balanced_age_patient_aware_undersampling,age,patient_aware_undersampling,False,3,TAR_2,MAE,59.26
REPLACE-BG,balanced_age_patient_aware_undersampling,age,patient_aware_undersampling,False,3,TAR_2,MAPE,0.2
REPLACE-BG,balanced_age_patient_aware_undersampling,age,patient_aware_undersampling,False,3,ENTIRE,A,67.77
REPLACE-BG,balanced_age_patient_aware_undersampling,age,patient_aware_undersampling,False,3,ENTIRE,B,27.31
REPLACE-BG,balanced_age_patient_aware_undersampling,age,patient_aware_undersampling,False,3,ENTIRE,C,0.1
REPLACE-BG,balanced_age_patient_aware_undersampling,age,patient_aware_undersampling,False,3,ENTIRE,D,4.81
REPLACE-BG,balanced_age_patient_aware_undersampling,age,patient_aware_undersampling,False,3,ENTIRE,E,0.01
REPLACE-BG,balanced_age_patient_aware_undersampling,age,patient_aware_undersampling,False,3,ENTIRE,A + B,95.08
REPLACE-BG,balanced_age_patient_aware_undersampling,age,patient_aware_undersampling,False,3,ENTIRE,RMSE,37.12
REPLACE-BG,balanced_age_patient_aware_undersampling,age,patient_aware_undersampling,False,3,ENTIRE,MSE,1377.95
REPLACE-BG,balanced_age_patient_aware_undersampling,age,patient_aware_undersampling,False,3,ENTIRE,MAE,27.23
REPLACE-BG,balanced_age_patient_aware_undersampling,age,patient_aware_undersampling,False,3,ENTIRE,MAPE,0.18
REPLACE-BG,balanced_age_patient_aware_undersampling,age,patient_aware_undersampling,False,4,TBR_2,A,0.05
REPLACE-BG,balanced_age_patient_aware_undersampling,age,patient_aware_undersampling,False,4,TBR_2,B,0.0
REPLACE-BG,balanced_age_patient_aware_undersampling,age,patient_aware_undersampling,False,4,TBR_2,C,0.0
REPLACE-BG,balanced_age_patient_aware_undersampling,age,patient_aware_undersampling,False,4,TBR_2,D,99.11
REPLACE-BG,balanced_age_patient_aware_undersampling,age,patient_aware_undersampling,False,4,TBR_2,E,0.83
REPLACE-BG,balanced_age_patient_aware_undersampling,age,patient_aware_undersampling,False,4,TBR_2,A + B,0.05
REPLACE-BG,balanced_age_patient_aware_undersampling,age,patient_aware_undersampling,False,4,TBR_2,RMSE,57.05
REPLACE-BG,balanced_age_patient_aware_undersampling,age,patient_aware_undersampling,False,4,TBR_2,MSE,3254.85
REPLACE-BG,balanced_age_patient_aware_undersampling,age,patient_aware_undersampling,False,4,TBR_2,MAE,53.42
REPLACE-BG,balanced_age_patient_aware_undersampling,age,patient_aware_undersampling,False,4,TBR_2,MAPE,1.18
REPLACE-BG,balanced_age_patient_aware_undersampling,age,patient_aware_undersampling,False,4,TBR_1,A,1.5
REPLACE-BG,balanced_age_patient_aware_undersampling,age,patient_aware_undersampling,False,4,TBR_1,B,0.0
REPLACE-BG,balanced_age_patient_aware_undersampling,age,patient_aware_undersampling,False,4,TBR_1,C,0.0
REPLACE-BG,balanced_age_patient_aware_undersampling,age,patient_aware_undersampling,False,4,TBR_1,D,97.78
REPLACE-BG,balanced_age_patient_aware_undersampling,age,patient_aware_undersampling,False,4,TBR_1,E,0.72
REPLACE-BG,balanced_age_patient_aware_undersampling,age,patient_aware_undersampling,False,4,TBR_1,A + B,1.5
REPLACE-BG,balanced_age_patient_aware_undersampling,age,patient_aware_undersampling,False,4,TBR_1,RMSE,41.75
REPLACE-BG,balanced_age_patient_aware_undersampling,age,patient_aware_undersampling,False,4,TBR_1,MSE,1743.19
REPLACE-BG,balanced_age_patient_aware_undersampling,age,patient_aware_undersampling,False,4,TBR_1,MAE,37.35
REPLACE-BG,balanced_age_patient_aware_undersampling,age,patient_aware_undersampling,False,4,TBR_1,MAPE,0.6
REPLACE-BG,balanced_age_patient_aware_undersampling,age,patient_aware_undersampling,False,4,TIR,A,71.65
REPLACE-BG,balanced_age_patient_aware_undersampling,age,patient_aware_undersampling,False,4,TIR,B,28.14
REPLACE-BG,balanced_age_patient_aware_undersampling,age,patient_aware_undersampling,False,4,TIR,C,0.2
REPLACE-BG,balanced_age_patient_aware_undersampling,age,patient_aware_undersampling,False,4,TIR,D,0.0
REPLACE-BG,balanced_age_patient_aware_undersampling,age,patient_aware_undersampling,False,4,TIR,E,0.0
REPLACE-BG,balanced_age_patient_aware_undersampling,age,patient_aware_undersampling,False,4,TIR,A + B,99.79
REPLACE-BG,balanced_age_patient_aware_undersampling,age,patient_aware_undersampling,False,4,TIR,RMSE,26.54
REPLACE-BG,balanced_age_patient_aware_undersampling,age,patient_aware_undersampling,False,4,TIR,MSE,704.12
REPLACE-BG,balanced_age_patient_aware_undersampling,age,patient_aware_undersampling,False,4,TIR,MAE,19.57
REPLACE-BG,balanced_age_patient_aware_undersampling,age,patient_aware_undersampling,False,4,TIR,MAPE,0.16
REPLACE-BG,balanced_age_patient_aware_undersampling,age,patient_aware_undersampling,False,4,TAR_1,A,71.22
REPLACE-BG,balanced_age_patient_aware_undersampling,age,patient_aware_undersampling,False,4,TAR_1,B,26.99
REPLACE-BG,balanced_age_patient_aware_undersampling,age,patient_aware_undersampling,False,4,TAR_1,C,0.04
REPLACE-BG,balanced_age_patient_aware_undersampling,age,patient_aware_undersampling,False,4,TAR_1,D,1.75
REPLACE-BG,balanced_age_patient_aware_undersampling,age,patient_aware_undersampling,False,4,TAR_1,E,0.0
REPLACE-BG,balanced_age_patient_aware_undersampling,age,patient_aware_undersampling,False,4,TAR_1,A + B,98.21
REPLACE-BG,balanced_age_patient_aware_undersampling,age,patient_aware_undersampling,False,4,TAR_1,RMSE,42.18
REPLACE-BG,balanced_age_patient_aware_undersampling,age,patient_aware_undersampling,False,4,TAR_1,MSE,1778.82
REPLACE-BG,balanced_age_patient_aware_undersampling,age,patient_aware_undersampling,False,4,TAR_1,MAE,33.51
REPLACE-BG,balanced_age_patient_aware_undersampling,age,patient_aware_undersampling,False,4,TAR_1,MAPE,0.16
REPLACE-BG,balanced_age_patient_aware_undersampling,age,patient_aware_undersampling,False,4,TAR_2,A,60.5
REPLACE-BG,balanced_age_patient_aware_undersampling,age,patient_aware_undersampling,False,4,TAR_2,B,31.43
REPLACE-BG,balanced_age_patient_aware_undersampling,age,patient_aware_undersampling,False,4,TAR_2,C,0.0
REPLACE-BG,balanced_age_patient_aware_undersampling,age,patient_aware_undersampling,False,4,TAR_2,D,8.07
REPLACE-BG,balanced_age_patient_aware_undersampling,age,patient_aware_undersampling,False,4,TAR_2,E,0.0
REPLACE-BG,balanced_age_patient_aware_undersampling,age,patient_aware_undersampling,False,4,TAR_2,A + B,91.93
REPLACE-BG,balanced_age_patient_aware_undersampling,age,patient_aware_undersampling,False,4,TAR_2,RMSE,66.45
REPLACE-BG,balanced_age_patient_aware_undersampling,age,patient_aware_undersampling,False,4,TAR_2,MSE,4415.85
REPLACE-BG,balanced_age_patient_aware_undersampling,age,patient_aware_undersampling,False,4,TAR_2,MAE,56.67
REPLACE-BG,balanced_age_patient_aware_undersampling,age,patient_aware_undersampling,False,4,TAR_2,MAPE,0.19
REPLACE-BG,balanced_age_patient_aware_undersampling,age,patient_aware_undersampling,False,4,ENTIRE,A,67.84
REPLACE-BG,balanced_age_patient_aware_undersampling,age,patient_aware_undersampling,False,4,ENTIRE,B,27.21
REPLACE-BG,balanced_age_patient_aware_undersampling,age,patient_aware_undersampling,False,4,ENTIRE,C,0.13
REPLACE-BG,balanced_age_patient_aware_undersampling,age,patient_aware_undersampling,False,4,ENTIRE,D,4.8
REPLACE-BG,balanced_age_patient_aware_undersampling,age,patient_aware_undersampling,False,4,ENTIRE,E,0.03
REPLACE-BG,balanced_age_patient_aware_undersampling,age,patient_aware_undersampling,False,4,ENTIRE,A + B,95.05
REPLACE-BG,balanced_age_patient_aware_undersampling,age,patient_aware_undersampling,False,4,ENTIRE,RMSE,37.78
REPLACE-BG,balanced_age_patient_aware_undersampling,age,patient_aware_undersampling,False,4,ENTIRE,MSE,1427.31
REPLACE-BG,balanced_age_patient_aware_undersampling,age,patient_aware_undersampling,False,4,ENTIRE,MAE,27.88
REPLACE-BG,balanced_age_patient_aware_undersampling,age,patient_aware_undersampling,False,4,ENTIRE,MAPE,0.18
REPLACE-BG,balanced_age_patient_aware_undersampling,age,patient_aware_undersampling,False,5,TBR_2,A,0.02
REPLACE-BG,balanced_age_patient_aware_undersampling,age,patient_aware_undersampling,False,5,TBR_2,B,0.0
REPLACE-BG,balanced_age_patient_aware_undersampling,age,patient_aware_undersampling,False,5,TBR_2,C,0.0
REPLACE-BG,balanced_age_patient_aware_undersampling,age,patient_aware_undersampling,False,5,TBR_2,D,99.33
REPLACE-BG,balanced_age_patient_aware_undersampling,age,patient_aware_undersampling,False,5,TBR_2,E,0.65
REPLACE-BG,balanced_age_patient_aware_undersampling,age,patient_aware_undersampling,False,5,TBR_2,A + B,0.02
REPLACE-BG,balanced_age_patient_aware_undersampling,age,patient_aware_undersampling,False,5,TBR_2,RMSE,56.63
REPLACE-BG,balanced_age_patient_aware_undersampling,age,patient_aware_undersampling,False,5,TBR_2,MSE,3207.46
REPLACE-BG,balanced_age_patient_aware_undersampling,age,patient_aware_undersampling,False,5,TBR_2,MAE,53.44
REPLACE-BG,balanced_age_patient_aware_undersampling,age,patient_aware_undersampling,False,5,TBR_2,MAPE,1.18
REPLACE-BG,balanced_age_patient_aware_undersampling,age,patient_aware_undersampling,False,5,TBR_1,A,0.83
REPLACE-BG,balanced_age_patient_aware_undersampling,age,patient_aware_undersampling,False,5,TBR_1,B,0.0
REPLACE-BG,balanced_age_patient_aware_undersampling,age,patient_aware_undersampling,False,5,TBR_1,C,0.0
REPLACE-BG,balanced_age_patient_aware_undersampling,age,patient_aware_undersampling,False,5,TBR_1,D,98.67
REPLACE-BG,balanced_age_patient_aware_undersampling,age,patient_aware_undersampling,False,5,TBR_1,E,0.49
REPLACE-BG,balanced_age_patient_aware_undersampling,age,patient_aware_undersampling,False,5,TBR_1,A + B,0.83
REPLACE-BG,balanced_age_patient_aware_undersampling,age,patient_aware_undersampling,False,5,TBR_1,RMSE,41.12
REPLACE-BG,balanced_age_patient_aware_undersampling,age,patient_aware_undersampling,False,5,TBR_1,MSE,1691.23
REPLACE-BG,balanced_age_patient_aware_undersampling,age,patient_aware_undersampling,False,5,TBR_1,MAE,37.34
REPLACE-BG,balanced_age_patient_aware_undersampling,age,patient_aware_undersampling,False,5,TBR_1,MAPE,0.6
REPLACE-BG,balanced_age_patient_aware_undersampling,age,patient_aware_undersampling,False,5,TIR,A,71.54
REPLACE-BG,balanced_age_patient_aware_undersampling,age,patient_aware_undersampling,False,5,TIR,B,28.27
REPLACE-BG,balanced_age_patient_aware_undersampling,age,patient_aware_undersampling,False,5,TIR,C,0.19
REPLACE-BG,balanced_age_patient_aware_undersampling,age,patient_aware_undersampling,False,5,TIR,D,0.0
REPLACE-BG,balanced_age_patient_aware_undersampling,age,patient_aware_undersampling,False,5,TIR,E,0.0
REPLACE-BG,balanced_age_patient_aware_undersampling,age,patient_aware_undersampling,False,5,TIR,A + B,99.81
REPLACE-BG,balanced_age_patient_aware_undersampling,age,patient_aware_undersampling,False,5,TIR,RMSE,25.99
REPLACE-BG,balanced_age_patient_aware_undersampling,age,patient_aware_undersampling,False,5,TIR,MSE,675.53
REPLACE-BG,balanced_age_patient_aware_undersampling,age,patient_aware_undersampling,False,5,TIR,MAE,19.16
REPLACE-BG,balanced_age_patient_aware_undersampling,age,patient_aware_undersampling,False,5,TIR,MAPE,0.16
REPLACE-BG,balanced_age_patient_aware_undersampling,age,patient_aware_undersampling,False,5,TAR_1,A,66.27
REPLACE-BG,balanced_age_patient_aware_undersampling,age,patient_aware_undersampling,False,5,TAR_1,B,31.75
REPLACE-BG,balanced_age_patient_aware_undersampling,age,patient_aware_undersampling,False,5,TAR_1,C,0.06
REPLACE-BG,balanced_age_patient_aware_undersampling,age,patient_aware_undersampling,False,5,TAR_1,D,1.92
REPLACE-BG,balanced_age_patient_aware_undersampling,age,patient_aware_undersampling,False,5,TAR_1,E,0.0
REPLACE-BG,balanced_age_patient_aware_undersampling,age,patient_aware_undersampling,False,5,TAR_1,A + B,98.02
REPLACE-BG,balanced_age_patient_aware_undersampling,age,patient_aware_undersampling,False,5,TAR_1,RMSE,45.14
REPLACE-BG,balanced_age_patient_aware_undersampling,age,patient_aware_undersampling,False,5,TAR_1,MSE,2037.95
REPLACE-BG,balanced_age_patient_aware_undersampling,age,patient_aware_undersampling,False,5,TAR_1,MAE,36.2
REPLACE-BG,balanced_age_patient_aware_undersampling,age,patient_aware_undersampling,False,5,TAR_1,MAPE,0.17
REPLACE-BG,balanced_age_patient_aware_undersampling,age,patient_aware_undersampling,False,5,TAR_2,A,57.32
REPLACE-BG,balanced_age_patient_aware_undersampling,age,patient_aware_undersampling,False,5,TAR_2,B,31.62
REPLACE-BG,balanced_age_patient_aware_undersampling,age,patient_aware_undersampling,False,5,TAR_2,C,0.0
REPLACE-BG,balanced_age_patient_aware_undersampling,age,patient_aware_undersampling,False,5,TAR_2,D,11.07
REPLACE-BG,balanced_age_patient_aware_undersampling,age,patient_aware_undersampling,False,5,TAR_2,E,0.0
REPLACE-BG,balanced_age_patient_aware_undersampling,age,patient_aware_undersampling,False,5,TAR_2,A + B,88.94
REPLACE-BG,balanced_age_patient_aware_undersampling,age,patient_aware_undersampling,False,5,TAR_2,RMSE,68.37
REPLACE-BG,balanced_age_patient_aware_undersampling,age,patient_aware_undersampling,False,5,TAR_2,MSE,4674.85
REPLACE-BG,balanced_age_patient_aware_undersampling,age,patient_aware_undersampling,False,5,TAR_2,MAE,57.72
REPLACE-BG,balanced_age_patient_aware_undersampling,age,patient_aware_undersampling,False,5,TAR_2,MAPE,0.2
REPLACE-BG,balanced_age_patient_aware_undersampling,age,patient_aware_undersampling,False,5,ENTIRE,A,66.69
REPLACE-BG,balanced_age_patient_aware_undersampling,age,patient_aware_undersampling,False,5,ENTIRE,B,28.21
REPLACE-BG,balanced_age_patient_aware_undersampling,age,patient_aware_undersampling,False,5,ENTIRE,C,0.14
REPLACE-BG,balanced_age_patient_aware_undersampling,age,patient_aware_undersampling,False,5,ENTIRE,D,4.94
REPLACE-BG,balanced_age_patient_aware_undersampling,age,patient_aware_undersampling,False,5,ENTIRE,E,0.02
REPLACE-BG,balanced_age_patient_aware_undersampling,age,patient_aware_undersampling,False,5,ENTIRE,A + B,94.9
REPLACE-BG,balanced_age_patient_aware_undersampling,age,patient_aware_undersampling,False,5,ENTIRE,RMSE,36.25
REPLACE-BG,balanced_age_patient_aware_undersampling,age,patient_aware_undersampling,False,5,ENTIRE,MSE,1314.25
REPLACE-BG,balanced_age_patient_aware_undersampling,age,patient_aware_undersampling,False,5,ENTIRE,MAE,26.5
REPLACE-BG,balanced_age_patient_aware_undersampling,age,patient_aware_undersampling,False,5,ENTIRE,MAPE,0.19
REPLACE-BG,balanced_age_reference_proportional,age,reference_proportional,False,1,TBR_2,A,0.0
REPLACE-BG,balanced_age_reference_proportional,age,reference_proportional,False,1,TBR_2,B,0.0
REPLACE-BG,balanced_age_reference_proportional,age,reference_proportional,False,1,TBR_2,C,0.0
REPLACE-BG,balanced_age_reference_proportional,age,reference_proportional,False,1,TBR_2,D,99.52
REPLACE-BG,balanced_age_reference_proportional,age,reference_proportional,False,1,TBR_2,E,0.48
REPLACE-BG,balanced_age_reference_proportional,age,reference_proportional,False,1,TBR_2,A + B,0.0
REPLACE-BG,balanced_age_reference_proportional,age,reference_proportional,False,1,TBR_2,RMSE,57.2
REPLACE-BG,balanced_age_reference_proportional,age,reference_proportional,False,1,TBR_2,MSE,3271.28
REPLACE-BG,balanced_age_reference_proportional,age,reference_proportional,False,1,TBR_2,MAE,54.62
REPLACE-BG,balanced_age_reference_proportional,age,reference_proportional,False,1,TBR_2,MAPE,1.2
REPLACE-BG,balanced_age_reference_proportional,age,reference_proportional,False,1,TBR_1,A,0.42
REPLACE-BG,balanced_age_reference_proportional,age,reference_proportional,False,1,TBR_1,B,0.0
REPLACE-BG,balanced_age_reference_proportional,age,reference_proportional,False,1,TBR_1,C,0.0
REPLACE-BG,balanced_age_reference_proportional,age,reference_proportional,False,1,TBR_1,D,99.15
REPLACE-BG,balanced_age_reference_proportional,age,reference_proportional,False,1,TBR_1,E,0.43
REPLACE-BG,balanced_age_reference_proportional,age,reference_proportional,False,1,TBR_1,A + B,0.42
REPLACE-BG,balanced_age_reference_proportional,age,reference_proportional,False,1,TBR_1,RMSE,42.6
REPLACE-BG,balanced_age_reference_proportional,age,reference_proportional,False,1,TBR_1,MSE,1814.8
REPLACE-BG,balanced_age_reference_proportional,age,reference_proportional,False,1,TBR_1,MAE,39.4
REPLACE-BG,balanced_age_reference_proportional,age,reference_proportional,False,1,TBR_1,MAPE,0.64
REPLACE-BG,balanced_age_reference_proportional,age,reference_proportional,False,1,TIR,A,71.87
REPLACE-BG,balanced_age_reference_proportional,age,reference_proportional,False,1,TIR,B,27.96
REPLACE-BG,balanced_age_reference_proportional,age,reference_proportional,False,1,TIR,C,0.17
REPLACE-BG,balanced_age_reference_proportional,age,reference_proportional,False,1,TIR,D,0.0
REPLACE-BG,balanced_age_reference_proportional,age,reference_proportional,False,1,TIR,E,0.0
REPLACE-BG,balanced_age_reference_proportional,age,reference_proportional,False,1,TIR,A + B,99.83
REPLACE-BG,balanced_age_reference_proportional,age,reference_proportional,False,1,TIR,RMSE,25.69
REPLACE-BG,balanced_age_reference_proportional,age,reference_proportional,False,1,TIR,MSE,659.92
REPLACE-BG,balanced_age_reference_proportional,age,reference_proportional,False,1,TIR,MAE,19.09
REPLACE-BG,balanced_age_reference_proportional,age,reference_proportional,False,1,TIR,MAPE,0.16
REPLACE-BG,balanced_age_reference_proportional,age,reference_proportional,False,1,TAR_1,A,68.03
REPLACE-BG,balanced_age_reference_proportional,age,reference_proportional,False,1,TAR_1,B,29.98
REPLACE-BG,balanced_age_reference_proportional,age,reference_proportional,False,1,TAR_1,C,0.05
REPLACE-BG,balanced_age_reference_proportional,age,reference_proportional,False,1,TAR_1,D,1.94
REPLACE-BG,balanced_age_reference_proportional,age,reference_proportional,False,1,TAR_1,E,0.0
REPLACE-BG,balanced_age_reference_proportional,age,reference_proportional,False,1,TAR_1,A + B,98.01
REPLACE-BG,balanced_age_reference_proportional,age,reference_proportional,False,1,TAR_1,RMSE,43.95
REPLACE-BG,balanced_age_reference_proportional,age,reference_proportional,False,1,TAR_1,MSE,1931.78
REPLACE-BG,balanced_age_reference_proportional,age,reference_proportional,False,1,TAR_1,MAE,35.17
REPLACE-BG,balanced_age_reference_proportional,age,reference_proportional,False,1,TAR_1,MAPE,0.17
REPLACE-BG,balanced_age_reference_proportional,age,reference_proportional,False,1,TAR_2,A,58.28
REPLACE-BG,balanced_age_reference_proportional,age,reference_proportional,False,1,TAR_2,B,32.58
REPLACE-BG,balanced_age_reference_proportional,age,reference_proportional,False,1,TAR_2,C,0.0
REPLACE-BG,balanced_age_reference_proportional,age,reference_proportional,False,1,TAR_2,D,9.14
REPLACE-BG,balanced_age_reference_proportional,age,reference_proportional,False,1,TAR_2,E,0.0
REPLACE-BG,balanced_age_reference_proportional,age,reference_proportional,False,1,TAR_2,A + B,90.86
REPLACE-BG,balanced_age_reference_proportional,age,reference_proportional,False,1,TAR_2,RMSE,68.51
REPLACE-BG,balanced_age_reference_proportional,age,reference_proportional,False,1,TAR_2,MSE,4694.24
REPLACE-BG,balanced_age_reference_proportional,age,reference_proportional,False,1,TAR_2,MAE,58.47
REPLACE-BG,balanced_age_reference_proportional,age,reference_proportional,False,1,TAR_2,MAPE,0.2
REPLACE-BG,balanced_age_reference_proportional,age,reference_proportional,False,1,ENTIRE,A,66.91
REPLACE-BG,balanced_age_reference_proportional,age,reference_proportional,False,1,ENTIRE,B,27.76
REPLACE-BG,balanced_age_reference_proportional,age,reference_proportional,False,1,ENTIRE,C,0.12
REPLACE-BG,balanced_age_reference_proportional,age,reference_proportional,False,1,ENTIRE,D,5.2
REPLACE-BG,balanced_age_reference_proportional,age,reference_proportional,False,1,ENTIRE,E,0.02
REPLACE-BG,balanced_age_reference_proportional,age,reference_proportional,False,1,ENTIRE,A + B,94.67
REPLACE-BG,balanced_age_reference_proportional,age,reference_proportional,False,1,ENTIRE,RMSE,37.26
REPLACE-BG,balanced_age_reference_proportional,age,reference_proportional,False,1,ENTIRE,MSE,1388.52
REPLACE-BG,balanced_age_reference_proportional,age,reference_proportional,False,1,ENTIRE,MAE,27.39
REPLACE-BG,balanced_age_reference_proportional,age,reference_proportional,False,1,ENTIRE,MAPE,0.19
REPLACE-BG,balanced_age_reference_proportional,age,reference_proportional,False,2,TBR_2,A,0.0
REPLACE-BG,balanced_age_reference_proportional,age,reference_proportional,False,2,TBR_2,B,0.0
REPLACE-BG,balanced_age_reference_proportional,age,reference_proportional,False,2,TBR_2,C,0.0
REPLACE-BG,balanced_age_reference_proportional,age,reference_proportional,False,2,TBR_2,D,99.49
REPLACE-BG,balanced_age_reference_proportional,age,reference_proportional,False,2,TBR_2,E,0.51
REPLACE-BG,balanced_age_reference_proportional,age,reference_proportional,False,2,TBR_2,A + B,0.0
REPLACE-BG,balanced_age_reference_proportional,age,reference_proportional,False,2,TBR_2,RMSE,57.01
REPLACE-BG,balanced_age_reference_proportional,age,reference_proportional,False,2,TBR_2,MSE,3249.95
REPLACE-BG,balanced_age_reference_proportional,age,reference_proportional,False,2,TBR_2,MAE,54.74
REPLACE-BG,balanced_age_reference_proportional,age,reference_proportional,False,2,TBR_2,MAPE,1.21
REPLACE-BG,balanced_age_reference_proportional,age,reference_proportional,False,2,TBR_1,A,0.0
REPLACE-BG,balanced_age_reference_proportional,age,reference_proportional,False,2,TBR_1,B,0.0
REPLACE-BG,balanced_age_reference_proportional,age,reference_proportional,False,2,TBR_1,C,0.0
REPLACE-BG,balanced_age_reference_proportional,age,reference_proportional,False,2,TBR_1,D,99.59
REPLACE-BG,balanced_age_reference_proportional,age,reference_proportional,False,2,TBR_1,E,0.41
REPLACE-BG,balanced_age_reference_proportional,age,reference_proportional,False,2,TBR_1,A + B,0.0
REPLACE-BG,balanced_age_reference_proportional,age,reference_proportional,False,2,TBR_1,RMSE,41.32
REPLACE-BG,balanced_age_reference_proportional,age,reference_proportional,False,2,TBR_1,MSE,1707.38
REPLACE-BG,balanced_age_reference_proportional,age,reference_proportional,False,2,TBR_1,MAE,38.75
REPLACE-BG,balanced_age_reference_proportional,age,reference_proportional,False,2,TBR_1,MAPE,0.62
REPLACE-BG,balanced_age_reference_proportional,age,reference_proportional,False,2,TIR,A,72.52
REPLACE-BG,balanced_age_reference_proportional,age,reference_proportional,False,2,TIR,B,27.34
REPLACE-BG,balanced_age_reference_proportional,age,reference_proportional,False,2,TIR,C,0.14
REPLACE-BG,balanced_age_reference_proportional,age,reference_proportional,False,2,TIR,D,0.0
REPLACE-BG,balanced_age_reference_proportional,age,reference_proportional,False,2,TIR,E,0.0
REPLACE-BG,balanced_age_reference_proportional,age,reference_proportional,False,2,TIR,A + B,99.86
REPLACE-BG,balanced_age_reference_proportional,age,reference_proportional,False,2,TIR,RMSE,25.06
REPLACE-BG,balanced_age_reference_proportional,age,reference_proportional,False,2,TIR,MSE,628.14
REPLACE-BG,balanced_age_reference_proportional,age,reference_proportional,False,2,TIR,MAE,18.73
REPLACE-BG,balanced_age_reference_proportional,age,reference_proportional,False,2,TIR,MAPE,0.15
REPLACE-BG,balanced_age_reference_proportional,age,reference_proportional,False,2,TAR_1,A,68.74
REPLACE-BG,balanced_age_reference_proportional,age,reference_proportional,False,2,TAR_1,B,29.45
REPLACE-BG,balanced_age_reference_proportional,age,reference_proportional,False,2,TAR_1,C,0.02
REPLACE-BG,balanced_age_reference_proportional,age,reference_proportional,False,2,TAR_1,D,1.79
REPLACE-BG,balanced_age_reference_proportional,age,reference_proportional,False,2,TAR_1,E,0.0
REPLACE-BG,balanced_age_reference_proportional,age,reference_proportional,False,2,TAR_1,A + B,98.19
REPLACE-BG,balanced_age_reference_proportional,age,reference_proportional,False,2,TAR_1,RMSE,43.21
REPLACE-BG,balanced_age_reference_proportional,age,reference_proportional,False,2,TAR_1,MSE,1866.83
REPLACE-BG,balanced_age_reference_proportional,age,reference_proportional,False,2,TAR_1,MAE,34.45
REPLACE-BG,balanced_age_reference_proportional,age,reference_proportional,False,2,TAR_1,MAPE,0.16
REPLACE-BG,balanced_age_reference_proportional,age,reference_proportional,False,2,TAR_2,A,55.63
REPLACE-BG,balanced_age_reference_proportional,age,reference_proportional,False,2,TAR_2,B,35.22
REPLACE-BG,balanced_age_reference_proportional,age,reference_proportional,False,2,TAR_2,C,0.0
REPLACE-BG,balanced_age_reference_proportional,age,reference_proportional,False,2,TAR_2,D,9.15
REPLACE-BG,balanced_age_reference_proportional,age,reference_proportional,False,2,TAR_2,E,0.0
REPLACE-BG,balanced_age_reference_proportional,age,reference_proportional,False,2,TAR_2,A + B,90.85
REPLACE-BG,balanced_age_reference_proportional,age,reference_proportional,False,2,TAR_2,RMSE,69.89
REPLACE-BG,balanced_age_reference_proportional,age,reference_proportional,False,2,TAR_2,MSE,4885.3
REPLACE-BG,balanced_age_reference_proportional,age,reference_proportional,False,2,TAR_2,MAE,59.71
REPLACE-BG,balanced_age_reference_proportional,age,reference_proportional,False,2,TAR_2,MAPE,0.2
REPLACE-BG,balanced_age_reference_proportional,age,reference_proportional,False,2,ENTIRE,A,67.68
REPLACE-BG,balanced_age_reference_proportional,age,reference_proportional,False,2,ENTIRE,B,27.56
REPLACE-BG,balanced_age_reference_proportional,age,reference_proportional,False,2,ENTIRE,C,0.09
REPLACE-BG,balanced_age_reference_proportional,age,reference_proportional,False,2,ENTIRE,D,4.66
REPLACE-BG,balanced_age_reference_proportional,age,reference_proportional,False,2,ENTIRE,E,0.02
REPLACE-BG,balanced_age_reference_proportional,age,reference_proportional,False,2,ENTIRE,A + B,95.24
REPLACE-BG,balanced_age_reference_proportional,age,reference_proportional,False,2,ENTIRE,RMSE,36.47
REPLACE-BG,balanced_age_reference_proportional,age,reference_proportional,False,2,ENTIRE,MSE,1329.7
REPLACE-BG,balanced_age_reference_proportional,age,reference_proportional,False,2,ENTIRE,MAE,26.67
REPLACE-BG,balanced_age_reference_proportional,age,reference_proportional,False,2,ENTIRE,MAPE,0.18
REPLACE-BG,balanced_age_reference_proportional,age,reference_proportional,False,3,TBR_2,A,0.09
REPLACE-BG,balanced_age_reference_proportional,age,reference_proportional,False,3,TBR_2,B,0.0
REPLACE-BG,balanced_age_reference_proportional,age,reference_proportional,False,3,TBR_2,C,0.0
REPLACE-BG,balanced_age_reference_proportional,age,reference_proportional,False,3,TBR_2,D,99.44
REPLACE-BG,balanced_age_reference_proportional,age,reference_proportional,False,3,TBR_2,E,0.47
REPLACE-BG,balanced_age_reference_proportional,age,reference_proportional,False,3,TBR_2,A + B,0.09
REPLACE-BG,balanced_age_reference_proportional,age,reference_proportional,False,3,TBR_2,RMSE,55.77
REPLACE-BG,balanced_age_reference_proportional,age,reference_proportional,False,3,TBR_2,MSE,3110.78
REPLACE-BG,balanced_age_reference_proportional,age,reference_proportional,False,3,TBR_2,MAE,53.03
REPLACE-BG,balanced_age_reference_proportional,age,reference_proportional,False,3,TBR_2,MAPE,1.17
REPLACE-BG,balanced_age_reference_proportional,age,reference_proportional,False,3,TBR_1,A,0.85
REPLACE-BG,balanced_age_reference_proportional,age,reference_proportional,False,3,TBR_1,B,0.0
REPLACE-BG,balanced_age_reference_proportional,age,reference_proportional,False,3,TBR_1,C,0.0
REPLACE-BG,balanced_age_reference_proportional,age,reference_proportional,False,3,TBR_1,D,98.77
REPLACE-BG,balanced_age_reference_proportional,age,reference_proportional,False,3,TBR_1,E,0.39
REPLACE-BG,balanced_age_reference_proportional,age,reference_proportional,False,3,TBR_1,A + B,0.85
REPLACE-BG,balanced_age_reference_proportional,age,reference_proportional,False,3,TBR_1,RMSE,40.93
REPLACE-BG,balanced_age_reference_proportional,age,reference_proportional,False,3,TBR_1,MSE,1675.26
REPLACE-BG,balanced_age_reference_proportional,age,reference_proportional,False,3,TBR_1,MAE,37.58
REPLACE-BG,balanced_age_reference_proportional,age,reference_proportional,False,3,TBR_1,MAPE,0.61
REPLACE-BG,balanced_age_reference_proportional,age,reference_proportional,False,3,TIR,A,72.71
REPLACE-BG,balanced_age_reference_proportional,age,reference_proportional,False,3,TIR,B,27.15
REPLACE-BG,balanced_age_reference_proportional,age,reference_proportional,False,3,TIR,C,0.14
REPLACE-BG,balanced_age_reference_proportional,age,reference_proportional,False,3,TIR,D,0.0
REPLACE-BG,balanced_age_reference_proportional,age,reference_proportional,False,3,TIR,E,0.0
REPLACE-BG,balanced_age_reference_proportional,age,reference_proportional,False,3,TIR,A + B,99.86
REPLACE-BG,balanced_age_reference_proportional,age,reference_proportional,False,3,TIR,RMSE,25.41
REPLACE-BG,balanced_age_reference_proportional,age,reference_proportional,False,3,TIR,MSE,645.42
REPLACE-BG,balanced_age_reference_proportional,age,reference_proportional,False,3,TIR,MAE,18.93
REPLACE-BG,balanced_age_reference_proportional,age,reference_proportional,False,3,TIR,MAPE,0.15
REPLACE-BG,balanced_age_reference_proportional,age,reference_proportional,False,3,TAR_1,A,68.65
REPLACE-BG,balanced_age_reference_proportional,age,reference_proportional,False,3,TAR_1,B,29.46
REPLACE-BG,balanced_age_reference_proportional,age,reference_proportional,False,3,TAR_1,C,0.05
REPLACE-BG,balanced_age_reference_proportional,age,reference_proportional,False,3,TAR_1,D,1.84
REPLACE-BG,balanced_age_reference_proportional,age,reference_proportional,False,3,TAR_1,E,0.0
REPLACE-BG,balanced_age_reference_proportional,age,reference_proportional,False,3,TAR_1,A + B,98.11
REPLACE-BG,balanced_age_reference_proportional,age,reference_proportional,False,3,TAR_1,RMSE,43.25
REPLACE-BG,balanced_age_reference_proportional,age,reference_proportional,False,3,TAR_1,MSE,1870.43
REPLACE-BG,balanced_age_reference_proportional,age,reference_proportional,False,3,TAR_1,MAE,34.71
REPLACE-BG,balanced_age_reference_proportional,age,reference_proportional,False,3,TAR_1,MAPE,0.16
REPLACE-BG,balanced_age_reference_proportional,age,reference_proportional,False,3,TAR_2,A,57.26
REPLACE-BG,balanced_age_reference_proportional,age,reference_proportional,False,3,TAR_2,B,32.71
REPLACE-BG,balanced_age_reference_proportional,age,reference_proportional,False,3,TAR_2,C,0.0
REPLACE-BG,balanced_age_reference_proportional,age,reference_proportional,False,3,TAR_2,D,10.03
REPLACE-BG,balanced_age_reference_proportional,age,reference_proportional,False,3,TAR_2,E,0.0
REPLACE-BG,balanced_age_reference_proportional,age,reference_proportional,False,3,TAR_2,A + B,89.97
REPLACE-BG,balanced_age_reference_proportional,age,reference_proportional,False,3,TAR_2,RMSE,69.09
REPLACE-BG,balanced_age_reference_proportional,age,reference_proportional,False,3,TAR_2,MSE,4773.72
REPLACE-BG,balanced_age_reference_proportional,age,reference_proportional,False,3,TAR_2,MAE,58.57
REPLACE-BG,balanced_age_reference_proportional,age,reference_proportional,False,3,TAR_2,MAPE,0.2
REPLACE-BG,balanced_age_reference_proportional,age,reference_proportional,False,3,ENTIRE,A,67.8
REPLACE-BG,balanced_age_reference_proportional,age,reference_proportional,False,3,ENTIRE,B,27.29
REPLACE-BG,balanced_age_reference_proportional,age,reference_proportional,False,3,ENTIRE,C,0.1
REPLACE-BG,balanced_age_reference_proportional,age,reference_proportional,False,3,ENTIRE,D,4.8
REPLACE-BG,balanced_age_reference_proportional,age,reference_proportional,False,3,ENTIRE,E,0.01
REPLACE-BG,balanced_age_reference_proportional,age,reference_proportional,False,3,ENTIRE,A + B,95.09
REPLACE-BG,balanced_age_reference_proportional,age,reference_proportional,False,3,ENTIRE,RMSE,37.08
REPLACE-BG,balanced_age_reference_proportional,age,reference_proportional,False,3,ENTIRE,MSE,1374.57
REPLACE-BG,balanced_age_reference_proportional,age,reference_proportional,False,3,ENTIRE,MAE,27.24
REPLACE-BG,balanced_age_reference_proportional,age,reference_proportional,False,3,ENTIRE,MAPE,0.18
REPLACE-BG,balanced_age_reference_proportional,age,reference_proportional,False,4,TBR_2,A,0.0
REPLACE-BG,balanced_age_reference_proportional,age,reference_proportional,False,4,TBR_2,B,0.0
REPLACE-BG,balanced_age_reference_proportional,age,reference_proportional,False,4,TBR_2,C,0.0
REPLACE-BG,balanced_age_reference_proportional,age,reference_proportional,False,4,TBR_2,D,99.15
REPLACE-BG,balanced_age_reference_proportional,age,reference_proportional,False,4,TBR_2,E,0.85
REPLACE-BG,balanced_age_reference_proportional,age,reference_proportional,False,4,TBR_2,A + B,0.0
REPLACE-BG,balanced_age_reference_proportional,age,reference_proportional,False,4,TBR_2,RMSE,58.51
REPLACE-BG,balanced_age_reference_proportional,age,reference_proportional,False,4,TBR_2,MSE,3423.79
REPLACE-BG,balanced_age_reference_proportional,age,reference_proportional,False,4,TBR_2,MAE,55.37
REPLACE-BG,balanced_age_reference_proportional,age,reference_proportional,False,4,TBR_2,MAPE,1.22
REPLACE-BG,balanced_age_reference_proportional,age,reference_proportional,False,4,TBR_1,A,0.32
REPLACE-BG,balanced_age_reference_proportional,age,reference_proportional,False,4,TBR_1,B,0.0
REPLACE-BG,balanced_age_reference_proportional,age,reference_proportional,False,4,TBR_1,C,0.0
REPLACE-BG,balanced_age_reference_proportional,age,reference_proportional,False,4,TBR_1,D,99.0
REPLACE-BG,balanced_age_reference_proportional,age,reference_proportional,False,4,TBR_1,E,0.68
REPLACE-BG,balanced_age_reference_proportional,age,reference_proportional,False,4,TBR_1,A + B,0.32
REPLACE-BG,balanced_age_reference_proportional,age,reference_proportional,False,4,TBR_1,RMSE,43.24
REPLACE-BG,balanced_age_reference_proportional,age,reference_proportional,False,4,TBR_1,MSE,1869.64
REPLACE-BG,balanced_age_reference_proportional,age,reference_proportional,False,4,TBR_1,MAE,39.51
REPLACE-BG,balanced_age_reference_proportional,age,reference_proportional,False,4,TBR_1,MAPE,0.64
REPLACE-BG,balanced_age_reference_proportional,age,reference_proportional,False,4,TIR,A,71.45
REPLACE-BG,balanced_age_reference_proportional,age,reference_proportional,False,4,TIR,B,28.36
REPLACE-BG,balanced_age_reference_proportional,age,reference_proportional,False,4,TIR,C,0.19
REPLACE-BG,balanced_age_reference_proportional,age,reference_proportional,False,4,TIR,D,0.0
REPLACE-BG,balanced_age_reference_proportional,age,reference_proportional,False,4,TIR,E,0.0
REPLACE-BG,balanced_age_reference_proportional,age,reference_proportional,False,4,TIR,A + B,99.81
REPLACE-BG,balanced_age_reference_proportional,age,reference_proportional,False,4,TIR,RMSE,26.12
REPLACE-BG,balanced_age_reference_proportional,age,reference_proportional,False,4,TIR,MSE,682.28
REPLACE-BG,balanced_age_reference_proportional,age,reference_proportional,False,4,TIR,MAE,19.48
REPLACE-BG,balanced_age_reference_proportional,age,reference_proportional,False,4,TIR,MAPE,0.16
REPLACE-BG,balanced_age_reference_proportional,age,reference_proportional,False,4,TAR_1,A,69.42
REPLACE-BG,balanced_age_reference_proportional,age,reference_proportional,False,4,TAR_1,B,28.66
REPLACE-BG,balanced_age_reference_proportional,age,reference_proportional,False,4,TAR_1,C,0.04
REPLACE-BG,balanced_age_reference_proportional,age,reference_proportional,False,4,TAR_1,D,1.88
REPLACE-BG,balanced_age_reference_proportional,age,reference_proportional,False,4,TAR_1,E,0.0
REPLACE-BG,balanced_age_reference_proportional,age,reference_proportional,False,4,TAR_1,A + B,98.08
REPLACE-BG,balanced_age_reference_proportional,age,reference_proportional,False,4,TAR_1,RMSE,42.85
REPLACE-BG,balanced_age_reference_proportional,age,reference_proportional,False,4,TAR_1,MSE,1836.34
REPLACE-BG,balanced_age_reference_proportional,age,reference_proportional,False,4,TAR_1,MAE,34.63
REPLACE-BG,balanced_age_reference_proportional,age,reference_proportional,False,4,TAR_1,MAPE,0.16
REPLACE-BG,balanced_age_reference_proportional,age,reference_proportional,False,4,TAR_2,A,58.41
REPLACE-BG,balanced_age_reference_proportional,age,reference_proportional,False,4,TAR_2,B,33.06
REPLACE-BG,balanced_age_reference_proportional,age,reference_proportional,False,4,TAR_2,C,0.0
REPLACE-BG,balanced_age_reference_proportional,age,reference_proportional,False,4,TAR_2,D,8.53
REPLACE-BG,balanced_age_reference_proportional,age,reference_proportional,False,4,TAR_2,E,0.0
REPLACE-BG,balanced_age_reference_proportional,age,reference_proportional,False,4,TAR_2,A + B,91.47
REPLACE-BG,balanced_age_reference_proportional,age,reference_proportional,False,4,TAR_2,RMSE,67.63
REPLACE-BG,balanced_age_reference_proportional,age,reference_proportional,False,4,TAR_2,MSE,4573.61
REPLACE-BG,balanced_age_reference_proportional,age,reference_proportional,False,4,TAR_2,MAE,57.95
REPLACE-BG,balanced_age_reference_proportional,age,reference_proportional,False,4,TAR_2,MAPE,0.2
REPLACE-BG,balanced_age_reference_proportional,age,reference_proportional,False,4,ENTIRE,A,67.0
REPLACE-BG,balanced_age_reference_proportional,age,reference_proportional,False,4,ENTIRE,B,27.94
REPLACE-BG,balanced_age_reference_proportional,age,reference_proportional,False,4,ENTIRE,C,0.12
REPLACE-BG,balanced_age_reference_proportional,age,reference_proportional,False,4,ENTIRE,D,4.91
REPLACE-BG,balanced_age_reference_proportional,age,reference_proportional,False,4,ENTIRE,E,0.03
REPLACE-BG,balanced_age_reference_proportional,age,reference_proportional,False,4,ENTIRE,A + B,94.94
REPLACE-BG,balanced_age_reference_proportional,age,reference_proportional,False,4,ENTIRE,RMSE,38.09
REPLACE-BG,balanced_age_reference_proportional,age,reference_proportional,False,4,ENTIRE,MSE,1450.61
REPLACE-BG,balanced_age_reference_proportional,age,reference_proportional,False,4,ENTIRE,MAE,28.32
REPLACE-BG,balanced_age_reference_proportional,age,reference_proportional,False,4,ENTIRE,MAPE,0.19
REPLACE-BG,balanced_age_reference_proportional,age,reference_proportional,False,5,TBR_2,A,0.0
REPLACE-BG,balanced_age_reference_proportional,age,reference_proportional,False,5,TBR_2,B,0.0
REPLACE-BG,balanced_age_reference_proportional,age,reference_proportional,False,5,TBR_2,C,0.0
REPLACE-BG,balanced_age_reference_proportional,age,reference_proportional,False,5,TBR_2,D,99.35
REPLACE-BG,balanced_age_reference_proportional,age,reference_proportional,False,5,TBR_2,E,0.65
REPLACE-BG,balanced_age_reference_proportional,age,reference_proportional,False,5,TBR_2,A + B,0.0
REPLACE-BG,balanced_age_reference_proportional,age,reference_proportional,False,5,TBR_2,RMSE,58.32
REPLACE-BG,balanced_age_reference_proportional,age,reference_proportional,False,5,TBR_2,MSE,3400.77
REPLACE-BG,balanced_age_reference_proportional,age,reference_proportional,False,5,TBR_2,MAE,55.48
REPLACE-BG,balanced_age_reference_proportional,age,reference_proportional,False,5,TBR_2,MAPE,1.22
REPLACE-BG,balanced_age_reference_proportional,age,reference_proportional,False,5,TBR_1,A,0.3
REPLACE-BG,balanced_age_reference_proportional,age,reference_proportional,False,5,TBR_1,B,0.0
REPLACE-BG,balanced_age_reference_proportional,age,reference_proportional,False,5,TBR_1,C,0.0
REPLACE-BG,balanced_age_reference_proportional,age,reference_proportional,False,5,TBR_1,D,99.2
REPLACE-BG,balanced_age_reference_proportional,age,reference_proportional,False,5,TBR_1,E,0.5
REPLACE-BG,balanced_age_reference_proportional,age,reference_proportional,False,5,TBR_1,A + B,0.3
REPLACE-BG,balanced_age_reference_proportional,age,reference_proportional,False,5,TBR_1,RMSE,42.61
REPLACE-BG,balanced_age_reference_proportional,age,reference_proportional,False,5,TBR_1,MSE,1816.0
REPLACE-BG,balanced_age_reference_proportional,age,reference_proportional,False,5,TBR_1,MAE,39.26
REPLACE-BG,balanced_age_reference_proportional,age,reference_proportional,False,5,TBR_1,MAPE,0.63
REPLACE-BG,balanced_age_reference_proportional,age,reference_proportional,False,5,TIR,A,71.08
REPLACE-BG,balanced_age_reference_proportional,age,reference_proportional,False,5,TIR,B,28.74
REPLACE-BG,balanced_age_reference_proportional,age,reference_proportional,False,5,TIR,C,0.18
REPLACE-BG,balanced_age_reference_proportional,age,reference_proportional,False,5,TIR,D,0.0
REPLACE-BG,balanced_age_reference_proportional,age,reference_proportional,False,5,TIR,E,0.0
REPLACE-BG,balanced_age_reference_proportional,age,reference_proportional,False,5,TIR,A + B,99.82
REPLACE-BG,balanced_age_reference_proportional,age,reference_proportional,False,5,TIR,RMSE,25.84
REPLACE-BG,balanced_age_reference_proportional,age,reference_proportional,False,5,TIR,MSE,667.65
REPLACE-BG,balanced_age_reference_proportional,age,reference_proportional,False,5,TIR,MAE,19.16
REPLACE-BG,balanced_age_reference_proportional,age,reference_proportional,False,5,TIR,MAPE,0.16
REPLACE-BG,balanced_age_reference_proportional,age,reference_proportional,False,5,TAR_1,A,66.85
REPLACE-BG,balanced_age_reference_proportional,age,reference_proportional,False,5,TAR_1,B,31.2
REPLACE-BG,balanced_age_reference_proportional,age,reference_proportional,False,5,TAR_1,C,0.05
REPLACE-BG,balanced_age_reference_proportional,age,reference_proportional,False,5,TAR_1,D,1.91
REPLACE-BG,balanced_age_reference_proportional,age,reference_proportional,False,5,TAR_1,E,0.0
REPLACE-BG,balanced_age_reference_proportional,age,reference_proportional,False,5,TAR_1,A + B,98.05
REPLACE-BG,balanced_age_reference_proportional,age,reference_proportional,False,5,TAR_1,RMSE,44.82
REPLACE-BG,balanced_age_reference_proportional,age,reference_proportional,False,5,TAR_1,MSE,2008.48
REPLACE-BG,balanced_age_reference_proportional,age,reference_proportional,False,5,TAR_1,MAE,35.87
REPLACE-BG,balanced_age_reference_proportional,age,reference_proportional,False,5,TAR_1,MAPE,0.17
REPLACE-BG,balanced_age_reference_proportional,age,reference_proportional,False,5,TAR_2,A,56.15
REPLACE-BG,balanced_age_reference_proportional,age,reference_proportional,False,5,TAR_2,B,32.74
REPLACE-BG,balanced_age_reference_proportional,age,reference_proportional,False,5,TAR_2,C,0.0
REPLACE-BG,balanced_age_reference_proportional,age,reference_proportional,False,5,TAR_2,D,11.11
REPLACE-BG,balanced_age_reference_proportional,age,reference_proportional,False,5,TAR_2,E,0.0
REPLACE-BG,balanced_age_reference_proportional,age,reference_proportional,False,5,TAR_2,A + B,88.89
REPLACE-BG,balanced_age_reference_proportional,age,reference_proportional,False,5,TAR_2,RMSE,68.99
REPLACE-BG,balanced_age_reference_proportional,age,reference_proportional,False,5,TAR_2,MSE,4759.5
REPLACE-BG,balanced_age_reference_proportional,age,reference_proportional,False,5,TAR_2,MAE,58.53
REPLACE-BG,balanced_age_reference_proportional,age,reference_proportional,False,5,TAR_2,MAPE,0.2
REPLACE-BG,balanced_age_reference_proportional,age,reference_proportional,False,5,ENTIRE,A,66.41
REPLACE-BG,balanced_age_reference_proportional,age,reference_proportional,False,5,ENTIRE,B,28.48
REPLACE-BG,balanced_age_reference_proportional,age,reference_proportional,False,5,ENTIRE,C,0.13
REPLACE-BG,balanced_age_reference_proportional,age,reference_proportional,False,5,ENTIRE,D,4.96
REPLACE-BG,balanced_age_reference_proportional,age,reference_proportional,False,5,ENTIRE,E,0.02
REPLACE-BG,balanced_age_reference_proportional,age,reference_proportional,False,5,ENTIRE,A + B,94.89
REPLACE-BG,balanced_age_reference_proportional,age,reference_proportional,False,5,ENTIRE,RMSE,36.25
REPLACE-BG,balanced_age_reference_proportional,age,reference_proportional,False,5,ENTIRE,MSE,1313.96
REPLACE-BG,balanced_age_reference_proportional,age,reference_proportional,False,5,ENTIRE,MAE,26.56
REPLACE-BG,balanced_age_reference_proportional,age,reference_proportional,False,5,ENTIRE,MAPE,0.19
REPLACE-BG,balanced_age_smote,age,smote,False,1,TBR_2,A,0.0
REPLACE-BG,balanced_age_smote,age,smote,False,1,TBR_2,B,0.0
REPLACE-BG,balanced_age_smote,age,smote,False,1,TBR_2,C,0.0
REPLACE-BG,balanced_age_smote,age,smote,False,1,TBR_2,D,99.44
REPLACE-BG,balanced_age_smote,age,smote,False,1,TBR_2,E,0.56
REPLACE-BG,balanced_age_smote,age,smote,False,1,TBR_2,A + B,0.0
REPLACE-BG,balanced_age_smote,age,smote,False,1,TBR_2,RMSE,57.71
REPLACE-BG,balanced_age_smote,age,smote,False,1,TBR_2,MSE,3330.59
REPLACE-BG,balanced_age_smote,age,smote,False,1,TBR_2,MAE,55.03
REPLACE-BG,balanced_age_smote,age,smote,False,1,TBR_2,MAPE,1.21
REPLACE-BG,balanced_age_smote,age,smote,False,1,TBR_1,A,0.05
REPLACE-BG,balanced_age_smote,age,smote,False,1,TBR_1,B,0.0
REPLACE-BG,balanced_age_smote,age,smote,False,1,TBR_1,C,0.0
REPLACE-BG,balanced_age_smote,age,smote,False,1,TBR_1,D,99.37
REPLACE-BG,balanced_age_smote,age,smote,False,1,TBR_1,E,0.58
REPLACE-BG,balanced_age_smote,age,smote,False,1,TBR_1,A + B,0.05
REPLACE-BG,balanced_age_smote,age,smote,False,1,TBR_1,RMSE,43.12
REPLACE-BG,balanced_age_smote,age,smote,False,1,TBR_1,MSE,1859.56
REPLACE-BG,balanced_age_smote,age,smote,False,1,TBR_1,MAE,39.64
REPLACE-BG,balanced_age_smote,age,smote,False,1,TBR_1,MAPE,0.64
REPLACE-BG,balanced_age_smote,age,smote,False,1,TIR,A,71.28
REPLACE-BG,balanced_age_smote,age,smote,False,1,TIR,B,28.54
REPLACE-BG,balanced_age_smote,age,smote,False,1,TIR,C,0.19
REPLACE-BG,balanced_age_smote,age,smote,False,1,TIR,D,0.0
REPLACE-BG,balanced_age_smote,age,smote,False,1,TIR,E,0.0
REPLACE-BG,balanced_age_smote,age,smote,False,1,TIR,A + B,99.82
REPLACE-BG,balanced_age_smote,age,smote,False,1,TIR,RMSE,26.16
REPLACE-BG,balanced_age_smote,age,smote,False,1,TIR,MSE,684.09
REPLACE-BG,balanced_age_smote,age,smote,False,1,TIR,MAE,19.4
REPLACE-BG,balanced_age_smote,age,smote,False,1,TIR,MAPE,0.16
REPLACE-BG,balanced_age_smote,age,smote,False,1,TAR_1,A,69.45
REPLACE-BG,balanced_age_smote,age,smote,False,1,TAR_1,B,28.75
REPLACE-BG,balanced_age_smote,age,smote,False,1,TAR_1,C,0.01
REPLACE-BG,balanced_age_smote,age,smote,False,1,TAR_1,D,1.79
REPLACE-BG,balanced_age_smote,age,smote,False,1,TAR_1,E,0.0
REPLACE-BG,balanced_age_smote,age,smote,False,1,TAR_1,A + B,98.2
REPLACE-BG,balanced_age_smote,age,smote,False,1,TAR_1,RMSE,43.01
REPLACE-BG,balanced_age_smote,age,smote,False,1,TAR_1,MSE,1849.59
REPLACE-BG,balanced_age_smote,age,smote,False,1,TAR_1,MAE,34.15
REPLACE-BG,balanced_age_smote,age,smote,False,1,TAR_1,MAPE,0.16
REPLACE-BG,balanced_age_smote,age,smote,False,1,TAR_2,A,55.99
REPLACE-BG,balanced_age_smote,age,smote,False,1,TAR_2,B,35.65
REPLACE-BG,balanced_age_smote,age,smote,False,1,TAR_2,C,0.0
REPLACE-BG,balanced_age_smote,age,smote,False,1,TAR_2,D,8.36
REPLACE-BG,balanced_age_smote,age,smote,False,1,TAR_2,E,0.0
REPLACE-BG,balanced_age_smote,age,smote,False,1,TAR_2,A + B,91.64
REPLACE-BG,balanced_age_smote,age,smote,False,1,TAR_2,RMSE,69.34
REPLACE-BG,balanced_age_smote,age,smote,False,1,TAR_2,MSE,4807.52
REPLACE-BG,balanced_age_smote,age,smote,False,1,TAR_2,MAE,59.26
REPLACE-BG,balanced_age_smote,age,smote,False,1,TAR_2,MAPE,0.2
REPLACE-BG,balanced_age_smote,age,smote,False,1,ENTIRE,A,66.62
REPLACE-BG,balanced_age_smote,age,smote,False,1,ENTIRE,B,28.14
REPLACE-BG,balanced_age_smote,age,smote,False,1,ENTIRE,C,0.12
REPLACE-BG,balanced_age_smote,age,smote,False,1,ENTIRE,D,5.09
REPLACE-BG,balanced_age_smote,age,smote,False,1,ENTIRE,E,0.02
REPLACE-BG,balanced_age_smote,age,smote,False,1,ENTIRE,A + B,94.76
REPLACE-BG,balanced_age_smote,age,smote,False,1,ENTIRE,RMSE,37.39
REPLACE-BG,balanced_age_smote,age,smote,False,1,ENTIRE,MSE,1398.03
REPLACE-BG,balanced_age_smote,age,smote,False,1,ENTIRE,MAE,27.45
REPLACE-BG,balanced_age_smote,age,smote,False,1,ENTIRE,MAPE,0.19
REPLACE-BG,balanced_age_smote,age,smote,False,2,TBR_2,A,0.48
REPLACE-BG,balanced_age_smote,age,smote,False,2,TBR_2,B,0.0
REPLACE-BG,balanced_age_smote,age,smote,False,2,TBR_2,C,0.0
REPLACE-BG,balanced_age_smote,age,smote,False,2,TBR_2,D,99.03
REPLACE-BG,balanced_age_smote,age,smote,False,2,TBR_2,E,0.5
REPLACE-BG,balanced_age_smote,age,smote,False,2,TBR_2,A + B,0.48
REPLACE-BG,balanced_age_smote,age,smote,False,2,TBR_2,RMSE,55.81
REPLACE-BG,balanced_age_smote,age,smote,False,2,TBR_2,MSE,3115.15
REPLACE-BG,balanced_age_smote,age,smote,False,2,TBR_2,MAE,52.79
REPLACE-BG,balanced_age_smote,age,smote,False,2,TBR_2,MAPE,1.17
REPLACE-BG,balanced_age_smote,age,smote,False,2,TBR_1,A,1.23
REPLACE-BG,balanced_age_smote,age,smote,False,2,TBR_1,B,0.0
REPLACE-BG,balanced_age_smote,age,smote,False,2,TBR_1,C,0.0
REPLACE-BG,balanced_age_smote,age,smote,False,2,TBR_1,D,98.43
REPLACE-BG,balanced_age_smote,age,smote,False,2,TBR_1,E,0.34
REPLACE-BG,balanced_age_smote,age,smote,False,2,TBR_1,A + B,1.23
REPLACE-BG,balanced_age_smote,age,smote,False,2,TBR_1,RMSE,40.23
REPLACE-BG,balanced_age_smote,age,smote,False,2,TBR_1,MSE,1618.36
REPLACE-BG,balanced_age_smote,age,smote,False,2,TBR_1,MAE,36.99
REPLACE-BG,balanced_age_smote,age,smote,False,2,TBR_1,MAPE,0.6
REPLACE-BG,balanced_age_smote,age,smote,False,2,TIR,A,73.23
REPLACE-BG,balanced_age_smote,age,smote,False,2,TIR,B,26.64
REPLACE-BG,balanced_age_smote,age,smote,False,2,TIR,C,0.12
REPLACE-BG,balanced_age_smote,age,smote,False,2,TIR,D,0.0
REPLACE-BG,balanced_age_smote,age,smote,False,2,TIR,E,0.0
REPLACE-BG,balanced_age_smote,age,smote,False,2,TIR,A + B,99.87
REPLACE-BG,balanced_age_smote,age,smote,False,2,TIR,RMSE,24.96
REPLACE-BG,balanced_age_smote,age,smote,False,2,TIR,MSE,622.89
REPLACE-BG,balanced_age_smote,age,smote,False,2,TIR,MAE,18.54
REPLACE-BG,balanced_age_smote,age,smote,False,2,TIR,MAPE,0.15
REPLACE-BG,balanced_age_smote,age,smote,False,2,TAR_1,A,69.17
REPLACE-BG,balanced_age_smote,age,smote,False,2,TAR_1,B,28.99
REPLACE-BG,balanced_age_smote,age,smote,False,2,TAR_1,C,0.04
REPLACE-BG,balanced_age_smote,age,smote,False,2,TAR_1,D,1.8
REPLACE-BG,balanced_age_smote,age,smote,False,2,TAR_1,E,0.0
REPLACE-BG,balanced_age_smote,age,smote,False,2,TAR_1,A + B,98.16
REPLACE-BG,balanced_age_smote,age,smote,False,2,TAR_1,RMSE,42.96
REPLACE-BG,balanced_age_smote,age,smote,False,2,TAR_1,MSE,1845.92
REPLACE-BG,balanced_age_smote,age,smote,False,2,TAR_1,MAE,34.19
REPLACE-BG,balanced_age_smote,age,smote,False,2,TAR_1,MAPE,0.16
REPLACE-BG,balanced_age_smote,age,smote,False,2,TAR_2,A,59.23
REPLACE-BG,balanced_age_smote,age,smote,False,2,TAR_2,B,31.65
REPLACE-BG,balanced_age_smote,age,smote,False,2,TAR_2,C,0.0
REPLACE-BG,balanced_age_smote,age,smote,False,2,TAR_2,D,9.12
REPLACE-BG,balanced_age_smote,age,smote,False,2,TAR_2,E,0.0
REPLACE-BG,balanced_age_smote,age,smote,False,2,TAR_2,A + B,90.88
REPLACE-BG,balanced_age_smote,age,smote,False,2,TAR_2,RMSE,68.28
REPLACE-BG,balanced_age_smote,age,smote,False,2,TAR_2,MSE,4662.29
REPLACE-BG,balanced_age_smote,age,smote,False,2,TAR_2,MAE,57.93
REPLACE-BG,balanced_age_smote,age,smote,False,2,TAR_2,MAPE,0.19
REPLACE-BG,balanced_age_smote,age,smote,False,2,ENTIRE,A,68.59
REPLACE-BG,balanced_age_smote,age,smote,False,2,ENTIRE,B,26.68
REPLACE-BG,balanced_age_smote,age,smote,False,2,ENTIRE,C,0.09
REPLACE-BG,balanced_age_smote,age,smote,False,2,ENTIRE,D,4.62
REPLACE-BG,balanced_age_smote,age,smote,False,2,ENTIRE,E,0.01
REPLACE-BG,balanced_age_smote,age,smote,False,2,ENTIRE,A + B,95.27
REPLACE-BG,balanced_age_smote,age,smote,False,2,ENTIRE,RMSE,36.03
REPLACE-BG,balanced_age_smote,age,smote,False,2,ENTIRE,MSE,1298.48
REPLACE-BG,balanced_age_smote,age,smote,False,2,ENTIRE,MAE,26.27
REPLACE-BG,balanced_age_smote,age,smote,False,2,ENTIRE,MAPE,0.18
REPLACE-BG,balanced_age_smote,age,smote,False,3,TBR_2,A,1.76
REPLACE-BG,balanced_age_smote,age,smote,False,3,TBR_2,B,0.0
REPLACE-BG,balanced_age_smote,age,smote,False,3,TBR_2,C,0.0
REPLACE-BG,balanced_age_smote,age,smote,False,3,TBR_2,D,97.81
REPLACE-BG,balanced_age_smote,age,smote,False,3,TBR_2,E,0.43
REPLACE-BG,balanced_age_smote,age,smote,False,3,TBR_2,A + B,1.76
REPLACE-BG,balanced_age_smote,age,smote,False,3,TBR_2,RMSE,55.56
REPLACE-BG,balanced_age_smote,age,smote,False,3,TBR_2,MSE,3086.36
REPLACE-BG,balanced_age_smote,age,smote,False,3,TBR_2,MAE,52.68
REPLACE-BG,balanced_age_smote,age,smote,False,3,TBR_2,MAPE,1.16
REPLACE-BG,balanced_age_smote,age,smote,False,3,TBR_1,A,1.69
REPLACE-BG,balanced_age_smote,age,smote,False,3,TBR_1,B,0.0
REPLACE-BG,balanced_age_smote,age,smote,False,3,TBR_1,C,0.0
REPLACE-BG,balanced_age_smote,age,smote,False,3,TBR_1,D,97.93
REPLACE-BG,balanced_age_smote,age,smote,False,3,TBR_1,E,0.38
REPLACE-BG,balanced_age_smote,age,smote,False,3,TBR_1,A + B,1.69
REPLACE-BG,balanced_age_smote,age,smote,False,3,TBR_1,RMSE,40.65
REPLACE-BG,balanced_age_smote,age,smote,False,3,TBR_1,MSE,1652.71
REPLACE-BG,balanced_age_smote,age,smote,False,3,TBR_1,MAE,37.14
REPLACE-BG,balanced_age_smote,age,smote,False,3,TBR_1,MAPE,0.6
REPLACE-BG,balanced_age_smote,age,smote,False,3,TIR,A,72.84
REPLACE-BG,balanced_age_smote,age,smote,False,3,TIR,B,27.02
REPLACE-BG,balanced_age_smote,age,smote,False,3,TIR,C,0.14
REPLACE-BG,balanced_age_smote,age,smote,False,3,TIR,D,0.0
REPLACE-BG,balanced_age_smote,age,smote,False,3,TIR,E,0.0
REPLACE-BG,balanced_age_smote,age,smote,False,3,TIR,A + B,99.86
REPLACE-BG,balanced_age_smote,age,smote,False,3,TIR,RMSE,25.44
REPLACE-BG,balanced_age_smote,age,smote,False,3,TIR,MSE,647.0
REPLACE-BG,balanced_age_smote,age,smote,False,3,TIR,MAE,18.89
REPLACE-BG,balanced_age_smote,age,smote,False,3,TIR,MAPE,0.15
REPLACE-BG,balanced_age_smote,age,smote,False,3,TAR_1,A,69.09
REPLACE-BG,balanced_age_smote,age,smote,False,3,TAR_1,B,29.05
REPLACE-BG,balanced_age_smote,age,smote,False,3,TAR_1,C,0.05
REPLACE-BG,balanced_age_smote,age,smote,False,3,TAR_1,D,1.81
REPLACE-BG,balanced_age_smote,age,smote,False,3,TAR_1,E,0.0
REPLACE-BG,balanced_age_smote,age,smote,False,3,TAR_1,A + B,98.14
REPLACE-BG,balanced_age_smote,age,smote,False,3,TAR_1,RMSE,43.1
REPLACE-BG,balanced_age_smote,age,smote,False,3,TAR_1,MSE,1857.39
REPLACE-BG,balanced_age_smote,age,smote,False,3,TAR_1,MAE,34.51
REPLACE-BG,balanced_age_smote,age,smote,False,3,TAR_1,MAPE,0.16
REPLACE-BG,balanced_age_smote,age,smote,False,3,TAR_2,A,57.67
REPLACE-BG,balanced_age_smote,age,smote,False,3,TAR_2,B,32.41
REPLACE-BG,balanced_age_smote,age,smote,False,3,TAR_2,C,0.0
REPLACE-BG,balanced_age_smote,age,smote,False,3,TAR_2,D,9.92
REPLACE-BG,balanced_age_smote,age,smote,False,3,TAR_2,E,0.0
REPLACE-BG,balanced_age_smote,age,smote,False,3,TAR_2,A + B,90.08
REPLACE-BG,balanced_age_smote,age,smote,False,3,TAR_2,RMSE,68.68
REPLACE-BG,balanced_age_smote,age,smote,False,3,TAR_2,MSE,4716.68
REPLACE-BG,balanced_age_smote,age,smote,False,3,TAR_2,MAE,58.09
REPLACE-BG,balanced_age_smote,age,smote,False,3,TAR_2,MAPE,0.2
REPLACE-BG,balanced_age_smote,age,smote,False,3,ENTIRE,A,68.06
REPLACE-BG,balanced_age_smote,age,smote,False,3,ENTIRE,B,27.08
REPLACE-BG,balanced_age_smote,age,smote,False,3,ENTIRE,C,0.1
REPLACE-BG,balanced_age_smote,age,smote,False,3,ENTIRE,D,4.74
REPLACE-BG,balanced_age_smote,age,smote,False,3,ENTIRE,E,0.01
REPLACE-BG,balanced_age_smote,age,smote,False,3,ENTIRE,A + B,95.14
REPLACE-BG,balanced_age_smote,age,smote,False,3,ENTIRE,RMSE,36.96
REPLACE-BG,balanced_age_smote,age,smote,False,3,ENTIRE,MSE,1366.3
REPLACE-BG,balanced_age_smote,age,smote,False,3,ENTIRE,MAE,27.1
REPLACE-BG,balanced_age_smote,age,smote,False,3,ENTIRE,MAPE,0.18
REPLACE-BG,balanced_age_smote,age,smote,False,4,TBR_2,A,0.21
REPLACE-BG,balanced_age_smote,age,smote,False,4,TBR_2,B,0.0
REPLACE-BG,balanced_age_smote,age,smote,False,4,TBR_2,C,0.0
REPLACE-BG,balanced_age_smote,age,smote,False,4,TBR_2,D,98.96
REPLACE-BG,balanced_age_smote,age,smote,False,4,TBR_2,E,0.83
REPLACE-BG,balanced_age_smote,age,smote,False,4,TBR_2,A + B,0.21
REPLACE-BG,balanced_age_smote,age,smote,False,4,TBR_2,RMSE,56.86
REPLACE-BG,balanced_age_smote,age,smote,False,4,TBR_2,MSE,3233.35
REPLACE-BG,balanced_age_smote,age,smote,False,4,TBR_2,MAE,53.25
REPLACE-BG,balanced_age_smote,age,smote,False,4,TBR_2,MAPE,1.18
REPLACE-BG,balanced_age_smote,age,smote,False,4,TBR_1,A,1.3
REPLACE-BG,balanced_age_smote,age,smote,False,4,TBR_1,B,0.0
REPLACE-BG,balanced_age_smote,age,smote,False,4,TBR_1,C,0.0
REPLACE-BG,balanced_age_smote,age,smote,False,4,TBR_1,D,98.0
REPLACE-BG,balanced_age_smote,age,smote,False,4,TBR_1,E,0.71
REPLACE-BG,balanced_age_smote,age,smote,False,4,TBR_1,A + B,1.3
REPLACE-BG,balanced_age_smote,age,smote,False,4,TBR_1,RMSE,41.77
REPLACE-BG,balanced_age_smote,age,smote,False,4,TBR_1,MSE,1744.43
REPLACE-BG,balanced_age_smote,age,smote,False,4,TBR_1,MAE,37.54
REPLACE-BG,balanced_age_smote,age,smote,False,4,TBR_1,MAPE,0.61
REPLACE-BG,balanced_age_smote,age,smote,False,4,TIR,A,71.58
REPLACE-BG,balanced_age_smote,age,smote,False,4,TIR,B,28.22
REPLACE-BG,balanced_age_smote,age,smote,False,4,TIR,C,0.2
REPLACE-BG,balanced_age_smote,age,smote,False,4,TIR,D,0.0
REPLACE-BG,balanced_age_smote,age,smote,False,4,TIR,E,0.0
REPLACE-BG,balanced_age_smote,age,smote,False,4,TIR,A + B,99.8
REPLACE-BG,balanced_age_smote,age,smote,False,4,TIR,RMSE,26.47
REPLACE-BG,balanced_age_smote,age,smote,False,4,TIR,MSE,700.46
REPLACE-BG,balanced_age_smote,age,smote,False,4,TIR,MAE,19.62
REPLACE-BG,balanced_age_smote,age,smote,False,4,TIR,MAPE,0.16
REPLACE-BG,balanced_age_smote,age,smote,False,4,TAR_1,A,69.4
REPLACE-BG,balanced_age_smote,age,smote,False,4,TAR_1,B,28.69
REPLACE-BG,balanced_age_smote,age,smote,False,4,TAR_1,C,0.04
REPLACE-BG,balanced_age_smote,age,smote,False,4,TAR_1,D,1.87
REPLACE-BG,balanced_age_smote,age,smote,False,4,TAR_1,E,0.0
REPLACE-BG,balanced_age_smote,age,smote,False,4,TAR_1,A + B,98.09
REPLACE-BG,balanced_age_smote,age,smote,False,4,TAR_1,RMSE,43.21
REPLACE-BG,balanced_age_smote,age,smote,False,4,TAR_1,MSE,1866.9
REPLACE-BG,balanced_age_smote,age,smote,False,4,TAR_1,MAE,34.78
REPLACE-BG,balanced_age_smote,age,smote,False,4,TAR_1,MAPE,0.16
REPLACE-BG,balanced_age_smote,age,smote,False,4,TAR_2,A,59.28
REPLACE-BG,balanced_age_smote,age,smote,False,4,TAR_2,B,32.21
REPLACE-BG,balanced_age_smote,age,smote,False,4,TAR_2,C,0.0
REPLACE-BG,balanced_age_smote,age,smote,False,4,TAR_2,D,8.51
REPLACE-BG,balanced_age_smote,age,smote,False,4,TAR_2,E,0.0
REPLACE-BG,balanced_age_smote,age,smote,False,4,TAR_2,A + B,91.49
REPLACE-BG,balanced_age_smote,age,smote,False,4,TAR_2,RMSE,67.22
REPLACE-BG,balanced_age_smote,age,smote,False,4,TAR_2,MSE,4518.08
REPLACE-BG,balanced_age_smote,age,smote,False,4,TAR_2,MAE,57.48
REPLACE-BG,balanced_age_smote,age,smote,False,4,TAR_2,MAPE,0.19
REPLACE-BG,balanced_age_smote,age,smote,False,4,ENTIRE,A,67.2
REPLACE-BG,balanced_age_smote,age,smote,False,4,ENTIRE,B,27.77
REPLACE-BG,balanced_age_smote,age,smote,False,4,ENTIRE,C,0.13
REPLACE-BG,balanced_age_smote,age,smote,False,4,ENTIRE,D,4.88
REPLACE-BG,balanced_age_smote,age,smote,False,4,ENTIRE,E,0.03
REPLACE-BG,balanced_age_smote,age,smote,False,4,ENTIRE,A + B,94.97
REPLACE-BG,balanced_age_smote,age,smote,False,4,ENTIRE,RMSE,38.19
REPLACE-BG,balanced_age_smote,age,smote,False,4,ENTIRE,MSE,1458.32
REPLACE-BG,balanced_age_smote,age,smote,False,4,ENTIRE,MAE,28.32
REPLACE-BG,balanced_age_smote,age,smote,False,4,ENTIRE,MAPE,0.19
REPLACE-BG,balanced_age_smote,age,smote,False,5,TBR_2,A,0.0
REPLACE-BG,balanced_age_smote,age,smote,False,5,TBR_2,B,0.0
REPLACE-BG,balanced_age_smote,age,smote,False,5,TBR_2,C,0.0
REPLACE-BG,balanced_age_smote,age,smote,False,5,TBR_2,D,99.35
REPLACE-BG,balanced_age_smote,age,smote,False,5,TBR_2,E,0.65
REPLACE-BG,balanced_age_smote,age,smote,False,5,TBR_2,A + B,0.0
REPLACE-BG,balanced_age_smote,age,smote,False,5,TBR_2,RMSE,57.79
REPLACE-BG,balanced_age_smote,age,smote,False,5,TBR_2,MSE,3339.27
REPLACE-BG,balanced_age_smote,age,smote,False,5,TBR_2,MAE,54.8
REPLACE-BG,balanced_age_smote,age,smote,False,5,TBR_2,MAPE,1.21
REPLACE-BG,balanced_age_smote,age,smote,False,5,TBR_1,A,0.46
REPLACE-BG,balanced_age_smote,age,smote,False,5,TBR_1,B,0.0
REPLACE-BG,balanced_age_smote,age,smote,False,5,TBR_1,C,0.0
REPLACE-BG,balanced_age_smote,age,smote,False,5,TBR_1,D,99.03
REPLACE-BG,balanced_age_smote,age,smote,False,5,TBR_1,E,0.51
REPLACE-BG,balanced_age_smote,age,smote,False,5,TBR_1,A + B,0.46
REPLACE-BG,balanced_age_smote,age,smote,False,5,TBR_1,RMSE,42.0
REPLACE-BG,balanced_age_smote,age,smote,False,5,TBR_1,MSE,1764.11
REPLACE-BG,balanced_age_smote,age,smote,False,5,TBR_1,MAE,38.42
REPLACE-BG,balanced_age_smote,age,smote,False,5,TBR_1,MAPE,0.62
REPLACE-BG,balanced_age_smote,age,smote,False,5,TIR,A,71.29
REPLACE-BG,balanced_age_smote,age,smote,False,5,TIR,B,28.52
REPLACE-BG,balanced_age_smote,age,smote,False,5,TIR,C,0.19
REPLACE-BG,balanced_age_smote,age,smote,False,5,TIR,D,0.0
REPLACE-BG,balanced_age_smote,age,smote,False,5,TIR,E,0.0
REPLACE-BG,balanced_age_smote,age,smote,False,5,TIR,A + B,99.81
REPLACE-BG,balanced_age_smote,age,smote,False,5,TIR,RMSE,25.95
REPLACE-BG,balanced_age_smote,age,smote,False,5,TIR,MSE,673.23
REPLACE-BG,balanced_age_smote,age,smote,False,5,TIR,MAE,19.14
REPLACE-BG,balanced_age_smote,age,smote,False,5,TIR,MAPE,0.16
REPLACE-BG,balanced_age_smote,age,smote,False,5,TAR_1,A,67.27
REPLACE-BG,balanced_age_smote,age,smote,False,5,TAR_1,B,30.8
REPLACE-BG,balanced_age_smote,age,smote,False,5,TAR_1,C,0.06
REPLACE-BG,balanced_age_smote,age,smote,False,5,TAR_1,D,1.87
REPLACE-BG,balanced_age_smote,age,smote,False,5,TAR_1,E,0.0
REPLACE-BG,balanced_age_smote,age,smote,False,5,TAR_1,A + B,98.07
REPLACE-BG,balanced_age_smote,age,smote,False,5,TAR_1,RMSE,44.6
REPLACE-BG,balanced_age_smote,age,smote,False,5,TAR_1,MSE,1989.26
REPLACE-BG,balanced_age_smote,age,smote,False,5,TAR_1,MAE,35.58
REPLACE-BG,balanced_age_smote,age,smote,False,5,TAR_1,MAPE,0.17
REPLACE-BG,balanced_age_smote,age,smote,False,5,TAR_2,A,57.46
REPLACE-BG,balanced_age_smote,age,smote,False,5,TAR_2,B,31.71
REPLACE-BG,balanced_age_smote,age,smote,False,5,TAR_2,C,0.0
REPLACE-BG,balanced_age_smote,age,smote,False,5,TAR_2,D,10.82
REPLACE-BG,balanced_age_smote,age,smote,False,5,TAR_2,E,0.0
REPLACE-BG,balanced_age_smote,age,smote,False,5,TAR_2,A + B,89.17
REPLACE-BG,balanced_age_smote,age,smote,False,5,TAR_2,RMSE,68.07
REPLACE-BG,balanced_age_smote,age,smote,False,5,TAR_2,MSE,4633.39
REPLACE-BG,balanced_age_smote,age,smote,False,5,TAR_2,MAE,57.4
REPLACE-BG,balanced_age_smote,age,smote,False,5,TAR_2,MAPE,0.2
REPLACE-BG,balanced_age_smote,age,smote,False,5,ENTIRE,A,66.74
REPLACE-BG,balanced_age_smote,age,smote,False,5,ENTIRE,B,28.18
REPLACE-BG,balanced_age_smote,age,smote,False,5,ENTIRE,C,0.14
REPLACE-BG,balanced_age_smote,age,smote,False,5,ENTIRE,D,4.93
REPLACE-BG,balanced_age_smote,age,smote,False,5,ENTIRE,E,0.02
REPLACE-BG,balanced_age_smote,age,smote,False,5,ENTIRE,A + B,94.92
REPLACE-BG,balanced_age_smote,age,smote,False,5,ENTIRE,RMSE,36.09
REPLACE-BG,balanced_age_smote,age,smote,False,5,ENTIRE,MSE,1302.3
REPLACE-BG,balanced_age_smote,age,smote,False,5,ENTIRE,MAE,26.37
REPLACE-BG,balanced_age_smote,age,smote,False,5,ENTIRE,MAPE,0.19
REPLACE-BG,balanced_age_undersampling,age,undersampling,False,1,TBR_2,A,0.0
REPLACE-BG,balanced_age_undersampling,age,undersampling,False,1,TBR_2,B,0.0
REPLACE-BG,balanced_age_undersampling,age,undersampling,False,1,TBR_2,C,0.0
REPLACE-BG,balanced_age_undersampling,age,undersampling,False,1,TBR_2,D,99.45
REPLACE-BG,balanced_age_undersampling,age,undersampling,False,1,TBR_2,E,0.55
REPLACE-BG,balanced_age_undersampling,age,undersampling,False,1,TBR_2,A + B,0.0
REPLACE-BG,balanced_age_undersampling,age,undersampling,False,1,TBR_2,RMSE,57.48
REPLACE-BG,balanced_age_undersampling,age,undersampling,False,1,TBR_2,MSE,3304.07
REPLACE-BG,balanced_age_undersampling,age,undersampling,False,1,TBR_2,MAE,54.9
REPLACE-BG,balanced_age_undersampling,age,undersampling,False,1,TBR_2,MAPE,1.21
REPLACE-BG,balanced_age_undersampling,age,undersampling,False,1,TBR_1,A,0.19
REPLACE-BG,balanced_age_undersampling,age,undersampling,False,1,TBR_1,B,0.0
REPLACE-BG,balanced_age_undersampling,age,undersampling,False,1,TBR_1,C,0.0
REPLACE-BG,balanced_age_undersampling,age,undersampling,False,1,TBR_1,D,99.3
REPLACE-BG,balanced_age_undersampling,age,undersampling,False,1,TBR_1,E,0.51
REPLACE-BG,balanced_age_undersampling,age,undersampling,False,1,TBR_1,A + B,0.19
REPLACE-BG,balanced_age_undersampling,age,undersampling,False,1,TBR_1,RMSE,42.83
REPLACE-BG,balanced_age_undersampling,age,undersampling,False,1,TBR_1,MSE,1834.59
REPLACE-BG,balanced_age_undersampling,age,undersampling,False,1,TBR_1,MAE,39.59
REPLACE-BG,balanced_age_undersampling,age,undersampling,False,1,TBR_1,MAPE,0.64
REPLACE-BG,balanced_age_undersampling,age,undersampling,False,1,TIR,A,71.51
REPLACE-BG,balanced_age_undersampling,age,undersampling,False,1,TIR,B,28.31
REPLACE-BG,balanced_age_undersampling,age,undersampling,False,1,TIR,C,0.18
REPLACE-BG,balanced_age_undersampling,age,undersampling,False,1,TIR,D,0.0
REPLACE-BG,balanced_age_undersampling,age,undersampling,False,1,TIR,E,0.0
REPLACE-BG,balanced_age_undersampling,age,undersampling,False,1,TIR,A + B,99.82
REPLACE-BG,balanced_age_undersampling,age,undersampling,False,1,TIR,RMSE,25.97
REPLACE-BG,balanced_age_undersampling,age,undersampling,False,1,TIR,MSE,674.48
REPLACE-BG,balanced_age_undersampling,age,undersampling,False,1,TIR,MAE,19.3
REPLACE-BG,balanced_age_undersampling,age,undersampling,False,1,TIR,MAPE,0.16
REPLACE-BG,balanced_age_undersampling,age,undersampling,False,1,TAR_1,A,68.84
REPLACE-BG,balanced_age_undersampling,age,undersampling,False,1,TAR_1,B,29.25
REPLACE-BG,balanced_age_undersampling,age,undersampling,False,1,TAR_1,C,0.04
REPLACE-BG,balanced_age_undersampling,age,undersampling,False,1,TAR_1,D,1.87
REPLACE-BG,balanced_age_undersampling,age,undersampling,False,1,TAR_1,E,0.0
REPLACE-BG,balanced_age_undersampling,age,undersampling,False,1,TAR_1,A + B,98.09
REPLACE-BG,balanced_age_undersampling,age,undersampling,False,1,TAR_1,RMSE,43.57
REPLACE-BG,balanced_age_undersampling,age,undersampling,False,1,TAR_1,MSE,1898.65
REPLACE-BG,balanced_age_undersampling,age,undersampling,False,1,TAR_1,MAE,34.56
REPLACE-BG,balanced_age_undersampling,age,undersampling,False,1,TAR_1,MAPE,0.16
REPLACE-BG,balanced_age_undersampling,age,undersampling,False,1,TAR_2,A,59.42
REPLACE-BG,balanced_age_undersampling,age,undersampling,False,1,TAR_2,B,31.84
REPLACE-BG,balanced_age_undersampling,age,undersampling,False,1,TAR_2,C,0.0
REPLACE-BG,balanced_age_undersampling,age,undersampling,False,1,TAR_2,D,8.74
REPLACE-BG,balanced_age_undersampling,age,undersampling,False,1,TAR_2,E,0.0
REPLACE-BG,balanced_age_undersampling,age,undersampling,False,1,TAR_2,A + B,91.26
REPLACE-BG,balanced_age_undersampling,age,undersampling,False,1,TAR_2,RMSE,68.0
REPLACE-BG,balanced_age_undersampling,age,undersampling,False,1,TAR_2,MSE,4623.6
REPLACE-BG,balanced_age_undersampling,age,undersampling,False,1,TAR_2,MAE,57.88
REPLACE-BG,balanced_age_undersampling,age,undersampling,False,1,TAR_2,MAPE,0.19
REPLACE-BG,balanced_age_undersampling,age,undersampling,False,1,ENTIRE,A,66.96
REPLACE-BG,balanced_age_undersampling,age,undersampling,False,1,ENTIRE,B,27.74
REPLACE-BG,balanced_age_undersampling,age,undersampling,False,1,ENTIRE,C,0.13
REPLACE-BG,balanced_age_undersampling,age,undersampling,False,1,ENTIRE,D,5.15
REPLACE-BG,balanced_age_undersampling,age,undersampling,False,1,ENTIRE,E,0.02
REPLACE-BG,balanced_age_undersampling,age,undersampling,False,1,ENTIRE,A + B,94.7
REPLACE-BG,balanced_age_undersampling,age,undersampling,False,1,ENTIRE,RMSE,37.21
REPLACE-BG,balanced_age_undersampling,age,undersampling,False,1,ENTIRE,MSE,1384.57
REPLACE-BG,balanced_age_undersampling,age,undersampling,False,1,ENTIRE,MAE,27.34
REPLACE-BG,balanced_age_undersampling,age,undersampling,False,1,ENTIRE,MAPE,0.19
REPLACE-BG,balanced_age_undersampling,age,undersampling,False,2,TBR_2,A,0.0
REPLACE-BG,balanced_age_undersampling,age,undersampling,False,2,TBR_2,B,0.0
REPLACE-BG,balanced_age_undersampling,age,undersampling,False,2,TBR_2,C,0.0
REPLACE-BG,balanced_age_undersampling,age,undersampling,False,2,TBR_2,D,99.49
REPLACE-BG,balanced_age_undersampling,age,undersampling,False,2,TBR_2,E,0.51
REPLACE-BG,balanced_age_undersampling,age,undersampling,False,2,TBR_2,A + B,0.0
REPLACE-BG,balanced_age_undersampling,age,undersampling,False,2,TBR_2,RMSE,57.18
REPLACE-BG,balanced_age_undersampling,age,undersampling,False,2,TBR_2,MSE,3269.21
REPLACE-BG,balanced_age_undersampling,age,undersampling,False,2,TBR_2,MAE,54.8
REPLACE-BG,balanced_age_undersampling,age,undersampling,False,2,TBR_2,MAPE,1.21
REPLACE-BG,balanced_age_undersampling,age,undersampling,False,2,TBR_1,A,0.0
REPLACE-BG,balanced_age_undersampling,age,undersampling,False,2,TBR_1,B,0.0
REPLACE-BG,balanced_age_undersampling,age,undersampling,False,2,TBR_1,C,0.0
REPLACE-BG,balanced_age_undersampling,age,undersampling,False,2,TBR_1,D,99.6
REPLACE-BG,balanced_age_undersampling,age,undersampling,False,2,TBR_1,E,0.4
REPLACE-BG,balanced_age_undersampling,age,undersampling,False,2,TBR_1,A + B,0.0
REPLACE-BG,balanced_age_undersampling,age,undersampling,False,2,TBR_1,RMSE,41.26
REPLACE-BG,balanced_age_undersampling,age,undersampling,False,2,TBR_1,MSE,1702.12
REPLACE-BG,balanced_age_undersampling,age,undersampling,False,2,TBR_1,MAE,38.5
REPLACE-BG,balanced_age_undersampling,age,undersampling,False,2,TBR_1,MAPE,0.62
REPLACE-BG,balanced_age_undersampling,age,undersampling,False,2,TIR,A,72.7
REPLACE-BG,balanced_age_undersampling,age,undersampling,False,2,TIR,B,27.17
REPLACE-BG,balanced_age_undersampling,age,undersampling,False,2,TIR,C,0.14
REPLACE-BG,balanced_age_undersampling,age,undersampling,False,2,TIR,D,0.0
REPLACE-BG,balanced_age_undersampling,age,undersampling,False,2,TIR,E,0.0
REPLACE-BG,balanced_age_undersampling,age,undersampling,False,2,TIR,A + B,99.87
REPLACE-BG,balanced_age_undersampling,age,undersampling,False,2,TIR,RMSE,25.01
REPLACE-BG,balanced_age_undersampling,age,undersampling,False,2,TIR,MSE,625.48
REPLACE-BG,balanced_age_undersampling,age,undersampling,False,2,TIR,MAE,18.6
REPLACE-BG,balanced_age_undersampling,age,undersampling,False,2,TIR,MAPE,0.15
REPLACE-BG,balanced_age_undersampling,age,undersampling,False,2,TAR_1,A,69.96
REPLACE-BG,balanced_age_undersampling,age,undersampling,False,2,TAR_1,B,28.27
REPLACE-BG,balanced_age_undersampling,age,undersampling,False,2,TAR_1,C,0.02
REPLACE-BG,balanced_age_undersampling,age,undersampling,False,2,TAR_1,D,1.75
REPLACE-BG,balanced_age_undersampling,age,undersampling,False,2,TAR_1,E,0.0
REPLACE-BG,balanced_age_undersampling,age,undersampling,False,2,TAR_1,A + B,98.23
REPLACE-BG,balanced_age_undersampling,age,undersampling,False,2,TAR_1,RMSE,42.47
REPLACE-BG,balanced_age_undersampling,age,undersampling,False,2,TAR_1,MSE,1804.12
REPLACE-BG,balanced_age_undersampling,age,undersampling,False,2,TAR_1,MAE,33.71
REPLACE-BG,balanced_age_undersampling,age,undersampling,False,2,TAR_1,MAPE,0.16
REPLACE-BG,balanced_age_undersampling,age,undersampling,False,2,TAR_2,A,56.73
REPLACE-BG,balanced_age_undersampling,age,undersampling,False,2,TAR_2,B,34.42
REPLACE-BG,balanced_age_undersampling,age,undersampling,False,2,TAR_2,C,0.0
REPLACE-BG,balanced_age_undersampling,age,undersampling,False,2,TAR_2,D,8.85
REPLACE-BG,balanced_age_undersampling,age,undersampling,False,2,TAR_2,E,0.0
REPLACE-BG,balanced_age_undersampling,age,undersampling,False,2,TAR_2,A + B,91.15
REPLACE-BG,balanced_age_undersampling,age,undersampling,False,2,TAR_2,RMSE,69.0
REPLACE-BG,balanced_age_undersampling,age,undersampling,False,2,TAR_2,MSE,4761.06
REPLACE-BG,balanced_age_undersampling,age,undersampling,False,2,TAR_2,MAE,58.77
REPLACE-BG,balanced_age_undersampling,age,undersampling,False,2,TAR_2,MAPE,0.2
REPLACE-BG,balanced_age_undersampling,age,undersampling,False,2,ENTIRE,A,68.16
REPLACE-BG,balanced_age_undersampling,age,undersampling,False,2,ENTIRE,B,27.11
REPLACE-BG,balanced_age_undersampling,age,undersampling,False,2,ENTIRE,C,0.09
REPLACE-BG,balanced_age_undersampling,age,undersampling,False,2,ENTIRE,D,4.62
REPLACE-BG,balanced_age_undersampling,age,undersampling,False,2,ENTIRE,E,0.01
REPLACE-BG,balanced_age_undersampling,age,undersampling,False,2,ENTIRE,A + B,95.27
REPLACE-BG,balanced_age_undersampling,age,undersampling,False,2,ENTIRE,RMSE,36.1
REPLACE-BG,balanced_age_undersampling,age,undersampling,False,2,ENTIRE,MSE,1303.05
REPLACE-BG,balanced_age_undersampling,age,undersampling,False,2,ENTIRE,MAE,26.33
REPLACE-BG,balanced_age_undersampling,age,undersampling,False,2,ENTIRE,MAPE,0.18
REPLACE-BG,balanced_age_undersampling,age,undersampling,False,3,TBR_2,A,0.0
REPLACE-BG,balanced_age_undersampling,age,undersampling,False,3,TBR_2,B,0.0
REPLACE-BG,balanced_age_undersampling,age,undersampling,False,3,TBR_2,C,0.0
REPLACE-BG,balanced_age_undersampling,age,undersampling,False,3,TBR_2,D,99.44
REPLACE-BG,balanced_age_undersampling,age,undersampling,False,3,TBR_2,E,0.56
REPLACE-BG,balanced_age_undersampling,age,undersampling,False,3,TBR_2,A + B,0.0
REPLACE-BG,balanced_age_undersampling,age,undersampling,False,3,TBR_2,RMSE,56.25
REPLACE-BG,balanced_age_undersampling,age,undersampling,False,3,TBR_2,MSE,3164.24
REPLACE-BG,balanced_age_undersampling,age,undersampling,False,3,TBR_2,MAE,53.87
REPLACE-BG,balanced_age_undersampling,age,undersampling,False,3,TBR_2,MAPE,1.19
REPLACE-BG,balanced_age_undersampling,age,undersampling,False,3,TBR_1,A,0.0
REPLACE-BG,balanced_age_undersampling,age,undersampling,False,3,TBR_1,B,0.0
REPLACE-BG,balanced_age_undersampling,age,undersampling,False,3,TBR_1,C,0.0
REPLACE-BG,balanced_age_undersampling,age,undersampling,False,3,TBR_1,D,99.57
REPLACE-BG,balanced_age_undersampling,age,undersampling,False,3,TBR_1,E,0.43
REPLACE-BG,balanced_age_undersampling,age,undersampling,False,3,TBR_1,A + B,0.0
REPLACE-BG,balanced_age_undersampling,age,undersampling,False,3,TBR_1,RMSE,41.2
REPLACE-BG,balanced_age_undersampling,age,undersampling,False,3,TBR_1,MSE,1697.27
REPLACE-BG,balanced_age_undersampling,age,undersampling,False,3,TBR_1,MAE,38.13
REPLACE-BG,balanced_age_undersampling,age,undersampling,False,3,TBR_1,MAPE,0.61
REPLACE-BG,balanced_age_undersampling,age,undersampling,False,3,TIR,A,72.28
REPLACE-BG,balanced_age_undersampling,age,undersampling,False,3,TIR,B,27.59
REPLACE-BG,balanced_age_undersampling,age,undersampling,False,3,TIR,C,0.13
REPLACE-BG,balanced_age_undersampling,age,undersampling,False,3,TIR,D,0.0
REPLACE-BG,balanced_age_undersampling,age,undersampling,False,3,TIR,E,0.0
REPLACE-BG,balanced_age_undersampling,age,undersampling,False,3,TIR,A + B,99.87
REPLACE-BG,balanced_age_undersampling,age,undersampling,False,3,TIR,RMSE,25.52
REPLACE-BG,balanced_age_undersampling,age,undersampling,False,3,TIR,MSE,651.32
REPLACE-BG,balanced_age_undersampling,age,undersampling,False,3,TIR,MAE,19.0
REPLACE-BG,balanced_age_undersampling,age,undersampling,False,3,TIR,MAPE,0.15
REPLACE-BG,balanced_age_undersampling,age,undersampling,False,3,TAR_1,A,69.44
REPLACE-BG,balanced_age_undersampling,age,undersampling,False,3,TAR_1,B,28.74
REPLACE-BG,balanced_age_undersampling,age,undersampling,False,3,TAR_1,C,0.02
REPLACE-BG,balanced_age_undersampling,age,undersampling,False,3,TAR_1,D,1.8
REPLACE-BG,balanced_age_undersampling,age,undersampling,False,3,TAR_1,E,0.0
REPLACE-BG,balanced_age_undersampling,age,undersampling,False,3,TAR_1,A + B,98.18
REPLACE-BG,balanced_age_undersampling,age,undersampling,False,3,TAR_1,RMSE,43.0
REPLACE-BG,balanced_age_undersampling,age,undersampling,False,3,TAR_1,MSE,1848.86
REPLACE-BG,balanced_age_undersampling,age,undersampling,False,3,TAR_1,MAE,34.36
REPLACE-BG,balanced_age_undersampling,age,undersampling,False,3,TAR_1,MAPE,0.16
REPLACE-BG,balanced_age_undersampling,age,undersampling,False,3,TAR_2,A,53.66
REPLACE-BG,balanced_age_undersampling,age,undersampling,False,3,TAR_2,B,36.46
REPLACE-BG,balanced_age_undersampling,age,undersampling,False,3,TAR_2,C,0.0
REPLACE-BG,balanced_age_undersampling,age,undersampling,False,3,TAR_2,D,9.87
REPLACE-BG,balanced_age_undersampling,age,undersampling,False,3,TAR_2,E,0.0
REPLACE-BG,balanced_age_undersampling,age,undersampling,False,3,TAR_2,A + B,90.12
REPLACE-BG,balanced_age_undersampling,age,undersampling,False,3,TAR_2,RMSE,71.0
REPLACE-BG,balanced_age_undersampling,age,undersampling,False,3,TAR_2,MSE,5040.7
REPLACE-BG,balanced_age_undersampling,age,undersampling,False,3,TAR_2,MAE,60.98
REPLACE-BG,balanced_age_undersampling,age,undersampling,False,3,TAR_2,MAPE,0.21
REPLACE-BG,balanced_age_undersampling,age,undersampling,False,3,ENTIRE,A,67.37
REPLACE-BG,balanced_age_undersampling,age,undersampling,False,3,ENTIRE,B,27.74
REPLACE-BG,balanced_age_undersampling,age,undersampling,False,3,ENTIRE,C,0.09
REPLACE-BG,balanced_age_undersampling,age,undersampling,False,3,ENTIRE,D,4.79
REPLACE-BG,balanced_age_undersampling,age,undersampling,False,3,ENTIRE,E,0.02
REPLACE-BG,balanced_age_undersampling,age,undersampling,False,3,ENTIRE,A + B,95.11
REPLACE-BG,balanced_age_undersampling,age,undersampling,False,3,ENTIRE,RMSE,37.4
REPLACE-BG,balanced_age_undersampling,age,undersampling,False,3,ENTIRE,MSE,1398.63
REPLACE-BG,balanced_age_undersampling,age,undersampling,False,3,ENTIRE,MAE,27.44
REPLACE-BG,balanced_age_undersampling,age,undersampling,False,3,ENTIRE,MAPE,0.18
REPLACE-BG,balanced_age_undersampling,age,undersampling,False,4,TBR_2,A,0.0
REPLACE-BG,balanced_age_undersampling,age,undersampling,False,4,TBR_2,B,0.0
REPLACE-BG,balanced_age_undersampling,age,undersampling,False,4,TBR_2,C,0.0
REPLACE-BG,balanced_age_undersampling,age,undersampling,False,4,TBR_2,D,99.25
REPLACE-BG,balanced_age_undersampling,age,undersampling,False,4,TBR_2,E,0.75
REPLACE-BG,balanced_age_undersampling,age,undersampling,False,4,TBR_2,A + B,0.0
REPLACE-BG,balanced_age_undersampling,age,undersampling,False,4,TBR_2,RMSE,58.84
REPLACE-BG,balanced_age_undersampling,age,undersampling,False,4,TBR_2,MSE,3462.09
REPLACE-BG,balanced_age_undersampling,age,undersampling,False,4,TBR_2,MAE,56.02
REPLACE-BG,balanced_age_undersampling,age,undersampling,False,4,TBR_2,MAPE,1.24
REPLACE-BG,balanced_age_undersampling,age,undersampling,False,4,TBR_1,A,0.12
REPLACE-BG,balanced_age_undersampling,age,undersampling,False,4,TBR_1,B,0.0
REPLACE-BG,balanced_age_undersampling,age,undersampling,False,4,TBR_1,C,0.0
REPLACE-BG,balanced_age_undersampling,age,undersampling,False,4,TBR_1,D,99.21
REPLACE-BG,balanced_age_undersampling,age,undersampling,False,4,TBR_1,E,0.67
REPLACE-BG,balanced_age_undersampling,age,undersampling,False,4,TBR_1,A + B,0.12
REPLACE-BG,balanced_age_undersampling,age,undersampling,False,4,TBR_1,RMSE,42.96
REPLACE-BG,balanced_age_undersampling,age,undersampling,False,4,TBR_1,MSE,1845.63
REPLACE-BG,balanced_age_undersampling,age,undersampling,False,4,TBR_1,MAE,39.38
REPLACE-BG,balanced_age_undersampling,age,undersampling,False,4,TBR_1,MAPE,0.64
REPLACE-BG,balanced_age_undersampling,age,undersampling,False,4,TIR,A,71.53
REPLACE-BG,balanced_age_undersampling,age,undersampling,False,4,TIR,B,28.28
REPLACE-BG,balanced_age_undersampling,age,undersampling,False,4,TIR,C,0.19
REPLACE-BG,balanced_age_undersampling,age,undersampling,False,4,TIR,D,0.0
REPLACE-BG,balanced_age_undersampling,age,undersampling,False,4,TIR,E,0.0
REPLACE-BG,balanced_age_undersampling,age,undersampling,False,4,TIR,A + B,99.81
REPLACE-BG,balanced_age_undersampling,age,undersampling,False,4,TIR,RMSE,26.23
REPLACE-BG,balanced_age_undersampling,age,undersampling,False,4,TIR,MSE,687.86
REPLACE-BG,balanced_age_undersampling,age,undersampling,False,4,TIR,MAE,19.53
REPLACE-BG,balanced_age_undersampling,age,undersampling,False,4,TIR,MAPE,0.16
REPLACE-BG,balanced_age_undersampling,age,undersampling,False,4,TAR_1,A,68.79
REPLACE-BG,balanced_age_undersampling,age,undersampling,False,4,TAR_1,B,29.27
REPLACE-BG,balanced_age_undersampling,age,undersampling,False,4,TAR_1,C,0.04
REPLACE-BG,balanced_age_undersampling,age,undersampling,False,4,TAR_1,D,1.9
REPLACE-BG,balanced_age_undersampling,age,undersampling,False,4,TAR_1,E,0.0
REPLACE-BG,balanced_age_undersampling,age,undersampling,False,4,TAR_1,A + B,98.06
REPLACE-BG,balanced_age_undersampling,age,undersampling,False,4,TAR_1,RMSE,43.47
REPLACE-BG,balanced_age_undersampling,age,undersampling,False,4,TAR_1,MSE,1889.31
REPLACE-BG,balanced_age_undersampling,age,undersampling,False,4,TAR_1,MAE,35.1
REPLACE-BG,balanced_age_undersampling,age,undersampling,False,4,TAR_1,MAPE,0.17
REPLACE-BG,balanced_age_undersampling,age,undersampling,False,4,TAR_2,A,59.35
REPLACE-BG,balanced_age_undersampling,age,undersampling,False,4,TAR_2,B,31.88
REPLACE-BG,balanced_age_undersampling,age,undersampling,False,4,TAR_2,C,0.0
REPLACE-BG,balanced_age_undersampling,age,undersampling,False,4,TAR_2,D,8.77
REPLACE-BG,balanced_age_undersampling,age,undersampling,False,4,TAR_2,E,0.0
REPLACE-BG,balanced_age_undersampling,age,undersampling,False,4,TAR_2,A + B,91.23
REPLACE-BG,balanced_age_undersampling,age,undersampling,False,4,TAR_2,RMSE,67.44
REPLACE-BG,balanced_age_undersampling,age,undersampling,False,4,TAR_2,MSE,4547.76
REPLACE-BG,balanced_age_undersampling,age,undersampling,False,4,TAR_2,MAE,57.6
REPLACE-BG,balanced_age_undersampling,age,undersampling,False,4,TAR_2,MAPE,0.19
REPLACE-BG,balanced_age_undersampling,age,undersampling,False,4,ENTIRE,A,66.98
REPLACE-BG,balanced_age_undersampling,age,undersampling,False,4,ENTIRE,B,27.92
REPLACE-BG,balanced_age_undersampling,age,undersampling,False,4,ENTIRE,C,0.13
REPLACE-BG,balanced_age_undersampling,age,undersampling,False,4,ENTIRE,D,4.95
REPLACE-BG,balanced_age_undersampling,age,undersampling,False,4,ENTIRE,E,0.02
REPLACE-BG,balanced_age_undersampling,age,undersampling,False,4,ENTIRE,A + B,94.9
REPLACE-BG,balanced_age_undersampling,age,undersampling,False,4,ENTIRE,RMSE,38.27
REPLACE-BG,balanced_age_undersampling,age,undersampling,False,4,ENTIRE,MSE,1464.3
REPLACE-BG,balanced_age_undersampling,age,undersampling,False,4,ENTIRE,MAE,28.44
REPLACE-BG,balanced_age_undersampling,age,undersampling,False,4,ENTIRE,MAPE,0.19
REPLACE-BG,balanced_age_undersampling,age,undersampling,False,5,TBR_2,A,0.0
REPLACE-BG,balanced_age_undersampling,age,undersampling,False,5,TBR_2,B,0.0
REPLACE-BG,balanced_age_undersampling,age,undersampling,False,5,TBR_2,C,0.0
REPLACE-BG,balanced_age_undersampling,age,undersampling,False,5,TBR_2,D,99.33
REPLACE-BG,balanced_age_undersampling,age,undersampling,False,5,TBR_2,E,0.67
REPLACE-BG,balanced_age_undersampling,age,undersampling,False,5,TBR_2,A + B,0.0
REPLACE-BG,balanced_age_undersampling,age,undersampling,False,5,TBR_2,RMSE,58.04
REPLACE-BG,balanced_age_undersampling,age,undersampling,False,5,TBR_2,MSE,3369.02
REPLACE-BG,balanced_age_undersampling,age,undersampling,False,5,TBR_2,MAE,55.04
REPLACE-BG,balanced_age_undersampling,age,undersampling,False,5,TBR_2,MAPE,1.21
REPLACE-BG,balanced_age_undersampling,age,undersampling,False,5,TBR_1,A,0.43
REPLACE-BG,balanced_age_undersampling,age,undersampling,False,5,TBR_1,B,0.0
REPLACE-BG,balanced_age_undersampling,age,undersampling,False,5,TBR_1,C,0.0
REPLACE-BG,balanced_age_undersampling,age,undersampling,False,5,TBR_1,D,99.03
REPLACE-BG,balanced_age_undersampling,age,undersampling,False,5,TBR_1,E,0.54
REPLACE-BG,balanced_age_undersampling,age,undersampling,False,5,TBR_1,A + B,0.43
REPLACE-BG,balanced_age_undersampling,age,undersampling,False,5,TBR_1,RMSE,42.4
REPLACE-BG,balanced_age_undersampling,age,undersampling,False,5,TBR_1,MSE,1797.51
REPLACE-BG,balanced_age_undersampling,age,undersampling,False,5,TBR_1,MAE,38.83
REPLACE-BG,balanced_age_undersampling,age,undersampling,False,5,TBR_1,MAPE,0.63
REPLACE-BG,balanced_age_undersampling,age,undersampling,False,5,TIR,A,71.04
REPLACE-BG,balanced_age_undersampling,age,undersampling,False,5,TIR,B,28.77
REPLACE-BG,balanced_age_undersampling,age,undersampling,False,5,TIR,C,0.19
REPLACE-BG,balanced_age_undersampling,age,undersampling,False,5,TIR,D,0.0
REPLACE-BG,balanced_age_undersampling,age,undersampling,False,5,TIR,E,0.0
REPLACE-BG,balanced_age_undersampling,age,undersampling,False,5,TIR,A + B,99.81
REPLACE-BG,balanced_age_undersampling,age,undersampling,False,5,TIR,RMSE,26.06
REPLACE-BG,balanced_age_undersampling,age,undersampling,False,5,TIR,MSE,679.28
REPLACE-BG,balanced_age_undersampling,age,undersampling,False,5,TIR,MAE,19.25
REPLACE-BG,balanced_age_undersampling,age,undersampling,False,5,TIR,MAPE,0.16
REPLACE-BG,balanced_age_undersampling,age,undersampling,False,5,TAR_1,A,67.56
REPLACE-BG,balanced_age_undersampling,age,undersampling,False,5,TAR_1,B,30.54
REPLACE-BG,balanced_age_undersampling,age,undersampling,False,5,TAR_1,C,0.05
REPLACE-BG,balanced_age_undersampling,age,undersampling,False,5,TAR_1,D,1.85
REPLACE-BG,balanced_age_undersampling,age,undersampling,False,5,TAR_1,E,0.0
REPLACE-BG,balanced_age_undersampling,age,undersampling,False,5,TAR_1,A + B,98.1
REPLACE-BG,balanced_age_undersampling,age,undersampling,False,5,TAR_1,RMSE,44.46
REPLACE-BG,balanced_age_undersampling,age,undersampling,False,5,TAR_1,MSE,1977.0
REPLACE-BG,balanced_age_undersampling,age,undersampling,False,5,TAR_1,MAE,35.44
REPLACE-BG,balanced_age_undersampling,age,undersampling,False,5,TAR_1,MAPE,0.17
REPLACE-BG,balanced_age_undersampling,age,undersampling,False,5,TAR_2,A,58.13
REPLACE-BG,balanced_age_undersampling,age,undersampling,False,5,TAR_2,B,31.22
REPLACE-BG,balanced_age_undersampling,age,undersampling,False,5,TAR_2,C,0.0
REPLACE-BG,balanced_age_undersampling,age,undersampling,False,5,TAR_2,D,10.65
REPLACE-BG,balanced_age_undersampling,age,undersampling,False,5,TAR_2,E,0.0
REPLACE-BG,balanced_age_undersampling,age,undersampling,False,5,TAR_2,A + B,89.35
REPLACE-BG,balanced_age_undersampling,age,undersampling,False,5,TAR_2,RMSE,67.68
REPLACE-BG,balanced_age_undersampling,age,undersampling,False,5,TAR_2,MSE,4580.37
REPLACE-BG,balanced_age_undersampling,age,undersampling,False,5,TAR_2,MAE,56.98
REPLACE-BG,balanced_age_undersampling,age,undersampling,False,5,TAR_2,MAPE,0.2
REPLACE-BG,balanced_age_undersampling,age,undersampling,False,5,ENTIRE,A,66.68
REPLACE-BG,balanced_age_undersampling,age,undersampling,False,5,ENTIRE,B,28.25
REPLACE-BG,balanced_age_undersampling,age,undersampling,False,5,ENTIRE,C,0.14
REPLACE-BG,balanced_age_undersampling,age,undersampling,False,5,ENTIRE,D,4.91
REPLACE-BG,balanced_age_undersampling,age,undersampling,False,5,ENTIRE,E,0.02
REPLACE-BG,balanced_age_undersampling,age,undersampling,False,5,ENTIRE,A + B,94.93
REPLACE-BG,balanced_age_undersampling,age,undersampling,False,5,ENTIRE,RMSE,36.07
REPLACE-BG,balanced_age_undersampling,age,undersampling,False,5,ENTIRE,MSE,1301.06
REPLACE-BG,balanced_age_undersampling,age,undersampling,False,5,ENTIRE,MAE,26.4
REPLACE-BG,balanced_age_undersampling,age,undersampling,False,5,ENTIRE,MAPE,0.19
REPLACE-BG,balanced_sex_jittering,sex,jittering,False,1,TBR_2,A,0.03
REPLACE-BG,balanced_sex_jittering,sex,jittering,False,1,TBR_2,B,0.0
REPLACE-BG,balanced_sex_jittering,sex,jittering,False,1,TBR_2,C,0.0
REPLACE-BG,balanced_sex_jittering,sex,jittering,False,1,TBR_2,D,99.48
REPLACE-BG,balanced_sex_jittering,sex,jittering,False,1,TBR_2,E,0.48
REPLACE-BG,balanced_sex_jittering,sex,jittering,False,1,TBR_2,A + B,0.03
REPLACE-BG,balanced_sex_jittering,sex,jittering,False,1,TBR_2,RMSE,56.5
REPLACE-BG,balanced_sex_jittering,sex,jittering,False,1,TBR_2,MSE,3192.1
REPLACE-BG,balanced_sex_jittering,sex,jittering,False,1,TBR_2,MAE,53.78
REPLACE-BG,balanced_sex_jittering,sex,jittering,False,1,TBR_2,MAPE,1.18
REPLACE-BG,balanced_sex_jittering,sex,jittering,False,1,TBR_1,A,0.91
REPLACE-BG,balanced_sex_jittering,sex,jittering,False,1,TBR_1,B,0.0
REPLACE-BG,balanced_sex_jittering,sex,jittering,False,1,TBR_1,C,0.0
REPLACE-BG,balanced_sex_jittering,sex,jittering,False,1,TBR_1,D,98.64
REPLACE-BG,balanced_sex_jittering,sex,jittering,False,1,TBR_1,E,0.45
REPLACE-BG,balanced_sex_jittering,sex,jittering,False,1,TBR_1,A + B,0.91
REPLACE-BG,balanced_sex_jittering,sex,jittering,False,1,TBR_1,RMSE,41.82
REPLACE-BG,balanced_sex_jittering,sex,jittering,False,1,TBR_1,MSE,1748.96
REPLACE-BG,balanced_sex_jittering,sex,jittering,False,1,TBR_1,MAE,38.42
REPLACE-BG,balanced_sex_jittering,sex,jittering,False,1,TBR_1,MAPE,0.62
REPLACE-BG,balanced_sex_jittering,sex,jittering,False,1,TIR,A,71.88
REPLACE-BG,balanced_sex_jittering,sex,jittering,False,1,TIR,B,27.95
REPLACE-BG,balanced_sex_jittering,sex,jittering,False,1,TIR,C,0.16
REPLACE-BG,balanced_sex_jittering,sex,jittering,False,1,TIR,D,0.0
REPLACE-BG,balanced_sex_jittering,sex,jittering,False,1,TIR,E,0.0
REPLACE-BG,balanced_sex_jittering,sex,jittering,False,1,TIR,A + B,99.83
REPLACE-BG,balanced_sex_jittering,sex,jittering,False,1,TIR,RMSE,25.85
REPLACE-BG,balanced_sex_jittering,sex,jittering,False,1,TIR,MSE,668.0
REPLACE-BG,balanced_sex_jittering,sex,jittering,False,1,TIR,MAE,19.16
REPLACE-BG,balanced_sex_jittering,sex,jittering,False,1,TIR,MAPE,0.16
REPLACE-BG,balanced_sex_jittering,sex,jittering,False,1,TAR_1,A,68.78
REPLACE-BG,balanced_sex_jittering,sex,jittering,False,1,TAR_1,B,29.3
REPLACE-BG,balanced_sex_jittering,sex,jittering,False,1,TAR_1,C,0.05
REPLACE-BG,balanced_sex_jittering,sex,jittering,False,1,TAR_1,D,1.88
REPLACE-BG,balanced_sex_jittering,sex,jittering,False,1,TAR_1,E,0.0
REPLACE-BG,balanced_sex_jittering,sex,jittering,False,1,TAR_1,A + B,98.08
REPLACE-BG,balanced_sex_jittering,sex,jittering,False,1,TAR_1,RMSE,43.76
REPLACE-BG,balanced_sex_jittering,sex,jittering,False,1,TAR_1,MSE,1915.02
REPLACE-BG,balanced_sex_jittering,sex,jittering,False,1,TAR_1,MAE,34.57
REPLACE-BG,balanced_sex_jittering,sex,jittering,False,1,TAR_1,MAPE,0.16
REPLACE-BG,balanced_sex_jittering,sex,jittering,False,1,TAR_2,A,58.62
REPLACE-BG,balanced_sex_jittering,sex,jittering,False,1,TAR_2,B,32.41
REPLACE-BG,balanced_sex_jittering,sex,jittering,False,1,TAR_2,C,0.0
REPLACE-BG,balanced_sex_jittering,sex,jittering,False,1,TAR_2,D,8.97
REPLACE-BG,balanced_sex_jittering,sex,jittering,False,1,TAR_2,E,0.0
REPLACE-BG,balanced_sex_jittering,sex,jittering,False,1,TAR_2,A + B,91.03
REPLACE-BG,balanced_sex_jittering,sex,jittering,False,1,TAR_2,RMSE,68.55
REPLACE-BG,balanced_sex_jittering,sex,jittering,False,1,TAR_2,MSE,4699.17
REPLACE-BG,balanced_sex_jittering,sex,jittering,False,1,TAR_2,MAE,58.37
REPLACE-BG,balanced_sex_jittering,sex,jittering,False,1,TAR_2,MAPE,0.2
REPLACE-BG,balanced_sex_jittering,sex,jittering,False,1,ENTIRE,A,67.13
REPLACE-BG,balanced_sex_jittering,sex,jittering,False,1,ENTIRE,B,27.58
REPLACE-BG,balanced_sex_jittering,sex,jittering,False,1,ENTIRE,C,0.12
REPLACE-BG,balanced_sex_jittering,sex,jittering,False,1,ENTIRE,D,5.15
REPLACE-BG,balanced_sex_jittering,sex,jittering,False,1,ENTIRE,E,0.02
REPLACE-BG,balanced_sex_jittering,sex,jittering,False,1,ENTIRE,A + B,94.71
REPLACE-BG,balanced_sex_jittering,sex,jittering,False,1,ENTIRE,RMSE,37.25
REPLACE-BG,balanced_sex_jittering,sex,jittering,False,1,ENTIRE,MSE,1387.66
REPLACE-BG,balanced_sex_jittering,sex,jittering,False,1,ENTIRE,MAE,27.26
REPLACE-BG,balanced_sex_jittering,sex,jittering,False,1,ENTIRE,MAPE,0.19
REPLACE-BG,balanced_sex_jittering,sex,jittering,False,2,TBR_2,A,0.0
REPLACE-BG,balanced_sex_jittering,sex,jittering,False,2,TBR_2,B,0.0
REPLACE-BG,balanced_sex_jittering,sex,jittering,False,2,TBR_2,C,0.0
REPLACE-BG,balanced_sex_jittering,sex,jittering,False,2,TBR_2,D,99.47
REPLACE-BG,balanced_sex_jittering,sex,jittering,False,2,TBR_2,E,0.53
REPLACE-BG,balanced_sex_jittering,sex,jittering,False,2,TBR_2,A + B,0.0
REPLACE-BG,balanced_sex_jittering,sex,jittering,False,2,TBR_2,RMSE,56.72
REPLACE-BG,balanced_sex_jittering,sex,jittering,False,2,TBR_2,MSE,3217.61
REPLACE-BG,balanced_sex_jittering,sex,jittering,False,2,TBR_2,MAE,54.28
REPLACE-BG,balanced_sex_jittering,sex,jittering,False,2,TBR_2,MAPE,1.2
REPLACE-BG,balanced_sex_jittering,sex,jittering,False,2,TBR_1,A,0.0
REPLACE-BG,balanced_sex_jittering,sex,jittering,False,2,TBR_1,B,0.0
REPLACE-BG,balanced_sex_jittering,sex,jittering,False,2,TBR_1,C,0.0
REPLACE-BG,balanced_sex_jittering,sex,jittering,False,2,TBR_1,D,99.6
REPLACE-BG,balanced_sex_jittering,sex,jittering,False,2,TBR_1,E,0.4
REPLACE-BG,balanced_sex_jittering,sex,jittering,False,2,TBR_1,A + B,0.0
REPLACE-BG,balanced_sex_jittering,sex,jittering,False,2,TBR_1,RMSE,41.34
REPLACE-BG,balanced_sex_jittering,sex,jittering,False,2,TBR_1,MSE,1709.05
REPLACE-BG,balanced_sex_jittering,sex,jittering,False,2,TBR_1,MAE,38.54
REPLACE-BG,balanced_sex_jittering,sex,jittering,False,2,TBR_1,MAPE,0.62
REPLACE-BG,balanced_sex_jittering,sex,jittering,False,2,TIR,A,72.51
REPLACE-BG,balanced_sex_jittering,sex,jittering,False,2,TIR,B,27.36
REPLACE-BG,balanced_sex_jittering,sex,jittering,False,2,TIR,C,0.13
REPLACE-BG,balanced_sex_jittering,sex,jittering,False,2,TIR,D,0.0
REPLACE-BG,balanced_sex_jittering,sex,jittering,False,2,TIR,E,0.0
REPLACE-BG,balanced_sex_jittering,sex,jittering,False,2,TIR,A + B,99.87
REPLACE-BG,balanced_sex_jittering,sex,jittering,False,2,TIR,RMSE,25.02
REPLACE-BG,balanced_sex_jittering,sex,jittering,False,2,TIR,MSE,626.09
REPLACE-BG,balanced_sex_jittering,sex,jittering,False,2,TIR,MAE,18.59
REPLACE-BG,balanced_sex_jittering,sex,jittering,False,2,TIR,MAPE,0.15
REPLACE-BG,balanced_sex_jittering,sex,jittering,False,2,TAR_1,A,71.01
REPLACE-BG,balanced_sex_jittering,sex,jittering,False,2,TAR_1,B,27.27
REPLACE-BG,balanced_sex_jittering,sex,jittering,False,2,TAR_1,C,0.02
REPLACE-BG,balanced_sex_jittering,sex,jittering,False,2,TAR_1,D,1.69
REPLACE-BG,balanced_sex_jittering,sex,jittering,False,2,TAR_1,E,0.0
REPLACE-BG,balanced_sex_jittering,sex,jittering,False,2,TAR_1,A + B,98.28
REPLACE-BG,balanced_sex_jittering,sex,jittering,False,2,TAR_1,RMSE,41.82
REPLACE-BG,balanced_sex_jittering,sex,jittering,False,2,TAR_1,MSE,1748.62
REPLACE-BG,balanced_sex_jittering,sex,jittering,False,2,TAR_1,MAE,32.83
REPLACE-BG,balanced_sex_jittering,sex,jittering,False,2,TAR_1,MAPE,0.16
REPLACE-BG,balanced_sex_jittering,sex,jittering,False,2,TAR_2,A,58.15
REPLACE-BG,balanced_sex_jittering,sex,jittering,False,2,TAR_2,B,33.18
REPLACE-BG,balanced_sex_jittering,sex,jittering,False,2,TAR_2,C,0.0
REPLACE-BG,balanced_sex_jittering,sex,jittering,False,2,TAR_2,D,8.67
REPLACE-BG,balanced_sex_jittering,sex,jittering,False,2,TAR_2,E,0.0
REPLACE-BG,balanced_sex_jittering,sex,jittering,False,2,TAR_2,A + B,91.33
REPLACE-BG,balanced_sex_jittering,sex,jittering,False,2,TAR_2,RMSE,68.78
REPLACE-BG,balanced_sex_jittering,sex,jittering,False,2,TAR_2,MSE,4730.5
REPLACE-BG,balanced_sex_jittering,sex,jittering,False,2,TAR_2,MAE,58.68
REPLACE-BG,balanced_sex_jittering,sex,jittering,False,2,TAR_2,MAPE,0.2
REPLACE-BG,balanced_sex_jittering,sex,jittering,False,2,ENTIRE,A,68.4
REPLACE-BG,balanced_sex_jittering,sex,jittering,False,2,ENTIRE,B,26.9
REPLACE-BG,balanced_sex_jittering,sex,jittering,False,2,ENTIRE,C,0.09
REPLACE-BG,balanced_sex_jittering,sex,jittering,False,2,ENTIRE,D,4.59
REPLACE-BG,balanced_sex_jittering,sex,jittering,False,2,ENTIRE,E,0.01
REPLACE-BG,balanced_sex_jittering,sex,jittering,False,2,ENTIRE,A + B,95.3
REPLACE-BG,balanced_sex_jittering,sex,jittering,False,2,ENTIRE,RMSE,35.89
REPLACE-BG,balanced_sex_jittering,sex,jittering,False,2,ENTIRE,MSE,1288.14
REPLACE-BG,balanced_sex_jittering,sex,jittering,False,2,ENTIRE,MAE,26.12
REPLACE-BG,balanced_sex_jittering,sex,jittering,False,2,ENTIRE,MAPE,0.18
REPLACE-BG,balanced_sex_jittering,sex,jittering,False,3,TBR_2,A,0.0
REPLACE-BG,balanced_sex_jittering,sex,jittering,False,3,TBR_2,B,0.0
REPLACE-BG,balanced_sex_jittering,sex,jittering,False,3,TBR_2,C,0.0
REPLACE-BG,balanced_sex_jittering,sex,jittering,False,3,TBR_2,D,99.55
REPLACE-BG,balanced_sex_jittering,sex,jittering,False,3,TBR_2,E,0.45
REPLACE-BG,balanced_sex_jittering,sex,jittering,False,3,TBR_2,A + B,0.0
REPLACE-BG,balanced_sex_jittering,sex,jittering,False,3,TBR_2,RMSE,55.34
REPLACE-BG,balanced_sex_jittering,sex,jittering,False,3,TBR_2,MSE,3061.99
REPLACE-BG,balanced_sex_jittering,sex,jittering,False,3,TBR_2,MAE,52.97
REPLACE-BG,balanced_sex_jittering,sex,jittering,False,3,TBR_2,MAPE,1.17
REPLACE-BG,balanced_sex_jittering,sex,jittering,False,3,TBR_1,A,0.0
REPLACE-BG,balanced_sex_jittering,sex,jittering,False,3,TBR_1,B,0.0
REPLACE-BG,balanced_sex_jittering,sex,jittering,False,3,TBR_1,C,0.0
REPLACE-BG,balanced_sex_jittering,sex,jittering,False,3,TBR_1,D,99.64
REPLACE-BG,balanced_sex_jittering,sex,jittering,False,3,TBR_1,E,0.36
REPLACE-BG,balanced_sex_jittering,sex,jittering,False,3,TBR_1,A + B,0.0
REPLACE-BG,balanced_sex_jittering,sex,jittering,False,3,TBR_1,RMSE,40.03
REPLACE-BG,balanced_sex_jittering,sex,jittering,False,3,TBR_1,MSE,1602.4
REPLACE-BG,balanced_sex_jittering,sex,jittering,False,3,TBR_1,MAE,36.83
REPLACE-BG,balanced_sex_jittering,sex,jittering,False,3,TBR_1,MAPE,0.59
REPLACE-BG,balanced_sex_jittering,sex,jittering,False,3,TIR,A,72.56
REPLACE-BG,balanced_sex_jittering,sex,jittering,False,3,TIR,B,27.3
REPLACE-BG,balanced_sex_jittering,sex,jittering,False,3,TIR,C,0.14
REPLACE-BG,balanced_sex_jittering,sex,jittering,False,3,TIR,D,0.0
REPLACE-BG,balanced_sex_jittering,sex,jittering,False,3,TIR,E,0.0
REPLACE-BG,balanced_sex_jittering,sex,jittering,False,3,TIR,A + B,99.86
REPLACE-BG,balanced_sex_jittering,sex,jittering,False,3,TIR,RMSE,25.6
REPLACE-BG,balanced_sex_jittering,sex,jittering,False,3,TIR,MSE,655.5
REPLACE-BG,balanced_sex_jittering,sex,jittering,False,3,TIR,MAE,19.0
REPLACE-BG,balanced_sex_jittering,sex,jittering,False,3,TIR,MAPE,0.15
REPLACE-BG,balanced_sex_jittering,sex,jittering,False,3,TAR_1,A,69.25
REPLACE-BG,balanced_sex_jittering,sex,jittering,False,3,TAR_1,B,28.89
REPLACE-BG,balanced_sex_jittering,sex,jittering,False,3,TAR_1,C,0.04
REPLACE-BG,balanced_sex_jittering,sex,jittering,False,3,TAR_1,D,1.82
REPLACE-BG,balanced_sex_jittering,sex,jittering,False,3,TAR_1,E,0.0
REPLACE-BG,balanced_sex_jittering,sex,jittering,False,3,TAR_1,A + B,98.14
REPLACE-BG,balanced_sex_jittering,sex,jittering,False,3,TAR_1,RMSE,43.25
REPLACE-BG,balanced_sex_jittering,sex,jittering,False,3,TAR_1,MSE,1870.73
REPLACE-BG,balanced_sex_jittering,sex,jittering,False,3,TAR_1,MAE,34.38
REPLACE-BG,balanced_sex_jittering,sex,jittering,False,3,TAR_1,MAPE,0.16
REPLACE-BG,balanced_sex_jittering,sex,jittering,False,3,TAR_2,A,56.55
REPLACE-BG,balanced_sex_jittering,sex,jittering,False,3,TAR_2,B,33.47
REPLACE-BG,balanced_sex_jittering,sex,jittering,False,3,TAR_2,C,0.0
REPLACE-BG,balanced_sex_jittering,sex,jittering,False,3,TAR_2,D,9.98
REPLACE-BG,balanced_sex_jittering,sex,jittering,False,3,TAR_2,E,0.0
REPLACE-BG,balanced_sex_jittering,sex,jittering,False,3,TAR_2,A + B,90.02
REPLACE-BG,balanced_sex_jittering,sex,jittering,False,3,TAR_2,RMSE,69.63
REPLACE-BG,balanced_sex_jittering,sex,jittering,False,3,TAR_2,MSE,4847.91
REPLACE-BG,balanced_sex_jittering,sex,jittering,False,3,TAR_2,MAE,59.26
REPLACE-BG,balanced_sex_jittering,sex,jittering,False,3,TAR_2,MAPE,0.2
REPLACE-BG,balanced_sex_jittering,sex,jittering,False,3,ENTIRE,A,67.76
REPLACE-BG,balanced_sex_jittering,sex,jittering,False,3,ENTIRE,B,27.32
REPLACE-BG,balanced_sex_jittering,sex,jittering,False,3,ENTIRE,C,0.1
REPLACE-BG,balanced_sex_jittering,sex,jittering,False,3,ENTIRE,D,4.81
REPLACE-BG,balanced_sex_jittering,sex,jittering,False,3,ENTIRE,E,0.01
REPLACE-BG,balanced_sex_jittering,sex,jittering,False,3,ENTIRE,A + B,95.08
REPLACE-BG,balanced_sex_jittering,sex,jittering,False,3,ENTIRE,RMSE,37.22
REPLACE-BG,balanced_sex_jittering,sex,jittering,False,3,ENTIRE,MSE,1385.49
REPLACE-BG,balanced_sex_jittering,sex,jittering,False,3,ENTIRE,MAE,27.24
REPLACE-BG,balanced_sex_jittering,sex,jittering,False,3,ENTIRE,MAPE,0.18
REPLACE-BG,balanced_sex_jittering,sex,jittering,False,4,TBR_2,A,0.0
REPLACE-BG,balanced_sex_jittering,sex,jittering,False,4,TBR_2,B,0.0
REPLACE-BG,balanced_sex_jittering,sex,jittering,False,4,TBR_2,C,0.0
REPLACE-BG,balanced_sex_jittering,sex,jittering,False,4,TBR_2,D,99.17
REPLACE-BG,balanced_sex_jittering,sex,jittering,False,4,TBR_2,E,0.83
REPLACE-BG,balanced_sex_jittering,sex,jittering,False,4,TBR_2,A + B,0.0
REPLACE-BG,balanced_sex_jittering,sex,jittering,False,4,TBR_2,RMSE,58.81
REPLACE-BG,balanced_sex_jittering,sex,jittering,False,4,TBR_2,MSE,3458.77
REPLACE-BG,balanced_sex_jittering,sex,jittering,False,4,TBR_2,MAE,55.51
REPLACE-BG,balanced_sex_jittering,sex,jittering,False,4,TBR_2,MAPE,1.23
REPLACE-BG,balanced_sex_jittering,sex,jittering,False,4,TBR_1,A,0.33
REPLACE-BG,balanced_sex_jittering,sex,jittering,False,4,TBR_1,B,0.0
REPLACE-BG,balanced_sex_jittering,sex,jittering,False,4,TBR_1,C,0.0
REPLACE-BG,balanced_sex_jittering,sex,jittering,False,4,TBR_1,D,98.92
REPLACE-BG,balanced_sex_jittering,sex,jittering,False,4,TBR_1,E,0.75
REPLACE-BG,balanced_sex_jittering,sex,jittering,False,4,TBR_1,A + B,0.33
REPLACE-BG,balanced_sex_jittering,sex,jittering,False,4,TBR_1,RMSE,43.02
REPLACE-BG,balanced_sex_jittering,sex,jittering,False,4,TBR_1,MSE,1850.59
REPLACE-BG,balanced_sex_jittering,sex,jittering,False,4,TBR_1,MAE,38.92
REPLACE-BG,balanced_sex_jittering,sex,jittering,False,4,TBR_1,MAPE,0.63
REPLACE-BG,balanced_sex_jittering,sex,jittering,False,4,TIR,A,71.68
REPLACE-BG,balanced_sex_jittering,sex,jittering,False,4,TIR,B,28.1
REPLACE-BG,balanced_sex_jittering,sex,jittering,False,4,TIR,C,0.22
REPLACE-BG,balanced_sex_jittering,sex,jittering,False,4,TIR,D,0.0
REPLACE-BG,balanced_sex_jittering,sex,jittering,False,4,TIR,E,0.0
REPLACE-BG,balanced_sex_jittering,sex,jittering,False,4,TIR,A + B,99.78
REPLACE-BG,balanced_sex_jittering,sex,jittering,False,4,TIR,RMSE,26.4
REPLACE-BG,balanced_sex_jittering,sex,jittering,False,4,TIR,MSE,697.02
REPLACE-BG,balanced_sex_jittering,sex,jittering,False,4,TIR,MAE,19.5
REPLACE-BG,balanced_sex_jittering,sex,jittering,False,4,TIR,MAPE,0.16
REPLACE-BG,balanced_sex_jittering,sex,jittering,False,4,TAR_1,A,69.93
REPLACE-BG,balanced_sex_jittering,sex,jittering,False,4,TAR_1,B,28.2
REPLACE-BG,balanced_sex_jittering,sex,jittering,False,4,TAR_1,C,0.03
REPLACE-BG,balanced_sex_jittering,sex,jittering,False,4,TAR_1,D,1.84
REPLACE-BG,balanced_sex_jittering,sex,jittering,False,4,TAR_1,E,0.0
REPLACE-BG,balanced_sex_jittering,sex,jittering,False,4,TAR_1,A + B,98.13
REPLACE-BG,balanced_sex_jittering,sex,jittering,False,4,TAR_1,RMSE,42.73
REPLACE-BG,balanced_sex_jittering,sex,jittering,False,4,TAR_1,MSE,1825.82
REPLACE-BG,balanced_sex_jittering,sex,jittering,False,4,TAR_1,MAE,34.42
REPLACE-BG,balanced_sex_jittering,sex,jittering,False,4,TAR_1,MAPE,0.16
REPLACE-BG,balanced_sex_jittering,sex,jittering,False,4,TAR_2,A,59.84
REPLACE-BG,balanced_sex_jittering,sex,jittering,False,4,TAR_2,B,31.71
REPLACE-BG,balanced_sex_jittering,sex,jittering,False,4,TAR_2,C,0.0
REPLACE-BG,balanced_sex_jittering,sex,jittering,False,4,TAR_2,D,8.45
REPLACE-BG,balanced_sex_jittering,sex,jittering,False,4,TAR_2,E,0.0
REPLACE-BG,balanced_sex_jittering,sex,jittering,False,4,TAR_2,A + B,91.55
REPLACE-BG,balanced_sex_jittering,sex,jittering,False,4,TAR_2,RMSE,66.66
REPLACE-BG,balanced_sex_jittering,sex,jittering,False,4,TAR_2,MSE,4444.08
REPLACE-BG,balanced_sex_jittering,sex,jittering,False,4,TAR_2,MAE,56.7
REPLACE-BG,balanced_sex_jittering,sex,jittering,False,4,TAR_2,MAPE,0.19
REPLACE-BG,balanced_sex_jittering,sex,jittering,False,4,ENTIRE,A,67.43
REPLACE-BG,balanced_sex_jittering,sex,jittering,False,4,ENTIRE,B,27.52
REPLACE-BG,balanced_sex_jittering,sex,jittering,False,4,ENTIRE,C,0.14
REPLACE-BG,balanced_sex_jittering,sex,jittering,False,4,ENTIRE,D,4.89
REPLACE-BG,balanced_sex_jittering,sex,jittering,False,4,ENTIRE,E,0.03
REPLACE-BG,balanced_sex_jittering,sex,jittering,False,4,ENTIRE,A + B,94.95
REPLACE-BG,balanced_sex_jittering,sex,jittering,False,4,ENTIRE,RMSE,37.98
REPLACE-BG,balanced_sex_jittering,sex,jittering,False,4,ENTIRE,MSE,1442.63
REPLACE-BG,balanced_sex_jittering,sex,jittering,False,4,ENTIRE,MAE,28.13
REPLACE-BG,balanced_sex_jittering,sex,jittering,False,4,ENTIRE,MAPE,0.19
REPLACE-BG,balanced_sex_jittering,sex,jittering,False,5,TBR_2,A,0.0
REPLACE-BG,balanced_sex_jittering,sex,jittering,False,5,TBR_2,B,0.0
REPLACE-BG,balanced_sex_jittering,sex,jittering,False,5,TBR_2,C,0.0
REPLACE-BG,balanced_sex_jittering,sex,jittering,False,5,TBR_2,D,99.35
REPLACE-BG,balanced_sex_jittering,sex,jittering,False,5,TBR_2,E,0.65
REPLACE-BG,balanced_sex_jittering,sex,jittering,False,5,TBR_2,A + B,0.0
REPLACE-BG,balanced_sex_jittering,sex,jittering,False,5,TBR_2,RMSE,57.33
REPLACE-BG,balanced_sex_jittering,sex,jittering,False,5,TBR_2,MSE,3286.69
REPLACE-BG,balanced_sex_jittering,sex,jittering,False,5,TBR_2,MAE,54.35
REPLACE-BG,balanced_sex_jittering,sex,jittering,False,5,TBR_2,MAPE,1.2
REPLACE-BG,balanced_sex_jittering,sex,jittering,False,5,TBR_1,A,0.48
REPLACE-BG,balanced_sex_jittering,sex,jittering,False,5,TBR_1,B,0.0
REPLACE-BG,balanced_sex_jittering,sex,jittering,False,5,TBR_1,C,0.0
REPLACE-BG,balanced_sex_jittering,sex,jittering,False,5,TBR_1,D,99.0
REPLACE-BG,balanced_sex_jittering,sex,jittering,False,5,TBR_1,E,0.52
REPLACE-BG,balanced_sex_jittering,sex,jittering,False,5,TBR_1,A + B,0.48
REPLACE-BG,balanced_sex_jittering,sex,jittering,False,5,TBR_1,RMSE,41.52
REPLACE-BG,balanced_sex_jittering,sex,jittering,False,5,TBR_1,MSE,1724.05
REPLACE-BG,balanced_sex_jittering,sex,jittering,False,5,TBR_1,MAE,37.91
REPLACE-BG,balanced_sex_jittering,sex,jittering,False,5,TBR_1,MAPE,0.61
REPLACE-BG,balanced_sex_jittering,sex,jittering,False,5,TIR,A,71.58
REPLACE-BG,balanced_sex_jittering,sex,jittering,False,5,TIR,B,28.24
REPLACE-BG,balanced_sex_jittering,sex,jittering,False,5,TIR,C,0.18
REPLACE-BG,balanced_sex_jittering,sex,jittering,False,5,TIR,D,0.0
REPLACE-BG,balanced_sex_jittering,sex,jittering,False,5,TIR,E,0.0
REPLACE-BG,balanced_sex_jittering,sex,jittering,False,5,TIR,A + B,99.82
REPLACE-BG,balanced_sex_jittering,sex,jittering,False,5,TIR,RMSE,25.95
REPLACE-BG,balanced_sex_jittering,sex,jittering,False,5,TIR,MSE,673.34
REPLACE-BG,balanced_sex_jittering,sex,jittering,False,5,TIR,MAE,19.14
REPLACE-BG,balanced_sex_jittering,sex,jittering,False,5,TIR,MAPE,0.16
REPLACE-BG,balanced_sex_jittering,sex,jittering,False,5,TAR_1,A,66.92
REPLACE-BG,balanced_sex_jittering,sex,jittering,False,5,TAR_1,B,31.15
REPLACE-BG,balanced_sex_jittering,sex,jittering,False,5,TAR_1,C,0.05
REPLACE-BG,balanced_sex_jittering,sex,jittering,False,5,TAR_1,D,1.88
REPLACE-BG,balanced_sex_jittering,sex,jittering,False,5,TAR_1,E,0.0
REPLACE-BG,balanced_sex_jittering,sex,jittering,False,5,TAR_1,A + B,98.07
REPLACE-BG,balanced_sex_jittering,sex,jittering,False,5,TAR_1,RMSE,44.96
REPLACE-BG,balanced_sex_jittering,sex,jittering,False,5,TAR_1,MSE,2021.65
REPLACE-BG,balanced_sex_jittering,sex,jittering,False,5,TAR_1,MAE,35.92
REPLACE-BG,balanced_sex_jittering,sex,jittering,False,5,TAR_1,MAPE,0.17
REPLACE-BG,balanced_sex_jittering,sex,jittering,False,5,TAR_2,A,56.33
REPLACE-BG,balanced_sex_jittering,sex,jittering,False,5,TAR_2,B,32.72
REPLACE-BG,balanced_sex_jittering,sex,jittering,False,5,TAR_2,C,0.0
REPLACE-BG,balanced_sex_jittering,sex,jittering,False,5,TAR_2,D,10.95
REPLACE-BG,balanced_sex_jittering,sex,jittering,False,5,TAR_2,E,0.0
REPLACE-BG,balanced_sex_jittering,sex,jittering,False,5,TAR_2,A + B,89.05
REPLACE-BG,balanced_sex_jittering,sex,jittering,False,5,TAR_2,RMSE,69.08
REPLACE-BG,balanced_sex_jittering,sex,jittering,False,5,TAR_2,MSE,4771.7
REPLACE-BG,balanced_sex_jittering,sex,jittering,False,5,TAR_2,MAE,58.63
REPLACE-BG,balanced_sex_jittering,sex,jittering,False,5,TAR_2,MAPE,0.2
REPLACE-BG,balanced_sex_jittering,sex,jittering,False,5,ENTIRE,A,66.78
REPLACE-BG,balanced_sex_jittering,sex,jittering,False,5,ENTIRE,B,28.14
REPLACE-BG,balanced_sex_jittering,sex,jittering,False,5,ENTIRE,C,0.13
REPLACE-BG,balanced_sex_jittering,sex,jittering,False,5,ENTIRE,D,4.94
REPLACE-BG,balanced_sex_jittering,sex,jittering,False,5,ENTIRE,E,0.02
REPLACE-BG,balanced_sex_jittering,sex,jittering,False,5,ENTIRE,A + B,94.92
REPLACE-BG,balanced_sex_jittering,sex,jittering,False,5,ENTIRE,RMSE,36.3
REPLACE-BG,balanced_sex_jittering,sex,jittering,False,5,ENTIRE,MSE,1317.9
REPLACE-BG,balanced_sex_jittering,sex,jittering,False,5,ENTIRE,MAE,26.51
REPLACE-BG,balanced_sex_jittering,sex,jittering,False,5,ENTIRE,MAPE,0.19
REPLACE-BG,balanced_sex_oversampling,sex,oversampling,False,1,TBR_2,A,0.0
REPLACE-BG,balanced_sex_oversampling,sex,oversampling,False,1,TBR_2,B,0.0
REPLACE-BG,balanced_sex_oversampling,sex,oversampling,False,1,TBR_2,C,0.0
REPLACE-BG,balanced_sex_oversampling,sex,oversampling,False,1,TBR_2,D,99.42
REPLACE-BG,balanced_sex_oversampling,sex,oversampling,False,1,TBR_2,E,0.58
REPLACE-BG,balanced_sex_oversampling,sex,oversampling,False,1,TBR_2,A + B,0.0
REPLACE-BG,balanced_sex_oversampling,sex,oversampling,False,1,TBR_2,RMSE,57.61
REPLACE-BG,balanced_sex_oversampling,sex,oversampling,False,1,TBR_2,MSE,3319.44
REPLACE-BG,balanced_sex_oversampling,sex,oversampling,False,1,TBR_2,MAE,55.03
REPLACE-BG,balanced_sex_oversampling,sex,oversampling,False,1,TBR_2,MAPE,1.21
REPLACE-BG,balanced_sex_oversampling,sex,oversampling,False,1,TBR_1,A,0.0
REPLACE-BG,balanced_sex_oversampling,sex,oversampling,False,1,TBR_1,B,0.0
REPLACE-BG,balanced_sex_oversampling,sex,oversampling,False,1,TBR_1,C,0.0
REPLACE-BG,balanced_sex_oversampling,sex,oversampling,False,1,TBR_1,D,99.4
REPLACE-BG,balanced_sex_oversampling,sex,oversampling,False,1,TBR_1,E,0.6
REPLACE-BG,balanced_sex_oversampling,sex,oversampling,False,1,TBR_1,A + B,0.0
REPLACE-BG,balanced_sex_oversampling,sex,oversampling,False,1,TBR_1,RMSE,43.04
REPLACE-BG,balanced_sex_oversampling,sex,oversampling,False,1,TBR_1,MSE,1852.72
REPLACE-BG,balanced_sex_oversampling,sex,oversampling,False,1,TBR_1,MAE,39.7
REPLACE-BG,balanced_sex_oversampling,sex,oversampling,False,1,TBR_1,MAPE,0.64
REPLACE-BG,balanced_sex_oversampling,sex,oversampling,False,1,TIR,A,71.38
REPLACE-BG,balanced_sex_oversampling,sex,oversampling,False,1,TIR,B,28.43
REPLACE-BG,balanced_sex_oversampling,sex,oversampling,False,1,TIR,C,0.18
REPLACE-BG,balanced_sex_oversampling,sex,oversampling,False,1,TIR,D,0.0
REPLACE-BG,balanced_sex_oversampling,sex,oversampling,False,1,TIR,E,0.0
REPLACE-BG,balanced_sex_oversampling,sex,oversampling,False,1,TIR,A + B,99.81
REPLACE-BG,balanced_sex_oversampling,sex,oversampling,False,1,TIR,RMSE,26.02
REPLACE-BG,balanced_sex_oversampling,sex,oversampling,False,1,TIR,MSE,677.22
REPLACE-BG,balanced_sex_oversampling,sex,oversampling,False,1,TIR,MAE,19.33
REPLACE-BG,balanced_sex_oversampling,sex,oversampling,False,1,TIR,MAPE,0.16
REPLACE-BG,balanced_sex_oversampling,sex,oversampling,False,1,TAR_1,A,68.66
REPLACE-BG,balanced_sex_oversampling,sex,oversampling,False,1,TAR_1,B,29.48
REPLACE-BG,balanced_sex_oversampling,sex,oversampling,False,1,TAR_1,C,0.0
REPLACE-BG,balanced_sex_oversampling,sex,oversampling,False,1,TAR_1,D,1.85
REPLACE-BG,balanced_sex_oversampling,sex,oversampling,False,1,TAR_1,E,0.0
REPLACE-BG,balanced_sex_oversampling,sex,oversampling,False,1,TAR_1,A + B,98.14
REPLACE-BG,balanced_sex_oversampling,sex,oversampling,False,1,TAR_1,RMSE,43.56
REPLACE-BG,balanced_sex_oversampling,sex,oversampling,False,1,TAR_1,MSE,1897.21
REPLACE-BG,balanced_sex_oversampling,sex,oversampling,False,1,TAR_1,MAE,34.86
REPLACE-BG,balanced_sex_oversampling,sex,oversampling,False,1,TAR_1,MAPE,0.17
REPLACE-BG,balanced_sex_oversampling,sex,oversampling,False,1,TAR_2,A,53.27
REPLACE-BG,balanced_sex_oversampling,sex,oversampling,False,1,TAR_2,B,37.94
REPLACE-BG,balanced_sex_oversampling,sex,oversampling,False,1,TAR_2,C,0.0
REPLACE-BG,balanced_sex_oversampling,sex,oversampling,False,1,TAR_2,D,8.79
REPLACE-BG,balanced_sex_oversampling,sex,oversampling,False,1,TAR_2,E,0.0
REPLACE-BG,balanced_sex_oversampling,sex,oversampling,False,1,TAR_2,A + B,91.21
REPLACE-BG,balanced_sex_oversampling,sex,oversampling,False,1,TAR_2,RMSE,71.31
REPLACE-BG,balanced_sex_oversampling,sex,oversampling,False,1,TAR_2,MSE,5085.1
REPLACE-BG,balanced_sex_oversampling,sex,oversampling,False,1,TAR_2,MAE,61.5
REPLACE-BG,balanced_sex_oversampling,sex,oversampling,False,1,TAR_2,MAPE,0.2
REPLACE-BG,balanced_sex_oversampling,sex,oversampling,False,1,ENTIRE,A,66.25
REPLACE-BG,balanced_sex_oversampling,sex,oversampling,False,1,ENTIRE,B,28.45
REPLACE-BG,balanced_sex_oversampling,sex,oversampling,False,1,ENTIRE,C,0.12
REPLACE-BG,balanced_sex_oversampling,sex,oversampling,False,1,ENTIRE,D,5.15
REPLACE-BG,balanced_sex_oversampling,sex,oversampling,False,1,ENTIRE,E,0.02
REPLACE-BG,balanced_sex_oversampling,sex,oversampling,False,1,ENTIRE,A + B,94.7
REPLACE-BG,balanced_sex_oversampling,sex,oversampling,False,1,ENTIRE,RMSE,37.82
REPLACE-BG,balanced_sex_oversampling,sex,oversampling,False,1,ENTIRE,MSE,1430.34
REPLACE-BG,balanced_sex_oversampling,sex,oversampling,False,1,ENTIRE,MAE,27.78
REPLACE-BG,balanced_sex_oversampling,sex,oversampling,False,1,ENTIRE,MAPE,0.19
REPLACE-BG,balanced_sex_oversampling,sex,oversampling,False,2,TBR_2,A,0.0
REPLACE-BG,balanced_sex_oversampling,sex,oversampling,False,2,TBR_2,B,0.0
REPLACE-BG,balanced_sex_oversampling,sex,oversampling,False,2,TBR_2,C,0.0
REPLACE-BG,balanced_sex_oversampling,sex,oversampling,False,2,TBR_2,D,99.49
REPLACE-BG,balanced_sex_oversampling,sex,oversampling,False,2,TBR_2,E,0.51
REPLACE-BG,balanced_sex_oversampling,sex,oversampling,False,2,TBR_2,A + B,0.0
REPLACE-BG,balanced_sex_oversampling,sex,oversampling,False,2,TBR_2,RMSE,56.83
REPLACE-BG,balanced_sex_oversampling,sex,oversampling,False,2,TBR_2,MSE,3229.2
REPLACE-BG,balanced_sex_oversampling,sex,oversampling,False,2,TBR_2,MAE,54.14
REPLACE-BG,balanced_sex_oversampling,sex,oversampling,False,2,TBR_2,MAPE,1.2
REPLACE-BG,balanced_sex_oversampling,sex,oversampling,False,2,TBR_1,A,0.26
REPLACE-BG,balanced_sex_oversampling,sex,oversampling,False,2,TBR_1,B,0.0
REPLACE-BG,balanced_sex_oversampling,sex,oversampling,False,2,TBR_1,C,0.0
REPLACE-BG,balanced_sex_oversampling,sex,oversampling,False,2,TBR_1,D,99.37
REPLACE-BG,balanced_sex_oversampling,sex,oversampling,False,2,TBR_1,E,0.37
REPLACE-BG,balanced_sex_oversampling,sex,oversampling,False,2,TBR_1,A + B,0.26
REPLACE-BG,balanced_sex_oversampling,sex,oversampling,False,2,TBR_1,RMSE,40.94
REPLACE-BG,balanced_sex_oversampling,sex,oversampling,False,2,TBR_1,MSE,1675.77
REPLACE-BG,balanced_sex_oversampling,sex,oversampling,False,2,TBR_1,MAE,37.92
REPLACE-BG,balanced_sex_oversampling,sex,oversampling,False,2,TBR_1,MAPE,0.61
REPLACE-BG,balanced_sex_oversampling,sex,oversampling,False,2,TIR,A,72.92
REPLACE-BG,balanced_sex_oversampling,sex,oversampling,False,2,TIR,B,26.95
REPLACE-BG,balanced_sex_oversampling,sex,oversampling,False,2,TIR,C,0.13
REPLACE-BG,balanced_sex_oversampling,sex,oversampling,False,2,TIR,D,0.0
REPLACE-BG,balanced_sex_oversampling,sex,oversampling,False,2,TIR,E,0.0
REPLACE-BG,balanced_sex_oversampling,sex,oversampling,False,2,TIR,A + B,99.87
REPLACE-BG,balanced_sex_oversampling,sex,oversampling,False,2,TIR,RMSE,24.92
REPLACE-BG,balanced_sex_oversampling,sex,oversampling,False,2,TIR,MSE,621.08
REPLACE-BG,balanced_sex_oversampling,sex,oversampling,False,2,TIR,MAE,18.47
REPLACE-BG,balanced_sex_oversampling,sex,oversampling,False,2,TIR,MAPE,0.15
REPLACE-BG,balanced_sex_oversampling,sex,oversampling,False,2,TAR_1,A,70.9
REPLACE-BG,balanced_sex_oversampling,sex,oversampling,False,2,TAR_1,B,27.36
REPLACE-BG,balanced_sex_oversampling,sex,oversampling,False,2,TAR_1,C,0.04
REPLACE-BG,balanced_sex_oversampling,sex,oversampling,False,2,TAR_1,D,1.7
REPLACE-BG,balanced_sex_oversampling,sex,oversampling,False,2,TAR_1,E,0.0
REPLACE-BG,balanced_sex_oversampling,sex,oversampling,False,2,TAR_1,A + B,98.26
REPLACE-BG,balanced_sex_oversampling,sex,oversampling,False,2,TAR_1,RMSE,41.91
REPLACE-BG,balanced_sex_oversampling,sex,oversampling,False,2,TAR_1,MSE,1756.61
REPLACE-BG,balanced_sex_oversampling,sex,oversampling,False,2,TAR_1,MAE,32.98
REPLACE-BG,balanced_sex_oversampling,sex,oversampling,False,2,TAR_1,MAPE,0.16
REPLACE-BG,balanced_sex_oversampling,sex,oversampling,False,2,TAR_2,A,60.42
REPLACE-BG,balanced_sex_oversampling,sex,oversampling,False,2,TAR_2,B,30.84
REPLACE-BG,balanced_sex_oversampling,sex,oversampling,False,2,TAR_2,C,0.0
REPLACE-BG,balanced_sex_oversampling,sex,oversampling,False,2,TAR_2,D,8.74
REPLACE-BG,balanced_sex_oversampling,sex,oversampling,False,2,TAR_2,E,0.0
REPLACE-BG,balanced_sex_oversampling,sex,oversampling,False,2,TAR_2,A + B,91.26
REPLACE-BG,balanced_sex_oversampling,sex,oversampling,False,2,TAR_2,RMSE,67.44
REPLACE-BG,balanced_sex_oversampling,sex,oversampling,False,2,TAR_2,MSE,4547.53
REPLACE-BG,balanced_sex_oversampling,sex,oversampling,False,2,TAR_2,MAE,57.0
REPLACE-BG,balanced_sex_oversampling,sex,oversampling,False,2,TAR_2,MAPE,0.19
REPLACE-BG,balanced_sex_oversampling,sex,oversampling,False,2,ENTIRE,A,68.85
REPLACE-BG,balanced_sex_oversampling,sex,oversampling,False,2,ENTIRE,B,26.45
REPLACE-BG,balanced_sex_oversampling,sex,oversampling,False,2,ENTIRE,C,0.09
REPLACE-BG,balanced_sex_oversampling,sex,oversampling,False,2,ENTIRE,D,4.6
REPLACE-BG,balanced_sex_oversampling,sex,oversampling,False,2,ENTIRE,E,0.01
REPLACE-BG,balanced_sex_oversampling,sex,oversampling,False,2,ENTIRE,A + B,95.3
REPLACE-BG,balanced_sex_oversampling,sex,oversampling,False,2,ENTIRE,RMSE,35.63
REPLACE-BG,balanced_sex_oversampling,sex,oversampling,False,2,ENTIRE,MSE,1269.73
REPLACE-BG,balanced_sex_oversampling,sex,oversampling,False,2,ENTIRE,MAE,25.91
REPLACE-BG,balanced_sex_oversampling,sex,oversampling,False,2,ENTIRE,MAPE,0.18
REPLACE-BG,balanced_sex_oversampling,sex,oversampling,False,3,TBR_2,A,0.89
REPLACE-BG,balanced_sex_oversampling,sex,oversampling,False,3,TBR_2,B,0.0
REPLACE-BG,balanced_sex_oversampling,sex,oversampling,False,3,TBR_2,C,0.0
REPLACE-BG,balanced_sex_oversampling,sex,oversampling,False,3,TBR_2,D,98.66
REPLACE-BG,balanced_sex_oversampling,sex,oversampling,False,3,TBR_2,E,0.45
REPLACE-BG,balanced_sex_oversampling,sex,oversampling,False,3,TBR_2,A + B,0.89
REPLACE-BG,balanced_sex_oversampling,sex,oversampling,False,3,TBR_2,RMSE,55.71
REPLACE-BG,balanced_sex_oversampling,sex,oversampling,False,3,TBR_2,MSE,3103.87
REPLACE-BG,balanced_sex_oversampling,sex,oversampling,False,3,TBR_2,MAE,52.96
REPLACE-BG,balanced_sex_oversampling,sex,oversampling,False,3,TBR_2,MAPE,1.17
REPLACE-BG,balanced_sex_oversampling,sex,oversampling,False,3,TBR_1,A,0.81
REPLACE-BG,balanced_sex_oversampling,sex,oversampling,False,3,TBR_1,B,0.0
REPLACE-BG,balanced_sex_oversampling,sex,oversampling,False,3,TBR_1,C,0.0
REPLACE-BG,balanced_sex_oversampling,sex,oversampling,False,3,TBR_1,D,98.81
REPLACE-BG,balanced_sex_oversampling,sex,oversampling,False,3,TBR_1,E,0.38
REPLACE-BG,balanced_sex_oversampling,sex,oversampling,False,3,TBR_1,A + B,0.81
REPLACE-BG,balanced_sex_oversampling,sex,oversampling,False,3,TBR_1,RMSE,40.98
REPLACE-BG,balanced_sex_oversampling,sex,oversampling,False,3,TBR_1,MSE,1679.29
REPLACE-BG,balanced_sex_oversampling,sex,oversampling,False,3,TBR_1,MAE,37.63
REPLACE-BG,balanced_sex_oversampling,sex,oversampling,False,3,TBR_1,MAPE,0.61
REPLACE-BG,balanced_sex_oversampling,sex,oversampling,False,3,TIR,A,72.65
REPLACE-BG,balanced_sex_oversampling,sex,oversampling,False,3,TIR,B,27.22
REPLACE-BG,balanced_sex_oversampling,sex,oversampling,False,3,TIR,C,0.14
REPLACE-BG,balanced_sex_oversampling,sex,oversampling,False,3,TIR,D,0.0
REPLACE-BG,balanced_sex_oversampling,sex,oversampling,False,3,TIR,E,0.0
REPLACE-BG,balanced_sex_oversampling,sex,oversampling,False,3,TIR,A + B,99.87
REPLACE-BG,balanced_sex_oversampling,sex,oversampling,False,3,TIR,RMSE,25.42
REPLACE-BG,balanced_sex_oversampling,sex,oversampling,False,3,TIR,MSE,646.23
REPLACE-BG,balanced_sex_oversampling,sex,oversampling,False,3,TIR,MAE,18.95
REPLACE-BG,balanced_sex_oversampling,sex,oversampling,False,3,TIR,MAPE,0.15
REPLACE-BG,balanced_sex_oversampling,sex,oversampling,False,3,TAR_1,A,68.85
REPLACE-BG,balanced_sex_oversampling,sex,oversampling,False,3,TAR_1,B,29.27
REPLACE-BG,balanced_sex_oversampling,sex,oversampling,False,3,TAR_1,C,0.05
REPLACE-BG,balanced_sex_oversampling,sex,oversampling,False,3,TAR_1,D,1.82
REPLACE-BG,balanced_sex_oversampling,sex,oversampling,False,3,TAR_1,E,0.0
REPLACE-BG,balanced_sex_oversampling,sex,oversampling,False,3,TAR_1,A + B,98.12
REPLACE-BG,balanced_sex_oversampling,sex,oversampling,False,3,TAR_1,RMSE,43.16
REPLACE-BG,balanced_sex_oversampling,sex,oversampling,False,3,TAR_1,MSE,1862.95
REPLACE-BG,balanced_sex_oversampling,sex,oversampling,False,3,TAR_1,MAE,34.55
REPLACE-BG,balanced_sex_oversampling,sex,oversampling,False,3,TAR_1,MAPE,0.16
REPLACE-BG,balanced_sex_oversampling,sex,oversampling,False,3,TAR_2,A,56.62
REPLACE-BG,balanced_sex_oversampling,sex,oversampling,False,3,TAR_2,B,33.37
REPLACE-BG,balanced_sex_oversampling,sex,oversampling,False,3,TAR_2,C,0.0
REPLACE-BG,balanced_sex_oversampling,sex,oversampling,False,3,TAR_2,D,10.01
REPLACE-BG,balanced_sex_oversampling,sex,oversampling,False,3,TAR_2,E,0.0
REPLACE-BG,balanced_sex_oversampling,sex,oversampling,False,3,TAR_2,A + B,89.99
REPLACE-BG,balanced_sex_oversampling,sex,oversampling,False,3,TAR_2,RMSE,69.39
REPLACE-BG,balanced_sex_oversampling,sex,oversampling,False,3,TAR_2,MSE,4815.01
REPLACE-BG,balanced_sex_oversampling,sex,oversampling,False,3,TAR_2,MAE,58.96
REPLACE-BG,balanced_sex_oversampling,sex,oversampling,False,3,TAR_2,MAPE,0.2
REPLACE-BG,balanced_sex_oversampling,sex,oversampling,False,3,ENTIRE,A,67.75
REPLACE-BG,balanced_sex_oversampling,sex,oversampling,False,3,ENTIRE,B,27.35
REPLACE-BG,balanced_sex_oversampling,sex,oversampling,False,3,ENTIRE,C,0.1
REPLACE-BG,balanced_sex_oversampling,sex,oversampling,False,3,ENTIRE,D,4.79
REPLACE-BG,balanced_sex_oversampling,sex,oversampling,False,3,ENTIRE,E,0.01
REPLACE-BG,balanced_sex_oversampling,sex,oversampling,False,3,ENTIRE,A + B,95.1
REPLACE-BG,balanced_sex_oversampling,sex,oversampling,False,3,ENTIRE,RMSE,37.11
REPLACE-BG,balanced_sex_oversampling,sex,oversampling,False,3,ENTIRE,MSE,1377.1
REPLACE-BG,balanced_sex_oversampling,sex,oversampling,False,3,ENTIRE,MAE,27.24
REPLACE-BG,balanced_sex_oversampling,sex,oversampling,False,3,ENTIRE,MAPE,0.18
REPLACE-BG,balanced_sex_oversampling,sex,oversampling,False,4,TBR_2,A,0.0
REPLACE-BG,balanced_sex_oversampling,sex,oversampling,False,4,TBR_2,B,0.0
REPLACE-BG,balanced_sex_oversampling,sex,oversampling,False,4,TBR_2,C,0.0
REPLACE-BG,balanced_sex_oversampling,sex,oversampling,False,4,TBR_2,D,99.2
REPLACE-BG,balanced_sex_oversampling,sex,oversampling,False,4,TBR_2,E,0.8
REPLACE-BG,balanced_sex_oversampling,sex,oversampling,False,4,TBR_2,A + B,0.0
REPLACE-BG,balanced_sex_oversampling,sex,oversampling,False,4,TBR_2,RMSE,57.06
REPLACE-BG,balanced_sex_oversampling,sex,oversampling,False,4,TBR_2,MSE,3255.9
REPLACE-BG,balanced_sex_oversampling,sex,oversampling,False,4,TBR_2,MAE,53.53
REPLACE-BG,balanced_sex_oversampling,sex,oversampling,False,4,TBR_2,MAPE,1.18
REPLACE-BG,balanced_sex_oversampling,sex,oversampling,False,4,TBR_1,A,0.97
REPLACE-BG,balanced_sex_oversampling,sex,oversampling,False,4,TBR_1,B,0.0
REPLACE-BG,balanced_sex_oversampling,sex,oversampling,False,4,TBR_1,C,0.0
REPLACE-BG,balanced_sex_oversampling,sex,oversampling,False,4,TBR_1,D,98.37
REPLACE-BG,balanced_sex_oversampling,sex,oversampling,False,4,TBR_1,E,0.66
REPLACE-BG,balanced_sex_oversampling,sex,oversampling,False,4,TBR_1,A + B,0.97
REPLACE-BG,balanced_sex_oversampling,sex,oversampling,False,4,TBR_1,RMSE,41.77
REPLACE-BG,balanced_sex_oversampling,sex,oversampling,False,4,TBR_1,MSE,1744.83
REPLACE-BG,balanced_sex_oversampling,sex,oversampling,False,4,TBR_1,MAE,37.38
REPLACE-BG,balanced_sex_oversampling,sex,oversampling,False,4,TBR_1,MAPE,0.6
REPLACE-BG,balanced_sex_oversampling,sex,oversampling,False,4,TIR,A,71.93
REPLACE-BG,balanced_sex_oversampling,sex,oversampling,False,4,TIR,B,27.89
REPLACE-BG,balanced_sex_oversampling,sex,oversampling,False,4,TIR,C,0.18
REPLACE-BG,balanced_sex_oversampling,sex,oversampling,False,4,TIR,D,0.0
REPLACE-BG,balanced_sex_oversampling,sex,oversampling,False,4,TIR,E,0.0
REPLACE-BG,balanced_sex_oversampling,sex,oversampling,False,4,TIR,A + B,99.82
REPLACE-BG,balanced_sex_oversampling,sex,oversampling,False,4,TIR,RMSE,26.16
REPLACE-BG,balanced_sex_oversampling,sex,oversampling,False,4,TIR,MSE,684.36
REPLACE-BG,balanced_sex_oversampling,sex,oversampling,False,4,TIR,MAE,19.29
REPLACE-BG,balanced_sex_oversampling,sex,oversampling,False,4,TIR,MAPE,0.16
REPLACE-BG,balanced_sex_oversampling,sex,oversampling,False,4,TAR_1,A,70.61
REPLACE-BG,balanced_sex_oversampling,sex,oversampling,False,4,TAR_1,B,27.47
REPLACE-BG,balanced_sex_oversampling,sex,oversampling,False,4,TAR_1,C,0.04
REPLACE-BG,balanced_sex_oversampling,sex,oversampling,False,4,TAR_1,D,1.87
REPLACE-BG,balanced_sex_oversampling,sex,oversampling,False,4,TAR_1,E,0.0
REPLACE-BG,balanced_sex_oversampling,sex,oversampling,False,4,TAR_1,A + B,98.08
REPLACE-BG,balanced_sex_oversampling,sex,oversampling,False,4,TAR_1,RMSE,42.46
REPLACE-BG,balanced_sex_oversampling,sex,oversampling,False,4,TAR_1,MSE,1802.46
REPLACE-BG,balanced_sex_oversampling,sex,oversampling,False,4,TAR_1,MAE,34.3
REPLACE-BG,balanced_sex_oversampling,sex,oversampling,False,4,TAR_1,MAPE,0.16
REPLACE-BG,balanced_sex_oversampling,sex,oversampling,False,4,TAR_2,A,56.61
REPLACE-BG,balanced_sex_oversampling,sex,oversampling,False,4,TAR_2,B,34.86
REPLACE-BG,balanced_sex_oversampling,sex,oversampling,False,4,TAR_2,C,0.0
REPLACE-BG,balanced_sex_oversampling,sex,oversampling,False,4,TAR_2,D,8.52
REPLACE-BG,balanced_sex_oversampling,sex,oversampling,False,4,TAR_2,E,0.0
REPLACE-BG,balanced_sex_oversampling,sex,oversampling,False,4,TAR_2,A + B,91.47
REPLACE-BG,balanced_sex_oversampling,sex,oversampling,False,4,TAR_2,RMSE,68.42
REPLACE-BG,balanced_sex_oversampling,sex,oversampling,False,4,TAR_2,MSE,4681.17
REPLACE-BG,balanced_sex_oversampling,sex,oversampling,False,4,TAR_2,MAE,59.17
REPLACE-BG,balanced_sex_oversampling,sex,oversampling,False,4,TAR_2,MAPE,0.2
REPLACE-BG,balanced_sex_oversampling,sex,oversampling,False,4,ENTIRE,A,67.42
REPLACE-BG,balanced_sex_oversampling,sex,oversampling,False,4,ENTIRE,B,27.55
REPLACE-BG,balanced_sex_oversampling,sex,oversampling,False,4,ENTIRE,C,0.12
REPLACE-BG,balanced_sex_oversampling,sex,oversampling,False,4,ENTIRE,D,4.89
REPLACE-BG,balanced_sex_oversampling,sex,oversampling,False,4,ENTIRE,E,0.02
REPLACE-BG,balanced_sex_oversampling,sex,oversampling,False,4,ENTIRE,A + B,94.97
REPLACE-BG,balanced_sex_oversampling,sex,oversampling,False,4,ENTIRE,RMSE,38.08
REPLACE-BG,balanced_sex_oversampling,sex,oversampling,False,4,ENTIRE,MSE,1450.08
REPLACE-BG,balanced_sex_oversampling,sex,oversampling,False,4,ENTIRE,MAE,28.18
REPLACE-BG,balanced_sex_oversampling,sex,oversampling,False,4,ENTIRE,MAPE,0.18
REPLACE-BG,balanced_sex_oversampling,sex,oversampling,False,5,TBR_2,A,0.0
REPLACE-BG,balanced_sex_oversampling,sex,oversampling,False,5,TBR_2,B,0.0
REPLACE-BG,balanced_sex_oversampling,sex,oversampling,False,5,TBR_2,C,0.0
REPLACE-BG,balanced_sex_oversampling,sex,oversampling,False,5,TBR_2,D,99.28
REPLACE-BG,balanced_sex_oversampling,sex,oversampling,False,5,TBR_2,E,0.72
REPLACE-BG,balanced_sex_oversampling,sex,oversampling,False,5,TBR_2,A + B,0.0
REPLACE-BG,balanced_sex_oversampling,sex,oversampling,False,5,TBR_2,RMSE,57.72
REPLACE-BG,balanced_sex_oversampling,sex,oversampling,False,5,TBR_2,MSE,3332.14
REPLACE-BG,balanced_sex_oversampling,sex,oversampling,False,5,TBR_2,MAE,54.84
REPLACE-BG,balanced_sex_oversampling,sex,oversampling,False,5,TBR_2,MAPE,1.21
REPLACE-BG,balanced_sex_oversampling,sex,oversampling,False,5,TBR_1,A,0.19
REPLACE-BG,balanced_sex_oversampling,sex,oversampling,False,5,TBR_1,B,0.0
REPLACE-BG,balanced_sex_oversampling,sex,oversampling,False,5,TBR_1,C,0.0
REPLACE-BG,balanced_sex_oversampling,sex,oversampling,False,5,TBR_1,D,99.27
REPLACE-BG,balanced_sex_oversampling,sex,oversampling,False,5,TBR_1,E,0.54
REPLACE-BG,balanced_sex_oversampling,sex,oversampling,False,5,TBR_1,A + B,0.19
REPLACE-BG,balanced_sex_oversampling,sex,oversampling,False,5,TBR_1,RMSE,41.81
REPLACE-BG,balanced_sex_oversampling,sex,oversampling,False,5,TBR_1,MSE,1747.82
REPLACE-BG,balanced_sex_oversampling,sex,oversampling,False,5,TBR_1,MAE,38.27
REPLACE-BG,balanced_sex_oversampling,sex,oversampling,False,5,TBR_1,MAPE,0.62
REPLACE-BG,balanced_sex_oversampling,sex,oversampling,False,5,TIR,A,71.37
REPLACE-BG,balanced_sex_oversampling,sex,oversampling,False,5,TIR,B,28.44
REPLACE-BG,balanced_sex_oversampling,sex,oversampling,False,5,TIR,C,0.2
REPLACE-BG,balanced_sex_oversampling,sex,oversampling,False,5,TIR,D,0.0
REPLACE-BG,balanced_sex_oversampling,sex,oversampling,False,5,TIR,E,0.0
REPLACE-BG,balanced_sex_oversampling,sex,oversampling,False,5,TIR,A + B,99.81
REPLACE-BG,balanced_sex_oversampling,sex,oversampling,False,5,TIR,RMSE,26.13
REPLACE-BG,balanced_sex_oversampling,sex,oversampling,False,5,TIR,MSE,682.92
REPLACE-BG,balanced_sex_oversampling,sex,oversampling,False,5,TIR,MAE,19.27
REPLACE-BG,balanced_sex_oversampling,sex,oversampling,False,5,TIR,MAPE,0.16
REPLACE-BG,balanced_sex_oversampling,sex,oversampling,False,5,TAR_1,A,66.62
REPLACE-BG,balanced_sex_oversampling,sex,oversampling,False,5,TAR_1,B,31.46
REPLACE-BG,balanced_sex_oversampling,sex,oversampling,False,5,TAR_1,C,0.05
REPLACE-BG,balanced_sex_oversampling,sex,oversampling,False,5,TAR_1,D,1.88
REPLACE-BG,balanced_sex_oversampling,sex,oversampling,False,5,TAR_1,E,0.0
REPLACE-BG,balanced_sex_oversampling,sex,oversampling,False,5,TAR_1,A + B,98.08
REPLACE-BG,balanced_sex_oversampling,sex,oversampling,False,5,TAR_1,RMSE,45.15
REPLACE-BG,balanced_sex_oversampling,sex,oversampling,False,5,TAR_1,MSE,2038.23
REPLACE-BG,balanced_sex_oversampling,sex,oversampling,False,5,TAR_1,MAE,36.17
REPLACE-BG,balanced_sex_oversampling,sex,oversampling,False,5,TAR_1,MAPE,0.17
REPLACE-BG,balanced_sex_oversampling,sex,oversampling,False,5,TAR_2,A,57.7
REPLACE-BG,balanced_sex_oversampling,sex,oversampling,False,5,TAR_2,B,31.44
REPLACE-BG,balanced_sex_oversampling,sex,oversampling,False,5,TAR_2,C,0.0
REPLACE-BG,balanced_sex_oversampling,sex,oversampling,False,5,TAR_2,D,10.87
REPLACE-BG,balanced_sex_oversampling,sex,oversampling,False,5,TAR_2,E,0.0
REPLACE-BG,balanced_sex_oversampling,sex,oversampling,False,5,TAR_2,A + B,89.14
REPLACE-BG,balanced_sex_oversampling,sex,oversampling,False,5,TAR_2,RMSE,68.14
REPLACE-BG,balanced_sex_oversampling,sex,oversampling,False,5,TAR_2,MSE,4643.16
REPLACE-BG,balanced_sex_oversampling,sex,oversampling,False,5,TAR_2,MAE,57.47
REPLACE-BG,balanced_sex_oversampling,sex,oversampling,False,5,TAR_2,MAPE,0.2
REPLACE-BG,balanced_sex_oversampling,sex,oversampling,False,5,ENTIRE,A,66.66
REPLACE-BG,balanced_sex_oversampling,sex,oversampling,False,5,ENTIRE,B,28.24
REPLACE-BG,balanced_sex_oversampling,sex,oversampling,False,5,ENTIRE,C,0.14
REPLACE-BG,balanced_sex_oversampling,sex,oversampling,False,5,ENTIRE,D,4.94
REPLACE-BG,balanced_sex_oversampling,sex,oversampling,False,5,ENTIRE,E,0.02
REPLACE-BG,balanced_sex_oversampling,sex,oversampling,False,5,ENTIRE,A + B,94.9
REPLACE-BG,balanced_sex_oversampling,sex,oversampling,False,5,ENTIRE,RMSE,36.33
REPLACE-BG,balanced_sex_oversampling,sex,oversampling,False,5,ENTIRE,MSE,1319.65
REPLACE-BG,balanced_sex_oversampling,sex,oversampling,False,5,ENTIRE,MAE,26.58
REPLACE-BG,balanced_sex_oversampling,sex,oversampling,False,5,ENTIRE,MAPE,0.19
REPLACE-BG,balanced_sex_patient_aware_undersampling,sex,patient_aware_undersampling,False,1,TBR_2,A,0.0
REPLACE-BG,balanced_sex_patient_aware_undersampling,sex,patient_aware_undersampling,False,1,TBR_2,B,0.0
REPLACE-BG,balanced_sex_patient_aware_undersampling,sex,patient_aware_undersampling,False,1,TBR_2,C,0.0
REPLACE-BG,balanced_sex_patient_aware_undersampling,sex,patient_aware_undersampling,False,1,TBR_2,D,99.47
REPLACE-BG,balanced_sex_patient_aware_undersampling,sex,patient_aware_undersampling,False,1,TBR_2,E,0.53
REPLACE-BG,balanced_sex_patient_aware_undersampling,sex,patient_aware_undersampling,False,1,TBR_2,A + B,0.0
REPLACE-BG,balanced_sex_patient_aware_undersampling,sex,patient_aware_undersampling,False,1,TBR_2,RMSE,56.36
REPLACE-BG,balanced_sex_patient_aware_undersampling,sex,patient_aware_undersampling,False,1,TBR_2,MSE,3176.7
REPLACE-BG,balanced_sex_patient_aware_undersampling,sex,patient_aware_undersampling,False,1,TBR_2,MAE,53.59
REPLACE-BG,balanced_sex_patient_aware_undersampling,sex,patient_aware_undersampling,False,1,TBR_2,MAPE,1.18
REPLACE-BG,balanced_sex_patient_aware_undersampling,sex,patient_aware_undersampling,False,1,TBR_1,A,0.55
REPLACE-BG,balanced_sex_patient_aware_undersampling,sex,patient_aware_undersampling,False,1,TBR_1,B,0.0
REPLACE-BG,balanced_sex_patient_aware_undersampling,sex,patient_aware_undersampling,False,1,TBR_1,C,0.0
REPLACE-BG,balanced_sex_patient_aware_undersampling,sex,patient_aware_undersampling,False,1,TBR_1,D,99.0
REPLACE-BG,balanced_sex_patient_aware_undersampling,sex,patient_aware_undersampling,False,1,TBR_1,E,0.45
REPLACE-BG,balanced_sex_patient_aware_undersampling,sex,patient_aware_undersampling,False,1,TBR_1,A + B,0.55
REPLACE-BG,balanced_sex_patient_aware_undersampling,sex,patient_aware_undersampling,False,1,TBR_1,RMSE,41.75
REPLACE-BG,balanced_sex_patient_aware_undersampling,sex,patient_aware_undersampling,False,1,TBR_1,MSE,1742.74
REPLACE-BG,balanced_sex_patient_aware_undersampling,sex,patient_aware_undersampling,False,1,TBR_1,MAE,38.24
REPLACE-BG,balanced_sex_patient_aware_undersampling,sex,patient_aware_undersampling,False,1,TBR_1,MAPE,0.62
REPLACE-BG,balanced_sex_patient_aware_undersampling,sex,patient_aware_undersampling,False,1,TIR,A,71.89
REPLACE-BG,balanced_sex_patient_aware_undersampling,sex,patient_aware_undersampling,False,1,TIR,B,27.93
REPLACE-BG,balanced_sex_patient_aware_undersampling,sex,patient_aware_undersampling,False,1,TIR,C,0.18
REPLACE-BG,balanced_sex_patient_aware_undersampling,sex,patient_aware_undersampling,False,1,TIR,D,0.0
REPLACE-BG,balanced_sex_patient_aware_undersampling,sex,patient_aware_undersampling,False,1,TIR,E,0.0
REPLACE-BG,balanced_sex_patient_aware_undersampling,sex,patient_aware_undersampling,False,1,TIR,A + B,99.82
REPLACE-BG,balanced_sex_patient_aware_undersampling,sex,patient_aware_undersampling,False,1,TIR,RMSE,25.97
REPLACE-BG,balanced_sex_patient_aware_undersampling,sex,patient_aware_undersampling,False,1,TIR,MSE,674.42
REPLACE-BG,balanced_sex_patient_aware_undersampling,sex,patient_aware_undersampling,False,1,TIR,MAE,19.23
REPLACE-BG,balanced_sex_patient_aware_undersampling,sex,patient_aware_undersampling,False,1,TIR,MAPE,0.16
REPLACE-BG,balanced_sex_patient_aware_undersampling,sex,patient_aware_undersampling,False,1,TAR_1,A,68.46
REPLACE-BG,balanced_sex_patient_aware_undersampling,sex,patient_aware_undersampling,False,1,TAR_1,B,29.62
REPLACE-BG,balanced_sex_patient_aware_undersampling,sex,patient_aware_undersampling,False,1,TAR_1,C,0.04
REPLACE-BG,balanced_sex_patient_aware_undersampling,sex,patient_aware_undersampling,False,1,TAR_1,D,1.89
REPLACE-BG,balanced_sex_patient_aware_undersampling,sex,patient_aware_undersampling,False,1,TAR_1,E,0.0
REPLACE-BG,balanced_sex_patient_aware_undersampling,sex,patient_aware_undersampling,False,1,TAR_1,A + B,98.08
REPLACE-BG,balanced_sex_patient_aware_undersampling,sex,patient_aware_undersampling,False,1,TAR_1,RMSE,43.86
REPLACE-BG,balanced_sex_patient_aware_undersampling,sex,patient_aware_undersampling,False,1,TAR_1,MSE,1923.53
REPLACE-BG,balanced_sex_patient_aware_undersampling,sex,patient_aware_undersampling,False,1,TAR_1,MAE,35.05
REPLACE-BG,balanced_sex_patient_aware_undersampling,sex,patient_aware_undersampling,False,1,TAR_1,MAPE,0.17
REPLACE-BG,balanced_sex_patient_aware_undersampling,sex,patient_aware_undersampling,False,1,TAR_2,A,59.36
REPLACE-BG,balanced_sex_patient_aware_undersampling,sex,patient_aware_undersampling,False,1,TAR_2,B,31.79
REPLACE-BG,balanced_sex_patient_aware_undersampling,sex,patient_aware_undersampling,False,1,TAR_2,C,0.0
REPLACE-BG,balanced_sex_patient_aware_undersampling,sex,patient_aware_undersampling,False,1,TAR_2,D,8.85
REPLACE-BG,balanced_sex_patient_aware_undersampling,sex,patient_aware_undersampling,False,1,TAR_2,E,0.0
REPLACE-BG,balanced_sex_patient_aware_undersampling,sex,patient_aware_undersampling,False,1,TAR_2,A + B,91.15
REPLACE-BG,balanced_sex_patient_aware_undersampling,sex,patient_aware_undersampling,False,1,TAR_2,RMSE,67.92
REPLACE-BG,balanced_sex_patient_aware_undersampling,sex,patient_aware_undersampling,False,1,TAR_2,MSE,4612.72
REPLACE-BG,balanced_sex_patient_aware_undersampling,sex,patient_aware_undersampling,False,1,TAR_2,MAE,57.75
REPLACE-BG,balanced_sex_patient_aware_undersampling,sex,patient_aware_undersampling,False,1,TAR_2,MAPE,0.19
REPLACE-BG,balanced_sex_patient_aware_undersampling,sex,patient_aware_undersampling,False,1,ENTIRE,A,67.12
REPLACE-BG,balanced_sex_patient_aware_undersampling,sex,patient_aware_undersampling,False,1,ENTIRE,B,27.58
REPLACE-BG,balanced_sex_patient_aware_undersampling,sex,patient_aware_undersampling,False,1,ENTIRE,C,0.12
REPLACE-BG,balanced_sex_patient_aware_undersampling,sex,patient_aware_undersampling,False,1,ENTIRE,D,5.15
REPLACE-BG,balanced_sex_patient_aware_undersampling,sex,patient_aware_undersampling,False,1,ENTIRE,E,0.02
REPLACE-BG,balanced_sex_patient_aware_undersampling,sex,patient_aware_undersampling,False,1,ENTIRE,A + B,94.7
REPLACE-BG,balanced_sex_patient_aware_undersampling,sex,patient_aware_undersampling,False,1,ENTIRE,RMSE,37.22
REPLACE-BG,balanced_sex_patient_aware_undersampling,sex,patient_aware_undersampling,False,1,ENTIRE,MSE,1385.18
REPLACE-BG,balanced_sex_patient_aware_undersampling,sex,patient_aware_undersampling,False,1,ENTIRE,MAE,27.35
REPLACE-BG,balanced_sex_patient_aware_undersampling,sex,patient_aware_undersampling,False,1,ENTIRE,MAPE,0.19
REPLACE-BG,balanced_sex_patient_aware_undersampling,sex,patient_aware_undersampling,False,2,TBR_2,A,0.2
REPLACE-BG,balanced_sex_patient_aware_undersampling,sex,patient_aware_undersampling,False,2,TBR_2,B,0.0
REPLACE-BG,balanced_sex_patient_aware_undersampling,sex,patient_aware_undersampling,False,2,TBR_2,C,0.0
REPLACE-BG,balanced_sex_patient_aware_undersampling,sex,patient_aware_undersampling,False,2,TBR_2,D,99.36
REPLACE-BG,balanced_sex_patient_aware_undersampling,sex,patient_aware_undersampling,False,2,TBR_2,E,0.44
REPLACE-BG,balanced_sex_patient_aware_undersampling,sex,patient_aware_undersampling,False,2,TBR_2,A + B,0.2
REPLACE-BG,balanced_sex_patient_aware_undersampling,sex,patient_aware_undersampling,False,2,TBR_2,RMSE,56.66
REPLACE-BG,balanced_sex_patient_aware_undersampling,sex,patient_aware_undersampling,False,2,TBR_2,MSE,3210.12
REPLACE-BG,balanced_sex_patient_aware_undersampling,sex,patient_aware_undersampling,False,2,TBR_2,MAE,53.79
REPLACE-BG,balanced_sex_patient_aware_undersampling,sex,patient_aware_undersampling,False,2,TBR_2,MAPE,1.19
REPLACE-BG,balanced_sex_patient_aware_undersampling,sex,patient_aware_undersampling,False,2,TBR_1,A,0.95
REPLACE-BG,balanced_sex_patient_aware_undersampling,sex,patient_aware_undersampling,False,2,TBR_1,B,0.0
REPLACE-BG,balanced_sex_patient_aware_undersampling,sex,patient_aware_undersampling,False,2,TBR_1,C,0.0
REPLACE-BG,balanced_sex_patient_aware_undersampling,sex,patient_aware_undersampling,False,2,TBR_1,D,98.71
REPLACE-BG,balanced_sex_patient_aware_undersampling,sex,patient_aware_undersampling,False,2,TBR_1,E,0.34
REPLACE-BG,balanced_sex_patient_aware_undersampling,sex,patient_aware_undersampling,False,2,TBR_1,A + B,0.95
REPLACE-BG,balanced_sex_patient_aware_undersampling,sex,patient_aware_undersampling,False,2,TBR_1,RMSE,40.78
REPLACE-BG,balanced_sex_patient_aware_undersampling,sex,patient_aware_undersampling,False,2,TBR_1,MSE,1662.9
REPLACE-BG,balanced_sex_patient_aware_undersampling,sex,patient_aware_undersampling,False,2,TBR_1,MAE,37.63
REPLACE-BG,balanced_sex_patient_aware_undersampling,sex,patient_aware_undersampling,False,2,TBR_1,MAPE,0.61
REPLACE-BG,balanced_sex_patient_aware_undersampling,sex,patient_aware_undersampling,False,2,TIR,A,73.28
REPLACE-BG,balanced_sex_patient_aware_undersampling,sex,patient_aware_undersampling,False,2,TIR,B,26.59
REPLACE-BG,balanced_sex_patient_aware_undersampling,sex,patient_aware_undersampling,False,2,TIR,C,0.12
REPLACE-BG,balanced_sex_patient_aware_undersampling,sex,patient_aware_undersampling,False,2,TIR,D,0.0
REPLACE-BG,balanced_sex_patient_aware_undersampling,sex,patient_aware_undersampling,False,2,TIR,E,0.0
REPLACE-BG,balanced_sex_patient_aware_undersampling,sex,patient_aware_undersampling,False,2,TIR,A + B,99.87
REPLACE-BG,balanced_sex_patient_aware_undersampling,sex,patient_aware_undersampling,False,2,TIR,RMSE,24.85
REPLACE-BG,balanced_sex_patient_aware_undersampling,sex,patient_aware_undersampling,False,2,TIR,MSE,617.51
REPLACE-BG,balanced_sex_patient_aware_undersampling,sex,patient_aware_undersampling,False,2,TIR,MAE,18.5
REPLACE-BG,balanced_sex_patient_aware_undersampling,sex,patient_aware_undersampling,False,2,TIR,MAPE,0.15
REPLACE-BG,balanced_sex_patient_aware_undersampling,sex,patient_aware_undersampling,False,2,TAR_1,A,69.14
REPLACE-BG,balanced_sex_patient_aware_undersampling,sex,patient_aware_undersampling,False,2,TAR_1,B,29.03
REPLACE-BG,balanced_sex_patient_aware_undersampling,sex,patient_aware_undersampling,False,2,TAR_1,C,0.04
REPLACE-BG,balanced_sex_patient_aware_undersampling,sex,patient_aware_undersampling,False,2,TAR_1,D,1.79
REPLACE-BG,balanced_sex_patient_aware_undersampling,sex,patient_aware_undersampling,False,2,TAR_1,E,0.0
REPLACE-BG,balanced_sex_patient_aware_undersampling,sex,patient_aware_undersampling,False,2,TAR_1,A + B,98.17
REPLACE-BG,balanced_sex_patient_aware_undersampling,sex,patient_aware_undersampling,False,2,TAR_1,RMSE,42.97
REPLACE-BG,balanced_sex_patient_aware_undersampling,sex,patient_aware_undersampling,False,2,TAR_1,MSE,1846.34
REPLACE-BG,balanced_sex_patient_aware_undersampling,sex,patient_aware_undersampling,False,2,TAR_1,MAE,34.34
REPLACE-BG,balanced_sex_patient_aware_undersampling,sex,patient_aware_undersampling,False,2,TAR_1,MAPE,0.16
REPLACE-BG,balanced_sex_patient_aware_undersampling,sex,patient_aware_undersampling,False,2,TAR_2,A,58.49
REPLACE-BG,balanced_sex_patient_aware_undersampling,sex,patient_aware_undersampling,False,2,TAR_2,B,32.36
REPLACE-BG,balanced_sex_patient_aware_undersampling,sex,patient_aware_undersampling,False,2,TAR_2,C,0.0
REPLACE-BG,balanced_sex_patient_aware_undersampling,sex,patient_aware_undersampling,False,2,TAR_2,D,9.15
REPLACE-BG,balanced_sex_patient_aware_undersampling,sex,patient_aware_undersampling,False,2,TAR_2,E,0.0
REPLACE-BG,balanced_sex_patient_aware_undersampling,sex,patient_aware_undersampling,False,2,TAR_2,A + B,90.85
REPLACE-BG,balanced_sex_patient_aware_undersampling,sex,patient_aware_undersampling,False,2,TAR_2,RMSE,68.51
REPLACE-BG,balanced_sex_patient_aware_undersampling,sex,patient_aware_undersampling,False,2,TAR_2,MSE,4693.35
REPLACE-BG,balanced_sex_patient_aware_undersampling,sex,patient_aware_undersampling,False,2,TAR_2,MAE,58.33
REPLACE-BG,balanced_sex_patient_aware_undersampling,sex,patient_aware_undersampling,False,2,TAR_2,MAPE,0.2
REPLACE-BG,balanced_sex_patient_aware_undersampling,sex,patient_aware_undersampling,False,2,ENTIRE,A,68.54
REPLACE-BG,balanced_sex_patient_aware_undersampling,sex,patient_aware_undersampling,False,2,ENTIRE,B,26.72
REPLACE-BG,balanced_sex_patient_aware_undersampling,sex,patient_aware_undersampling,False,2,ENTIRE,C,0.09
REPLACE-BG,balanced_sex_patient_aware_undersampling,sex,patient_aware_undersampling,False,2,ENTIRE,D,4.63
REPLACE-BG,balanced_sex_patient_aware_undersampling,sex,patient_aware_undersampling,False,2,ENTIRE,E,0.01
REPLACE-BG,balanced_sex_patient_aware_undersampling,sex,patient_aware_undersampling,False,2,ENTIRE,A + B,95.26
REPLACE-BG,balanced_sex_patient_aware_undersampling,sex,patient_aware_undersampling,False,2,ENTIRE,RMSE,36.05
REPLACE-BG,balanced_sex_patient_aware_undersampling,sex,patient_aware_undersampling,False,2,ENTIRE,MSE,1299.76
REPLACE-BG,balanced_sex_patient_aware_undersampling,sex,patient_aware_undersampling,False,2,ENTIRE,MAE,26.34
REPLACE-BG,balanced_sex_patient_aware_undersampling,sex,patient_aware_undersampling,False,2,ENTIRE,MAPE,0.18
REPLACE-BG,balanced_sex_patient_aware_undersampling,sex,patient_aware_undersampling,False,3,TBR_2,A,0.4
REPLACE-BG,balanced_sex_patient_aware_undersampling,sex,patient_aware_undersampling,False,3,TBR_2,B,0.0
REPLACE-BG,balanced_sex_patient_aware_undersampling,sex,patient_aware_undersampling,False,3,TBR_2,C,0.0
REPLACE-BG,balanced_sex_patient_aware_undersampling,sex,patient_aware_undersampling,False,3,TBR_2,D,99.15
REPLACE-BG,balanced_sex_patient_aware_undersampling,sex,patient_aware_undersampling,False,3,TBR_2,E,0.45
REPLACE-BG,balanced_sex_patient_aware_undersampling,sex,patient_aware_undersampling,False,3,TBR_2,A + B,0.4
REPLACE-BG,balanced_sex_patient_aware_undersampling,sex,patient_aware_undersampling,False,3,TBR_2,RMSE,55.2
REPLACE-BG,balanced_sex_patient_aware_undersampling,sex,patient_aware_undersampling,False,3,TBR_2,MSE,3047.08
REPLACE-BG,balanced_sex_patient_aware_undersampling,sex,patient_aware_undersampling,False,3,TBR_2,MAE,52.28
REPLACE-BG,balanced_sex_patient_aware_undersampling,sex,patient_aware_undersampling,False,3,TBR_2,MAPE,1.16
REPLACE-BG,balanced_sex_patient_aware_undersampling,sex,patient_aware_undersampling,False,3,TBR_1,A,1.55
REPLACE-BG,balanced_sex_patient_aware_undersampling,sex,patient_aware_undersampling,False,3,TBR_1,B,0.0
REPLACE-BG,balanced_sex_patient_aware_undersampling,sex,patient_aware_undersampling,False,3,TBR_1,C,0.0
REPLACE-BG,balanced_sex_patient_aware_undersampling,sex,patient_aware_undersampling,False,3,TBR_1,D,98.07
REPLACE-BG,balanced_sex_patient_aware_undersampling,sex,patient_aware_undersampling,False,3,TBR_1,E,0.38
REPLACE-BG,balanced_sex_patient_aware_undersampling,sex,patient_aware_undersampling,False,3,TBR_1,A + B,1.55
REPLACE-BG,balanced_sex_patient_aware_undersampling,sex,patient_aware_undersampling,False,3,TBR_1,RMSE,40.4
REPLACE-BG,balanced_sex_patient_aware_undersampling,sex,patient_aware_undersampling,False,3,TBR_1,MSE,1631.76
REPLACE-BG,balanced_sex_patient_aware_undersampling,sex,patient_aware_undersampling,False,3,TBR_1,MAE,36.89
REPLACE-BG,balanced_sex_patient_aware_undersampling,sex,patient_aware_undersampling,False,3,TBR_1,MAPE,0.59
REPLACE-BG,balanced_sex_patient_aware_undersampling,sex,patient_aware_undersampling,False,3,TIR,A,72.57
REPLACE-BG,balanced_sex_patient_aware_undersampling,sex,patient_aware_undersampling,False,3,TIR,B,27.28
REPLACE-BG,balanced_sex_patient_aware_undersampling,sex,patient_aware_undersampling,False,3,TIR,C,0.15
REPLACE-BG,balanced_sex_patient_aware_undersampling,sex,patient_aware_undersampling,False,3,TIR,D,0.0
REPLACE-BG,balanced_sex_patient_aware_undersampling,sex,patient_aware_undersampling,False,3,TIR,E,0.0
REPLACE-BG,balanced_sex_patient_aware_undersampling,sex,patient_aware_undersampling,False,3,TIR,A + B,99.85
REPLACE-BG,balanced_sex_patient_aware_undersampling,sex,patient_aware_undersampling,False,3,TIR,RMSE,25.68
REPLACE-BG,balanced_sex_patient_aware_undersampling,sex,patient_aware_undersampling,False,3,TIR,MSE,659.45
REPLACE-BG,balanced_sex_patient_aware_undersampling,sex,patient_aware_undersampling,False,3,TIR,MAE,19.08
REPLACE-BG,balanced_sex_patient_aware_undersampling,sex,patient_aware_undersampling,False,3,TIR,MAPE,0.15
REPLACE-BG,balanced_sex_patient_aware_undersampling,sex,patient_aware_undersampling,False,3,TAR_1,A,69.03
REPLACE-BG,balanced_sex_patient_aware_undersampling,sex,patient_aware_undersampling,False,3,TAR_1,B,29.11
REPLACE-BG,balanced_sex_patient_aware_undersampling,sex,patient_aware_undersampling,False,3,TAR_1,C,0.06
REPLACE-BG,balanced_sex_patient_aware_undersampling,sex,patient_aware_undersampling,False,3,TAR_1,D,1.81
REPLACE-BG,balanced_sex_patient_aware_undersampling,sex,patient_aware_undersampling,False,3,TAR_1,E,0.0
REPLACE-BG,balanced_sex_patient_aware_undersampling,sex,patient_aware_undersampling,False,3,TAR_1,A + B,98.14
REPLACE-BG,balanced_sex_patient_aware_undersampling,sex,patient_aware_undersampling,False,3,TAR_1,RMSE,43.28
REPLACE-BG,balanced_sex_patient_aware_undersampling,sex,patient_aware_undersampling,False,3,TAR_1,MSE,1873.44
REPLACE-BG,balanced_sex_patient_aware_undersampling,sex,patient_aware_undersampling,False,3,TAR_1,MAE,34.59
REPLACE-BG,balanced_sex_patient_aware_undersampling,sex,patient_aware_undersampling,False,3,TAR_1,MAPE,0.16
REPLACE-BG,balanced_sex_patient_aware_undersampling,sex,patient_aware_undersampling,False,3,TAR_2,A,58.51
REPLACE-BG,balanced_sex_patient_aware_undersampling,sex,patient_aware_undersampling,False,3,TAR_2,B,31.7
REPLACE-BG,balanced_sex_patient_aware_undersampling,sex,patient_aware_undersampling,False,3,TAR_2,C,0.0
REPLACE-BG,balanced_sex_patient_aware_undersampling,sex,patient_aware_undersampling,False,3,TAR_2,D,9.79
REPLACE-BG,balanced_sex_patient_aware_undersampling,sex,patient_aware_undersampling,False,3,TAR_2,E,0.0
REPLACE-BG,balanced_sex_patient_aware_undersampling,sex,patient_aware_undersampling,False,3,TAR_2,A + B,90.21
REPLACE-BG,balanced_sex_patient_aware_undersampling,sex,patient_aware_undersampling,False,3,TAR_2,RMSE,68.23
REPLACE-BG,balanced_sex_patient_aware_undersampling,sex,patient_aware_undersampling,False,3,TAR_2,MSE,4655.04
REPLACE-BG,balanced_sex_patient_aware_undersampling,sex,patient_aware_undersampling,False,3,TAR_2,MAE,57.47
REPLACE-BG,balanced_sex_patient_aware_undersampling,sex,patient_aware_undersampling,False,3,TAR_2,MAPE,0.2
REPLACE-BG,balanced_sex_patient_aware_undersampling,sex,patient_aware_undersampling,False,3,ENTIRE,A,67.94
REPLACE-BG,balanced_sex_patient_aware_undersampling,sex,patient_aware_undersampling,False,3,ENTIRE,B,27.2
REPLACE-BG,balanced_sex_patient_aware_undersampling,sex,patient_aware_undersampling,False,3,ENTIRE,C,0.11
REPLACE-BG,balanced_sex_patient_aware_undersampling,sex,patient_aware_undersampling,False,3,ENTIRE,D,4.75
REPLACE-BG,balanced_sex_patient_aware_undersampling,sex,patient_aware_undersampling,False,3,ENTIRE,E,0.01
REPLACE-BG,balanced_sex_patient_aware_undersampling,sex,patient_aware_undersampling,False,3,ENTIRE,A + B,95.14
REPLACE-BG,balanced_sex_patient_aware_undersampling,sex,patient_aware_undersampling,False,3,ENTIRE,RMSE,37.03
REPLACE-BG,balanced_sex_patient_aware_undersampling,sex,patient_aware_undersampling,False,3,ENTIRE,MSE,1371.5
REPLACE-BG,balanced_sex_patient_aware_undersampling,sex,patient_aware_undersampling,False,3,ENTIRE,MAE,27.17
REPLACE-BG,balanced_sex_patient_aware_undersampling,sex,patient_aware_undersampling,False,3,ENTIRE,MAPE,0.18
REPLACE-BG,balanced_sex_patient_aware_undersampling,sex,patient_aware_undersampling,False,4,TBR_2,A,0.0
REPLACE-BG,balanced_sex_patient_aware_undersampling,sex,patient_aware_undersampling,False,4,TBR_2,B,0.0
REPLACE-BG,balanced_sex_patient_aware_undersampling,sex,patient_aware_undersampling,False,4,TBR_2,C,0.0
REPLACE-BG,balanced_sex_patient_aware_undersampling,sex,patient_aware_undersampling,False,4,TBR_2,D,99.22
REPLACE-BG,balanced_sex_patient_aware_undersampling,sex,patient_aware_undersampling,False,4,TBR_2,E,0.78
REPLACE-BG,balanced_sex_patient_aware_undersampling,sex,patient_aware_undersampling,False,4,TBR_2,A + B,0.0
REPLACE-BG,balanced_sex_patient_aware_undersampling,sex,patient_aware_undersampling,False,4,TBR_2,RMSE,58.78
REPLACE-BG,balanced_sex_patient_aware_undersampling,sex,patient_aware_undersampling,False,4,TBR_2,MSE,3455.4
REPLACE-BG,balanced_sex_patient_aware_undersampling,sex,patient_aware_undersampling,False,4,TBR_2,MAE,55.41
REPLACE-BG,balanced_sex_patient_aware_undersampling,sex,patient_aware_undersampling,False,4,TBR_2,MAPE,1.23
REPLACE-BG,balanced_sex_patient_aware_undersampling,sex,patient_aware_undersampling,False,4,TBR_1,A,0.77
REPLACE-BG,balanced_sex_patient_aware_undersampling,sex,patient_aware_undersampling,False,4,TBR_1,B,0.0
REPLACE-BG,balanced_sex_patient_aware_undersampling,sex,patient_aware_undersampling,False,4,TBR_1,C,0.0
REPLACE-BG,balanced_sex_patient_aware_undersampling,sex,patient_aware_undersampling,False,4,TBR_1,D,98.55
REPLACE-BG,balanced_sex_patient_aware_undersampling,sex,patient_aware_undersampling,False,4,TBR_1,E,0.67
REPLACE-BG,balanced_sex_patient_aware_undersampling,sex,patient_aware_undersampling,False,4,TBR_1,A + B,0.77
REPLACE-BG,balanced_sex_patient_aware_undersampling,sex,patient_aware_undersampling,False,4,TBR_1,RMSE,43.14
REPLACE-BG,balanced_sex_patient_aware_undersampling,sex,patient_aware_undersampling,False,4,TBR_1,MSE,1860.84
REPLACE-BG,balanced_sex_patient_aware_undersampling,sex,patient_aware_undersampling,False,4,TBR_1,MAE,38.98
REPLACE-BG,balanced_sex_patient_aware_undersampling,sex,patient_aware_undersampling,False,4,TBR_1,MAPE,0.63
REPLACE-BG,balanced_sex_patient_aware_undersampling,sex,patient_aware_undersampling,False,4,TIR,A,71.74
REPLACE-BG,balanced_sex_patient_aware_undersampling,sex,patient_aware_undersampling,False,4,TIR,B,28.07
REPLACE-BG,balanced_sex_patient_aware_undersampling,sex,patient_aware_undersampling,False,4,TIR,C,0.2
REPLACE-BG,balanced_sex_patient_aware_undersampling,sex,patient_aware_undersampling,False,4,TIR,D,0.0
REPLACE-BG,balanced_sex_patient_aware_undersampling,sex,patient_aware_undersampling,False,4,TIR,E,0.0
REPLACE-BG,balanced_sex_patient_aware_undersampling,sex,patient_aware_undersampling,False,4,TIR,A + B,99.81
REPLACE-BG,balanced_sex_patient_aware_undersampling,sex,patient_aware_undersampling,False,4,TIR,RMSE,26.23
REPLACE-BG,balanced_sex_patient_aware_undersampling,sex,patient_aware_undersampling,False,4,TIR,MSE,687.8
REPLACE-BG,balanced_sex_patient_aware_undersampling,sex,patient_aware_undersampling,False,4,TIR,MAE,19.41
REPLACE-BG,balanced_sex_patient_aware_undersampling,sex,patient_aware_undersampling,False,4,TIR,MAPE,0.16
REPLACE-BG,balanced_sex_patient_aware_undersampling,sex,patient_aware_undersampling,False,4,TAR_1,A,70.22
REPLACE-BG,balanced_sex_patient_aware_undersampling,sex,patient_aware_undersampling,False,4,TAR_1,B,27.89
REPLACE-BG,balanced_sex_patient_aware_undersampling,sex,patient_aware_undersampling,False,4,TAR_1,C,0.04
REPLACE-BG,balanced_sex_patient_aware_undersampling,sex,patient_aware_undersampling,False,4,TAR_1,D,1.85
REPLACE-BG,balanced_sex_patient_aware_undersampling,sex,patient_aware_undersampling,False,4,TAR_1,E,0.0
REPLACE-BG,balanced_sex_patient_aware_undersampling,sex,patient_aware_undersampling,False,4,TAR_1,A + B,98.11
REPLACE-BG,balanced_sex_patient_aware_undersampling,sex,patient_aware_undersampling,False,4,TAR_1,RMSE,42.48
REPLACE-BG,balanced_sex_patient_aware_undersampling,sex,patient_aware_undersampling,False,4,TAR_1,MSE,1804.27
REPLACE-BG,balanced_sex_patient_aware_undersampling,sex,patient_aware_undersampling,False,4,TAR_1,MAE,34.3
REPLACE-BG,balanced_sex_patient_aware_undersampling,sex,patient_aware_undersampling,False,4,TAR_1,MAPE,0.16
REPLACE-BG,balanced_sex_patient_aware_undersampling,sex,patient_aware_undersampling,False,4,TAR_2,A,59.14
REPLACE-BG,balanced_sex_patient_aware_undersampling,sex,patient_aware_undersampling,False,4,TAR_2,B,32.5
REPLACE-BG,balanced_sex_patient_aware_undersampling,sex,patient_aware_undersampling,False,4,TAR_2,C,0.0
REPLACE-BG,balanced_sex_patient_aware_undersampling,sex,patient_aware_undersampling,False,4,TAR_2,D,8.36
REPLACE-BG,balanced_sex_patient_aware_undersampling,sex,patient_aware_undersampling,False,4,TAR_2,E,0.0
REPLACE-BG,balanced_sex_patient_aware_undersampling,sex,patient_aware_undersampling,False,4,TAR_2,A + B,91.64
REPLACE-BG,balanced_sex_patient_aware_undersampling,sex,patient_aware_undersampling,False,4,TAR_2,RMSE,67.13
REPLACE-BG,balanced_sex_patient_aware_undersampling,sex,patient_aware_undersampling,False,4,TAR_2,MSE,4506.63
REPLACE-BG,balanced_sex_patient_aware_undersampling,sex,patient_aware_undersampling,False,4,TAR_2,MAE,57.5
REPLACE-BG,balanced_sex_patient_aware_undersampling,sex,patient_aware_undersampling,False,4,TAR_2,MAPE,0.19
REPLACE-BG,balanced_sex_patient_aware_undersampling,sex,patient_aware_undersampling,False,4,ENTIRE,A,67.47
REPLACE-BG,balanced_sex_patient_aware_undersampling,sex,patient_aware_undersampling,False,4,ENTIRE,B,27.51
REPLACE-BG,balanced_sex_patient_aware_undersampling,sex,patient_aware_undersampling,False,4,ENTIRE,C,0.13
REPLACE-BG,balanced_sex_patient_aware_undersampling,sex,patient_aware_undersampling,False,4,ENTIRE,D,4.87
REPLACE-BG,balanced_sex_patient_aware_undersampling,sex,patient_aware_undersampling,False,4,ENTIRE,E,0.02
REPLACE-BG,balanced_sex_patient_aware_undersampling,sex,patient_aware_undersampling,False,4,ENTIRE,A + B,94.98
REPLACE-BG,balanced_sex_patient_aware_undersampling,sex,patient_aware_undersampling,False,4,ENTIRE,RMSE,37.93
REPLACE-BG,balanced_sex_patient_aware_undersampling,sex,patient_aware_undersampling,False,4,ENTIRE,MSE,1438.61
REPLACE-BG,balanced_sex_patient_aware_undersampling,sex,patient_aware_undersampling,False,4,ENTIRE,MAE,28.14
REPLACE-BG,balanced_sex_patient_aware_undersampling,sex,patient_aware_undersampling,False,4,ENTIRE,MAPE,0.19
REPLACE-BG,balanced_sex_patient_aware_undersampling,sex,patient_aware_undersampling,False,5,TBR_2,A,0.0
REPLACE-BG,balanced_sex_patient_aware_undersampling,sex,patient_aware_undersampling,False,5,TBR_2,B,0.0
REPLACE-BG,balanced_sex_patient_aware_undersampling,sex,patient_aware_undersampling,False,5,TBR_2,C,0.0
REPLACE-BG,balanced_sex_patient_aware_undersampling,sex,patient_aware_undersampling,False,5,TBR_2,D,99.32
REPLACE-BG,balanced_sex_patient_aware_undersampling,sex,patient_aware_undersampling,False,5,TBR_2,E,0.68
REPLACE-BG,balanced_sex_patient_aware_undersampling,sex,patient_aware_undersampling,False,5,TBR_2,A + B,0.0
REPLACE-BG,balanced_sex_patient_aware_undersampling,sex,patient_aware_undersampling,False,5,TBR_2,RMSE,56.94
REPLACE-BG,balanced_sex_patient_aware_undersampling,sex,patient_aware_undersampling,False,5,TBR_2,MSE,3241.62
REPLACE-BG,balanced_sex_patient_aware_undersampling,sex,patient_aware_undersampling,False,5,TBR_2,MAE,53.86
REPLACE-BG,balanced_sex_patient_aware_undersampling,sex,patient_aware_undersampling,False,5,TBR_2,MAPE,1.18
REPLACE-BG,balanced_sex_patient_aware_undersampling,sex,patient_aware_undersampling,False,5,TBR_1,A,0.67
REPLACE-BG,balanced_sex_patient_aware_undersampling,sex,patient_aware_undersampling,False,5,TBR_1,B,0.0
REPLACE-BG,balanced_sex_patient_aware_undersampling,sex,patient_aware_undersampling,False,5,TBR_1,C,0.0
REPLACE-BG,balanced_sex_patient_aware_undersampling,sex,patient_aware_undersampling,False,5,TBR_1,D,98.83
REPLACE-BG,balanced_sex_patient_aware_undersampling,sex,patient_aware_undersampling,False,5,TBR_1,E,0.5
REPLACE-BG,balanced_sex_patient_aware_undersampling,sex,patient_aware_undersampling,False,5,TBR_1,A + B,0.67
REPLACE-BG,balanced_sex_patient_aware_undersampling,sex,patient_aware_undersampling,False,5,TBR_1,RMSE,41.28
REPLACE-BG,balanced_sex_patient_aware_undersampling,sex,patient_aware_undersampling,False,5,TBR_1,MSE,1703.63
REPLACE-BG,balanced_sex_patient_aware_undersampling,sex,patient_aware_undersampling,False,5,TBR_1,MAE,37.53
REPLACE-BG,balanced_sex_patient_aware_undersampling,sex,patient_aware_undersampling,False,5,TBR_1,MAPE,0.6
REPLACE-BG,balanced_sex_patient_aware_undersampling,sex,patient_aware_undersampling,False,5,TIR,A,71.57
REPLACE-BG,balanced_sex_patient_aware_undersampling,sex,patient_aware_undersampling,False,5,TIR,B,28.24
REPLACE-BG,balanced_sex_patient_aware_undersampling,sex,patient_aware_undersampling,False,5,TIR,C,0.18
REPLACE-BG,balanced_sex_patient_aware_undersampling,sex,patient_aware_undersampling,False,5,TIR,D,0.0
REPLACE-BG,balanced_sex_patient_aware_undersampling,sex,patient_aware_undersampling,False,5,TIR,E,0.0
REPLACE-BG,balanced_sex_patient_aware_undersampling,sex,patient_aware_undersampling,False,5,TIR,A + B,99.81
REPLACE-BG,balanced_sex_patient_aware_undersampling,sex,patient_aware_undersampling,False,5,TIR,RMSE,25.97
REPLACE-BG,balanced_sex_patient_aware_undersampling,sex,patient_aware_undersampling,False,5,TIR,MSE,674.47
REPLACE-BG,balanced_sex_patient_aware_undersampling,sex,patient_aware_undersampling,False,5,TIR,MAE,19.1
REPLACE-BG,balanced_sex_patient_aware_undersampling,sex,patient_aware_undersampling,False,5,TIR,MAPE,0.16
REPLACE-BG,balanced_sex_patient_aware_undersampling,sex,patient_aware_undersampling,False,5,TAR_1,A,67.28
REPLACE-BG,balanced_sex_patient_aware_undersampling,sex,patient_aware_undersampling,False,5,TAR_1,B,30.81
REPLACE-BG,balanced_sex_patient_aware_undersampling,sex,patient_aware_undersampling,False,5,TAR_1,C,0.05
REPLACE-BG,balanced_sex_patient_aware_undersampling,sex,patient_aware_undersampling,False,5,TAR_1,D,1.86
REPLACE-BG,balanced_sex_patient_aware_undersampling,sex,patient_aware_undersampling,False,5,TAR_1,E,0.0
REPLACE-BG,balanced_sex_patient_aware_undersampling,sex,patient_aware_undersampling,False,5,TAR_1,A + B,98.09
REPLACE-BG,balanced_sex_patient_aware_undersampling,sex,patient_aware_undersampling,False,5,TAR_1,RMSE,44.69
REPLACE-BG,balanced_sex_patient_aware_undersampling,sex,patient_aware_undersampling,False,5,TAR_1,MSE,1997.29
REPLACE-BG,balanced_sex_patient_aware_undersampling,sex,patient_aware_undersampling,False,5,TAR_1,MAE,35.55
REPLACE-BG,balanced_sex_patient_aware_undersampling,sex,patient_aware_undersampling,False,5,TAR_1,MAPE,0.17
REPLACE-BG,balanced_sex_patient_aware_undersampling,sex,patient_aware_undersampling,False,5,TAR_2,A,56.78
REPLACE-BG,balanced_sex_patient_aware_undersampling,sex,patient_aware_undersampling,False,5,TAR_2,B,32.28
REPLACE-BG,balanced_sex_patient_aware_undersampling,sex,patient_aware_undersampling,False,5,TAR_2,C,0.0
REPLACE-BG,balanced_sex_patient_aware_undersampling,sex,patient_aware_undersampling,False,5,TAR_2,D,10.94
REPLACE-BG,balanced_sex_patient_aware_undersampling,sex,patient_aware_undersampling,False,5,TAR_2,E,0.0
REPLACE-BG,balanced_sex_patient_aware_undersampling,sex,patient_aware_undersampling,False,5,TAR_2,A + B,89.06
REPLACE-BG,balanced_sex_patient_aware_undersampling,sex,patient_aware_undersampling,False,5,TAR_2,RMSE,68.69
REPLACE-BG,balanced_sex_patient_aware_undersampling,sex,patient_aware_undersampling,False,5,TAR_2,MSE,4718.32
REPLACE-BG,balanced_sex_patient_aware_undersampling,sex,patient_aware_undersampling,False,5,TAR_2,MAE,58.23
REPLACE-BG,balanced_sex_patient_aware_undersampling,sex,patient_aware_undersampling,False,5,TAR_2,MAPE,0.2
REPLACE-BG,balanced_sex_patient_aware_undersampling,sex,patient_aware_undersampling,False,5,ENTIRE,A,66.89
REPLACE-BG,balanced_sex_patient_aware_undersampling,sex,patient_aware_undersampling,False,5,ENTIRE,B,28.03
REPLACE-BG,balanced_sex_patient_aware_undersampling,sex,patient_aware_undersampling,False,5,ENTIRE,C,0.13
REPLACE-BG,balanced_sex_patient_aware_undersampling,sex,patient_aware_undersampling,False,5,ENTIRE,D,4.92
REPLACE-BG,balanced_sex_patient_aware_undersampling,sex,patient_aware_undersampling,False,5,ENTIRE,E,0.02
REPLACE-BG,balanced_sex_patient_aware_undersampling,sex,patient_aware_undersampling,False,5,ENTIRE,A + B,94.92
REPLACE-BG,balanced_sex_patient_aware_undersampling,sex,patient_aware_undersampling,False,5,ENTIRE,RMSE,36.17
REPLACE-BG,balanced_sex_patient_aware_undersampling,sex,patient_aware_undersampling,False,5,ENTIRE,MSE,1308.49
REPLACE-BG,balanced_sex_patient_aware_undersampling,sex,patient_aware_undersampling,False,5,ENTIRE,MAE,26.36
REPLACE-BG,balanced_sex_patient_aware_undersampling,sex,patient_aware_undersampling,False,5,ENTIRE,MAPE,0.19
REPLACE-BG,balanced_sex_reference_proportional,sex,reference_proportional,False,1,TBR_2,A,0.0
REPLACE-BG,balanced_sex_reference_proportional,sex,reference_proportional,False,1,TBR_2,B,0.0
REPLACE-BG,balanced_sex_reference_proportional,sex,reference_proportional,False,1,TBR_2,C,0.0
REPLACE-BG,balanced_sex_reference_proportional,sex,reference_proportional,False,1,TBR_2,D,99.47
REPLACE-BG,balanced_sex_reference_proportional,sex,reference_proportional,False,1,TBR_2,E,0.53
REPLACE-BG,balanced_sex_reference_proportional,sex,reference_proportional,False,1,TBR_2,A + B,0.0
REPLACE-BG,balanced_sex_reference_proportional,sex,reference_proportional,False,1,TBR_2,RMSE,56.92
REPLACE-BG,balanced_sex_reference_proportional,sex,reference_proportional,False,1,TBR_2,MSE,3239.97
REPLACE-BG,balanced_sex_reference_proportional,sex,reference_proportional,False,1,TBR_2,MAE,54.25
REPLACE-BG,balanced_sex_reference_proportional,sex,reference_proportional,False,1,TBR_2,MAPE,1.19
REPLACE-BG,balanced_sex_reference_proportional,sex,reference_proportional,False,1,TBR_1,A,0.58
REPLACE-BG,balanced_sex_reference_proportional,sex,reference_proportional,False,1,TBR_1,B,0.0
REPLACE-BG,balanced_sex_reference_proportional,sex,reference_proportional,False,1,TBR_1,C,0.0
REPLACE-BG,balanced_sex_reference_proportional,sex,reference_proportional,False,1,TBR_1,D,98.89
REPLACE-BG,balanced_sex_reference_proportional,sex,reference_proportional,False,1,TBR_1,E,0.53
REPLACE-BG,balanced_sex_reference_proportional,sex,reference_proportional,False,1,TBR_1,A + B,0.58
REPLACE-BG,balanced_sex_reference_proportional,sex,reference_proportional,False,1,TBR_1,RMSE,42.18
REPLACE-BG,balanced_sex_reference_proportional,sex,reference_proportional,False,1,TBR_1,MSE,1778.83
REPLACE-BG,balanced_sex_reference_proportional,sex,reference_proportional,False,1,TBR_1,MAE,38.75
REPLACE-BG,balanced_sex_reference_proportional,sex,reference_proportional,False,1,TBR_1,MAPE,0.63
REPLACE-BG,balanced_sex_reference_proportional,sex,reference_proportional,False,1,TIR,A,71.67
REPLACE-BG,balanced_sex_reference_proportional,sex,reference_proportional,False,1,TIR,B,28.13
REPLACE-BG,balanced_sex_reference_proportional,sex,reference_proportional,False,1,TIR,C,0.19
REPLACE-BG,balanced_sex_reference_proportional,sex,reference_proportional,False,1,TIR,D,0.0
REPLACE-BG,balanced_sex_reference_proportional,sex,reference_proportional,False,1,TIR,E,0.0
REPLACE-BG,balanced_sex_reference_proportional,sex,reference_proportional,False,1,TIR,A + B,99.8
REPLACE-BG,balanced_sex_reference_proportional,sex,reference_proportional,False,1,TIR,RMSE,26.12
REPLACE-BG,balanced_sex_reference_proportional,sex,reference_proportional,False,1,TIR,MSE,682.18
REPLACE-BG,balanced_sex_reference_proportional,sex,reference_proportional,False,1,TIR,MAE,19.35
REPLACE-BG,balanced_sex_reference_proportional,sex,reference_proportional,False,1,TIR,MAPE,0.16
REPLACE-BG,balanced_sex_reference_proportional,sex,reference_proportional,False,1,TAR_1,A,68.37
REPLACE-BG,balanced_sex_reference_proportional,sex,reference_proportional,False,1,TAR_1,B,29.72
REPLACE-BG,balanced_sex_reference_proportional,sex,reference_proportional,False,1,TAR_1,C,0.05
REPLACE-BG,balanced_sex_reference_proportional,sex,reference_proportional,False,1,TAR_1,D,1.86
REPLACE-BG,balanced_sex_reference_proportional,sex,reference_proportional,False,1,TAR_1,E,0.0
REPLACE-BG,balanced_sex_reference_proportional,sex,reference_proportional,False,1,TAR_1,A + B,98.09
REPLACE-BG,balanced_sex_reference_proportional,sex,reference_proportional,False,1,TAR_1,RMSE,44.03
REPLACE-BG,balanced_sex_reference_proportional,sex,reference_proportional,False,1,TAR_1,MSE,1938.65
REPLACE-BG,balanced_sex_reference_proportional,sex,reference_proportional,False,1,TAR_1,MAE,35.02
REPLACE-BG,balanced_sex_reference_proportional,sex,reference_proportional,False,1,TAR_1,MAPE,0.17
REPLACE-BG,balanced_sex_reference_proportional,sex,reference_proportional,False,1,TAR_2,A,60.34
REPLACE-BG,balanced_sex_reference_proportional,sex,reference_proportional,False,1,TAR_2,B,30.88
REPLACE-BG,balanced_sex_reference_proportional,sex,reference_proportional,False,1,TAR_2,C,0.0
REPLACE-BG,balanced_sex_reference_proportional,sex,reference_proportional,False,1,TAR_2,D,8.78
REPLACE-BG,balanced_sex_reference_proportional,sex,reference_proportional,False,1,TAR_2,E,0.0
REPLACE-BG,balanced_sex_reference_proportional,sex,reference_proportional,False,1,TAR_2,A + B,91.22
REPLACE-BG,balanced_sex_reference_proportional,sex,reference_proportional,False,1,TAR_2,RMSE,67.53
REPLACE-BG,balanced_sex_reference_proportional,sex,reference_proportional,False,1,TAR_2,MSE,4560.9
REPLACE-BG,balanced_sex_reference_proportional,sex,reference_proportional,False,1,TAR_2,MAE,57.21
REPLACE-BG,balanced_sex_reference_proportional,sex,reference_proportional,False,1,TAR_2,MAPE,0.19
REPLACE-BG,balanced_sex_reference_proportional,sex,reference_proportional,False,1,ENTIRE,A,67.06
REPLACE-BG,balanced_sex_reference_proportional,sex,reference_proportional,False,1,ENTIRE,B,27.65
REPLACE-BG,balanced_sex_reference_proportional,sex,reference_proportional,False,1,ENTIRE,C,0.13
REPLACE-BG,balanced_sex_reference_proportional,sex,reference_proportional,False,1,ENTIRE,D,5.14
REPLACE-BG,balanced_sex_reference_proportional,sex,reference_proportional,False,1,ENTIRE,E,0.02
REPLACE-BG,balanced_sex_reference_proportional,sex,reference_proportional,False,1,ENTIRE,A + B,94.71
REPLACE-BG,balanced_sex_reference_proportional,sex,reference_proportional,False,1,ENTIRE,RMSE,37.29
REPLACE-BG,balanced_sex_reference_proportional,sex,reference_proportional,False,1,ENTIRE,MSE,1390.34
REPLACE-BG,balanced_sex_reference_proportional,sex,reference_proportional,False,1,ENTIRE,MAE,27.38
REPLACE-BG,balanced_sex_reference_proportional,sex,reference_proportional,False,1,ENTIRE,MAPE,0.19
REPLACE-BG,balanced_sex_reference_proportional,sex,reference_proportional,False,2,TBR_2,A,0.0
REPLACE-BG,balanced_sex_reference_proportional,sex,reference_proportional,False,2,TBR_2,B,0.0
REPLACE-BG,balanced_sex_reference_proportional,sex,reference_proportional,False,2,TBR_2,C,0.0
REPLACE-BG,balanced_sex_reference_proportional,sex,reference_proportional,False,2,TBR_2,D,99.5
REPLACE-BG,balanced_sex_reference_proportional,sex,reference_proportional,False,2,TBR_2,E,0.5
REPLACE-BG,balanced_sex_reference_proportional,sex,reference_proportional,False,2,TBR_2,A + B,0.0
REPLACE-BG,balanced_sex_reference_proportional,sex,reference_proportional,False,2,TBR_2,RMSE,57.58
REPLACE-BG,balanced_sex_reference_proportional,sex,reference_proportional,False,2,TBR_2,MSE,3315.61
REPLACE-BG,balanced_sex_reference_proportional,sex,reference_proportional,False,2,TBR_2,MAE,55.24
REPLACE-BG,balanced_sex_reference_proportional,sex,reference_proportional,False,2,TBR_2,MAPE,1.22
REPLACE-BG,balanced_sex_reference_proportional,sex,reference_proportional,False,2,TBR_1,A,0.0
REPLACE-BG,balanced_sex_reference_proportional,sex,reference_proportional,False,2,TBR_1,B,0.0
REPLACE-BG,balanced_sex_reference_proportional,sex,reference_proportional,False,2,TBR_1,C,0.0
REPLACE-BG,balanced_sex_reference_proportional,sex,reference_proportional,False,2,TBR_1,D,99.63
REPLACE-BG,balanced_sex_reference_proportional,sex,reference_proportional,False,2,TBR_1,E,0.37
REPLACE-BG,balanced_sex_reference_proportional,sex,reference_proportional,False,2,TBR_1,A + B,0.0
REPLACE-BG,balanced_sex_reference_proportional,sex,reference_proportional,False,2,TBR_1,RMSE,41.5
REPLACE-BG,balanced_sex_reference_proportional,sex,reference_proportional,False,2,TBR_1,MSE,1722.03
REPLACE-BG,balanced_sex_reference_proportional,sex,reference_proportional,False,2,TBR_1,MAE,38.75
REPLACE-BG,balanced_sex_reference_proportional,sex,reference_proportional,False,2,TBR_1,MAPE,0.62
REPLACE-BG,balanced_sex_reference_proportional,sex,reference_proportional,False,2,TIR,A,72.84
REPLACE-BG,balanced_sex_reference_proportional,sex,reference_proportional,False,2,TIR,B,27.04
REPLACE-BG,balanced_sex_reference_proportional,sex,reference_proportional,False,2,TIR,C,0.12
REPLACE-BG,balanced_sex_reference_proportional,sex,reference_proportional,False,2,TIR,D,0.0
REPLACE-BG,balanced_sex_reference_proportional,sex,reference_proportional,False,2,TIR,E,0.0
REPLACE-BG,balanced_sex_reference_proportional,sex,reference_proportional,False,2,TIR,A + B,99.88
REPLACE-BG,balanced_sex_reference_proportional,sex,reference_proportional,False,2,TIR,RMSE,24.81
REPLACE-BG,balanced_sex_reference_proportional,sex,reference_proportional,False,2,TIR,MSE,615.71
REPLACE-BG,balanced_sex_reference_proportional,sex,reference_proportional,False,2,TIR,MAE,18.48
REPLACE-BG,balanced_sex_reference_proportional,sex,reference_proportional,False,2,TIR,MAPE,0.15
REPLACE-BG,balanced_sex_reference_proportional,sex,reference_proportional,False,2,TAR_1,A,69.75
REPLACE-BG,balanced_sex_reference_proportional,sex,reference_proportional,False,2,TAR_1,B,28.42
REPLACE-BG,balanced_sex_reference_proportional,sex,reference_proportional,False,2,TAR_1,C,0.03
REPLACE-BG,balanced_sex_reference_proportional,sex,reference_proportional,False,2,TAR_1,D,1.8
REPLACE-BG,balanced_sex_reference_proportional,sex,reference_proportional,False,2,TAR_1,E,0.0
REPLACE-BG,balanced_sex_reference_proportional,sex,reference_proportional,False,2,TAR_1,A + B,98.17
REPLACE-BG,balanced_sex_reference_proportional,sex,reference_proportional,False,2,TAR_1,RMSE,42.67
REPLACE-BG,balanced_sex_reference_proportional,sex,reference_proportional,False,2,TAR_1,MSE,1820.54
REPLACE-BG,balanced_sex_reference_proportional,sex,reference_proportional,False,2,TAR_1,MAE,34.04
REPLACE-BG,balanced_sex_reference_proportional,sex,reference_proportional,False,2,TAR_1,MAPE,0.16
REPLACE-BG,balanced_sex_reference_proportional,sex,reference_proportional,False,2,TAR_2,A,56.49
REPLACE-BG,balanced_sex_reference_proportional,sex,reference_proportional,False,2,TAR_2,B,34.4
REPLACE-BG,balanced_sex_reference_proportional,sex,reference_proportional,False,2,TAR_2,C,0.0
REPLACE-BG,balanced_sex_reference_proportional,sex,reference_proportional,False,2,TAR_2,D,9.11
REPLACE-BG,balanced_sex_reference_proportional,sex,reference_proportional,False,2,TAR_2,E,0.0
REPLACE-BG,balanced_sex_reference_proportional,sex,reference_proportional,False,2,TAR_2,A + B,90.89
REPLACE-BG,balanced_sex_reference_proportional,sex,reference_proportional,False,2,TAR_2,RMSE,69.56
REPLACE-BG,balanced_sex_reference_proportional,sex,reference_proportional,False,2,TAR_2,MSE,4838.97
REPLACE-BG,balanced_sex_reference_proportional,sex,reference_proportional,False,2,TAR_2,MAE,59.83
REPLACE-BG,balanced_sex_reference_proportional,sex,reference_proportional,False,2,TAR_2,MAPE,0.2
REPLACE-BG,balanced_sex_reference_proportional,sex,reference_proportional,False,2,ENTIRE,A,68.18
REPLACE-BG,balanced_sex_reference_proportional,sex,reference_proportional,False,2,ENTIRE,B,27.06
REPLACE-BG,balanced_sex_reference_proportional,sex,reference_proportional,False,2,ENTIRE,C,0.09
REPLACE-BG,balanced_sex_reference_proportional,sex,reference_proportional,False,2,ENTIRE,D,4.66
REPLACE-BG,balanced_sex_reference_proportional,sex,reference_proportional,False,2,ENTIRE,E,0.01
REPLACE-BG,balanced_sex_reference_proportional,sex,reference_proportional,False,2,ENTIRE,A + B,95.24
REPLACE-BG,balanced_sex_reference_proportional,sex,reference_proportional,False,2,ENTIRE,RMSE,36.17
REPLACE-BG,balanced_sex_reference_proportional,sex,reference_proportional,False,2,ENTIRE,MSE,1308.09
REPLACE-BG,balanced_sex_reference_proportional,sex,reference_proportional,False,2,ENTIRE,MAE,26.43
REPLACE-BG,balanced_sex_reference_proportional,sex,reference_proportional,False,2,ENTIRE,MAPE,0.18
REPLACE-BG,balanced_sex_reference_proportional,sex,reference_proportional,False,3,TBR_2,A,0.0
REPLACE-BG,balanced_sex_reference_proportional,sex,reference_proportional,False,3,TBR_2,B,0.0
REPLACE-BG,balanced_sex_reference_proportional,sex,reference_proportional,False,3,TBR_2,C,0.0
REPLACE-BG,balanced_sex_reference_proportional,sex,reference_proportional,False,3,TBR_2,D,99.57
REPLACE-BG,balanced_sex_reference_proportional,sex,reference_proportional,False,3,TBR_2,E,0.43
REPLACE-BG,balanced_sex_reference_proportional,sex,reference_proportional,False,3,TBR_2,A + B,0.0
REPLACE-BG,balanced_sex_reference_proportional,sex,reference_proportional,False,3,TBR_2,RMSE,56.58
REPLACE-BG,balanced_sex_reference_proportional,sex,reference_proportional,False,3,TBR_2,MSE,3201.38
REPLACE-BG,balanced_sex_reference_proportional,sex,reference_proportional,False,3,TBR_2,MAE,54.11
REPLACE-BG,balanced_sex_reference_proportional,sex,reference_proportional,False,3,TBR_2,MAPE,1.2
REPLACE-BG,balanced_sex_reference_proportional,sex,reference_proportional,False,3,TBR_1,A,0.47
REPLACE-BG,balanced_sex_reference_proportional,sex,reference_proportional,False,3,TBR_1,B,0.0
REPLACE-BG,balanced_sex_reference_proportional,sex,reference_proportional,False,3,TBR_1,C,0.0
REPLACE-BG,balanced_sex_reference_proportional,sex,reference_proportional,False,3,TBR_1,D,99.17
REPLACE-BG,balanced_sex_reference_proportional,sex,reference_proportional,False,3,TBR_1,E,0.36
REPLACE-BG,balanced_sex_reference_proportional,sex,reference_proportional,False,3,TBR_1,A + B,0.47
REPLACE-BG,balanced_sex_reference_proportional,sex,reference_proportional,False,3,TBR_1,RMSE,41.39
REPLACE-BG,balanced_sex_reference_proportional,sex,reference_proportional,False,3,TBR_1,MSE,1713.12
REPLACE-BG,balanced_sex_reference_proportional,sex,reference_proportional,False,3,TBR_1,MAE,38.31
REPLACE-BG,balanced_sex_reference_proportional,sex,reference_proportional,False,3,TBR_1,MAPE,0.62
REPLACE-BG,balanced_sex_reference_proportional,sex,reference_proportional,False,3,TIR,A,72.64
REPLACE-BG,balanced_sex_reference_proportional,sex,reference_proportional,False,3,TIR,B,27.24
REPLACE-BG,balanced_sex_reference_proportional,sex,reference_proportional,False,3,TIR,C,0.13
REPLACE-BG,balanced_sex_reference_proportional,sex,reference_proportional,False,3,TIR,D,0.0
REPLACE-BG,balanced_sex_reference_proportional,sex,reference_proportional,False,3,TIR,E,0.0
REPLACE-BG,balanced_sex_reference_proportional,sex,reference_proportional,False,3,TIR,A + B,99.88
REPLACE-BG,balanced_sex_reference_proportional,sex,reference_proportional,False,3,TIR,RMSE,25.27
REPLACE-BG,balanced_sex_reference_proportional,sex,reference_proportional,False,3,TIR,MSE,638.81
REPLACE-BG,balanced_sex_reference_proportional,sex,reference_proportional,False,3,TIR,MAE,18.87
REPLACE-BG,balanced_sex_reference_proportional,sex,reference_proportional,False,3,TIR,MAPE,0.15
REPLACE-BG,balanced_sex_reference_proportional,sex,reference_proportional,False,3,TAR_1,A,68.37
REPLACE-BG,balanced_sex_reference_proportional,sex,reference_proportional,False,3,TAR_1,B,29.71
REPLACE-BG,balanced_sex_reference_proportional,sex,reference_proportional,False,3,TAR_1,C,0.04
REPLACE-BG,balanced_sex_reference_proportional,sex,reference_proportional,False,3,TAR_1,D,1.88
REPLACE-BG,balanced_sex_reference_proportional,sex,reference_proportional,False,3,TAR_1,E,0.0
REPLACE-BG,balanced_sex_reference_proportional,sex,reference_proportional,False,3,TAR_1,A + B,98.08
REPLACE-BG,balanced_sex_reference_proportional,sex,reference_proportional,False,3,TAR_1,RMSE,43.47
REPLACE-BG,balanced_sex_reference_proportional,sex,reference_proportional,False,3,TAR_1,MSE,1889.62
REPLACE-BG,balanced_sex_reference_proportional,sex,reference_proportional,False,3,TAR_1,MAE,34.96
REPLACE-BG,balanced_sex_reference_proportional,sex,reference_proportional,False,3,TAR_1,MAPE,0.17
REPLACE-BG,balanced_sex_reference_proportional,sex,reference_proportional,False,3,TAR_2,A,55.09
REPLACE-BG,balanced_sex_reference_proportional,sex,reference_proportional,False,3,TAR_2,B,34.6
REPLACE-BG,balanced_sex_reference_proportional,sex,reference_proportional,False,3,TAR_2,C,0.0
REPLACE-BG,balanced_sex_reference_proportional,sex,reference_proportional,False,3,TAR_2,D,10.31
REPLACE-BG,balanced_sex_reference_proportional,sex,reference_proportional,False,3,TAR_2,E,0.0
REPLACE-BG,balanced_sex_reference_proportional,sex,reference_proportional,False,3,TAR_2,A + B,89.69
REPLACE-BG,balanced_sex_reference_proportional,sex,reference_proportional,False,3,TAR_2,RMSE,70.39
REPLACE-BG,balanced_sex_reference_proportional,sex,reference_proportional,False,3,TAR_2,MSE,4954.73
REPLACE-BG,balanced_sex_reference_proportional,sex,reference_proportional,False,3,TAR_2,MAE,60.14
REPLACE-BG,balanced_sex_reference_proportional,sex,reference_proportional,False,3,TAR_2,MAPE,0.2
REPLACE-BG,balanced_sex_reference_proportional,sex,reference_proportional,False,3,ENTIRE,A,67.47
REPLACE-BG,balanced_sex_reference_proportional,sex,reference_proportional,False,3,ENTIRE,B,27.58
REPLACE-BG,balanced_sex_reference_proportional,sex,reference_proportional,False,3,ENTIRE,C,0.09
REPLACE-BG,balanced_sex_reference_proportional,sex,reference_proportional,False,3,ENTIRE,D,4.85
REPLACE-BG,balanced_sex_reference_proportional,sex,reference_proportional,False,3,ENTIRE,E,0.01
REPLACE-BG,balanced_sex_reference_proportional,sex,reference_proportional,False,3,ENTIRE,A + B,95.05
REPLACE-BG,balanced_sex_reference_proportional,sex,reference_proportional,False,3,ENTIRE,RMSE,37.33
REPLACE-BG,balanced_sex_reference_proportional,sex,reference_proportional,False,3,ENTIRE,MSE,1393.57
REPLACE-BG,balanced_sex_reference_proportional,sex,reference_proportional,False,3,ENTIRE,MAE,27.43
REPLACE-BG,balanced_sex_reference_proportional,sex,reference_proportional,False,3,ENTIRE,MAPE,0.18
REPLACE-BG,balanced_sex_reference_proportional,sex,reference_proportional,False,4,TBR_2,A,0.0
REPLACE-BG,balanced_sex_reference_proportional,sex,reference_proportional,False,4,TBR_2,B,0.0
REPLACE-BG,balanced_sex_reference_proportional,sex,reference_proportional,False,4,TBR_2,C,0.0
REPLACE-BG,balanced_sex_reference_proportional,sex,reference_proportional,False,4,TBR_2,D,99.17
REPLACE-BG,balanced_sex_reference_proportional,sex,reference_proportional,False,4,TBR_2,E,0.83
REPLACE-BG,balanced_sex_reference_proportional,sex,reference_proportional,False,4,TBR_2,A + B,0.0
REPLACE-BG,balanced_sex_reference_proportional,sex,reference_proportional,False,4,TBR_2,RMSE,56.79
REPLACE-BG,balanced_sex_reference_proportional,sex,reference_proportional,False,4,TBR_2,MSE,3224.95
REPLACE-BG,balanced_sex_reference_proportional,sex,reference_proportional,False,4,TBR_2,MAE,53.12
REPLACE-BG,balanced_sex_reference_proportional,sex,reference_proportional,False,4,TBR_2,MAPE,1.17
REPLACE-BG,balanced_sex_reference_proportional,sex,reference_proportional,False,4,TBR_1,A,1.37
REPLACE-BG,balanced_sex_reference_proportional,sex,reference_proportional,False,4,TBR_1,B,0.0
REPLACE-BG,balanced_sex_reference_proportional,sex,reference_proportional,False,4,TBR_1,C,0.0
REPLACE-BG,balanced_sex_reference_proportional,sex,reference_proportional,False,4,TBR_1,D,97.94
REPLACE-BG,balanced_sex_reference_proportional,sex,reference_proportional,False,4,TBR_1,E,0.69
REPLACE-BG,balanced_sex_reference_proportional,sex,reference_proportional,False,4,TBR_1,A + B,1.37
REPLACE-BG,balanced_sex_reference_proportional,sex,reference_proportional,False,4,TBR_1,RMSE,41.48
REPLACE-BG,balanced_sex_reference_proportional,sex,reference_proportional,False,4,TBR_1,MSE,1720.8
REPLACE-BG,balanced_sex_reference_proportional,sex,reference_proportional,False,4,TBR_1,MAE,36.97
REPLACE-BG,balanced_sex_reference_proportional,sex,reference_proportional,False,4,TBR_1,MAPE,0.6
REPLACE-BG,balanced_sex_reference_proportional,sex,reference_proportional,False,4,TIR,A,72.03
REPLACE-BG,balanced_sex_reference_proportional,sex,reference_proportional,False,4,TIR,B,27.77
REPLACE-BG,balanced_sex_reference_proportional,sex,reference_proportional,False,4,TIR,C,0.2
REPLACE-BG,balanced_sex_reference_proportional,sex,reference_proportional,False,4,TIR,D,0.0
REPLACE-BG,balanced_sex_reference_proportional,sex,reference_proportional,False,4,TIR,E,0.0
REPLACE-BG,balanced_sex_reference_proportional,sex,reference_proportional,False,4,TIR,A + B,99.8
REPLACE-BG,balanced_sex_reference_proportional,sex,reference_proportional,False,4,TIR,RMSE,26.4
REPLACE-BG,balanced_sex_reference_proportional,sex,reference_proportional,False,4,TIR,MSE,696.72
REPLACE-BG,balanced_sex_reference_proportional,sex,reference_proportional,False,4,TIR,MAE,19.44
REPLACE-BG,balanced_sex_reference_proportional,sex,reference_proportional,False,4,TIR,MAPE,0.16
REPLACE-BG,balanced_sex_reference_proportional,sex,reference_proportional,False,4,TAR_1,A,70.74
REPLACE-BG,balanced_sex_reference_proportional,sex,reference_proportional,False,4,TAR_1,B,27.44
REPLACE-BG,balanced_sex_reference_proportional,sex,reference_proportional,False,4,TAR_1,C,0.04
REPLACE-BG,balanced_sex_reference_proportional,sex,reference_proportional,False,4,TAR_1,D,1.78
REPLACE-BG,balanced_sex_reference_proportional,sex,reference_proportional,False,4,TAR_1,E,0.0
REPLACE-BG,balanced_sex_reference_proportional,sex,reference_proportional,False,4,TAR_1,A + B,98.18
REPLACE-BG,balanced_sex_reference_proportional,sex,reference_proportional,False,4,TAR_1,RMSE,42.27
REPLACE-BG,balanced_sex_reference_proportional,sex,reference_proportional,False,4,TAR_1,MSE,1786.69
REPLACE-BG,balanced_sex_reference_proportional,sex,reference_proportional,False,4,TAR_1,MAE,33.77
REPLACE-BG,balanced_sex_reference_proportional,sex,reference_proportional,False,4,TAR_1,MAPE,0.16
REPLACE-BG,balanced_sex_reference_proportional,sex,reference_proportional,False,4,TAR_2,A,61.04
REPLACE-BG,balanced_sex_reference_proportional,sex,reference_proportional,False,4,TAR_2,B,30.76
REPLACE-BG,balanced_sex_reference_proportional,sex,reference_proportional,False,4,TAR_2,C,0.0
REPLACE-BG,balanced_sex_reference_proportional,sex,reference_proportional,False,4,TAR_2,D,8.2
REPLACE-BG,balanced_sex_reference_proportional,sex,reference_proportional,False,4,TAR_2,E,0.0
REPLACE-BG,balanced_sex_reference_proportional,sex,reference_proportional,False,4,TAR_2,A + B,91.8
REPLACE-BG,balanced_sex_reference_proportional,sex,reference_proportional,False,4,TAR_2,RMSE,66.13
REPLACE-BG,balanced_sex_reference_proportional,sex,reference_proportional,False,4,TAR_2,MSE,4372.93
REPLACE-BG,balanced_sex_reference_proportional,sex,reference_proportional,False,4,TAR_2,MAE,56.09
REPLACE-BG,balanced_sex_reference_proportional,sex,reference_proportional,False,4,TAR_2,MAPE,0.19
REPLACE-BG,balanced_sex_reference_proportional,sex,reference_proportional,False,4,ENTIRE,A,68.0
REPLACE-BG,balanced_sex_reference_proportional,sex,reference_proportional,False,4,ENTIRE,B,27.02
REPLACE-BG,balanced_sex_reference_proportional,sex,reference_proportional,False,4,ENTIRE,C,0.13
REPLACE-BG,balanced_sex_reference_proportional,sex,reference_proportional,False,4,ENTIRE,D,4.82
REPLACE-BG,balanced_sex_reference_proportional,sex,reference_proportional,False,4,ENTIRE,E,0.03
REPLACE-BG,balanced_sex_reference_proportional,sex,reference_proportional,False,4,ENTIRE,A + B,95.02
REPLACE-BG,balanced_sex_reference_proportional,sex,reference_proportional,False,4,ENTIRE,RMSE,37.67
REPLACE-BG,balanced_sex_reference_proportional,sex,reference_proportional,False,4,ENTIRE,MSE,1419.35
REPLACE-BG,balanced_sex_reference_proportional,sex,reference_proportional,False,4,ENTIRE,MAE,27.79
REPLACE-BG,balanced_sex_reference_proportional,sex,reference_proportional,False,4,ENTIRE,MAPE,0.18
REPLACE-BG,balanced_sex_reference_proportional,sex,reference_proportional,False,5,TBR_2,A,0.0
REPLACE-BG,balanced_sex_reference_proportional,sex,reference_proportional,False,5,TBR_2,B,0.0
REPLACE-BG,balanced_sex_reference_proportional,sex,reference_proportional,False,5,TBR_2,C,0.0
REPLACE-BG,balanced_sex_reference_proportional,sex,reference_proportional,False,5,TBR_2,D,99.26
REPLACE-BG,balanced_sex_reference_proportional,sex,reference_proportional,False,5,TBR_2,E,0.74
REPLACE-BG,balanced_sex_reference_proportional,sex,reference_proportional,False,5,TBR_2,A + B,0.0
REPLACE-BG,balanced_sex_reference_proportional,sex,reference_proportional,False,5,TBR_2,RMSE,58.16
REPLACE-BG,balanced_sex_reference_proportional,sex,reference_proportional,False,5,TBR_2,MSE,3382.42
REPLACE-BG,balanced_sex_reference_proportional,sex,reference_proportional,False,5,TBR_2,MAE,55.36
REPLACE-BG,balanced_sex_reference_proportional,sex,reference_proportional,False,5,TBR_2,MAPE,1.22
REPLACE-BG,balanced_sex_reference_proportional,sex,reference_proportional,False,5,TBR_1,A,0.0
REPLACE-BG,balanced_sex_reference_proportional,sex,reference_proportional,False,5,TBR_1,B,0.0
REPLACE-BG,balanced_sex_reference_proportional,sex,reference_proportional,False,5,TBR_1,C,0.0
REPLACE-BG,balanced_sex_reference_proportional,sex,reference_proportional,False,5,TBR_1,D,99.43
REPLACE-BG,balanced_sex_reference_proportional,sex,reference_proportional,False,5,TBR_1,E,0.57
REPLACE-BG,balanced_sex_reference_proportional,sex,reference_proportional,False,5,TBR_1,A + B,0.0
REPLACE-BG,balanced_sex_reference_proportional,sex,reference_proportional,False,5,TBR_1,RMSE,42.61
REPLACE-BG,balanced_sex_reference_proportional,sex,reference_proportional,False,5,TBR_1,MSE,1815.75
REPLACE-BG,balanced_sex_reference_proportional,sex,reference_proportional,False,5,TBR_1,MAE,39.24
REPLACE-BG,balanced_sex_reference_proportional,sex,reference_proportional,False,5,TBR_1,MAPE,0.63
REPLACE-BG,balanced_sex_reference_proportional,sex,reference_proportional,False,5,TIR,A,70.73
REPLACE-BG,balanced_sex_reference_proportional,sex,reference_proportional,False,5,TIR,B,29.09
REPLACE-BG,balanced_sex_reference_proportional,sex,reference_proportional,False,5,TIR,C,0.18
REPLACE-BG,balanced_sex_reference_proportional,sex,reference_proportional,False,5,TIR,D,0.0
REPLACE-BG,balanced_sex_reference_proportional,sex,reference_proportional,False,5,TIR,E,0.0
REPLACE-BG,balanced_sex_reference_proportional,sex,reference_proportional,False,5,TIR,A + B,99.82
REPLACE-BG,balanced_sex_reference_proportional,sex,reference_proportional,False,5,TIR,RMSE,26.06
REPLACE-BG,balanced_sex_reference_proportional,sex,reference_proportional,False,5,TIR,MSE,679.27
REPLACE-BG,balanced_sex_reference_proportional,sex,reference_proportional,False,5,TIR,MAE,19.32
REPLACE-BG,balanced_sex_reference_proportional,sex,reference_proportional,False,5,TIR,MAPE,0.16
REPLACE-BG,balanced_sex_reference_proportional,sex,reference_proportional,False,5,TAR_1,A,66.87
REPLACE-BG,balanced_sex_reference_proportional,sex,reference_proportional,False,5,TAR_1,B,31.23
REPLACE-BG,balanced_sex_reference_proportional,sex,reference_proportional,False,5,TAR_1,C,0.02
REPLACE-BG,balanced_sex_reference_proportional,sex,reference_proportional,False,5,TAR_1,D,1.88
REPLACE-BG,balanced_sex_reference_proportional,sex,reference_proportional,False,5,TAR_1,E,0.0
REPLACE-BG,balanced_sex_reference_proportional,sex,reference_proportional,False,5,TAR_1,A + B,98.1
REPLACE-BG,balanced_sex_reference_proportional,sex,reference_proportional,False,5,TAR_1,RMSE,44.84
REPLACE-BG,balanced_sex_reference_proportional,sex,reference_proportional,False,5,TAR_1,MSE,2010.35
REPLACE-BG,balanced_sex_reference_proportional,sex,reference_proportional,False,5,TAR_1,MAE,35.79
REPLACE-BG,balanced_sex_reference_proportional,sex,reference_proportional,False,5,TAR_1,MAPE,0.17
REPLACE-BG,balanced_sex_reference_proportional,sex,reference_proportional,False,5,TAR_2,A,55.63
REPLACE-BG,balanced_sex_reference_proportional,sex,reference_proportional,False,5,TAR_2,B,33.41
REPLACE-BG,balanced_sex_reference_proportional,sex,reference_proportional,False,5,TAR_2,C,0.0
REPLACE-BG,balanced_sex_reference_proportional,sex,reference_proportional,False,5,TAR_2,D,10.96
REPLACE-BG,balanced_sex_reference_proportional,sex,reference_proportional,False,5,TAR_2,E,0.0
REPLACE-BG,balanced_sex_reference_proportional,sex,reference_proportional,False,5,TAR_2,A + B,89.04
REPLACE-BG,balanced_sex_reference_proportional,sex,reference_proportional,False,5,TAR_2,RMSE,69.17
REPLACE-BG,balanced_sex_reference_proportional,sex,reference_proportional,False,5,TAR_2,MSE,4784.98
REPLACE-BG,balanced_sex_reference_proportional,sex,reference_proportional,False,5,TAR_2,MAE,58.71
REPLACE-BG,balanced_sex_reference_proportional,sex,reference_proportional,False,5,TAR_2,MAPE,0.2
REPLACE-BG,balanced_sex_reference_proportional,sex,reference_proportional,False,5,ENTIRE,A,66.13
REPLACE-BG,balanced_sex_reference_proportional,sex,reference_proportional,False,5,ENTIRE,B,28.77
REPLACE-BG,balanced_sex_reference_proportional,sex,reference_proportional,False,5,ENTIRE,C,0.13
REPLACE-BG,balanced_sex_reference_proportional,sex,reference_proportional,False,5,ENTIRE,D,4.95
REPLACE-BG,balanced_sex_reference_proportional,sex,reference_proportional,False,5,ENTIRE,E,0.02
REPLACE-BG,balanced_sex_reference_proportional,sex,reference_proportional,False,5,ENTIRE,A + B,94.9
REPLACE-BG,balanced_sex_reference_proportional,sex,reference_proportional,False,5,ENTIRE,RMSE,36.39
REPLACE-BG,balanced_sex_reference_proportional,sex,reference_proportional,False,5,ENTIRE,MSE,1323.87
REPLACE-BG,balanced_sex_reference_proportional,sex,reference_proportional,False,5,ENTIRE,MAE,26.66
REPLACE-BG,balanced_sex_reference_proportional,sex,reference_proportional,False,5,ENTIRE,MAPE,0.19
REPLACE-BG,balanced_sex_smote,sex,smote,False,1,TBR_2,A,0.0
REPLACE-BG,balanced_sex_smote,sex,smote,False,1,TBR_2,B,0.0
REPLACE-BG,balanced_sex_smote,sex,smote,False,1,TBR_2,C,0.0
REPLACE-BG,balanced_sex_smote,sex,smote,False,1,TBR_2,D,99.5
REPLACE-BG,balanced_sex_smote,sex,smote,False,1,TBR_2,E,0.5
REPLACE-BG,balanced_sex_smote,sex,smote,False,1,TBR_2,A + B,0.0
REPLACE-BG,balanced_sex_smote,sex,smote,False,1,TBR_2,RMSE,55.47
REPLACE-BG,balanced_sex_smote,sex,smote,False,1,TBR_2,MSE,3076.78
REPLACE-BG,balanced_sex_smote,sex,smote,False,1,TBR_2,MAE,52.76
REPLACE-BG,balanced_sex_smote,sex,smote,False,1,TBR_2,MAPE,1.16
REPLACE-BG,balanced_sex_smote,sex,smote,False,1,TBR_1,A,0.55
REPLACE-BG,balanced_sex_smote,sex,smote,False,1,TBR_1,B,0.0
REPLACE-BG,balanced_sex_smote,sex,smote,False,1,TBR_1,C,0.0
REPLACE-BG,balanced_sex_smote,sex,smote,False,1,TBR_1,D,99.01
REPLACE-BG,balanced_sex_smote,sex,smote,False,1,TBR_1,E,0.44
REPLACE-BG,balanced_sex_smote,sex,smote,False,1,TBR_1,A + B,0.55
REPLACE-BG,balanced_sex_smote,sex,smote,False,1,TBR_1,RMSE,40.78
REPLACE-BG,balanced_sex_smote,sex,smote,False,1,TBR_1,MSE,1662.83
REPLACE-BG,balanced_sex_smote,sex,smote,False,1,TBR_1,MAE,37.08
REPLACE-BG,balanced_sex_smote,sex,smote,False,1,TBR_1,MAPE,0.6
REPLACE-BG,balanced_sex_smote,sex,smote,False,1,TIR,A,72.19
REPLACE-BG,balanced_sex_smote,sex,smote,False,1,TIR,B,27.64
REPLACE-BG,balanced_sex_smote,sex,smote,False,1,TIR,C,0.16
REPLACE-BG,balanced_sex_smote,sex,smote,False,1,TIR,D,0.0
REPLACE-BG,balanced_sex_smote,sex,smote,False,1,TIR,E,0.0
REPLACE-BG,balanced_sex_smote,sex,smote,False,1,TIR,A + B,99.83
REPLACE-BG,balanced_sex_smote,sex,smote,False,1,TIR,RMSE,25.9
REPLACE-BG,balanced_sex_smote,sex,smote,False,1,TIR,MSE,670.65
REPLACE-BG,balanced_sex_smote,sex,smote,False,1,TIR,MAE,19.13
REPLACE-BG,balanced_sex_smote,sex,smote,False,1,TIR,MAPE,0.16
REPLACE-BG,balanced_sex_smote,sex,smote,False,1,TAR_1,A,68.55
REPLACE-BG,balanced_sex_smote,sex,smote,False,1,TAR_1,B,29.51
REPLACE-BG,balanced_sex_smote,sex,smote,False,1,TAR_1,C,0.04
REPLACE-BG,balanced_sex_smote,sex,smote,False,1,TAR_1,D,1.9
REPLACE-BG,balanced_sex_smote,sex,smote,False,1,TAR_1,E,0.0
REPLACE-BG,balanced_sex_smote,sex,smote,False,1,TAR_1,A + B,98.06
REPLACE-BG,balanced_sex_smote,sex,smote,False,1,TAR_1,RMSE,43.91
REPLACE-BG,balanced_sex_smote,sex,smote,False,1,TAR_1,MSE,1928.32
REPLACE-BG,balanced_sex_smote,sex,smote,False,1,TAR_1,MAE,34.98
REPLACE-BG,balanced_sex_smote,sex,smote,False,1,TAR_1,MAPE,0.17
REPLACE-BG,balanced_sex_smote,sex,smote,False,1,TAR_2,A,56.68
REPLACE-BG,balanced_sex_smote,sex,smote,False,1,TAR_2,B,34.3
REPLACE-BG,balanced_sex_smote,sex,smote,False,1,TAR_2,C,0.0
REPLACE-BG,balanced_sex_smote,sex,smote,False,1,TAR_2,D,9.02
REPLACE-BG,balanced_sex_smote,sex,smote,False,1,TAR_2,E,0.0
REPLACE-BG,balanced_sex_smote,sex,smote,False,1,TAR_2,A + B,90.98
REPLACE-BG,balanced_sex_smote,sex,smote,False,1,TAR_2,RMSE,69.53
REPLACE-BG,balanced_sex_smote,sex,smote,False,1,TAR_2,MSE,4834.01
REPLACE-BG,balanced_sex_smote,sex,smote,False,1,TAR_2,MAE,59.75
REPLACE-BG,balanced_sex_smote,sex,smote,False,1,TAR_2,MAPE,0.2
REPLACE-BG,balanced_sex_smote,sex,smote,False,1,ENTIRE,A,67.09
REPLACE-BG,balanced_sex_smote,sex,smote,False,1,ENTIRE,B,27.61
REPLACE-BG,balanced_sex_smote,sex,smote,False,1,ENTIRE,C,0.11
REPLACE-BG,balanced_sex_smote,sex,smote,False,1,ENTIRE,D,5.17
REPLACE-BG,balanced_sex_smote,sex,smote,False,1,ENTIRE,E,0.02
REPLACE-BG,balanced_sex_smote,sex,smote,False,1,ENTIRE,A + B,94.7
REPLACE-BG,balanced_sex_smote,sex,smote,False,1,ENTIRE,RMSE,37.44
REPLACE-BG,balanced_sex_smote,sex,smote,False,1,ENTIRE,MSE,1401.46
REPLACE-BG,balanced_sex_smote,sex,smote,False,1,ENTIRE,MAE,27.41
REPLACE-BG,balanced_sex_smote,sex,smote,False,1,ENTIRE,MAPE,0.19
REPLACE-BG,balanced_sex_smote,sex,smote,False,2,TBR_2,A,0.0
REPLACE-BG,balanced_sex_smote,sex,smote,False,2,TBR_2,B,0.0
REPLACE-BG,balanced_sex_smote,sex,smote,False,2,TBR_2,C,0.0
REPLACE-BG,balanced_sex_smote,sex,smote,False,2,TBR_2,D,99.5
REPLACE-BG,balanced_sex_smote,sex,smote,False,2,TBR_2,E,0.5
REPLACE-BG,balanced_sex_smote,sex,smote,False,2,TBR_2,A + B,0.0
REPLACE-BG,balanced_sex_smote,sex,smote,False,2,TBR_2,RMSE,55.65
REPLACE-BG,balanced_sex_smote,sex,smote,False,2,TBR_2,MSE,3097.08
REPLACE-BG,balanced_sex_smote,sex,smote,False,2,TBR_2,MAE,52.84
REPLACE-BG,balanced_sex_smote,sex,smote,False,2,TBR_2,MAPE,1.17
REPLACE-BG,balanced_sex_smote,sex,smote,False,2,TBR_1,A,0.17
REPLACE-BG,balanced_sex_smote,sex,smote,False,2,TBR_1,B,0.0
REPLACE-BG,balanced_sex_smote,sex,smote,False,2,TBR_1,C,0.0
REPLACE-BG,balanced_sex_smote,sex,smote,False,2,TBR_1,D,99.47
REPLACE-BG,balanced_sex_smote,sex,smote,False,2,TBR_1,E,0.36
REPLACE-BG,balanced_sex_smote,sex,smote,False,2,TBR_1,A + B,0.17
REPLACE-BG,balanced_sex_smote,sex,smote,False,2,TBR_1,RMSE,39.72
REPLACE-BG,balanced_sex_smote,sex,smote,False,2,TBR_1,MSE,1577.61
REPLACE-BG,balanced_sex_smote,sex,smote,False,2,TBR_1,MAE,36.5
REPLACE-BG,balanced_sex_smote,sex,smote,False,2,TBR_1,MAPE,0.59
REPLACE-BG,balanced_sex_smote,sex,smote,False,2,TIR,A,73.23
REPLACE-BG,balanced_sex_smote,sex,smote,False,2,TIR,B,26.63
REPLACE-BG,balanced_sex_smote,sex,smote,False,2,TIR,C,0.13
REPLACE-BG,balanced_sex_smote,sex,smote,False,2,TIR,D,0.0
REPLACE-BG,balanced_sex_smote,sex,smote,False,2,TIR,E,0.0
REPLACE-BG,balanced_sex_smote,sex,smote,False,2,TIR,A + B,99.86
REPLACE-BG,balanced_sex_smote,sex,smote,False,2,TIR,RMSE,25.02
REPLACE-BG,balanced_sex_smote,sex,smote,False,2,TIR,MSE,625.89
REPLACE-BG,balanced_sex_smote,sex,smote,False,2,TIR,MAE,18.53
REPLACE-BG,balanced_sex_smote,sex,smote,False,2,TIR,MAPE,0.15
REPLACE-BG,balanced_sex_smote,sex,smote,False,2,TAR_1,A,69.54
REPLACE-BG,balanced_sex_smote,sex,smote,False,2,TAR_1,B,28.66
REPLACE-BG,balanced_sex_smote,sex,smote,False,2,TAR_1,C,0.04
REPLACE-BG,balanced_sex_smote,sex,smote,False,2,TAR_1,D,1.77
REPLACE-BG,balanced_sex_smote,sex,smote,False,2,TAR_1,E,0.0
REPLACE-BG,balanced_sex_smote,sex,smote,False,2,TAR_1,A + B,98.2
REPLACE-BG,balanced_sex_smote,sex,smote,False,2,TAR_1,RMSE,42.87
REPLACE-BG,balanced_sex_smote,sex,smote,False,2,TAR_1,MSE,1837.64
REPLACE-BG,balanced_sex_smote,sex,smote,False,2,TAR_1,MAE,34.15
REPLACE-BG,balanced_sex_smote,sex,smote,False,2,TAR_1,MAPE,0.16
REPLACE-BG,balanced_sex_smote,sex,smote,False,2,TAR_2,A,59.66
REPLACE-BG,balanced_sex_smote,sex,smote,False,2,TAR_2,B,31.35
REPLACE-BG,balanced_sex_smote,sex,smote,False,2,TAR_2,C,0.0
REPLACE-BG,balanced_sex_smote,sex,smote,False,2,TAR_2,D,8.98
REPLACE-BG,balanced_sex_smote,sex,smote,False,2,TAR_2,E,0.0
REPLACE-BG,balanced_sex_smote,sex,smote,False,2,TAR_2,A + B,91.01
REPLACE-BG,balanced_sex_smote,sex,smote,False,2,TAR_2,RMSE,67.76
REPLACE-BG,balanced_sex_smote,sex,smote,False,2,TAR_2,MSE,4591.44
REPLACE-BG,balanced_sex_smote,sex,smote,False,2,TAR_2,MAE,57.34
REPLACE-BG,balanced_sex_smote,sex,smote,False,2,TAR_2,MAPE,0.19
REPLACE-BG,balanced_sex_smote,sex,smote,False,2,ENTIRE,A,68.68
REPLACE-BG,balanced_sex_smote,sex,smote,False,2,ENTIRE,B,26.58
REPLACE-BG,balanced_sex_smote,sex,smote,False,2,ENTIRE,C,0.09
REPLACE-BG,balanced_sex_smote,sex,smote,False,2,ENTIRE,D,4.64
REPLACE-BG,balanced_sex_smote,sex,smote,False,2,ENTIRE,E,0.01
REPLACE-BG,balanced_sex_smote,sex,smote,False,2,ENTIRE,A + B,95.26
REPLACE-BG,balanced_sex_smote,sex,smote,False,2,ENTIRE,RMSE,35.93
REPLACE-BG,balanced_sex_smote,sex,smote,False,2,ENTIRE,MSE,1291.13
REPLACE-BG,balanced_sex_smote,sex,smote,False,2,ENTIRE,MAE,26.19
REPLACE-BG,balanced_sex_smote,sex,smote,False,2,ENTIRE,MAPE,0.18
REPLACE-BG,balanced_sex_smote,sex,smote,False,3,TBR_2,A,1.47
REPLACE-BG,balanced_sex_smote,sex,smote,False,3,TBR_2,B,0.0
REPLACE-BG,balanced_sex_smote,sex,smote,False,3,TBR_2,C,0.0
REPLACE-BG,balanced_sex_smote,sex,smote,False,3,TBR_2,D,98.06
REPLACE-BG,balanced_sex_smote,sex,smote,False,3,TBR_2,E,0.47
REPLACE-BG,balanced_sex_smote,sex,smote,False,3,TBR_2,A + B,1.47
REPLACE-BG,balanced_sex_smote,sex,smote,False,3,TBR_2,RMSE,54.1
REPLACE-BG,balanced_sex_smote,sex,smote,False,3,TBR_2,MSE,2926.83
REPLACE-BG,balanced_sex_smote,sex,smote,False,3,TBR_2,MAE,50.91
REPLACE-BG,balanced_sex_smote,sex,smote,False,3,TBR_2,MAPE,1.13
REPLACE-BG,balanced_sex_smote,sex,smote,False,3,TBR_1,A,2.29
REPLACE-BG,balanced_sex_smote,sex,smote,False,3,TBR_1,B,0.0
REPLACE-BG,balanced_sex_smote,sex,smote,False,3,TBR_1,C,0.0
REPLACE-BG,balanced_sex_smote,sex,smote,False,3,TBR_1,D,97.33
REPLACE-BG,balanced_sex_smote,sex,smote,False,3,TBR_1,E,0.38
REPLACE-BG,balanced_sex_smote,sex,smote,False,3,TBR_1,A + B,2.29
REPLACE-BG,balanced_sex_smote,sex,smote,False,3,TBR_1,RMSE,39.37
REPLACE-BG,balanced_sex_smote,sex,smote,False,3,TBR_1,MSE,1549.72
REPLACE-BG,balanced_sex_smote,sex,smote,False,3,TBR_1,MAE,35.46
REPLACE-BG,balanced_sex_smote,sex,smote,False,3,TBR_1,MAPE,0.57
REPLACE-BG,balanced_sex_smote,sex,smote,False,3,TIR,A,72.7
REPLACE-BG,balanced_sex_smote,sex,smote,False,3,TIR,B,27.15
REPLACE-BG,balanced_sex_smote,sex,smote,False,3,TIR,C,0.15
REPLACE-BG,balanced_sex_smote,sex,smote,False,3,TIR,D,0.0
REPLACE-BG,balanced_sex_smote,sex,smote,False,3,TIR,E,0.0
REPLACE-BG,balanced_sex_smote,sex,smote,False,3,TIR,A + B,99.85
REPLACE-BG,balanced_sex_smote,sex,smote,False,3,TIR,RMSE,25.83
REPLACE-BG,balanced_sex_smote,sex,smote,False,3,TIR,MSE,667.37
REPLACE-BG,balanced_sex_smote,sex,smote,False,3,TIR,MAE,19.16
REPLACE-BG,balanced_sex_smote,sex,smote,False,3,TIR,MAPE,0.15
REPLACE-BG,balanced_sex_smote,sex,smote,False,3,TAR_1,A,68.95
REPLACE-BG,balanced_sex_smote,sex,smote,False,3,TAR_1,B,29.19
REPLACE-BG,balanced_sex_smote,sex,smote,False,3,TAR_1,C,0.05
REPLACE-BG,balanced_sex_smote,sex,smote,False,3,TAR_1,D,1.8
REPLACE-BG,balanced_sex_smote,sex,smote,False,3,TAR_1,E,0.0
REPLACE-BG,balanced_sex_smote,sex,smote,False,3,TAR_1,A + B,98.14
REPLACE-BG,balanced_sex_smote,sex,smote,False,3,TAR_1,RMSE,43.21
REPLACE-BG,balanced_sex_smote,sex,smote,False,3,TAR_1,MSE,1866.79
REPLACE-BG,balanced_sex_smote,sex,smote,False,3,TAR_1,MAE,34.3
REPLACE-BG,balanced_sex_smote,sex,smote,False,3,TAR_1,MAPE,0.16
REPLACE-BG,balanced_sex_smote,sex,smote,False,3,TAR_2,A,58.59
REPLACE-BG,balanced_sex_smote,sex,smote,False,3,TAR_2,B,31.63
REPLACE-BG,balanced_sex_smote,sex,smote,False,3,TAR_2,C,0.0
REPLACE-BG,balanced_sex_smote,sex,smote,False,3,TAR_2,D,9.78
REPLACE-BG,balanced_sex_smote,sex,smote,False,3,TAR_2,E,0.0
REPLACE-BG,balanced_sex_smote,sex,smote,False,3,TAR_2,A + B,90.22
REPLACE-BG,balanced_sex_smote,sex,smote,False,3,TAR_2,RMSE,68.44
REPLACE-BG,balanced_sex_smote,sex,smote,False,3,TAR_2,MSE,4684.08
REPLACE-BG,balanced_sex_smote,sex,smote,False,3,TAR_2,MAE,57.79
REPLACE-BG,balanced_sex_smote,sex,smote,False,3,TAR_2,MAPE,0.2
REPLACE-BG,balanced_sex_smote,sex,smote,False,3,ENTIRE,A,68.04
REPLACE-BG,balanced_sex_smote,sex,smote,False,3,ENTIRE,B,27.13
REPLACE-BG,balanced_sex_smote,sex,smote,False,3,ENTIRE,C,0.11
REPLACE-BG,balanced_sex_smote,sex,smote,False,3,ENTIRE,D,4.71
REPLACE-BG,balanced_sex_smote,sex,smote,False,3,ENTIRE,E,0.02
REPLACE-BG,balanced_sex_smote,sex,smote,False,3,ENTIRE,A + B,95.17
REPLACE-BG,balanced_sex_smote,sex,smote,False,3,ENTIRE,RMSE,37.07
REPLACE-BG,balanced_sex_smote,sex,smote,False,3,ENTIRE,MSE,1374.36
REPLACE-BG,balanced_sex_smote,sex,smote,False,3,ENTIRE,MAE,27.14
REPLACE-BG,balanced_sex_smote,sex,smote,False,3,ENTIRE,MAPE,0.18
REPLACE-BG,balanced_sex_smote,sex,smote,False,4,TBR_2,A,0.0
REPLACE-BG,balanced_sex_smote,sex,smote,False,4,TBR_2,B,0.0
REPLACE-BG,balanced_sex_smote,sex,smote,False,4,TBR_2,C,0.0
REPLACE-BG,balanced_sex_smote,sex,smote,False,4,TBR_2,D,99.22
REPLACE-BG,balanced_sex_smote,sex,smote,False,4,TBR_2,E,0.78
REPLACE-BG,balanced_sex_smote,sex,smote,False,4,TBR_2,A + B,0.0
REPLACE-BG,balanced_sex_smote,sex,smote,False,4,TBR_2,RMSE,59.28
REPLACE-BG,balanced_sex_smote,sex,smote,False,4,TBR_2,MSE,3513.87
REPLACE-BG,balanced_sex_smote,sex,smote,False,4,TBR_2,MAE,56.21
REPLACE-BG,balanced_sex_smote,sex,smote,False,4,TBR_2,MAPE,1.24
REPLACE-BG,balanced_sex_smote,sex,smote,False,4,TBR_1,A,0.45
REPLACE-BG,balanced_sex_smote,sex,smote,False,4,TBR_1,B,0.0
REPLACE-BG,balanced_sex_smote,sex,smote,False,4,TBR_1,C,0.0
REPLACE-BG,balanced_sex_smote,sex,smote,False,4,TBR_1,D,98.86
REPLACE-BG,balanced_sex_smote,sex,smote,False,4,TBR_1,E,0.69
REPLACE-BG,balanced_sex_smote,sex,smote,False,4,TBR_1,A + B,0.45
REPLACE-BG,balanced_sex_smote,sex,smote,False,4,TBR_1,RMSE,43.5
REPLACE-BG,balanced_sex_smote,sex,smote,False,4,TBR_1,MSE,1891.84
REPLACE-BG,balanced_sex_smote,sex,smote,False,4,TBR_1,MAE,39.7
REPLACE-BG,balanced_sex_smote,sex,smote,False,4,TBR_1,MAPE,0.64
REPLACE-BG,balanced_sex_smote,sex,smote,False,4,TIR,A,71.58
REPLACE-BG,balanced_sex_smote,sex,smote,False,4,TIR,B,28.22
REPLACE-BG,balanced_sex_smote,sex,smote,False,4,TIR,C,0.2
REPLACE-BG,balanced_sex_smote,sex,smote,False,4,TIR,D,0.0
REPLACE-BG,balanced_sex_smote,sex,smote,False,4,TIR,E,0.0
REPLACE-BG,balanced_sex_smote,sex,smote,False,4,TIR,A + B,99.8
REPLACE-BG,balanced_sex_smote,sex,smote,False,4,TIR,RMSE,26.22
REPLACE-BG,balanced_sex_smote,sex,smote,False,4,TIR,MSE,687.33
REPLACE-BG,balanced_sex_smote,sex,smote,False,4,TIR,MAE,19.5
REPLACE-BG,balanced_sex_smote,sex,smote,False,4,TIR,MAPE,0.16
REPLACE-BG,balanced_sex_smote,sex,smote,False,4,TAR_1,A,69.7
REPLACE-BG,balanced_sex_smote,sex,smote,False,4,TAR_1,B,28.43
REPLACE-BG,balanced_sex_smote,sex,smote,False,4,TAR_1,C,0.04
REPLACE-BG,balanced_sex_smote,sex,smote,False,4,TAR_1,D,1.83
REPLACE-BG,balanced_sex_smote,sex,smote,False,4,TAR_1,E,0.0
REPLACE-BG,balanced_sex_smote,sex,smote,False,4,TAR_1,A + B,98.13
REPLACE-BG,balanced_sex_smote,sex,smote,False,4,TAR_1,RMSE,42.71
REPLACE-BG,balanced_sex_smote,sex,smote,False,4,TAR_1,MSE,1824.48
REPLACE-BG,balanced_sex_smote,sex,smote,False,4,TAR_1,MAE,34.41
REPLACE-BG,balanced_sex_smote,sex,smote,False,4,TAR_1,MAPE,0.16
REPLACE-BG,balanced_sex_smote,sex,smote,False,4,TAR_2,A,60.61
REPLACE-BG,balanced_sex_smote,sex,smote,False,4,TAR_2,B,30.97
REPLACE-BG,balanced_sex_smote,sex,smote,False,4,TAR_2,C,0.0
REPLACE-BG,balanced_sex_smote,sex,smote,False,4,TAR_2,D,8.42
REPLACE-BG,balanced_sex_smote,sex,smote,False,4,TAR_2,E,0.0
REPLACE-BG,balanced_sex_smote,sex,smote,False,4,TAR_2,A + B,91.58
REPLACE-BG,balanced_sex_smote,sex,smote,False,4,TAR_2,RMSE,66.4
REPLACE-BG,balanced_sex_smote,sex,smote,False,4,TAR_2,MSE,4409.0
REPLACE-BG,balanced_sex_smote,sex,smote,False,4,TAR_2,MAE,56.54
REPLACE-BG,balanced_sex_smote,sex,smote,False,4,TAR_2,MAPE,0.19
REPLACE-BG,balanced_sex_smote,sex,smote,False,4,ENTIRE,A,67.39
REPLACE-BG,balanced_sex_smote,sex,smote,False,4,ENTIRE,B,27.57
REPLACE-BG,balanced_sex_smote,sex,smote,False,4,ENTIRE,C,0.13
REPLACE-BG,balanced_sex_smote,sex,smote,False,4,ENTIRE,D,4.88
REPLACE-BG,balanced_sex_smote,sex,smote,False,4,ENTIRE,E,0.03
REPLACE-BG,balanced_sex_smote,sex,smote,False,4,ENTIRE,A + B,94.96
REPLACE-BG,balanced_sex_smote,sex,smote,False,4,ENTIRE,RMSE,37.87
REPLACE-BG,balanced_sex_smote,sex,smote,False,4,ENTIRE,MSE,1434.25
REPLACE-BG,balanced_sex_smote,sex,smote,False,4,ENTIRE,MAE,28.14
REPLACE-BG,balanced_sex_smote,sex,smote,False,4,ENTIRE,MAPE,0.19
REPLACE-BG,balanced_sex_smote,sex,smote,False,5,TBR_2,A,0.0
REPLACE-BG,balanced_sex_smote,sex,smote,False,5,TBR_2,B,0.0
REPLACE-BG,balanced_sex_smote,sex,smote,False,5,TBR_2,C,0.0
REPLACE-BG,balanced_sex_smote,sex,smote,False,5,TBR_2,D,99.37
REPLACE-BG,balanced_sex_smote,sex,smote,False,5,TBR_2,E,0.63
REPLACE-BG,balanced_sex_smote,sex,smote,False,5,TBR_2,A + B,0.0
REPLACE-BG,balanced_sex_smote,sex,smote,False,5,TBR_2,RMSE,57.55
REPLACE-BG,balanced_sex_smote,sex,smote,False,5,TBR_2,MSE,3311.46
REPLACE-BG,balanced_sex_smote,sex,smote,False,5,TBR_2,MAE,54.66
REPLACE-BG,balanced_sex_smote,sex,smote,False,5,TBR_2,MAPE,1.2
REPLACE-BG,balanced_sex_smote,sex,smote,False,5,TBR_1,A,0.54
REPLACE-BG,balanced_sex_smote,sex,smote,False,5,TBR_1,B,0.0
REPLACE-BG,balanced_sex_smote,sex,smote,False,5,TBR_1,C,0.0
REPLACE-BG,balanced_sex_smote,sex,smote,False,5,TBR_1,D,98.95
REPLACE-BG,balanced_sex_smote,sex,smote,False,5,TBR_1,E,0.51
REPLACE-BG,balanced_sex_smote,sex,smote,False,5,TBR_1,A + B,0.54
REPLACE-BG,balanced_sex_smote,sex,smote,False,5,TBR_1,RMSE,41.59
REPLACE-BG,balanced_sex_smote,sex,smote,False,5,TBR_1,MSE,1729.83
REPLACE-BG,balanced_sex_smote,sex,smote,False,5,TBR_1,MAE,38.06
REPLACE-BG,balanced_sex_smote,sex,smote,False,5,TBR_1,MAPE,0.61
REPLACE-BG,balanced_sex_smote,sex,smote,False,5,TIR,A,71.39
REPLACE-BG,balanced_sex_smote,sex,smote,False,5,TIR,B,28.43
REPLACE-BG,balanced_sex_smote,sex,smote,False,5,TIR,C,0.18
REPLACE-BG,balanced_sex_smote,sex,smote,False,5,TIR,D,0.0
REPLACE-BG,balanced_sex_smote,sex,smote,False,5,TIR,E,0.0
REPLACE-BG,balanced_sex_smote,sex,smote,False,5,TIR,A + B,99.82
REPLACE-BG,balanced_sex_smote,sex,smote,False,5,TIR,RMSE,26.0
REPLACE-BG,balanced_sex_smote,sex,smote,False,5,TIR,MSE,676.1
REPLACE-BG,balanced_sex_smote,sex,smote,False,5,TIR,MAE,19.24
REPLACE-BG,balanced_sex_smote,sex,smote,False,5,TIR,MAPE,0.16
REPLACE-BG,balanced_sex_smote,sex,smote,False,5,TAR_1,A,66.35
REPLACE-BG,balanced_sex_smote,sex,smote,False,5,TAR_1,B,31.69
REPLACE-BG,balanced_sex_smote,sex,smote,False,5,TAR_1,C,0.04
REPLACE-BG,balanced_sex_smote,sex,smote,False,5,TAR_1,D,1.92
REPLACE-BG,balanced_sex_smote,sex,smote,False,5,TAR_1,E,0.0
REPLACE-BG,balanced_sex_smote,sex,smote,False,5,TAR_1,A + B,98.04
REPLACE-BG,balanced_sex_smote,sex,smote,False,5,TAR_1,RMSE,45.24
REPLACE-BG,balanced_sex_smote,sex,smote,False,5,TAR_1,MSE,2047.05
REPLACE-BG,balanced_sex_smote,sex,smote,False,5,TAR_1,MAE,36.19
REPLACE-BG,balanced_sex_smote,sex,smote,False,5,TAR_1,MAPE,0.17
REPLACE-BG,balanced_sex_smote,sex,smote,False,5,TAR_2,A,55.79
REPLACE-BG,balanced_sex_smote,sex,smote,False,5,TAR_2,B,33.06
REPLACE-BG,balanced_sex_smote,sex,smote,False,5,TAR_2,C,0.0
REPLACE-BG,balanced_sex_smote,sex,smote,False,5,TAR_2,D,11.15
REPLACE-BG,balanced_sex_smote,sex,smote,False,5,TAR_2,E,0.0
REPLACE-BG,balanced_sex_smote,sex,smote,False,5,TAR_2,A + B,88.85
REPLACE-BG,balanced_sex_smote,sex,smote,False,5,TAR_2,RMSE,69.38
REPLACE-BG,balanced_sex_smote,sex,smote,False,5,TAR_2,MSE,4814.25
REPLACE-BG,balanced_sex_smote,sex,smote,False,5,TAR_2,MAE,59.04
REPLACE-BG,balanced_sex_smote,sex,smote,False,5,TAR_2,MAPE,0.2
REPLACE-BG,balanced_sex_smote,sex,smote,False,5,ENTIRE,A,66.49
REPLACE-BG,balanced_sex_smote,sex,smote,False,5,ENTIRE,B,28.41
REPLACE-BG,balanced_sex_smote,sex,smote,False,5,ENTIRE,C,0.13
REPLACE-BG,balanced_sex_smote,sex,smote,False,5,ENTIRE,D,4.96
REPLACE-BG,balanced_sex_smote,sex,smote,False,5,ENTIRE,E,0.02
REPLACE-BG,balanced_sex_smote,sex,smote,False,5,ENTIRE,A + B,94.9
REPLACE-BG,balanced_sex_smote,sex,smote,False,5,ENTIRE,RMSE,36.45
REPLACE-BG,balanced_sex_smote,sex,smote,False,5,ENTIRE,MSE,1328.75
REPLACE-BG,balanced_sex_smote,sex,smote,False,5,ENTIRE,MAE,26.68
REPLACE-BG,balanced_sex_smote,sex,smote,False,5,ENTIRE,MAPE,0.19
REPLACE-BG,balanced_sex_undersampling,sex,undersampling,False,1,TBR_2,A,0.0
REPLACE-BG,balanced_sex_undersampling,sex,undersampling,False,1,TBR_2,B,0.0
REPLACE-BG,balanced_sex_undersampling,sex,undersampling,False,1,TBR_2,C,0.0
REPLACE-BG,balanced_sex_undersampling,sex,undersampling,False,1,TBR_2,D,99.48
REPLACE-BG,balanced_sex_undersampling,sex,undersampling,False,1,TBR_2,E,0.52
REPLACE-BG,balanced_sex_undersampling,sex,undersampling,False,1,TBR_2,A + B,0.0
REPLACE-BG,balanced_sex_undersampling,sex,undersampling,False,1,TBR_2,RMSE,56.39
REPLACE-BG,balanced_sex_undersampling,sex,undersampling,False,1,TBR_2,MSE,3179.32
REPLACE-BG,balanced_sex_undersampling,sex,undersampling,False,1,TBR_2,MAE,53.76
REPLACE-BG,balanced_sex_undersampling,sex,undersampling,False,1,TBR_2,MAPE,1.18
REPLACE-BG,balanced_sex_undersampling,sex,undersampling,False,1,TBR_1,A,0.08
REPLACE-BG,balanced_sex_undersampling,sex,undersampling,False,1,TBR_1,B,0.0
REPLACE-BG,balanced_sex_undersampling,sex,undersampling,False,1,TBR_1,C,0.0
REPLACE-BG,balanced_sex_undersampling,sex,undersampling,False,1,TBR_1,D,99.43
REPLACE-BG,balanced_sex_undersampling,sex,undersampling,False,1,TBR_1,E,0.49
REPLACE-BG,balanced_sex_undersampling,sex,undersampling,False,1,TBR_1,A + B,0.08
REPLACE-BG,balanced_sex_undersampling,sex,undersampling,False,1,TBR_1,RMSE,41.57
REPLACE-BG,balanced_sex_undersampling,sex,undersampling,False,1,TBR_1,MSE,1728.16
REPLACE-BG,balanced_sex_undersampling,sex,undersampling,False,1,TBR_1,MAE,38.12
REPLACE-BG,balanced_sex_undersampling,sex,undersampling,False,1,TBR_1,MAPE,0.62
REPLACE-BG,balanced_sex_undersampling,sex,undersampling,False,1,TIR,A,71.83
REPLACE-BG,balanced_sex_undersampling,sex,undersampling,False,1,TIR,B,27.99
REPLACE-BG,balanced_sex_undersampling,sex,undersampling,False,1,TIR,C,0.18
REPLACE-BG,balanced_sex_undersampling,sex,undersampling,False,1,TIR,D,0.0
REPLACE-BG,balanced_sex_undersampling,sex,undersampling,False,1,TIR,E,0.0
REPLACE-BG,balanced_sex_undersampling,sex,undersampling,False,1,TIR,A + B,99.82
REPLACE-BG,balanced_sex_undersampling,sex,undersampling,False,1,TIR,RMSE,26.06
REPLACE-BG,balanced_sex_undersampling,sex,undersampling,False,1,TIR,MSE,679.14
REPLACE-BG,balanced_sex_undersampling,sex,undersampling,False,1,TIR,MAE,19.26
REPLACE-BG,balanced_sex_undersampling,sex,undersampling,False,1,TIR,MAPE,0.16
REPLACE-BG,balanced_sex_undersampling,sex,undersampling,False,1,TAR_1,A,68.55
REPLACE-BG,balanced_sex_undersampling,sex,undersampling,False,1,TAR_1,B,29.53
REPLACE-BG,balanced_sex_undersampling,sex,undersampling,False,1,TAR_1,C,0.05
REPLACE-BG,balanced_sex_undersampling,sex,undersampling,False,1,TAR_1,D,1.88
REPLACE-BG,balanced_sex_undersampling,sex,undersampling,False,1,TAR_1,E,0.0
REPLACE-BG,balanced_sex_undersampling,sex,undersampling,False,1,TAR_1,A + B,98.08
REPLACE-BG,balanced_sex_undersampling,sex,undersampling,False,1,TAR_1,RMSE,43.93
REPLACE-BG,balanced_sex_undersampling,sex,undersampling,False,1,TAR_1,MSE,1929.99
REPLACE-BG,balanced_sex_undersampling,sex,undersampling,False,1,TAR_1,MAE,34.89
REPLACE-BG,balanced_sex_undersampling,sex,undersampling,False,1,TAR_1,MAPE,0.17
REPLACE-BG,balanced_sex_undersampling,sex,undersampling,False,1,TAR_2,A,59.54
REPLACE-BG,balanced_sex_undersampling,sex,undersampling,False,1,TAR_2,B,31.61
REPLACE-BG,balanced_sex_undersampling,sex,undersampling,False,1,TAR_2,C,0.0
REPLACE-BG,balanced_sex_undersampling,sex,undersampling,False,1,TAR_2,D,8.85
REPLACE-BG,balanced_sex_undersampling,sex,undersampling,False,1,TAR_2,E,0.0
REPLACE-BG,balanced_sex_undersampling,sex,undersampling,False,1,TAR_2,A + B,91.15
REPLACE-BG,balanced_sex_undersampling,sex,undersampling,False,1,TAR_2,RMSE,67.9
REPLACE-BG,balanced_sex_undersampling,sex,undersampling,False,1,TAR_2,MSE,4610.88
REPLACE-BG,balanced_sex_undersampling,sex,undersampling,False,1,TAR_2,MAE,57.62
REPLACE-BG,balanced_sex_undersampling,sex,undersampling,False,1,TAR_2,MAPE,0.19
REPLACE-BG,balanced_sex_undersampling,sex,undersampling,False,1,ENTIRE,A,67.11
REPLACE-BG,balanced_sex_undersampling,sex,undersampling,False,1,ENTIRE,B,27.58
REPLACE-BG,balanced_sex_undersampling,sex,undersampling,False,1,ENTIRE,C,0.13
REPLACE-BG,balanced_sex_undersampling,sex,undersampling,False,1,ENTIRE,D,5.16
REPLACE-BG,balanced_sex_undersampling,sex,undersampling,False,1,ENTIRE,E,0.02
REPLACE-BG,balanced_sex_undersampling,sex,undersampling,False,1,ENTIRE,A + B,94.69
REPLACE-BG,balanced_sex_undersampling,sex,undersampling,False,1,ENTIRE,RMSE,37.27
REPLACE-BG,balanced_sex_undersampling,sex,undersampling,False,1,ENTIRE,MSE,1389.09
REPLACE-BG,balanced_sex_undersampling,sex,undersampling,False,1,ENTIRE,MAE,27.31
REPLACE-BG,balanced_sex_undersampling,sex,undersampling,False,1,ENTIRE,MAPE,0.19
REPLACE-BG,balanced_sex_undersampling,sex,undersampling,False,2,TBR_2,A,0.0
REPLACE-BG,balanced_sex_undersampling,sex,undersampling,False,2,TBR_2,B,0.0
REPLACE-BG,balanced_sex_undersampling,sex,undersampling,False,2,TBR_2,C,0.0
REPLACE-BG,balanced_sex_undersampling,sex,undersampling,False,2,TBR_2,D,99.5
REPLACE-BG,balanced_sex_undersampling,sex,undersampling,False,2,TBR_2,E,0.5
REPLACE-BG,balanced_sex_undersampling,sex,undersampling,False,2,TBR_2,A + B,0.0
REPLACE-BG,balanced_sex_undersampling,sex,undersampling,False,2,TBR_2,RMSE,55.13
REPLACE-BG,balanced_sex_undersampling,sex,undersampling,False,2,TBR_2,MSE,3039.28
REPLACE-BG,balanced_sex_undersampling,sex,undersampling,False,2,TBR_2,MAE,52.48
REPLACE-BG,balanced_sex_undersampling,sex,undersampling,False,2,TBR_2,MAPE,1.16
REPLACE-BG,balanced_sex_undersampling,sex,undersampling,False,2,TBR_1,A,0.0
REPLACE-BG,balanced_sex_undersampling,sex,undersampling,False,2,TBR_1,B,0.0
REPLACE-BG,balanced_sex_undersampling,sex,undersampling,False,2,TBR_1,C,0.0
REPLACE-BG,balanced_sex_undersampling,sex,undersampling,False,2,TBR_1,D,99.63
REPLACE-BG,balanced_sex_undersampling,sex,undersampling,False,2,TBR_1,E,0.37
REPLACE-BG,balanced_sex_undersampling,sex,undersampling,False,2,TBR_1,A + B,0.0
REPLACE-BG,balanced_sex_undersampling,sex,undersampling,False,2,TBR_1,RMSE,39.48
REPLACE-BG,balanced_sex_undersampling,sex,undersampling,False,2,TBR_1,MSE,1558.67
REPLACE-BG,balanced_sex_undersampling,sex,undersampling,False,2,TBR_1,MAE,36.41
REPLACE-BG,balanced_sex_undersampling,sex,undersampling,False,2,TBR_1,MAPE,0.59
REPLACE-BG,balanced_sex_undersampling,sex,undersampling,False,2,TIR,A,73.13
REPLACE-BG,balanced_sex_undersampling,sex,undersampling,False,2,TIR,B,26.74
REPLACE-BG,balanced_sex_undersampling,sex,undersampling,False,2,TIR,C,0.13
REPLACE-BG,balanced_sex_undersampling,sex,undersampling,False,2,TIR,D,0.0
REPLACE-BG,balanced_sex_undersampling,sex,undersampling,False,2,TIR,E,0.0
REPLACE-BG,balanced_sex_undersampling,sex,undersampling,False,2,TIR,A + B,99.87
REPLACE-BG,balanced_sex_undersampling,sex,undersampling,False,2,TIR,RMSE,25.01
REPLACE-BG,balanced_sex_undersampling,sex,undersampling,False,2,TIR,MSE,625.54
REPLACE-BG,balanced_sex_undersampling,sex,undersampling,False,2,TIR,MAE,18.55
REPLACE-BG,balanced_sex_undersampling,sex,undersampling,False,2,TIR,MAPE,0.15
REPLACE-BG,balanced_sex_undersampling,sex,undersampling,False,2,TAR_1,A,68.93
REPLACE-BG,balanced_sex_undersampling,sex,undersampling,False,2,TAR_1,B,29.22
REPLACE-BG,balanced_sex_undersampling,sex,undersampling,False,2,TAR_1,C,0.03
REPLACE-BG,balanced_sex_undersampling,sex,undersampling,False,2,TAR_1,D,1.82
REPLACE-BG,balanced_sex_undersampling,sex,undersampling,False,2,TAR_1,E,0.0
REPLACE-BG,balanced_sex_undersampling,sex,undersampling,False,2,TAR_1,A + B,98.15
REPLACE-BG,balanced_sex_undersampling,sex,undersampling,False,2,TAR_1,RMSE,43.33
REPLACE-BG,balanced_sex_undersampling,sex,undersampling,False,2,TAR_1,MSE,1877.28
REPLACE-BG,balanced_sex_undersampling,sex,undersampling,False,2,TAR_1,MAE,34.62
REPLACE-BG,balanced_sex_undersampling,sex,undersampling,False,2,TAR_1,MAPE,0.16
REPLACE-BG,balanced_sex_undersampling,sex,undersampling,False,2,TAR_2,A,56.86
REPLACE-BG,balanced_sex_undersampling,sex,undersampling,False,2,TAR_2,B,33.93
REPLACE-BG,balanced_sex_undersampling,sex,undersampling,False,2,TAR_2,C,0.0
REPLACE-BG,balanced_sex_undersampling,sex,undersampling,False,2,TAR_2,D,9.21
REPLACE-BG,balanced_sex_undersampling,sex,undersampling,False,2,TAR_2,E,0.0
REPLACE-BG,balanced_sex_undersampling,sex,undersampling,False,2,TAR_2,A + B,90.79
REPLACE-BG,balanced_sex_undersampling,sex,undersampling,False,2,TAR_2,RMSE,69.62
REPLACE-BG,balanced_sex_undersampling,sex,undersampling,False,2,TAR_2,MSE,4846.67
REPLACE-BG,balanced_sex_undersampling,sex,undersampling,False,2,TAR_2,MAE,59.56
REPLACE-BG,balanced_sex_undersampling,sex,undersampling,False,2,TAR_2,MAPE,0.2
REPLACE-BG,balanced_sex_undersampling,sex,undersampling,False,2,ENTIRE,A,68.23
REPLACE-BG,balanced_sex_undersampling,sex,undersampling,False,2,ENTIRE,B,27.0
REPLACE-BG,balanced_sex_undersampling,sex,undersampling,False,2,ENTIRE,C,0.09
REPLACE-BG,balanced_sex_undersampling,sex,undersampling,False,2,ENTIRE,D,4.67
REPLACE-BG,balanced_sex_undersampling,sex,undersampling,False,2,ENTIRE,E,0.01
REPLACE-BG,balanced_sex_undersampling,sex,undersampling,False,2,ENTIRE,A + B,95.23
REPLACE-BG,balanced_sex_undersampling,sex,undersampling,False,2,ENTIRE,RMSE,36.35
REPLACE-BG,balanced_sex_undersampling,sex,undersampling,False,2,ENTIRE,MSE,1321.26
REPLACE-BG,balanced_sex_undersampling,sex,undersampling,False,2,ENTIRE,MAE,26.5
REPLACE-BG,balanced_sex_undersampling,sex,undersampling,False,2,ENTIRE,MAPE,0.18
REPLACE-BG,balanced_sex_undersampling,sex,undersampling,False,3,TBR_2,A,0.09
REPLACE-BG,balanced_sex_undersampling,sex,undersampling,False,3,TBR_2,B,0.0
REPLACE-BG,balanced_sex_undersampling,sex,undersampling,False,3,TBR_2,C,0.0
REPLACE-BG,balanced_sex_undersampling,sex,undersampling,False,3,TBR_2,D,99.46
REPLACE-BG,balanced_sex_undersampling,sex,undersampling,False,3,TBR_2,E,0.45
REPLACE-BG,balanced_sex_undersampling,sex,undersampling,False,3,TBR_2,A + B,0.09
REPLACE-BG,balanced_sex_undersampling,sex,undersampling,False,3,TBR_2,RMSE,55.72
REPLACE-BG,balanced_sex_undersampling,sex,undersampling,False,3,TBR_2,MSE,3104.25
REPLACE-BG,balanced_sex_undersampling,sex,undersampling,False,3,TBR_2,MAE,52.87
REPLACE-BG,balanced_sex_undersampling,sex,undersampling,False,3,TBR_2,MAPE,1.17
REPLACE-BG,balanced_sex_undersampling,sex,undersampling,False,3,TBR_1,A,0.8
REPLACE-BG,balanced_sex_undersampling,sex,undersampling,False,3,TBR_1,B,0.0
REPLACE-BG,balanced_sex_undersampling,sex,undersampling,False,3,TBR_1,C,0.0
REPLACE-BG,balanced_sex_undersampling,sex,undersampling,False,3,TBR_1,D,98.83
REPLACE-BG,balanced_sex_undersampling,sex,undersampling,False,3,TBR_1,E,0.37
REPLACE-BG,balanced_sex_undersampling,sex,undersampling,False,3,TBR_1,A + B,0.8
REPLACE-BG,balanced_sex_undersampling,sex,undersampling,False,3,TBR_1,RMSE,41.04
REPLACE-BG,balanced_sex_undersampling,sex,undersampling,False,3,TBR_1,MSE,1684.03
REPLACE-BG,balanced_sex_undersampling,sex,undersampling,False,3,TBR_1,MAE,37.62
REPLACE-BG,balanced_sex_undersampling,sex,undersampling,False,3,TBR_1,MAPE,0.61
REPLACE-BG,balanced_sex_undersampling,sex,undersampling,False,3,TIR,A,72.77
REPLACE-BG,balanced_sex_undersampling,sex,undersampling,False,3,TIR,B,27.1
REPLACE-BG,balanced_sex_undersampling,sex,undersampling,False,3,TIR,C,0.14
REPLACE-BG,balanced_sex_undersampling,sex,undersampling,False,3,TIR,D,0.0
REPLACE-BG,balanced_sex_undersampling,sex,undersampling,False,3,TIR,E,0.0
REPLACE-BG,balanced_sex_undersampling,sex,undersampling,False,3,TIR,A + B,99.87
REPLACE-BG,balanced_sex_undersampling,sex,undersampling,False,3,TIR,RMSE,25.36
REPLACE-BG,balanced_sex_undersampling,sex,undersampling,False,3,TIR,MSE,642.89
REPLACE-BG,balanced_sex_undersampling,sex,undersampling,False,3,TIR,MAE,18.83
REPLACE-BG,balanced_sex_undersampling,sex,undersampling,False,3,TIR,MAPE,0.15
REPLACE-BG,balanced_sex_undersampling,sex,undersampling,False,3,TAR_1,A,69.33
REPLACE-BG,balanced_sex_undersampling,sex,undersampling,False,3,TAR_1,B,28.8
REPLACE-BG,balanced_sex_undersampling,sex,undersampling,False,3,TAR_1,C,0.05
REPLACE-BG,balanced_sex_undersampling,sex,undersampling,False,3,TAR_1,D,1.81
REPLACE-BG,balanced_sex_undersampling,sex,undersampling,False,3,TAR_1,E,0.0
REPLACE-BG,balanced_sex_undersampling,sex,undersampling,False,3,TAR_1,A + B,98.13
REPLACE-BG,balanced_sex_undersampling,sex,undersampling,False,3,TAR_1,RMSE,42.83
REPLACE-BG,balanced_sex_undersampling,sex,undersampling,False,3,TAR_1,MSE,1834.07
REPLACE-BG,balanced_sex_undersampling,sex,undersampling,False,3,TAR_1,MAE,34.23
REPLACE-BG,balanced_sex_undersampling,sex,undersampling,False,3,TAR_1,MAPE,0.16
REPLACE-BG,balanced_sex_undersampling,sex,undersampling,False,3,TAR_2,A,56.86
REPLACE-BG,balanced_sex_undersampling,sex,undersampling,False,3,TAR_2,B,33.19
REPLACE-BG,balanced_sex_undersampling,sex,undersampling,False,3,TAR_2,C,0.0
REPLACE-BG,balanced_sex_undersampling,sex,undersampling,False,3,TAR_2,D,9.95
REPLACE-BG,balanced_sex_undersampling,sex,undersampling,False,3,TAR_2,E,0.0
REPLACE-BG,balanced_sex_undersampling,sex,undersampling,False,3,TAR_2,A + B,90.05
REPLACE-BG,balanced_sex_undersampling,sex,undersampling,False,3,TAR_2,RMSE,69.08
REPLACE-BG,balanced_sex_undersampling,sex,undersampling,False,3,TAR_2,MSE,4772.35
REPLACE-BG,balanced_sex_undersampling,sex,undersampling,False,3,TAR_2,MAE,58.68
REPLACE-BG,balanced_sex_undersampling,sex,undersampling,False,3,TAR_2,MAPE,0.2
REPLACE-BG,balanced_sex_undersampling,sex,undersampling,False,3,ENTIRE,A,67.96
REPLACE-BG,balanced_sex_undersampling,sex,undersampling,False,3,ENTIRE,B,27.14
REPLACE-BG,balanced_sex_undersampling,sex,undersampling,False,3,ENTIRE,C,0.1
REPLACE-BG,balanced_sex_undersampling,sex,undersampling,False,3,ENTIRE,D,4.79
REPLACE-BG,balanced_sex_undersampling,sex,undersampling,False,3,ENTIRE,E,0.01
REPLACE-BG,balanced_sex_undersampling,sex,undersampling,False,3,ENTIRE,A + B,95.1
REPLACE-BG,balanced_sex_undersampling,sex,undersampling,False,3,ENTIRE,RMSE,36.93
REPLACE-BG,balanced_sex_undersampling,sex,undersampling,False,3,ENTIRE,MSE,1364.1
REPLACE-BG,balanced_sex_undersampling,sex,undersampling,False,3,ENTIRE,MAE,27.06
REPLACE-BG,balanced_sex_undersampling,sex,undersampling,False,3,ENTIRE,MAPE,0.18
REPLACE-BG,balanced_sex_undersampling,sex,undersampling,False,4,TBR_2,A,0.0
REPLACE-BG,balanced_sex_undersampling,sex,undersampling,False,4,TBR_2,B,0.0
REPLACE-BG,balanced_sex_undersampling,sex,undersampling,False,4,TBR_2,C,0.0
REPLACE-BG,balanced_sex_undersampling,sex,undersampling,False,4,TBR_2,D,99.17
REPLACE-BG,balanced_sex_undersampling,sex,undersampling,False,4,TBR_2,E,0.83
REPLACE-BG,balanced_sex_undersampling,sex,undersampling,False,4,TBR_2,A + B,0.0
REPLACE-BG,balanced_sex_undersampling,sex,undersampling,False,4,TBR_2,RMSE,58.28
REPLACE-BG,balanced_sex_undersampling,sex,undersampling,False,4,TBR_2,MSE,3396.59
REPLACE-BG,balanced_sex_undersampling,sex,undersampling,False,4,TBR_2,MAE,55.21
REPLACE-BG,balanced_sex_undersampling,sex,undersampling,False,4,TBR_2,MAPE,1.22
REPLACE-BG,balanced_sex_undersampling,sex,undersampling,False,4,TBR_1,A,0.14
REPLACE-BG,balanced_sex_undersampling,sex,undersampling,False,4,TBR_1,B,0.0
REPLACE-BG,balanced_sex_undersampling,sex,undersampling,False,4,TBR_1,C,0.0
REPLACE-BG,balanced_sex_undersampling,sex,undersampling,False,4,TBR_1,D,99.14
REPLACE-BG,balanced_sex_undersampling,sex,undersampling,False,4,TBR_1,E,0.72
REPLACE-BG,balanced_sex_undersampling,sex,undersampling,False,4,TBR_1,A + B,0.14
REPLACE-BG,balanced_sex_undersampling,sex,undersampling,False,4,TBR_1,RMSE,42.49
REPLACE-BG,balanced_sex_undersampling,sex,undersampling,False,4,TBR_1,MSE,1805.07
REPLACE-BG,balanced_sex_undersampling,sex,undersampling,False,4,TBR_1,MAE,38.65
REPLACE-BG,balanced_sex_undersampling,sex,undersampling,False,4,TBR_1,MAPE,0.62
REPLACE-BG,balanced_sex_undersampling,sex,undersampling,False,4,TIR,A,71.53
REPLACE-BG,balanced_sex_undersampling,sex,undersampling,False,4,TIR,B,28.27
REPLACE-BG,balanced_sex_undersampling,sex,undersampling,False,4,TIR,C,0.2
REPLACE-BG,balanced_sex_undersampling,sex,undersampling,False,4,TIR,D,0.0
REPLACE-BG,balanced_sex_undersampling,sex,undersampling,False,4,TIR,E,0.0
REPLACE-BG,balanced_sex_undersampling,sex,undersampling,False,4,TIR,A + B,99.8
REPLACE-BG,balanced_sex_undersampling,sex,undersampling,False,4,TIR,RMSE,26.36
REPLACE-BG,balanced_sex_undersampling,sex,undersampling,False,4,TIR,MSE,694.93
REPLACE-BG,balanced_sex_undersampling,sex,undersampling,False,4,TIR,MAE,19.52
REPLACE-BG,balanced_sex_undersampling,sex,undersampling,False,4,TIR,MAPE,0.16
REPLACE-BG,balanced_sex_undersampling,sex,undersampling,False,4,TAR_1,A,69.72
REPLACE-BG,balanced_sex_undersampling,sex,undersampling,False,4,TAR_1,B,28.42
REPLACE-BG,balanced_sex_undersampling,sex,undersampling,False,4,TAR_1,C,0.02
REPLACE-BG,balanced_sex_undersampling,sex,undersampling,False,4,TAR_1,D,1.84
REPLACE-BG,balanced_sex_undersampling,sex,undersampling,False,4,TAR_1,E,0.0
REPLACE-BG,balanced_sex_undersampling,sex,undersampling,False,4,TAR_1,A + B,98.14
REPLACE-BG,balanced_sex_undersampling,sex,undersampling,False,4,TAR_1,RMSE,42.97
REPLACE-BG,balanced_sex_undersampling,sex,undersampling,False,4,TAR_1,MSE,1846.16
REPLACE-BG,balanced_sex_undersampling,sex,undersampling,False,4,TAR_1,MAE,34.49
REPLACE-BG,balanced_sex_undersampling,sex,undersampling,False,4,TAR_1,MAPE,0.16
REPLACE-BG,balanced_sex_undersampling,sex,undersampling,False,4,TAR_2,A,57.68
REPLACE-BG,balanced_sex_undersampling,sex,undersampling,False,4,TAR_2,B,33.87
REPLACE-BG,balanced_sex_undersampling,sex,undersampling,False,4,TAR_2,C,0.0
REPLACE-BG,balanced_sex_undersampling,sex,undersampling,False,4,TAR_2,D,8.45
REPLACE-BG,balanced_sex_undersampling,sex,undersampling,False,4,TAR_2,E,0.0
REPLACE-BG,balanced_sex_undersampling,sex,undersampling,False,4,TAR_2,A + B,91.55
REPLACE-BG,balanced_sex_undersampling,sex,undersampling,False,4,TAR_2,RMSE,67.86
REPLACE-BG,balanced_sex_undersampling,sex,undersampling,False,4,TAR_2,MSE,4604.81
REPLACE-BG,balanced_sex_undersampling,sex,undersampling,False,4,TAR_2,MAE,57.98
REPLACE-BG,balanced_sex_undersampling,sex,undersampling,False,4,TAR_2,MAPE,0.2
REPLACE-BG,balanced_sex_undersampling,sex,undersampling,False,4,ENTIRE,A,67.04
REPLACE-BG,balanced_sex_undersampling,sex,undersampling,False,4,ENTIRE,B,27.91
REPLACE-BG,balanced_sex_undersampling,sex,undersampling,False,4,ENTIRE,C,0.13
REPLACE-BG,balanced_sex_undersampling,sex,undersampling,False,4,ENTIRE,D,4.89
REPLACE-BG,balanced_sex_undersampling,sex,undersampling,False,4,ENTIRE,E,0.03
REPLACE-BG,balanced_sex_undersampling,sex,undersampling,False,4,ENTIRE,A + B,94.95
REPLACE-BG,balanced_sex_undersampling,sex,undersampling,False,4,ENTIRE,RMSE,38.24
REPLACE-BG,balanced_sex_undersampling,sex,undersampling,False,4,ENTIRE,MSE,1462.13
REPLACE-BG,balanced_sex_undersampling,sex,undersampling,False,4,ENTIRE,MAE,28.29
REPLACE-BG,balanced_sex_undersampling,sex,undersampling,False,4,ENTIRE,MAPE,0.19
REPLACE-BG,balanced_sex_undersampling,sex,undersampling,False,5,TBR_2,A,0.0
REPLACE-BG,balanced_sex_undersampling,sex,undersampling,False,5,TBR_2,B,0.0
REPLACE-BG,balanced_sex_undersampling,sex,undersampling,False,5,TBR_2,C,0.0
REPLACE-BG,balanced_sex_undersampling,sex,undersampling,False,5,TBR_2,D,99.24
REPLACE-BG,balanced_sex_undersampling,sex,undersampling,False,5,TBR_2,E,0.76
REPLACE-BG,balanced_sex_undersampling,sex,undersampling,False,5,TBR_2,A + B,0.0
REPLACE-BG,balanced_sex_undersampling,sex,undersampling,False,5,TBR_2,RMSE,58.31
REPLACE-BG,balanced_sex_undersampling,sex,undersampling,False,5,TBR_2,MSE,3400.37
REPLACE-BG,balanced_sex_undersampling,sex,undersampling,False,5,TBR_2,MAE,55.32
REPLACE-BG,balanced_sex_undersampling,sex,undersampling,False,5,TBR_2,MAPE,1.22
REPLACE-BG,balanced_sex_undersampling,sex,undersampling,False,5,TBR_1,A,0.37
REPLACE-BG,balanced_sex_undersampling,sex,undersampling,False,5,TBR_1,B,0.0
REPLACE-BG,balanced_sex_undersampling,sex,undersampling,False,5,TBR_1,C,0.0
REPLACE-BG,balanced_sex_undersampling,sex,undersampling,False,5,TBR_1,D,99.08
REPLACE-BG,balanced_sex_undersampling,sex,undersampling,False,5,TBR_1,E,0.55
REPLACE-BG,balanced_sex_undersampling,sex,undersampling,False,5,TBR_1,A + B,0.37
REPLACE-BG,balanced_sex_undersampling,sex,undersampling,False,5,TBR_1,RMSE,42.38
REPLACE-BG,balanced_sex_undersampling,sex,undersampling,False,5,TBR_1,MSE,1796.05
REPLACE-BG,balanced_sex_undersampling,sex,undersampling,False,5,TBR_1,MAE,38.76
REPLACE-BG,balanced_sex_undersampling,sex,undersampling,False,5,TBR_1,MAPE,0.62
REPLACE-BG,balanced_sex_undersampling,sex,undersampling,False,5,TIR,A,71.14
REPLACE-BG,balanced_sex_undersampling,sex,undersampling,False,5,TIR,B,28.67
REPLACE-BG,balanced_sex_undersampling,sex,undersampling,False,5,TIR,C,0.19
REPLACE-BG,balanced_sex_undersampling,sex,undersampling,False,5,TIR,D,0.0
REPLACE-BG,balanced_sex_undersampling,sex,undersampling,False,5,TIR,E,0.0
REPLACE-BG,balanced_sex_undersampling,sex,undersampling,False,5,TIR,A + B,99.81
REPLACE-BG,balanced_sex_undersampling,sex,undersampling,False,5,TIR,RMSE,26.04
REPLACE-BG,balanced_sex_undersampling,sex,undersampling,False,5,TIR,MSE,678.18
REPLACE-BG,balanced_sex_undersampling,sex,undersampling,False,5,TIR,MAE,19.2
REPLACE-BG,balanced_sex_undersampling,sex,undersampling,False,5,TIR,MAPE,0.16
REPLACE-BG,balanced_sex_undersampling,sex,undersampling,False,5,TAR_1,A,67.99
REPLACE-BG,balanced_sex_undersampling,sex,undersampling,False,5,TAR_1,B,30.16
REPLACE-BG,balanced_sex_undersampling,sex,undersampling,False,5,TAR_1,C,0.04
REPLACE-BG,balanced_sex_undersampling,sex,undersampling,False,5,TAR_1,D,1.81
REPLACE-BG,balanced_sex_undersampling,sex,undersampling,False,5,TAR_1,E,0.0
REPLACE-BG,balanced_sex_undersampling,sex,undersampling,False,5,TAR_1,A + B,98.15
REPLACE-BG,balanced_sex_undersampling,sex,undersampling,False,5,TAR_1,RMSE,44.2
REPLACE-BG,balanced_sex_undersampling,sex,undersampling,False,5,TAR_1,MSE,1953.7
REPLACE-BG,balanced_sex_undersampling,sex,undersampling,False,5,TAR_1,MAE,35.14
REPLACE-BG,balanced_sex_undersampling,sex,undersampling,False,5,TAR_1,MAPE,0.17
REPLACE-BG,balanced_sex_undersampling,sex,undersampling,False,5,TAR_2,A,57.54
REPLACE-BG,balanced_sex_undersampling,sex,undersampling,False,5,TAR_2,B,31.93
REPLACE-BG,balanced_sex_undersampling,sex,undersampling,False,5,TAR_2,C,0.0
REPLACE-BG,balanced_sex_undersampling,sex,undersampling,False,5,TAR_2,D,10.53
REPLACE-BG,balanced_sex_undersampling,sex,undersampling,False,5,TAR_2,E,0.0
REPLACE-BG,balanced_sex_undersampling,sex,undersampling,False,5,TAR_2,A + B,89.47
REPLACE-BG,balanced_sex_undersampling,sex,undersampling,False,5,TAR_2,RMSE,68.12
REPLACE-BG,balanced_sex_undersampling,sex,undersampling,False,5,TAR_2,MSE,4640.72
REPLACE-BG,balanced_sex_undersampling,sex,undersampling,False,5,TAR_2,MAE,57.76
REPLACE-BG,balanced_sex_undersampling,sex,undersampling,False,5,TAR_2,MAPE,0.2
REPLACE-BG,balanced_sex_undersampling,sex,undersampling,False,5,ENTIRE,A,66.8
REPLACE-BG,balanced_sex_undersampling,sex,undersampling,False,5,ENTIRE,B,28.15
REPLACE-BG,balanced_sex_undersampling,sex,undersampling,False,5,ENTIRE,C,0.14
REPLACE-BG,balanced_sex_undersampling,sex,undersampling,False,5,ENTIRE,D,4.89
REPLACE-BG,balanced_sex_undersampling,sex,undersampling,False,5,ENTIRE,E,0.02
REPLACE-BG,balanced_sex_undersampling,sex,undersampling,False,5,ENTIRE,A + B,94.95
REPLACE-BG,balanced_sex_undersampling,sex,undersampling,False,5,ENTIRE,RMSE,36.05
REPLACE-BG,balanced_sex_undersampling,sex,undersampling,False,5,ENTIRE,MSE,1299.86
REPLACE-BG,balanced_sex_undersampling,sex,undersampling,False,5,ENTIRE,MAE,26.35
REPLACE-BG,balanced_sex_undersampling,sex,undersampling,False,5,ENTIRE,MAPE,0.19
REPLACE-BG,original,,original,True,1,TBR_2,A,1.5
REPLACE-BG,original,,original,True,1,TBR_2,B,0.0
REPLACE-BG,original,,original,True,1,TBR_2,C,0.0
REPLACE-BG,original,,original,True,1,TBR_2,D,98.01
REPLACE-BG,original,,original,True,1,TBR_2,E,0.48
REPLACE-BG,original,,original,True,1,TBR_2,A + B,1.5
REPLACE-BG,original,,original,True,1,TBR_2,RMSE,56.16
REPLACE-BG,original,,original,True,1,TBR_2,MSE,3153.44
REPLACE-BG,original,,original,True,1,TBR_2,MAE,53.06
REPLACE-BG,original,,original,True,1,TBR_2,MAPE,1.17
REPLACE-BG,original,,original,True,1,TBR_1,A,1.54
REPLACE-BG,original,,original,True,1,TBR_1,B,0.0
REPLACE-BG,original,,original,True,1,TBR_1,C,0.0
REPLACE-BG,original,,original,True,1,TBR_1,D,98.01
REPLACE-BG,original,,original,True,1,TBR_1,E,0.45
REPLACE-BG,original,,original,True,1,TBR_1,A + B,1.54
REPLACE-BG,original,,original,True,1,TBR_1,RMSE,42.09
REPLACE-BG,original,,original,True,1,TBR_1,MSE,1771.21
REPLACE-BG,original,,original,True,1,TBR_1,MAE,38.37
REPLACE-BG,original,,original,True,1,TBR_1,MAPE,0.62
REPLACE-BG,original,,original,True,1,TIR,A,71.87
REPLACE-BG,original,,original,True,1,TIR,B,27.95
REPLACE-BG,original,,original,True,1,TIR,C,0.18
REPLACE-BG,original,,original,True,1,TIR,D,0.0
REPLACE-BG,original,,original,True,1,TIR,E,0.0
REPLACE-BG,original,,original,True,1,TIR,A + B,99.82
REPLACE-BG,original,,original,True,1,TIR,RMSE,25.86
REPLACE-BG,original,,original,True,1,TIR,MSE,668.93
REPLACE-BG,original,,original,True,1,TIR,MAE,19.15
REPLACE-BG,original,,original,True,1,TIR,MAPE,0.16
REPLACE-BG,original,,original,True,1,TAR_1,A,68.77
REPLACE-BG,original,,original,True,1,TAR_1,B,29.3
REPLACE-BG,original,,original,True,1,TAR_1,C,0.04
REPLACE-BG,original,,original,True,1,TAR_1,D,1.88
REPLACE-BG,original,,original,True,1,TAR_1,E,0.0
REPLACE-BG,original,,original,True,1,TAR_1,A + B,98.07
REPLACE-BG,original,,original,True,1,TAR_1,RMSE,43.55
REPLACE-BG,original,,original,True,1,TAR_1,MSE,1896.74
REPLACE-BG,original,,original,True,1,TAR_1,MAE,34.72
REPLACE-BG,original,,original,True,1,TAR_1,MAPE,0.16
REPLACE-BG,original,,original,True,1,TAR_2,A,59.2
REPLACE-BG,original,,original,True,1,TAR_2,B,31.92
REPLACE-BG,original,,original,True,1,TAR_2,C,0.0
REPLACE-BG,original,,original,True,1,TAR_2,D,8.88
REPLACE-BG,original,,original,True,1,TAR_2,E,0.0
REPLACE-BG,original,,original,True,1,TAR_2,A + B,91.12
REPLACE-BG,original,,original,True,1,TAR_2,RMSE,67.82
REPLACE-BG,original,,original,True,1,TAR_2,MSE,4599.39
REPLACE-BG,original,,original,True,1,TAR_2,MAE,57.7
REPLACE-BG,original,,original,True,1,TAR_2,MAPE,0.19
REPLACE-BG,original,,original,True,1,ENTIRE,A,67.21
REPLACE-BG,original,,original,True,1,ENTIRE,B,27.54
REPLACE-BG,original,,original,True,1,ENTIRE,C,0.12
REPLACE-BG,original,,original,True,1,ENTIRE,D,5.11
REPLACE-BG,original,,original,True,1,ENTIRE,E,0.02
REPLACE-BG,original,,original,True,1,ENTIRE,A + B,94.75
REPLACE-BG,original,,original,True,1,ENTIRE,RMSE,37.08
REPLACE-BG,original,,original,True,1,ENTIRE,MSE,1374.97
REPLACE-BG,original,,original,True,1,ENTIRE,MAE,27.21
REPLACE-BG,original,,original,True,1,ENTIRE,MAPE,0.19
REPLACE-BG,original,,original,True,2,TBR_2,A,0.0
REPLACE-BG,original,,original,True,2,TBR_2,B,0.0
REPLACE-BG,original,,original,True,2,TBR_2,C,0.0
REPLACE-BG,original,,original,True,2,TBR_2,D,99.52
REPLACE-BG,original,,original,True,2,TBR_2,E,0.48
REPLACE-BG,original,,original,True,2,TBR_2,A + B,0.0
REPLACE-BG,original,,original,True,2,TBR_2,RMSE,57.75
REPLACE-BG,original,,original,True,2,TBR_2,MSE,3335.13
REPLACE-BG,original,,original,True,2,TBR_2,MAE,55.31
REPLACE-BG,original,,original,True,2,TBR_2,MAPE,1.22
REPLACE-BG,original,,original,True,2,TBR_1,A,0.01
REPLACE-BG,original,,original,True,2,TBR_1,B,0.0
REPLACE-BG,original,,original,True,2,TBR_1,C,0.0
REPLACE-BG,original,,original,True,2,TBR_1,D,99.6
REPLACE-BG,original,,original,True,2,TBR_1,E,0.39
REPLACE-BG,original,,original,True,2,TBR_1,A + B,0.01
REPLACE-BG,original,,original,True,2,TBR_1,RMSE,41.96
REPLACE-BG,original,,original,True,2,TBR_1,MSE,1760.58
REPLACE-BG,original,,original,True,2,TBR_1,MAE,39.17
REPLACE-BG,original,,original,True,2,TBR_1,MAPE,0.63
REPLACE-BG,original,,original,True,2,TIR,A,72.59
REPLACE-BG,original,,original,True,2,TIR,B,27.27
REPLACE-BG,original,,original,True,2,TIR,C,0.14
REPLACE-BG,original,,original,True,2,TIR,D,0.0
REPLACE-BG,original,,original,True,2,TIR,E,0.0
REPLACE-BG,original,,original,True,2,TIR,A + B,99.86
REPLACE-BG,original,,original,True,2,TIR,RMSE,24.84
REPLACE-BG,original,,original,True,2,TIR,MSE,617.25
REPLACE-BG,original,,original,True,2,TIR,MAE,18.51
REPLACE-BG,original,,original,True,2,TIR,MAPE,0.15
REPLACE-BG,original,,original,True,2,TAR_1,A,69.86
REPLACE-BG,original,,original,True,2,TAR_1,B,28.36
REPLACE-BG,original,,original,True,2,TAR_1,C,0.02
REPLACE-BG,original,,original,True,2,TAR_1,D,1.76
REPLACE-BG,original,,original,True,2,TAR_1,E,0.0
REPLACE-BG,original,,original,True,2,TAR_1,A + B,98.22
REPLACE-BG,original,,original,True,2,TAR_1,RMSE,42.37
REPLACE-BG,original,,original,True,2,TAR_1,MSE,1795.53
REPLACE-BG,original,,original,True,2,TAR_1,MAE,33.85
REPLACE-BG,original,,original,True,2,TAR_1,MAPE,0.16
REPLACE-BG,original,,original,True,2,TAR_2,A,55.56
REPLACE-BG,original,,original,True,2,TAR_2,B,35.54
REPLACE-BG,original,,original,True,2,TAR_2,C,0.0
REPLACE-BG,original,,original,True,2,TAR_2,D,8.91
REPLACE-BG,original,,original,True,2,TAR_2,E,0.0
REPLACE-BG,original,,original,True,2,TAR_2,A + B,91.1
REPLACE-BG,original,,original,True,2,TAR_2,RMSE,69.58
REPLACE-BG,original,,original,True,2,TAR_2,MSE,4841.36
REPLACE-BG,original,,original,True,2,TAR_2,MAE,59.53
REPLACE-BG,original,,original,True,2,TAR_2,MAPE,0.2
REPLACE-BG,original,,original,True,2,ENTIRE,A,67.96
REPLACE-BG,original,,original,True,2,ENTIRE,B,27.3
REPLACE-BG,original,,original,True,2,ENTIRE,C,0.09
REPLACE-BG,original,,original,True,2,ENTIRE,D,4.63
REPLACE-BG,original,,original,True,2,ENTIRE,E,0.01
REPLACE-BG,original,,original,True,2,ENTIRE,A + B,95.26
REPLACE-BG,original,,original,True,2,ENTIRE,RMSE,36.12
REPLACE-BG,original,,original,True,2,ENTIRE,MSE,1304.92
REPLACE-BG,original,,original,True,2,ENTIRE,MAE,26.39
REPLACE-BG,original,,original,True,2,ENTIRE,MAPE,0.18
REPLACE-BG,original,,original,True,3,TBR_2,A,0.0
REPLACE-BG,original,,original,True,3,TBR_2,B,0.0
REPLACE-BG,original,,original,True,3,TBR_2,C,0.0
REPLACE-BG,original,,original,True,3,TBR_2,D,99.55
REPLACE-BG,original,,original,True,3,TBR_2,E,0.45
REPLACE-BG,original,,original,True,3,TBR_2,A + B,0.0
REPLACE-BG,original,,original,True,3,TBR_2,RMSE,55.68
REPLACE-BG,original,,original,True,3,TBR_2,MSE,3100.7
REPLACE-BG,original,,original,True,3,TBR_2,MAE,53.06
REPLACE-BG,original,,original,True,3,TBR_2,MAPE,1.17
REPLACE-BG,original,,original,True,3,TBR_1,A,0.28
REPLACE-BG,original,,original,True,3,TBR_1,B,0.0
REPLACE-BG,original,,original,True,3,TBR_1,C,0.0
REPLACE-BG,original,,original,True,3,TBR_1,D,99.35
REPLACE-BG,original,,original,True,3,TBR_1,E,0.37
REPLACE-BG,original,,original,True,3,TBR_1,A + B,0.28
REPLACE-BG,original,,original,True,3,TBR_1,RMSE,40.61
REPLACE-BG,original,,original,True,3,TBR_1,MSE,1649.1
REPLACE-BG,original,,original,True,3,TBR_1,MAE,37.23
REPLACE-BG,original,,original,True,3,TBR_1,MAPE,0.6
REPLACE-BG,original,,original,True,3,TIR,A,72.75
REPLACE-BG,original,,original,True,3,TIR,B,27.11
REPLACE-BG,original,,original,True,3,TIR,C,0.14
REPLACE-BG,original,,original,True,3,TIR,D,0.0
REPLACE-BG,original,,original,True,3,TIR,E,0.0
REPLACE-BG,original,,original,True,3,TIR,A + B,99.86
REPLACE-BG,original,,original,True,3,TIR,RMSE,25.39
REPLACE-BG,original,,original,True,3,TIR,MSE,644.79
REPLACE-BG,original,,original,True,3,TIR,MAE,18.85
REPLACE-BG,original,,original,True,3,TIR,MAPE,0.15
REPLACE-BG,original,,original,True,3,TAR_1,A,69.1
REPLACE-BG,original,,original,True,3,TAR_1,B,29.02
REPLACE-BG,original,,original,True,3,TAR_1,C,0.04
REPLACE-BG,original,,original,True,3,TAR_1,D,1.83
REPLACE-BG,original,,original,True,3,TAR_1,E,0.0
REPLACE-BG,original,,original,True,3,TAR_1,A + B,98.12
REPLACE-BG,original,,original,True,3,TAR_1,RMSE,43.2
REPLACE-BG,original,,original,True,3,TAR_1,MSE,1865.98
REPLACE-BG,original,,original,True,3,TAR_1,MAE,34.75
REPLACE-BG,original,,original,True,3,TAR_1,MAPE,0.16
REPLACE-BG,original,,original,True,3,TAR_2,A,55.12
REPLACE-BG,original,,original,True,3,TAR_2,B,34.92
REPLACE-BG,original,,original,True,3,TAR_2,C,0.0
REPLACE-BG,original,,original,True,3,TAR_2,D,9.97
REPLACE-BG,original,,original,True,3,TAR_2,E,0.0
REPLACE-BG,original,,original,True,3,TAR_2,A + B,90.04
REPLACE-BG,original,,original,True,3,TAR_2,RMSE,70.04
REPLACE-BG,original,,original,True,3,TAR_2,MSE,4905.31
REPLACE-BG,original,,original,True,3,TAR_2,MAE,59.92
REPLACE-BG,original,,original,True,3,TAR_2,MAPE,0.2
REPLACE-BG,original,,original,True,3,ENTIRE,A,67.72
REPLACE-BG,original,,original,True,3,ENTIRE,B,27.36
REPLACE-BG,original,,original,True,3,ENTIRE,C,0.1
REPLACE-BG,original,,original,True,3,ENTIRE,D,4.81
REPLACE-BG,original,,original,True,3,ENTIRE,E,0.01
REPLACE-BG,original,,original,True,3,ENTIRE,A + B,95.08
REPLACE-BG,original,,original,True,3,ENTIRE,RMSE,37.21
REPLACE-BG,original,,original,True,3,ENTIRE,MSE,1384.45
REPLACE-BG,original,,original,True,3,ENTIRE,MAE,27.31
REPLACE-BG,original,,original,True,3,ENTIRE,MAPE,0.18
REPLACE-BG,original,,original,True,4,TBR_2,A,0.0
REPLACE-BG,original,,original,True,4,TBR_2,B,0.0
REPLACE-BG,original,,original,True,4,TBR_2,C,0.0
REPLACE-BG,original,,original,True,4,TBR_2,D,99.04
REPLACE-BG,original,,original,True,4,TBR_2,E,0.96
REPLACE-BG,original,,original,True,4,TBR_2,A + B,0.0
REPLACE-BG,original,,original,True,4,TBR_2,RMSE,59.61
REPLACE-BG,original,,original,True,4,TBR_2,MSE,3553.53
REPLACE-BG,original,,original,True,4,TBR_2,MAE,56.58
REPLACE-BG,original,,original,True,4,TBR_2,MAPE,1.25
REPLACE-BG,original,,original,True,4,TBR_1,A,0.0
REPLACE-BG,original,,original,True,4,TBR_1,B,0.0
REPLACE-BG,original,,original,True,4,TBR_1,C,0.0
REPLACE-BG,original,,original,True,4,TBR_1,D,99.19
REPLACE-BG,original,,original,True,4,TBR_1,E,0.81
REPLACE-BG,original,,original,True,4,TBR_1,A + B,0.0
REPLACE-BG,original,,original,True,4,TBR_1,RMSE,43.83
REPLACE-BG,original,,original,True,4,TBR_1,MSE,1921.41
REPLACE-BG,original,,original,True,4,TBR_1,MAE,40.13
REPLACE-BG,original,,original,True,4,TBR_1,MAPE,0.65
REPLACE-BG,original,,original,True,4,TIR,A,71.28
REPLACE-BG,original,,original,True,4,TIR,B,28.52
REPLACE-BG,original,,original,True,4,TIR,C,0.2
REPLACE-BG,original,,original,True,4,TIR,D,0.0
REPLACE-BG,original,,original,True,4,TIR,E,0.0
REPLACE-BG,original,,original,True,4,TIR,A + B,99.8
REPLACE-BG,original,,original,True,4,TIR,RMSE,26.27
REPLACE-BG,original,,original,True,4,TIR,MSE,689.95
REPLACE-BG,original,,original,True,4,TIR,MAE,19.42
REPLACE-BG,original,,original,True,4,TIR,MAPE,0.16
REPLACE-BG,original,,original,True,4,TAR_1,A,71.35
REPLACE-BG,original,,original,True,4,TAR_1,B,26.86
REPLACE-BG,original,,original,True,4,TAR_1,C,0.02
REPLACE-BG,original,,original,True,4,TAR_1,D,1.77
REPLACE-BG,original,,original,True,4,TAR_1,E,0.0
REPLACE-BG,original,,original,True,4,TAR_1,A + B,98.21
REPLACE-BG,original,,original,True,4,TAR_1,RMSE,41.97
REPLACE-BG,original,,original,True,4,TAR_1,MSE,1761.79
REPLACE-BG,original,,original,True,4,TAR_1,MAE,33.66
REPLACE-BG,original,,original,True,4,TAR_1,MAPE,0.16
REPLACE-BG,original,,original,True,4,TAR_2,A,54.82
REPLACE-BG,original,,original,True,4,TAR_2,B,37.06
REPLACE-BG,original,,original,True,4,TAR_2,C,0.0
REPLACE-BG,original,,original,True,4,TAR_2,D,8.12
REPLACE-BG,original,,original,True,4,TAR_2,E,0.0
REPLACE-BG,original,,original,True,4,TAR_2,A + B,91.88
REPLACE-BG,original,,original,True,4,TAR_2,RMSE,69.25
REPLACE-BG,original,,original,True,4,TAR_2,MSE,4795.79
REPLACE-BG,original,,original,True,4,TAR_2,MAE,59.98
REPLACE-BG,original,,original,True,4,TAR_2,MAPE,0.2
REPLACE-BG,original,,original,True,4,ENTIRE,A,66.99
REPLACE-BG,original,,original,True,4,ENTIRE,B,28.01
REPLACE-BG,original,,original,True,4,ENTIRE,C,0.12
REPLACE-BG,original,,original,True,4,ENTIRE,D,4.84
REPLACE-BG,original,,original,True,4,ENTIRE,E,0.03
REPLACE-BG,original,,original,True,4,ENTIRE,A + B,95.0
REPLACE-BG,original,,original,True,4,ENTIRE,RMSE,38.25
REPLACE-BG,original,,original,True,4,ENTIRE,MSE,1462.83
REPLACE-BG,original,,original,True,4,ENTIRE,MAE,28.29
REPLACE-BG,original,,original,True,4,ENTIRE,MAPE,0.19
REPLACE-BG,original,,original,True,5,TBR_2,A,0.0
REPLACE-BG,original,,original,True,5,TBR_2,B,0.0
REPLACE-BG,original,,original,True,5,TBR_2,C,0.0
REPLACE-BG,original,,original,True,5,TBR_2,D,99.35
REPLACE-BG,original,,original,True,5,TBR_2,E,0.65
REPLACE-BG,original,,original,True,5,TBR_2,A + B,0.0
REPLACE-BG,original,,original,True,5,TBR_2,RMSE,57.23
REPLACE-BG,original,,original,True,5,TBR_2,MSE,3275.54
REPLACE-BG,original,,original,True,5,TBR_2,MAE,54.26
REPLACE-BG,original,,original,True,5,TBR_2,MAPE,1.19
REPLACE-BG,original,,original,True,5,TBR_1,A,0.07
REPLACE-BG,original,,original,True,5,TBR_1,B,0.0
REPLACE-BG,original,,original,True,5,TBR_1,C,0.0
REPLACE-BG,original,,original,True,5,TBR_1,D,99.39
REPLACE-BG,original,,original,True,5,TBR_1,E,0.54
REPLACE-BG,original,,original,True,5,TBR_1,A + B,0.07
REPLACE-BG,original,,original,True,5,TBR_1,RMSE,41.59
REPLACE-BG,original,,original,True,5,TBR_1,MSE,1729.64
REPLACE-BG,original,,original,True,5,TBR_1,MAE,37.96
REPLACE-BG,original,,original,True,5,TBR_1,MAPE,0.61
REPLACE-BG,original,,original,True,5,TIR,A,71.28
REPLACE-BG,original,,original,True,5,TIR,B,28.54
REPLACE-BG,original,,original,True,5,TIR,C,0.18
REPLACE-BG,original,,original,True,5,TIR,D,0.0
REPLACE-BG,original,,original,True,5,TIR,E,0.0
REPLACE-BG,original,,original,True,5,TIR,A + B,99.82
REPLACE-BG,original,,original,True,5,TIR,RMSE,25.92
REPLACE-BG,original,,original,True,5,TIR,MSE,671.99
REPLACE-BG,original,,original,True,5,TIR,MAE,19.14
REPLACE-BG,original,,original,True,5,TIR,MAPE,0.16
REPLACE-BG,original,,original,True,5,TAR_1,A,67.01
REPLACE-BG,original,,original,True,5,TAR_1,B,31.05
REPLACE-BG,original,,original,True,5,TAR_1,C,0.03
REPLACE-BG,original,,original,True,5,TAR_1,D,1.9
REPLACE-BG,original,,original,True,5,TAR_1,E,0.0
REPLACE-BG,original,,original,True,5,TAR_1,A + B,98.06
REPLACE-BG,original,,original,True,5,TAR_1,RMSE,44.79
REPLACE-BG,original,,original,True,5,TAR_1,MSE,2005.89
REPLACE-BG,original,,original,True,5,TAR_1,MAE,35.82
REPLACE-BG,original,,original,True,5,TAR_1,MAPE,0.17
REPLACE-BG,original,,original,True,5,TAR_2,A,54.72
REPLACE-BG,original,,original,True,5,TAR_2,B,34.21
REPLACE-BG,original,,original,True,5,TAR_2,C,0.0
REPLACE-BG,original,,original,True,5,TAR_2,D,11.07
REPLACE-BG,original,,original,True,5,TAR_2,E,0.0
REPLACE-BG,original,,original,True,5,TAR_2,A + B,88.93
REPLACE-BG,original,,original,True,5,TAR_2,RMSE,69.87
REPLACE-BG,original,,original,True,5,TAR_2,MSE,4882.31
REPLACE-BG,original,,original,True,5,TAR_2,MAE,59.7
REPLACE-BG,original,,original,True,5,TAR_2,MAPE,0.2
REPLACE-BG,original,,original,True,5,ENTIRE,A,66.47
REPLACE-BG,original,,original,True,5,ENTIRE,B,28.43
REPLACE-BG,original,,original,True,5,ENTIRE,C,0.12
REPLACE-BG,original,,original,True,5,ENTIRE,D,4.96
REPLACE-BG,original,,original,True,5,ENTIRE,E,0.02
REPLACE-BG,original,,original,True,5,ENTIRE,A + B,94.9
REPLACE-BG,original,,original,True,5,ENTIRE,RMSE,36.36
REPLACE-BG,original,,original,True,5,ENTIRE,MSE,1321.69
REPLACE-BG,original,,original,True,5,ENTIRE,MAE,26.57
REPLACE-BG,original,,original,True,5,ENTIRE,MAPE,0.19
T1DiabetesGranada,balanced_age_jittering,age,jittering,False,1,TBR_2,A,18.32
T1DiabetesGranada,balanced_age_jittering,age,jittering,False,1,TBR_2,B,0.0
T1DiabetesGranada,balanced_age_jittering,age,jittering,False,1,TBR_2,C,0.0
T1DiabetesGranada,balanced_age_jittering,age,jittering,False,1,TBR_2,D,81.24
T1DiabetesGranada,balanced_age_jittering,age,jittering,False,1,TBR_2,E,0.44
T1DiabetesGranada,balanced_age_jittering,age,jittering,False,1,TBR_2,A + B,18.32
T1DiabetesGranada,balanced_age_jittering,age,jittering,False,1,TBR_2,RMSE,40.51
T1DiabetesGranada,balanced_age_jittering,age,jittering,False,1,TBR_2,MSE,1641.34
T1DiabetesGranada,balanced_age_jittering,age,jittering,False,1,TBR_2,MAE,35.82
T1DiabetesGranada,balanced_age_jittering,age,jittering,False,1,TBR_2,MAPE,0.75
T1DiabetesGranada,balanced_age_jittering,age,jittering,False,1,TBR_1,A,13.53
T1DiabetesGranada,balanced_age_jittering,age,jittering,False,1,TBR_1,B,0.0
T1DiabetesGranada,balanced_age_jittering,age,jittering,False,1,TBR_1,C,0.0
T1DiabetesGranada,balanced_age_jittering,age,jittering,False,1,TBR_1,D,85.88
T1DiabetesGranada,balanced_age_jittering,age,jittering,False,1,TBR_1,E,0.59
T1DiabetesGranada,balanced_age_jittering,age,jittering,False,1,TBR_1,A + B,13.53
T1DiabetesGranada,balanced_age_jittering,age,jittering,False,1,TBR_1,RMSE,36.45
T1DiabetesGranada,balanced_age_jittering,age,jittering,False,1,TBR_1,MSE,1328.7
T1DiabetesGranada,balanced_age_jittering,age,jittering,False,1,TBR_1,MAE,30.66
T1DiabetesGranada,balanced_age_jittering,age,jittering,False,1,TBR_1,MAPE,0.5
T1DiabetesGranada,balanced_age_jittering,age,jittering,False,1,TIR,A,70.5
T1DiabetesGranada,balanced_age_jittering,age,jittering,False,1,TIR,B,29.17
T1DiabetesGranada,balanced_age_jittering,age,jittering,False,1,TIR,C,0.33
T1DiabetesGranada,balanced_age_jittering,age,jittering,False,1,TIR,D,0.0
T1DiabetesGranada,balanced_age_jittering,age,jittering,False,1,TIR,E,0.0
T1DiabetesGranada,balanced_age_jittering,age,jittering,False,1,TIR,A + B,99.67
T1DiabetesGranada,balanced_age_jittering,age,jittering,False,1,TIR,RMSE,27.69
T1DiabetesGranada,balanced_age_jittering,age,jittering,False,1,TIR,MSE,766.47
T1DiabetesGranada,balanced_age_jittering,age,jittering,False,1,TIR,MAE,20.03
T1DiabetesGranada,balanced_age_jittering,age,jittering,False,1,TIR,MAPE,0.17
T1DiabetesGranada,balanced_age_jittering,age,jittering,False,1,TAR_1,A,71.3
T1DiabetesGranada,balanced_age_jittering,age,jittering,False,1,TAR_1,B,26.78
T1DiabetesGranada,balanced_age_jittering,age,jittering,False,1,TAR_1,C,0.1
T1DiabetesGranada,balanced_age_jittering,age,jittering,False,1,TAR_1,D,1.78
T1DiabetesGranada,balanced_age_jittering,age,jittering,False,1,TAR_1,E,0.04
T1DiabetesGranada,balanced_age_jittering,age,jittering,False,1,TAR_1,A + B,98.08
T1DiabetesGranada,balanced_age_jittering,age,jittering,False,1,TAR_1,RMSE,42.89
T1DiabetesGranada,balanced_age_jittering,age,jittering,False,1,TAR_1,MSE,1839.31
T1DiabetesGranada,balanced_age_jittering,age,jittering,False,1,TAR_1,MAE,33.35
T1DiabetesGranada,balanced_age_jittering,age,jittering,False,1,TAR_1,MAPE,0.16
T1DiabetesGranada,balanced_age_jittering,age,jittering,False,1,TAR_2,A,61.6
T1DiabetesGranada,balanced_age_jittering,age,jittering,False,1,TAR_2,B,31.16
T1DiabetesGranada,balanced_age_jittering,age,jittering,False,1,TAR_2,C,0.04
T1DiabetesGranada,balanced_age_jittering,age,jittering,False,1,TAR_2,D,7.2
T1DiabetesGranada,balanced_age_jittering,age,jittering,False,1,TAR_2,E,0.01
T1DiabetesGranada,balanced_age_jittering,age,jittering,False,1,TAR_2,A + B,92.76
T1DiabetesGranada,balanced_age_jittering,age,jittering,False,1,TAR_2,RMSE,67.2
T1DiabetesGranada,balanced_age_jittering,age,jittering,False,1,TAR_2,MSE,4515.25
T1DiabetesGranada,balanced_age_jittering,age,jittering,False,1,TAR_2,MAE,56.55
T1DiabetesGranada,balanced_age_jittering,age,jittering,False,1,TAR_2,MAPE,0.18
T1DiabetesGranada,balanced_age_jittering,age,jittering,False,1,ENTIRE,A,66.88
T1DiabetesGranada,balanced_age_jittering,age,jittering,False,1,ENTIRE,B,27.44
T1DiabetesGranada,balanced_age_jittering,age,jittering,False,1,ENTIRE,C,0.22
T1DiabetesGranada,balanced_age_jittering,age,jittering,False,1,ENTIRE,D,5.42
T1DiabetesGranada,balanced_age_jittering,age,jittering,False,1,ENTIRE,E,0.04
T1DiabetesGranada,balanced_age_jittering,age,jittering,False,1,ENTIRE,A + B,94.32
T1DiabetesGranada,balanced_age_jittering,age,jittering,False,1,ENTIRE,RMSE,38.95
T1DiabetesGranada,balanced_age_jittering,age,jittering,False,1,ENTIRE,MSE,1516.81
T1DiabetesGranada,balanced_age_jittering,age,jittering,False,1,ENTIRE,MAE,28.29
T1DiabetesGranada,balanced_age_jittering,age,jittering,False,1,ENTIRE,MAPE,0.18
T1DiabetesGranada,balanced_age_jittering,age,jittering,False,2,TBR_2,A,11.93
T1DiabetesGranada,balanced_age_jittering,age,jittering,False,2,TBR_2,B,0.0
T1DiabetesGranada,balanced_age_jittering,age,jittering,False,2,TBR_2,C,0.0
T1DiabetesGranada,balanced_age_jittering,age,jittering,False,2,TBR_2,D,87.78
T1DiabetesGranada,balanced_age_jittering,age,jittering,False,2,TBR_2,E,0.29
T1DiabetesGranada,balanced_age_jittering,age,jittering,False,2,TBR_2,A + B,11.93
T1DiabetesGranada,balanced_age_jittering,age,jittering,False,2,TBR_2,RMSE,39.61
T1DiabetesGranada,balanced_age_jittering,age,jittering,False,2,TBR_2,MSE,1568.85
T1DiabetesGranada,balanced_age_jittering,age,jittering,False,2,TBR_2,MAE,35.97
T1DiabetesGranada,balanced_age_jittering,age,jittering,False,2,TBR_2,MAPE,0.76
T1DiabetesGranada,balanced_age_jittering,age,jittering,False,2,TBR_1,A,11.22
T1DiabetesGranada,balanced_age_jittering,age,jittering,False,2,TBR_1,B,0.0
T1DiabetesGranada,balanced_age_jittering,age,jittering,False,2,TBR_1,C,0.0
T1DiabetesGranada,balanced_age_jittering,age,jittering,False,2,TBR_1,D,88.29
T1DiabetesGranada,balanced_age_jittering,age,jittering,False,2,TBR_1,E,0.49
T1DiabetesGranada,balanced_age_jittering,age,jittering,False,2,TBR_1,A + B,11.22
T1DiabetesGranada,balanced_age_jittering,age,jittering,False,2,TBR_1,RMSE,35.32
T1DiabetesGranada,balanced_age_jittering,age,jittering,False,2,TBR_1,MSE,1247.56
T1DiabetesGranada,balanced_age_jittering,age,jittering,False,2,TBR_1,MAE,30.35
T1DiabetesGranada,balanced_age_jittering,age,jittering,False,2,TBR_1,MAPE,0.49
T1DiabetesGranada,balanced_age_jittering,age,jittering,False,2,TIR,A,72.43
T1DiabetesGranada,balanced_age_jittering,age,jittering,False,2,TIR,B,27.35
T1DiabetesGranada,balanced_age_jittering,age,jittering,False,2,TIR,C,0.22
T1DiabetesGranada,balanced_age_jittering,age,jittering,False,2,TIR,D,0.0
T1DiabetesGranada,balanced_age_jittering,age,jittering,False,2,TIR,E,0.0
T1DiabetesGranada,balanced_age_jittering,age,jittering,False,2,TIR,A + B,99.78
T1DiabetesGranada,balanced_age_jittering,age,jittering,False,2,TIR,RMSE,26.12
T1DiabetesGranada,balanced_age_jittering,age,jittering,False,2,TIR,MSE,682.23
T1DiabetesGranada,balanced_age_jittering,age,jittering,False,2,TIR,MAE,19.04
T1DiabetesGranada,balanced_age_jittering,age,jittering,False,2,TIR,MAPE,0.16
T1DiabetesGranada,balanced_age_jittering,age,jittering,False,2,TAR_1,A,71.14
T1DiabetesGranada,balanced_age_jittering,age,jittering,False,2,TAR_1,B,27.0
T1DiabetesGranada,balanced_age_jittering,age,jittering,False,2,TAR_1,C,0.07
T1DiabetesGranada,balanced_age_jittering,age,jittering,False,2,TAR_1,D,1.77
T1DiabetesGranada,balanced_age_jittering,age,jittering,False,2,TAR_1,E,0.02
T1DiabetesGranada,balanced_age_jittering,age,jittering,False,2,TAR_1,A + B,98.14
T1DiabetesGranada,balanced_age_jittering,age,jittering,False,2,TAR_1,RMSE,42.37
T1DiabetesGranada,balanced_age_jittering,age,jittering,False,2,TAR_1,MSE,1794.89
T1DiabetesGranada,balanced_age_jittering,age,jittering,False,2,TAR_1,MAE,33.31
T1DiabetesGranada,balanced_age_jittering,age,jittering,False,2,TAR_1,MAPE,0.16
T1DiabetesGranada,balanced_age_jittering,age,jittering,False,2,TAR_2,A,62.69
T1DiabetesGranada,balanced_age_jittering,age,jittering,False,2,TAR_2,B,30.56
T1DiabetesGranada,balanced_age_jittering,age,jittering,False,2,TAR_2,C,0.06
T1DiabetesGranada,balanced_age_jittering,age,jittering,False,2,TAR_2,D,6.69
T1DiabetesGranada,balanced_age_jittering,age,jittering,False,2,TAR_2,E,0.0
T1DiabetesGranada,balanced_age_jittering,age,jittering,False,2,TAR_2,A + B,93.25
T1DiabetesGranada,balanced_age_jittering,age,jittering,False,2,TAR_2,RMSE,66.85
T1DiabetesGranada,balanced_age_jittering,age,jittering,False,2,TAR_2,MSE,4468.64
T1DiabetesGranada,balanced_age_jittering,age,jittering,False,2,TAR_2,MAE,56.37
T1DiabetesGranada,balanced_age_jittering,age,jittering,False,2,TAR_2,MAPE,0.18
T1DiabetesGranada,balanced_age_jittering,age,jittering,False,2,ENTIRE,A,68.04
T1DiabetesGranada,balanced_age_jittering,age,jittering,False,2,ENTIRE,B,26.36
T1DiabetesGranada,balanced_age_jittering,age,jittering,False,2,ENTIRE,C,0.16
T1DiabetesGranada,balanced_age_jittering,age,jittering,False,2,ENTIRE,D,5.42
T1DiabetesGranada,balanced_age_jittering,age,jittering,False,2,ENTIRE,E,0.03
T1DiabetesGranada,balanced_age_jittering,age,jittering,False,2,ENTIRE,A + B,94.4
T1DiabetesGranada,balanced_age_jittering,age,jittering,False,2,ENTIRE,RMSE,37.87
T1DiabetesGranada,balanced_age_jittering,age,jittering,False,2,ENTIRE,MSE,1434.35
T1DiabetesGranada,balanced_age_jittering,age,jittering,False,2,ENTIRE,MAE,27.52
T1DiabetesGranada,balanced_age_jittering,age,jittering,False,2,ENTIRE,MAPE,0.18
T1DiabetesGranada,balanced_age_jittering,age,jittering,False,3,TBR_2,A,12.18
T1DiabetesGranada,balanced_age_jittering,age,jittering,False,3,TBR_2,B,0.0
T1DiabetesGranada,balanced_age_jittering,age,jittering,False,3,TBR_2,C,0.0
T1DiabetesGranada,balanced_age_jittering,age,jittering,False,3,TBR_2,D,87.49
T1DiabetesGranada,balanced_age_jittering,age,jittering,False,3,TBR_2,E,0.33
T1DiabetesGranada,balanced_age_jittering,age,jittering,False,3,TBR_2,A + B,12.18
T1DiabetesGranada,balanced_age_jittering,age,jittering,False,3,TBR_2,RMSE,39.84
T1DiabetesGranada,balanced_age_jittering,age,jittering,False,3,TBR_2,MSE,1586.86
T1DiabetesGranada,balanced_age_jittering,age,jittering,False,3,TBR_2,MAE,36.06
T1DiabetesGranada,balanced_age_jittering,age,jittering,False,3,TBR_2,MAPE,0.75
T1DiabetesGranada,balanced_age_jittering,age,jittering,False,3,TBR_1,A,10.39
T1DiabetesGranada,balanced_age_jittering,age,jittering,False,3,TBR_1,B,0.0
T1DiabetesGranada,balanced_age_jittering,age,jittering,False,3,TBR_1,C,0.0
T1DiabetesGranada,balanced_age_jittering,age,jittering,False,3,TBR_1,D,89.15
T1DiabetesGranada,balanced_age_jittering,age,jittering,False,3,TBR_1,E,0.47
T1DiabetesGranada,balanced_age_jittering,age,jittering,False,3,TBR_1,A + B,10.39
T1DiabetesGranada,balanced_age_jittering,age,jittering,False,3,TBR_1,RMSE,35.69
T1DiabetesGranada,balanced_age_jittering,age,jittering,False,3,TBR_1,MSE,1273.62
T1DiabetesGranada,balanced_age_jittering,age,jittering,False,3,TBR_1,MAE,30.75
T1DiabetesGranada,balanced_age_jittering,age,jittering,False,3,TBR_1,MAPE,0.5
T1DiabetesGranada,balanced_age_jittering,age,jittering,False,3,TIR,A,72.88
T1DiabetesGranada,balanced_age_jittering,age,jittering,False,3,TIR,B,26.93
T1DiabetesGranada,balanced_age_jittering,age,jittering,False,3,TIR,C,0.19
T1DiabetesGranada,balanced_age_jittering,age,jittering,False,3,TIR,D,0.0
T1DiabetesGranada,balanced_age_jittering,age,jittering,False,3,TIR,E,0.0
T1DiabetesGranada,balanced_age_jittering,age,jittering,False,3,TIR,A + B,99.81
T1DiabetesGranada,balanced_age_jittering,age,jittering,False,3,TIR,RMSE,25.81
T1DiabetesGranada,balanced_age_jittering,age,jittering,False,3,TIR,MSE,665.96
T1DiabetesGranada,balanced_age_jittering,age,jittering,False,3,TIR,MAE,18.83
T1DiabetesGranada,balanced_age_jittering,age,jittering,False,3,TIR,MAPE,0.15
T1DiabetesGranada,balanced_age_jittering,age,jittering,False,3,TAR_1,A,70.18
T1DiabetesGranada,balanced_age_jittering,age,jittering,False,3,TAR_1,B,27.95
T1DiabetesGranada,balanced_age_jittering,age,jittering,False,3,TAR_1,C,0.03
T1DiabetesGranada,balanced_age_jittering,age,jittering,False,3,TAR_1,D,1.83
T1DiabetesGranada,balanced_age_jittering,age,jittering,False,3,TAR_1,E,0.01
T1DiabetesGranada,balanced_age_jittering,age,jittering,False,3,TAR_1,A + B,98.13
T1DiabetesGranada,balanced_age_jittering,age,jittering,False,3,TAR_1,RMSE,43.04
T1DiabetesGranada,balanced_age_jittering,age,jittering,False,3,TAR_1,MSE,1852.58
T1DiabetesGranada,balanced_age_jittering,age,jittering,False,3,TAR_1,MAE,33.98
T1DiabetesGranada,balanced_age_jittering,age,jittering,False,3,TAR_1,MAPE,0.16
T1DiabetesGranada,balanced_age_jittering,age,jittering,False,3,TAR_2,A,60.59
T1DiabetesGranada,balanced_age_jittering,age,jittering,False,3,TAR_2,B,31.17
T1DiabetesGranada,balanced_age_jittering,age,jittering,False,3,TAR_2,C,0.01
T1DiabetesGranada,balanced_age_jittering,age,jittering,False,3,TAR_2,D,8.22
T1DiabetesGranada,balanced_age_jittering,age,jittering,False,3,TAR_2,E,0.0
T1DiabetesGranada,balanced_age_jittering,age,jittering,False,3,TAR_2,A + B,91.76
T1DiabetesGranada,balanced_age_jittering,age,jittering,False,3,TAR_2,RMSE,66.32
T1DiabetesGranada,balanced_age_jittering,age,jittering,False,3,TAR_2,MSE,4398.14
T1DiabetesGranada,balanced_age_jittering,age,jittering,False,3,TAR_2,MAE,56.16
T1DiabetesGranada,balanced_age_jittering,age,jittering,False,3,TAR_2,MAPE,0.19
T1DiabetesGranada,balanced_age_jittering,age,jittering,False,3,ENTIRE,A,68.23
T1DiabetesGranada,balanced_age_jittering,age,jittering,False,3,ENTIRE,B,26.45
T1DiabetesGranada,balanced_age_jittering,age,jittering,False,3,ENTIRE,C,0.13
T1DiabetesGranada,balanced_age_jittering,age,jittering,False,3,ENTIRE,D,5.17
T1DiabetesGranada,balanced_age_jittering,age,jittering,False,3,ENTIRE,E,0.02
T1DiabetesGranada,balanced_age_jittering,age,jittering,False,3,ENTIRE,A + B,94.68
T1DiabetesGranada,balanced_age_jittering,age,jittering,False,3,ENTIRE,RMSE,37.04
T1DiabetesGranada,balanced_age_jittering,age,jittering,False,3,ENTIRE,MSE,1371.67
T1DiabetesGranada,balanced_age_jittering,age,jittering,False,3,ENTIRE,MAE,26.93
T1DiabetesGranada,balanced_age_jittering,age,jittering,False,3,ENTIRE,MAPE,0.18
T1DiabetesGranada,balanced_age_jittering,age,jittering,False,4,TBR_2,A,15.64
T1DiabetesGranada,balanced_age_jittering,age,jittering,False,4,TBR_2,B,0.0
T1DiabetesGranada,balanced_age_jittering,age,jittering,False,4,TBR_2,C,0.0
T1DiabetesGranada,balanced_age_jittering,age,jittering,False,4,TBR_2,D,83.97
T1DiabetesGranada,balanced_age_jittering,age,jittering,False,4,TBR_2,E,0.39
T1DiabetesGranada,balanced_age_jittering,age,jittering,False,4,TBR_2,A + B,15.64
T1DiabetesGranada,balanced_age_jittering,age,jittering,False,4,TBR_2,RMSE,40.61
T1DiabetesGranada,balanced_age_jittering,age,jittering,False,4,TBR_2,MSE,1649.15
T1DiabetesGranada,balanced_age_jittering,age,jittering,False,4,TBR_2,MAE,36.42
T1DiabetesGranada,balanced_age_jittering,age,jittering,False,4,TBR_2,MAPE,0.76
T1DiabetesGranada,balanced_age_jittering,age,jittering,False,4,TBR_1,A,9.4
T1DiabetesGranada,balanced_age_jittering,age,jittering,False,4,TBR_1,B,0.0
T1DiabetesGranada,balanced_age_jittering,age,jittering,False,4,TBR_1,C,0.0
T1DiabetesGranada,balanced_age_jittering,age,jittering,False,4,TBR_1,D,89.98
T1DiabetesGranada,balanced_age_jittering,age,jittering,False,4,TBR_1,E,0.62
T1DiabetesGranada,balanced_age_jittering,age,jittering,False,4,TBR_1,A + B,9.4
T1DiabetesGranada,balanced_age_jittering,age,jittering,False,4,TBR_1,RMSE,37.15
T1DiabetesGranada,balanced_age_jittering,age,jittering,False,4,TBR_1,MSE,1379.81
T1DiabetesGranada,balanced_age_jittering,age,jittering,False,4,TBR_1,MAE,31.94
T1DiabetesGranada,balanced_age_jittering,age,jittering,False,4,TBR_1,MAPE,0.52
T1DiabetesGranada,balanced_age_jittering,age,jittering,False,4,TIR,A,71.81
T1DiabetesGranada,balanced_age_jittering,age,jittering,False,4,TIR,B,27.94
T1DiabetesGranada,balanced_age_jittering,age,jittering,False,4,TIR,C,0.25
T1DiabetesGranada,balanced_age_jittering,age,jittering,False,4,TIR,D,0.0
T1DiabetesGranada,balanced_age_jittering,age,jittering,False,4,TIR,E,0.0
T1DiabetesGranada,balanced_age_jittering,age,jittering,False,4,TIR,A + B,99.75
T1DiabetesGranada,balanced_age_jittering,age,jittering,False,4,TIR,RMSE,26.78
T1DiabetesGranada,balanced_age_jittering,age,jittering,False,4,TIR,MSE,716.99
T1DiabetesGranada,balanced_age_jittering,age,jittering,False,4,TIR,MAE,19.44
T1DiabetesGranada,balanced_age_jittering,age,jittering,False,4,TIR,MAPE,0.16
T1DiabetesGranada,balanced_age_jittering,age,jittering,False,4,TAR_1,A,71.4
T1DiabetesGranada,balanced_age_jittering,age,jittering,False,4,TAR_1,B,26.75
T1DiabetesGranada,balanced_age_jittering,age,jittering,False,4,TAR_1,C,0.05
T1DiabetesGranada,balanced_age_jittering,age,jittering,False,4,TAR_1,D,1.78
T1DiabetesGranada,balanced_age_jittering,age,jittering,False,4,TAR_1,E,0.02
T1DiabetesGranada,balanced_age_jittering,age,jittering,False,4,TAR_1,A + B,98.15
T1DiabetesGranada,balanced_age_jittering,age,jittering,False,4,TAR_1,RMSE,42.43
T1DiabetesGranada,balanced_age_jittering,age,jittering,False,4,TAR_1,MSE,1800.63
T1DiabetesGranada,balanced_age_jittering,age,jittering,False,4,TAR_1,MAE,33.03
T1DiabetesGranada,balanced_age_jittering,age,jittering,False,4,TAR_1,MAPE,0.16
T1DiabetesGranada,balanced_age_jittering,age,jittering,False,4,TAR_2,A,63.21
T1DiabetesGranada,balanced_age_jittering,age,jittering,False,4,TAR_2,B,29.08
T1DiabetesGranada,balanced_age_jittering,age,jittering,False,4,TAR_2,C,0.01
T1DiabetesGranada,balanced_age_jittering,age,jittering,False,4,TAR_2,D,7.69
T1DiabetesGranada,balanced_age_jittering,age,jittering,False,4,TAR_2,E,0.0
T1DiabetesGranada,balanced_age_jittering,age,jittering,False,4,TAR_2,A + B,92.29
T1DiabetesGranada,balanced_age_jittering,age,jittering,False,4,TAR_2,RMSE,64.33
T1DiabetesGranada,balanced_age_jittering,age,jittering,False,4,TAR_2,MSE,4138.52
T1DiabetesGranada,balanced_age_jittering,age,jittering,False,4,TAR_2,MAE,54.02
T1DiabetesGranada,balanced_age_jittering,age,jittering,False,4,TAR_2,MAPE,0.18
T1DiabetesGranada,balanced_age_jittering,age,jittering,False,4,ENTIRE,A,67.95
T1DiabetesGranada,balanced_age_jittering,age,jittering,False,4,ENTIRE,B,26.52
T1DiabetesGranada,balanced_age_jittering,age,jittering,False,4,ENTIRE,C,0.16
T1DiabetesGranada,balanced_age_jittering,age,jittering,False,4,ENTIRE,D,5.34
T1DiabetesGranada,balanced_age_jittering,age,jittering,False,4,ENTIRE,E,0.03
T1DiabetesGranada,balanced_age_jittering,age,jittering,False,4,ENTIRE,A + B,94.47
T1DiabetesGranada,balanced_age_jittering,age,jittering,False,4,ENTIRE,RMSE,37.56
T1DiabetesGranada,balanced_age_jittering,age,jittering,False,4,ENTIRE,MSE,1410.66
T1DiabetesGranada,balanced_age_jittering,age,jittering,False,4,ENTIRE,MAE,27.37
T1DiabetesGranada,balanced_age_jittering,age,jittering,False,4,ENTIRE,MAPE,0.18
T1DiabetesGranada,balanced_age_jittering,age,jittering,False,5,TBR_2,A,5.16
T1DiabetesGranada,balanced_age_jittering,age,jittering,False,5,TBR_2,B,0.0
T1DiabetesGranada,balanced_age_jittering,age,jittering,False,5,TBR_2,C,0.0
T1DiabetesGranada,balanced_age_jittering,age,jittering,False,5,TBR_2,D,94.43
T1DiabetesGranada,balanced_age_jittering,age,jittering,False,5,TBR_2,E,0.41
T1DiabetesGranada,balanced_age_jittering,age,jittering,False,5,TBR_2,A + B,5.16
T1DiabetesGranada,balanced_age_jittering,age,jittering,False,5,TBR_2,RMSE,42.46
T1DiabetesGranada,balanced_age_jittering,age,jittering,False,5,TBR_2,MSE,1802.81
T1DiabetesGranada,balanced_age_jittering,age,jittering,False,5,TBR_2,MAE,38.6
T1DiabetesGranada,balanced_age_jittering,age,jittering,False,5,TBR_2,MAPE,0.81
T1DiabetesGranada,balanced_age_jittering,age,jittering,False,5,TBR_1,A,7.23
T1DiabetesGranada,balanced_age_jittering,age,jittering,False,5,TBR_1,B,0.0
T1DiabetesGranada,balanced_age_jittering,age,jittering,False,5,TBR_1,C,0.0
T1DiabetesGranada,balanced_age_jittering,age,jittering,False,5,TBR_1,D,92.15
T1DiabetesGranada,balanced_age_jittering,age,jittering,False,5,TBR_1,E,0.61
T1DiabetesGranada,balanced_age_jittering,age,jittering,False,5,TBR_1,A + B,7.23
T1DiabetesGranada,balanced_age_jittering,age,jittering,False,5,TBR_1,RMSE,37.46
T1DiabetesGranada,balanced_age_jittering,age,jittering,False,5,TBR_1,MSE,1403.27
T1DiabetesGranada,balanced_age_jittering,age,jittering,False,5,TBR_1,MAE,32.18
T1DiabetesGranada,balanced_age_jittering,age,jittering,False,5,TBR_1,MAPE,0.52
T1DiabetesGranada,balanced_age_jittering,age,jittering,False,5,TIR,A,71.03
T1DiabetesGranada,balanced_age_jittering,age,jittering,False,5,TIR,B,28.72
T1DiabetesGranada,balanced_age_jittering,age,jittering,False,5,TIR,C,0.25
T1DiabetesGranada,balanced_age_jittering,age,jittering,False,5,TIR,D,0.0
T1DiabetesGranada,balanced_age_jittering,age,jittering,False,5,TIR,E,0.0
T1DiabetesGranada,balanced_age_jittering,age,jittering,False,5,TIR,A + B,99.75
T1DiabetesGranada,balanced_age_jittering,age,jittering,False,5,TIR,RMSE,27.08
T1DiabetesGranada,balanced_age_jittering,age,jittering,False,5,TIR,MSE,733.46
T1DiabetesGranada,balanced_age_jittering,age,jittering,False,5,TIR,MAE,19.72
T1DiabetesGranada,balanced_age_jittering,age,jittering,False,5,TIR,MAPE,0.16
T1DiabetesGranada,balanced_age_jittering,age,jittering,False,5,TAR_1,A,69.72
T1DiabetesGranada,balanced_age_jittering,age,jittering,False,5,TAR_1,B,28.4
T1DiabetesGranada,balanced_age_jittering,age,jittering,False,5,TAR_1,C,0.06
T1DiabetesGranada,balanced_age_jittering,age,jittering,False,5,TAR_1,D,1.81
T1DiabetesGranada,balanced_age_jittering,age,jittering,False,5,TAR_1,E,0.01
T1DiabetesGranada,balanced_age_jittering,age,jittering,False,5,TAR_1,A + B,98.12
T1DiabetesGranada,balanced_age_jittering,age,jittering,False,5,TAR_1,RMSE,43.6
T1DiabetesGranada,balanced_age_jittering,age,jittering,False,5,TAR_1,MSE,1901.21
T1DiabetesGranada,balanced_age_jittering,age,jittering,False,5,TAR_1,MAE,34.23
T1DiabetesGranada,balanced_age_jittering,age,jittering,False,5,TAR_1,MAPE,0.16
T1DiabetesGranada,balanced_age_jittering,age,jittering,False,5,TAR_2,A,60.21
T1DiabetesGranada,balanced_age_jittering,age,jittering,False,5,TAR_2,B,31.65
T1DiabetesGranada,balanced_age_jittering,age,jittering,False,5,TAR_2,C,0.03
T1DiabetesGranada,balanced_age_jittering,age,jittering,False,5,TAR_2,D,8.12
T1DiabetesGranada,balanced_age_jittering,age,jittering,False,5,TAR_2,E,0.0
T1DiabetesGranada,balanced_age_jittering,age,jittering,False,5,TAR_2,A + B,91.86
T1DiabetesGranada,balanced_age_jittering,age,jittering,False,5,TAR_2,RMSE,67.44
T1DiabetesGranada,balanced_age_jittering,age,jittering,False,5,TAR_2,MSE,4547.8
T1DiabetesGranada,balanced_age_jittering,age,jittering,False,5,TAR_2,MAE,56.97
T1DiabetesGranada,balanced_age_jittering,age,jittering,False,5,TAR_2,MAPE,0.19
T1DiabetesGranada,balanced_age_jittering,age,jittering,False,5,ENTIRE,A,66.22
T1DiabetesGranada,balanced_age_jittering,age,jittering,False,5,ENTIRE,B,27.42
T1DiabetesGranada,balanced_age_jittering,age,jittering,False,5,ENTIRE,C,0.17
T1DiabetesGranada,balanced_age_jittering,age,jittering,False,5,ENTIRE,D,6.16
T1DiabetesGranada,balanced_age_jittering,age,jittering,False,5,ENTIRE,E,0.03
T1DiabetesGranada,balanced_age_jittering,age,jittering,False,5,ENTIRE,A + B,93.64
T1DiabetesGranada,balanced_age_jittering,age,jittering,False,5,ENTIRE,RMSE,37.81
T1DiabetesGranada,balanced_age_jittering,age,jittering,False,5,ENTIRE,MSE,1429.49
T1DiabetesGranada,balanced_age_jittering,age,jittering,False,5,ENTIRE,MAE,27.57
T1DiabetesGranada,balanced_age_jittering,age,jittering,False,5,ENTIRE,MAPE,0.19
T1DiabetesGranada,balanced_age_oversampling,age,oversampling,False,1,TBR_2,A,23.51
T1DiabetesGranada,balanced_age_oversampling,age,oversampling,False,1,TBR_2,B,0.0
T1DiabetesGranada,balanced_age_oversampling,age,oversampling,False,1,TBR_2,C,0.0
T1DiabetesGranada,balanced_age_oversampling,age,oversampling,False,1,TBR_2,D,76.11
T1DiabetesGranada,balanced_age_oversampling,age,oversampling,False,1,TBR_2,E,0.38
T1DiabetesGranada,balanced_age_oversampling,age,oversampling,False,1,TBR_2,A + B,23.51
T1DiabetesGranada,balanced_age_oversampling,age,oversampling,False,1,TBR_2,RMSE,39.75
T1DiabetesGranada,balanced_age_oversampling,age,oversampling,False,1,TBR_2,MSE,1580.23
T1DiabetesGranada,balanced_age_oversampling,age,oversampling,False,1,TBR_2,MAE,35.09
T1DiabetesGranada,balanced_age_oversampling,age,oversampling,False,1,TBR_2,MAPE,0.73
T1DiabetesGranada,balanced_age_oversampling,age,oversampling,False,1,TBR_1,A,12.94
T1DiabetesGranada,balanced_age_oversampling,age,oversampling,False,1,TBR_1,B,0.0
T1DiabetesGranada,balanced_age_oversampling,age,oversampling,False,1,TBR_1,C,0.0
T1DiabetesGranada,balanced_age_oversampling,age,oversampling,False,1,TBR_1,D,86.56
T1DiabetesGranada,balanced_age_oversampling,age,oversampling,False,1,TBR_1,E,0.51
T1DiabetesGranada,balanced_age_oversampling,age,oversampling,False,1,TBR_1,A + B,12.94
T1DiabetesGranada,balanced_age_oversampling,age,oversampling,False,1,TBR_1,RMSE,35.9
T1DiabetesGranada,balanced_age_oversampling,age,oversampling,False,1,TBR_1,MSE,1289.06
T1DiabetesGranada,balanced_age_oversampling,age,oversampling,False,1,TBR_1,MAE,30.57
T1DiabetesGranada,balanced_age_oversampling,age,oversampling,False,1,TBR_1,MAPE,0.5
T1DiabetesGranada,balanced_age_oversampling,age,oversampling,False,1,TIR,A,71.03
T1DiabetesGranada,balanced_age_oversampling,age,oversampling,False,1,TIR,B,28.68
T1DiabetesGranada,balanced_age_oversampling,age,oversampling,False,1,TIR,C,0.29
T1DiabetesGranada,balanced_age_oversampling,age,oversampling,False,1,TIR,D,0.0
T1DiabetesGranada,balanced_age_oversampling,age,oversampling,False,1,TIR,E,0.0
T1DiabetesGranada,balanced_age_oversampling,age,oversampling,False,1,TIR,A + B,99.71
T1DiabetesGranada,balanced_age_oversampling,age,oversampling,False,1,TIR,RMSE,27.32
T1DiabetesGranada,balanced_age_oversampling,age,oversampling,False,1,TIR,MSE,746.29
T1DiabetesGranada,balanced_age_oversampling,age,oversampling,False,1,TIR,MAE,19.88
T1DiabetesGranada,balanced_age_oversampling,age,oversampling,False,1,TIR,MAPE,0.16
T1DiabetesGranada,balanced_age_oversampling,age,oversampling,False,1,TAR_1,A,69.43
T1DiabetesGranada,balanced_age_oversampling,age,oversampling,False,1,TAR_1,B,28.51
T1DiabetesGranada,balanced_age_oversampling,age,oversampling,False,1,TAR_1,C,0.1
T1DiabetesGranada,balanced_age_oversampling,age,oversampling,False,1,TAR_1,D,1.92
T1DiabetesGranada,balanced_age_oversampling,age,oversampling,False,1,TAR_1,E,0.05
T1DiabetesGranada,balanced_age_oversampling,age,oversampling,False,1,TAR_1,A + B,97.94
T1DiabetesGranada,balanced_age_oversampling,age,oversampling,False,1,TAR_1,RMSE,43.88
T1DiabetesGranada,balanced_age_oversampling,age,oversampling,False,1,TAR_1,MSE,1925.78
T1DiabetesGranada,balanced_age_oversampling,age,oversampling,False,1,TAR_1,MAE,34.59
T1DiabetesGranada,balanced_age_oversampling,age,oversampling,False,1,TAR_1,MAPE,0.16
T1DiabetesGranada,balanced_age_oversampling,age,oversampling,False,1,TAR_2,A,60.08
T1DiabetesGranada,balanced_age_oversampling,age,oversampling,False,1,TAR_2,B,32.15
T1DiabetesGranada,balanced_age_oversampling,age,oversampling,False,1,TAR_2,C,0.05
T1DiabetesGranada,balanced_age_oversampling,age,oversampling,False,1,TAR_2,D,7.72
T1DiabetesGranada,balanced_age_oversampling,age,oversampling,False,1,TAR_2,E,0.01
T1DiabetesGranada,balanced_age_oversampling,age,oversampling,False,1,TAR_2,A + B,92.23
T1DiabetesGranada,balanced_age_oversampling,age,oversampling,False,1,TAR_2,RMSE,68.23
T1DiabetesGranada,balanced_age_oversampling,age,oversampling,False,1,TAR_2,MSE,4655.06
T1DiabetesGranada,balanced_age_oversampling,age,oversampling,False,1,TAR_2,MAE,57.76
T1DiabetesGranada,balanced_age_oversampling,age,oversampling,False,1,TAR_2,MAPE,0.19
T1DiabetesGranada,balanced_age_oversampling,age,oversampling,False,1,ENTIRE,A,66.59
T1DiabetesGranada,balanced_age_oversampling,age,oversampling,False,1,ENTIRE,B,27.68
T1DiabetesGranada,balanced_age_oversampling,age,oversampling,False,1,ENTIRE,C,0.2
T1DiabetesGranada,balanced_age_oversampling,age,oversampling,False,1,ENTIRE,D,5.49
T1DiabetesGranada,balanced_age_oversampling,age,oversampling,False,1,ENTIRE,E,0.04
T1DiabetesGranada,balanced_age_oversampling,age,oversampling,False,1,ENTIRE,A + B,94.27
T1DiabetesGranada,balanced_age_oversampling,age,oversampling,False,1,ENTIRE,RMSE,39.25
T1DiabetesGranada,balanced_age_oversampling,age,oversampling,False,1,ENTIRE,MSE,1540.67
T1DiabetesGranada,balanced_age_oversampling,age,oversampling,False,1,ENTIRE,MAE,28.64
T1DiabetesGranada,balanced_age_oversampling,age,oversampling,False,1,ENTIRE,MAPE,0.18
T1DiabetesGranada,balanced_age_oversampling,age,oversampling,False,2,TBR_2,A,16.28
T1DiabetesGranada,balanced_age_oversampling,age,oversampling,False,2,TBR_2,B,0.0
T1DiabetesGranada,balanced_age_oversampling,age,oversampling,False,2,TBR_2,C,0.0
T1DiabetesGranada,balanced_age_oversampling,age,oversampling,False,2,TBR_2,D,83.46
T1DiabetesGranada,balanced_age_oversampling,age,oversampling,False,2,TBR_2,E,0.26
T1DiabetesGranada,balanced_age_oversampling,age,oversampling,False,2,TBR_2,A + B,16.28
T1DiabetesGranada,balanced_age_oversampling,age,oversampling,False,2,TBR_2,RMSE,38.61
T1DiabetesGranada,balanced_age_oversampling,age,oversampling,False,2,TBR_2,MSE,1490.95
T1DiabetesGranada,balanced_age_oversampling,age,oversampling,False,2,TBR_2,MAE,35.03
T1DiabetesGranada,balanced_age_oversampling,age,oversampling,False,2,TBR_2,MAPE,0.74
T1DiabetesGranada,balanced_age_oversampling,age,oversampling,False,2,TBR_1,A,10.32
T1DiabetesGranada,balanced_age_oversampling,age,oversampling,False,2,TBR_1,B,0.0
T1DiabetesGranada,balanced_age_oversampling,age,oversampling,False,2,TBR_1,C,0.0
T1DiabetesGranada,balanced_age_oversampling,age,oversampling,False,2,TBR_1,D,89.23
T1DiabetesGranada,balanced_age_oversampling,age,oversampling,False,2,TBR_1,E,0.45
T1DiabetesGranada,balanced_age_oversampling,age,oversampling,False,2,TBR_1,A + B,10.32
T1DiabetesGranada,balanced_age_oversampling,age,oversampling,False,2,TBR_1,RMSE,35.05
T1DiabetesGranada,balanced_age_oversampling,age,oversampling,False,2,TBR_1,MSE,1228.71
T1DiabetesGranada,balanced_age_oversampling,age,oversampling,False,2,TBR_1,MAE,30.16
T1DiabetesGranada,balanced_age_oversampling,age,oversampling,False,2,TBR_1,MAPE,0.49
T1DiabetesGranada,balanced_age_oversampling,age,oversampling,False,2,TIR,A,72.33
T1DiabetesGranada,balanced_age_oversampling,age,oversampling,False,2,TIR,B,27.46
T1DiabetesGranada,balanced_age_oversampling,age,oversampling,False,2,TIR,C,0.21
T1DiabetesGranada,balanced_age_oversampling,age,oversampling,False,2,TIR,D,0.0
T1DiabetesGranada,balanced_age_oversampling,age,oversampling,False,2,TIR,E,0.0
T1DiabetesGranada,balanced_age_oversampling,age,oversampling,False,2,TIR,A + B,99.79
T1DiabetesGranada,balanced_age_oversampling,age,oversampling,False,2,TIR,RMSE,26.06
T1DiabetesGranada,balanced_age_oversampling,age,oversampling,False,2,TIR,MSE,679.3
T1DiabetesGranada,balanced_age_oversampling,age,oversampling,False,2,TIR,MAE,19.01
T1DiabetesGranada,balanced_age_oversampling,age,oversampling,False,2,TIR,MAPE,0.16
T1DiabetesGranada,balanced_age_oversampling,age,oversampling,False,2,TAR_1,A,71.56
T1DiabetesGranada,balanced_age_oversampling,age,oversampling,False,2,TAR_1,B,26.59
T1DiabetesGranada,balanced_age_oversampling,age,oversampling,False,2,TAR_1,C,0.07
T1DiabetesGranada,balanced_age_oversampling,age,oversampling,False,2,TAR_1,D,1.75
T1DiabetesGranada,balanced_age_oversampling,age,oversampling,False,2,TAR_1,E,0.03
T1DiabetesGranada,balanced_age_oversampling,age,oversampling,False,2,TAR_1,A + B,98.15
T1DiabetesGranada,balanced_age_oversampling,age,oversampling,False,2,TAR_1,RMSE,42.04
T1DiabetesGranada,balanced_age_oversampling,age,oversampling,False,2,TAR_1,MSE,1767.01
T1DiabetesGranada,balanced_age_oversampling,age,oversampling,False,2,TAR_1,MAE,32.92
T1DiabetesGranada,balanced_age_oversampling,age,oversampling,False,2,TAR_1,MAPE,0.16
T1DiabetesGranada,balanced_age_oversampling,age,oversampling,False,2,TAR_2,A,62.24
T1DiabetesGranada,balanced_age_oversampling,age,oversampling,False,2,TAR_2,B,31.07
T1DiabetesGranada,balanced_age_oversampling,age,oversampling,False,2,TAR_2,C,0.05
T1DiabetesGranada,balanced_age_oversampling,age,oversampling,False,2,TAR_2,D,6.64
T1DiabetesGranada,balanced_age_oversampling,age,oversampling,False,2,TAR_2,E,0.0
T1DiabetesGranada,balanced_age_oversampling,age,oversampling,False,2,TAR_2,A + B,93.31
T1DiabetesGranada,balanced_age_oversampling,age,oversampling,False,2,TAR_2,RMSE,67.04
T1DiabetesGranada,balanced_age_oversampling,age,oversampling,False,2,TAR_2,MSE,4494.58
T1DiabetesGranada,balanced_age_oversampling,age,oversampling,False,2,TAR_2,MAE,56.61
T1DiabetesGranada,balanced_age_oversampling,age,oversampling,False,2,TAR_2,MAPE,0.18
T1DiabetesGranada,balanced_age_oversampling,age,oversampling,False,2,ENTIRE,A,68.03
T1DiabetesGranada,balanced_age_oversampling,age,oversampling,False,2,ENTIRE,B,26.39
T1DiabetesGranada,balanced_age_oversampling,age,oversampling,False,2,ENTIRE,C,0.15
T1DiabetesGranada,balanced_age_oversampling,age,oversampling,False,2,ENTIRE,D,5.4
T1DiabetesGranada,balanced_age_oversampling,age,oversampling,False,2,ENTIRE,E,0.03
T1DiabetesGranada,balanced_age_oversampling,age,oversampling,False,2,ENTIRE,A + B,94.42
T1DiabetesGranada,balanced_age_oversampling,age,oversampling,False,2,ENTIRE,RMSE,37.79
T1DiabetesGranada,balanced_age_oversampling,age,oversampling,False,2,ENTIRE,MSE,1427.8
T1DiabetesGranada,balanced_age_oversampling,age,oversampling,False,2,ENTIRE,MAE,27.43
T1DiabetesGranada,balanced_age_oversampling,age,oversampling,False,2,ENTIRE,MAPE,0.18
T1DiabetesGranada,balanced_age_oversampling,age,oversampling,False,3,TBR_2,A,22.43
T1DiabetesGranada,balanced_age_oversampling,age,oversampling,False,3,TBR_2,B,0.0
T1DiabetesGranada,balanced_age_oversampling,age,oversampling,False,3,TBR_2,C,0.0
T1DiabetesGranada,balanced_age_oversampling,age,oversampling,False,3,TBR_2,D,77.26
T1DiabetesGranada,balanced_age_oversampling,age,oversampling,False,3,TBR_2,E,0.31
T1DiabetesGranada,balanced_age_oversampling,age,oversampling,False,3,TBR_2,A + B,22.43
T1DiabetesGranada,balanced_age_oversampling,age,oversampling,False,3,TBR_2,RMSE,38.62
T1DiabetesGranada,balanced_age_oversampling,age,oversampling,False,3,TBR_2,MSE,1491.25
T1DiabetesGranada,balanced_age_oversampling,age,oversampling,False,3,TBR_2,MAE,34.44
T1DiabetesGranada,balanced_age_oversampling,age,oversampling,False,3,TBR_2,MAPE,0.72
T1DiabetesGranada,balanced_age_oversampling,age,oversampling,False,3,TBR_1,A,14.58
T1DiabetesGranada,balanced_age_oversampling,age,oversampling,False,3,TBR_1,B,0.0
T1DiabetesGranada,balanced_age_oversampling,age,oversampling,False,3,TBR_1,C,0.0
T1DiabetesGranada,balanced_age_oversampling,age,oversampling,False,3,TBR_1,D,84.96
T1DiabetesGranada,balanced_age_oversampling,age,oversampling,False,3,TBR_1,E,0.46
T1DiabetesGranada,balanced_age_oversampling,age,oversampling,False,3,TBR_1,A + B,14.58
T1DiabetesGranada,balanced_age_oversampling,age,oversampling,False,3,TBR_1,RMSE,34.75
T1DiabetesGranada,balanced_age_oversampling,age,oversampling,False,3,TBR_1,MSE,1207.58
T1DiabetesGranada,balanced_age_oversampling,age,oversampling,False,3,TBR_1,MAE,29.49
T1DiabetesGranada,balanced_age_oversampling,age,oversampling,False,3,TBR_1,MAPE,0.48
T1DiabetesGranada,balanced_age_oversampling,age,oversampling,False,3,TIR,A,73.09
T1DiabetesGranada,balanced_age_oversampling,age,oversampling,False,3,TIR,B,26.73
T1DiabetesGranada,balanced_age_oversampling,age,oversampling,False,3,TIR,C,0.19
T1DiabetesGranada,balanced_age_oversampling,age,oversampling,False,3,TIR,D,0.0
T1DiabetesGranada,balanced_age_oversampling,age,oversampling,False,3,TIR,E,0.0
T1DiabetesGranada,balanced_age_oversampling,age,oversampling,False,3,TIR,A + B,99.82
T1DiabetesGranada,balanced_age_oversampling,age,oversampling,False,3,TIR,RMSE,25.88
T1DiabetesGranada,balanced_age_oversampling,age,oversampling,False,3,TIR,MSE,669.87
T1DiabetesGranada,balanced_age_oversampling,age,oversampling,False,3,TIR,MAE,18.85
T1DiabetesGranada,balanced_age_oversampling,age,oversampling,False,3,TIR,MAPE,0.15
T1DiabetesGranada,balanced_age_oversampling,age,oversampling,False,3,TAR_1,A,69.74
T1DiabetesGranada,balanced_age_oversampling,age,oversampling,False,3,TAR_1,B,28.36
T1DiabetesGranada,balanced_age_oversampling,age,oversampling,False,3,TAR_1,C,0.04
T1DiabetesGranada,balanced_age_oversampling,age,oversampling,False,3,TAR_1,D,1.84
T1DiabetesGranada,balanced_age_oversampling,age,oversampling,False,3,TAR_1,E,0.02
T1DiabetesGranada,balanced_age_oversampling,age,oversampling,False,3,TAR_1,A + B,98.1
T1DiabetesGranada,balanced_age_oversampling,age,oversampling,False,3,TAR_1,RMSE,43.36
T1DiabetesGranada,balanced_age_oversampling,age,oversampling,False,3,TAR_1,MSE,1879.69
T1DiabetesGranada,balanced_age_oversampling,age,oversampling,False,3,TAR_1,MAE,34.38
T1DiabetesGranada,balanced_age_oversampling,age,oversampling,False,3,TAR_1,MAPE,0.16
T1DiabetesGranada,balanced_age_oversampling,age,oversampling,False,3,TAR_2,A,61.14
T1DiabetesGranada,balanced_age_oversampling,age,oversampling,False,3,TAR_2,B,30.69
T1DiabetesGranada,balanced_age_oversampling,age,oversampling,False,3,TAR_2,C,0.02
T1DiabetesGranada,balanced_age_oversampling,age,oversampling,False,3,TAR_2,D,8.15
T1DiabetesGranada,balanced_age_oversampling,age,oversampling,False,3,TAR_2,E,0.0
T1DiabetesGranada,balanced_age_oversampling,age,oversampling,False,3,TAR_2,A + B,91.83
T1DiabetesGranada,balanced_age_oversampling,age,oversampling,False,3,TAR_2,RMSE,65.53
T1DiabetesGranada,balanced_age_oversampling,age,oversampling,False,3,TAR_2,MSE,4294.08
T1DiabetesGranada,balanced_age_oversampling,age,oversampling,False,3,TAR_2,MAE,55.28
T1DiabetesGranada,balanced_age_oversampling,age,oversampling,False,3,TAR_2,MAPE,0.19
T1DiabetesGranada,balanced_age_oversampling,age,oversampling,False,3,ENTIRE,A,68.55
T1DiabetesGranada,balanced_age_oversampling,age,oversampling,False,3,ENTIRE,B,26.37
T1DiabetesGranada,balanced_age_oversampling,age,oversampling,False,3,ENTIRE,C,0.13
T1DiabetesGranada,balanced_age_oversampling,age,oversampling,False,3,ENTIRE,D,4.93
T1DiabetesGranada,balanced_age_oversampling,age,oversampling,False,3,ENTIRE,E,0.02
T1DiabetesGranada,balanced_age_oversampling,age,oversampling,False,3,ENTIRE,A + B,94.92
T1DiabetesGranada,balanced_age_oversampling,age,oversampling,False,3,ENTIRE,RMSE,36.96
T1DiabetesGranada,balanced_age_oversampling,age,oversampling,False,3,ENTIRE,MSE,1366.26
T1DiabetesGranada,balanced_age_oversampling,age,oversampling,False,3,ENTIRE,MAE,26.89
T1DiabetesGranada,balanced_age_oversampling,age,oversampling,False,3,ENTIRE,MAPE,0.18
T1DiabetesGranada,balanced_age_oversampling,age,oversampling,False,4,TBR_2,A,22.01
T1DiabetesGranada,balanced_age_oversampling,age,oversampling,False,4,TBR_2,B,0.0
T1DiabetesGranada,balanced_age_oversampling,age,oversampling,False,4,TBR_2,C,0.0
T1DiabetesGranada,balanced_age_oversampling,age,oversampling,False,4,TBR_2,D,77.65
T1DiabetesGranada,balanced_age_oversampling,age,oversampling,False,4,TBR_2,E,0.35
T1DiabetesGranada,balanced_age_oversampling,age,oversampling,False,4,TBR_2,A + B,22.01
T1DiabetesGranada,balanced_age_oversampling,age,oversampling,False,4,TBR_2,RMSE,40.25
T1DiabetesGranada,balanced_age_oversampling,age,oversampling,False,4,TBR_2,MSE,1620.3
T1DiabetesGranada,balanced_age_oversampling,age,oversampling,False,4,TBR_2,MAE,35.65
T1DiabetesGranada,balanced_age_oversampling,age,oversampling,False,4,TBR_2,MAPE,0.74
T1DiabetesGranada,balanced_age_oversampling,age,oversampling,False,4,TBR_1,A,12.71
T1DiabetesGranada,balanced_age_oversampling,age,oversampling,False,4,TBR_1,B,0.0
T1DiabetesGranada,balanced_age_oversampling,age,oversampling,False,4,TBR_1,C,0.0
T1DiabetesGranada,balanced_age_oversampling,age,oversampling,False,4,TBR_1,D,86.72
T1DiabetesGranada,balanced_age_oversampling,age,oversampling,False,4,TBR_1,E,0.57
T1DiabetesGranada,balanced_age_oversampling,age,oversampling,False,4,TBR_1,A + B,12.71
T1DiabetesGranada,balanced_age_oversampling,age,oversampling,False,4,TBR_1,RMSE,37.13
T1DiabetesGranada,balanced_age_oversampling,age,oversampling,False,4,TBR_1,MSE,1378.28
T1DiabetesGranada,balanced_age_oversampling,age,oversampling,False,4,TBR_1,MAE,31.7
T1DiabetesGranada,balanced_age_oversampling,age,oversampling,False,4,TBR_1,MAPE,0.52
T1DiabetesGranada,balanced_age_oversampling,age,oversampling,False,4,TIR,A,71.67
T1DiabetesGranada,balanced_age_oversampling,age,oversampling,False,4,TIR,B,28.08
T1DiabetesGranada,balanced_age_oversampling,age,oversampling,False,4,TIR,C,0.25
T1DiabetesGranada,balanced_age_oversampling,age,oversampling,False,4,TIR,D,0.0
T1DiabetesGranada,balanced_age_oversampling,age,oversampling,False,4,TIR,E,0.0
T1DiabetesGranada,balanced_age_oversampling,age,oversampling,False,4,TIR,A + B,99.75
T1DiabetesGranada,balanced_age_oversampling,age,oversampling,False,4,TIR,RMSE,26.73
T1DiabetesGranada,balanced_age_oversampling,age,oversampling,False,4,TIR,MSE,714.44
T1DiabetesGranada,balanced_age_oversampling,age,oversampling,False,4,TIR,MAE,19.43
T1DiabetesGranada,balanced_age_oversampling,age,oversampling,False,4,TIR,MAPE,0.16
T1DiabetesGranada,balanced_age_oversampling,age,oversampling,False,4,TAR_1,A,71.5
T1DiabetesGranada,balanced_age_oversampling,age,oversampling,False,4,TAR_1,B,26.64
T1DiabetesGranada,balanced_age_oversampling,age,oversampling,False,4,TAR_1,C,0.05
T1DiabetesGranada,balanced_age_oversampling,age,oversampling,False,4,TAR_1,D,1.77
T1DiabetesGranada,balanced_age_oversampling,age,oversampling,False,4,TAR_1,E,0.03
T1DiabetesGranada,balanced_age_oversampling,age,oversampling,False,4,TAR_1,A + B,98.14
T1DiabetesGranada,balanced_age_oversampling,age,oversampling,False,4,TAR_1,RMSE,42.31
T1DiabetesGranada,balanced_age_oversampling,age,oversampling,False,4,TAR_1,MSE,1789.74
T1DiabetesGranada,balanced_age_oversampling,age,oversampling,False,4,TAR_1,MAE,32.97
T1DiabetesGranada,balanced_age_oversampling,age,oversampling,False,4,TAR_1,MAPE,0.16
T1DiabetesGranada,balanced_age_oversampling,age,oversampling,False,4,TAR_2,A,63.57
T1DiabetesGranada,balanced_age_oversampling,age,oversampling,False,4,TAR_2,B,28.9
T1DiabetesGranada,balanced_age_oversampling,age,oversampling,False,4,TAR_2,C,0.01
T1DiabetesGranada,balanced_age_oversampling,age,oversampling,False,4,TAR_2,D,7.52
T1DiabetesGranada,balanced_age_oversampling,age,oversampling,False,4,TAR_2,E,0.0
T1DiabetesGranada,balanced_age_oversampling,age,oversampling,False,4,TAR_2,A + B,92.47
T1DiabetesGranada,balanced_age_oversampling,age,oversampling,False,4,TAR_2,RMSE,63.81
T1DiabetesGranada,balanced_age_oversampling,age,oversampling,False,4,TAR_2,MSE,4071.62
T1DiabetesGranada,balanced_age_oversampling,age,oversampling,False,4,TAR_2,MAE,53.53
T1DiabetesGranada,balanced_age_oversampling,age,oversampling,False,4,TAR_2,MAPE,0.18
T1DiabetesGranada,balanced_age_oversampling,age,oversampling,False,4,ENTIRE,A,68.11
T1DiabetesGranada,balanced_age_oversampling,age,oversampling,False,4,ENTIRE,B,26.55
T1DiabetesGranada,balanced_age_oversampling,age,oversampling,False,4,ENTIRE,C,0.16
T1DiabetesGranada,balanced_age_oversampling,age,oversampling,False,4,ENTIRE,D,5.14
T1DiabetesGranada,balanced_age_oversampling,age,oversampling,False,4,ENTIRE,E,0.03
T1DiabetesGranada,balanced_age_oversampling,age,oversampling,False,4,ENTIRE,A + B,94.66
T1DiabetesGranada,balanced_age_oversampling,age,oversampling,False,4,ENTIRE,RMSE,37.4
T1DiabetesGranada,balanced_age_oversampling,age,oversampling,False,4,ENTIRE,MSE,1398.42
T1DiabetesGranada,balanced_age_oversampling,age,oversampling,False,4,ENTIRE,MAE,27.28
T1DiabetesGranada,balanced_age_oversampling,age,oversampling,False,4,ENTIRE,MAPE,0.18
T1DiabetesGranada,balanced_age_oversampling,age,oversampling,False,5,TBR_2,A,12.69
T1DiabetesGranada,balanced_age_oversampling,age,oversampling,False,5,TBR_2,B,0.0
T1DiabetesGranada,balanced_age_oversampling,age,oversampling,False,5,TBR_2,C,0.0
T1DiabetesGranada,balanced_age_oversampling,age,oversampling,False,5,TBR_2,D,86.91
T1DiabetesGranada,balanced_age_oversampling,age,oversampling,False,5,TBR_2,E,0.39
T1DiabetesGranada,balanced_age_oversampling,age,oversampling,False,5,TBR_2,A + B,12.69
T1DiabetesGranada,balanced_age_oversampling,age,oversampling,False,5,TBR_2,RMSE,42.99
T1DiabetesGranada,balanced_age_oversampling,age,oversampling,False,5,TBR_2,MSE,1848.05
T1DiabetesGranada,balanced_age_oversampling,age,oversampling,False,5,TBR_2,MAE,38.64
T1DiabetesGranada,balanced_age_oversampling,age,oversampling,False,5,TBR_2,MAPE,0.81
T1DiabetesGranada,balanced_age_oversampling,age,oversampling,False,5,TBR_1,A,10.17
T1DiabetesGranada,balanced_age_oversampling,age,oversampling,False,5,TBR_1,B,0.0
T1DiabetesGranada,balanced_age_oversampling,age,oversampling,False,5,TBR_1,C,0.0
T1DiabetesGranada,balanced_age_oversampling,age,oversampling,False,5,TBR_1,D,89.21
T1DiabetesGranada,balanced_age_oversampling,age,oversampling,False,5,TBR_1,E,0.62
T1DiabetesGranada,balanced_age_oversampling,age,oversampling,False,5,TBR_1,A + B,10.17
T1DiabetesGranada,balanced_age_oversampling,age,oversampling,False,5,TBR_1,RMSE,38.07
T1DiabetesGranada,balanced_age_oversampling,age,oversampling,False,5,TBR_1,MSE,1449.42
T1DiabetesGranada,balanced_age_oversampling,age,oversampling,False,5,TBR_1,MAE,32.53
T1DiabetesGranada,balanced_age_oversampling,age,oversampling,False,5,TBR_1,MAPE,0.53
T1DiabetesGranada,balanced_age_oversampling,age,oversampling,False,5,TIR,A,70.99
T1DiabetesGranada,balanced_age_oversampling,age,oversampling,False,5,TIR,B,28.75
T1DiabetesGranada,balanced_age_oversampling,age,oversampling,False,5,TIR,C,0.26
T1DiabetesGranada,balanced_age_oversampling,age,oversampling,False,5,TIR,D,0.0
T1DiabetesGranada,balanced_age_oversampling,age,oversampling,False,5,TIR,E,0.0
T1DiabetesGranada,balanced_age_oversampling,age,oversampling,False,5,TIR,A + B,99.74
T1DiabetesGranada,balanced_age_oversampling,age,oversampling,False,5,TIR,RMSE,27.08
T1DiabetesGranada,balanced_age_oversampling,age,oversampling,False,5,TIR,MSE,733.36
T1DiabetesGranada,balanced_age_oversampling,age,oversampling,False,5,TIR,MAE,19.69
T1DiabetesGranada,balanced_age_oversampling,age,oversampling,False,5,TIR,MAPE,0.16
T1DiabetesGranada,balanced_age_oversampling,age,oversampling,False,5,TAR_1,A,70.59
T1DiabetesGranada,balanced_age_oversampling,age,oversampling,False,5,TAR_1,B,27.59
T1DiabetesGranada,balanced_age_oversampling,age,oversampling,False,5,TAR_1,C,0.06
T1DiabetesGranada,balanced_age_oversampling,age,oversampling,False,5,TAR_1,D,1.74
T1DiabetesGranada,balanced_age_oversampling,age,oversampling,False,5,TAR_1,E,0.02
T1DiabetesGranada,balanced_age_oversampling,age,oversampling,False,5,TAR_1,A + B,98.18
T1DiabetesGranada,balanced_age_oversampling,age,oversampling,False,5,TAR_1,RMSE,43.01
T1DiabetesGranada,balanced_age_oversampling,age,oversampling,False,5,TAR_1,MSE,1850.08
T1DiabetesGranada,balanced_age_oversampling,age,oversampling,False,5,TAR_1,MAE,33.74
T1DiabetesGranada,balanced_age_oversampling,age,oversampling,False,5,TAR_1,MAPE,0.16
T1DiabetesGranada,balanced_age_oversampling,age,oversampling,False,5,TAR_2,A,61.54
T1DiabetesGranada,balanced_age_oversampling,age,oversampling,False,5,TAR_2,B,30.69
T1DiabetesGranada,balanced_age_oversampling,age,oversampling,False,5,TAR_2,C,0.02
T1DiabetesGranada,balanced_age_oversampling,age,oversampling,False,5,TAR_2,D,7.74
T1DiabetesGranada,balanced_age_oversampling,age,oversampling,False,5,TAR_2,E,0.0
T1DiabetesGranada,balanced_age_oversampling,age,oversampling,False,5,TAR_2,A + B,92.23
T1DiabetesGranada,balanced_age_oversampling,age,oversampling,False,5,TAR_2,RMSE,66.06
T1DiabetesGranada,balanced_age_oversampling,age,oversampling,False,5,TAR_2,MSE,4363.56
T1DiabetesGranada,balanced_age_oversampling,age,oversampling,False,5,TAR_2,MAE,55.61
T1DiabetesGranada,balanced_age_oversampling,age,oversampling,False,5,TAR_2,MAPE,0.18
T1DiabetesGranada,balanced_age_oversampling,age,oversampling,False,5,ENTIRE,A,66.74
T1DiabetesGranada,balanced_age_oversampling,age,oversampling,False,5,ENTIRE,B,27.16
T1DiabetesGranada,balanced_age_oversampling,age,oversampling,False,5,ENTIRE,C,0.18
T1DiabetesGranada,balanced_age_oversampling,age,oversampling,False,5,ENTIRE,D,5.9
T1DiabetesGranada,balanced_age_oversampling,age,oversampling,False,5,ENTIRE,E,0.04
T1DiabetesGranada,balanced_age_oversampling,age,oversampling,False,5,ENTIRE,A + B,93.9
T1DiabetesGranada,balanced_age_oversampling,age,oversampling,False,5,ENTIRE,RMSE,37.43
T1DiabetesGranada,balanced_age_oversampling,age,oversampling,False,5,ENTIRE,MSE,1401.37
T1DiabetesGranada,balanced_age_oversampling,age,oversampling,False,5,ENTIRE,MAE,27.31
T1DiabetesGranada,balanced_age_oversampling,age,oversampling,False,5,ENTIRE,MAPE,0.19
T1DiabetesGranada,balanced_age_patient_aware_undersampling,age,patient_aware_undersampling,False,1,TBR_2,A,20.22
T1DiabetesGranada,balanced_age_patient_aware_undersampling,age,patient_aware_undersampling,False,1,TBR_2,B,0.0
T1DiabetesGranada,balanced_age_patient_aware_undersampling,age,patient_aware_undersampling,False,1,TBR_2,C,0.0
T1DiabetesGranada,balanced_age_patient_aware_undersampling,age,patient_aware_undersampling,False,1,TBR_2,D,79.36
T1DiabetesGranada,balanced_age_patient_aware_undersampling,age,patient_aware_undersampling,False,1,TBR_2,E,0.42
T1DiabetesGranada,balanced_age_patient_aware_undersampling,age,patient_aware_undersampling,False,1,TBR_2,A + B,20.22
T1DiabetesGranada,balanced_age_patient_aware_undersampling,age,patient_aware_undersampling,False,1,TBR_2,RMSE,41.76
T1DiabetesGranada,balanced_age_patient_aware_undersampling,age,patient_aware_undersampling,False,1,TBR_2,MSE,1744.24
T1DiabetesGranada,balanced_age_patient_aware_undersampling,age,patient_aware_undersampling,False,1,TBR_2,MAE,37.36
T1DiabetesGranada,balanced_age_patient_aware_undersampling,age,patient_aware_undersampling,False,1,TBR_2,MAPE,0.78
T1DiabetesGranada,balanced_age_patient_aware_undersampling,age,patient_aware_undersampling,False,1,TBR_1,A,9.92
T1DiabetesGranada,balanced_age_patient_aware_undersampling,age,patient_aware_undersampling,False,1,TBR_1,B,0.0
T1DiabetesGranada,balanced_age_patient_aware_undersampling,age,patient_aware_undersampling,False,1,TBR_1,C,0.0
T1DiabetesGranada,balanced_age_patient_aware_undersampling,age,patient_aware_undersampling,False,1,TBR_1,D,89.52
T1DiabetesGranada,balanced_age_patient_aware_undersampling,age,patient_aware_undersampling,False,1,TBR_1,E,0.56
T1DiabetesGranada,balanced_age_patient_aware_undersampling,age,patient_aware_undersampling,False,1,TBR_1,A + B,9.92
T1DiabetesGranada,balanced_age_patient_aware_undersampling,age,patient_aware_undersampling,False,1,TBR_1,RMSE,37.52
T1DiabetesGranada,balanced_age_patient_aware_undersampling,age,patient_aware_undersampling,False,1,TBR_1,MSE,1407.9
T1DiabetesGranada,balanced_age_patient_aware_undersampling,age,patient_aware_undersampling,False,1,TBR_1,MAE,32.49
T1DiabetesGranada,balanced_age_patient_aware_undersampling,age,patient_aware_undersampling,False,1,TBR_1,MAPE,0.53
T1DiabetesGranada,balanced_age_patient_aware_undersampling,age,patient_aware_undersampling,False,1,TIR,A,70.5
T1DiabetesGranada,balanced_age_patient_aware_undersampling,age,patient_aware_undersampling,False,1,TIR,B,29.19
T1DiabetesGranada,balanced_age_patient_aware_undersampling,age,patient_aware_undersampling,False,1,TIR,C,0.31
T1DiabetesGranada,balanced_age_patient_aware_undersampling,age,patient_aware_undersampling,False,1,TIR,D,0.0
T1DiabetesGranada,balanced_age_patient_aware_undersampling,age,patient_aware_undersampling,False,1,TIR,E,0.0
T1DiabetesGranada,balanced_age_patient_aware_undersampling,age,patient_aware_undersampling,False,1,TIR,A + B,99.69
T1DiabetesGranada,balanced_age_patient_aware_undersampling,age,patient_aware_undersampling,False,1,TIR,RMSE,27.4
T1DiabetesGranada,balanced_age_patient_aware_undersampling,age,patient_aware_undersampling,False,1,TIR,MSE,750.72
T1DiabetesGranada,balanced_age_patient_aware_undersampling,age,patient_aware_undersampling,False,1,TIR,MAE,19.93
T1DiabetesGranada,balanced_age_patient_aware_undersampling,age,patient_aware_undersampling,False,1,TIR,MAPE,0.17
T1DiabetesGranada,balanced_age_patient_aware_undersampling,age,patient_aware_undersampling,False,1,TAR_1,A,70.76
T1DiabetesGranada,balanced_age_patient_aware_undersampling,age,patient_aware_undersampling,False,1,TAR_1,B,27.27
T1DiabetesGranada,balanced_age_patient_aware_undersampling,age,patient_aware_undersampling,False,1,TAR_1,C,0.11
T1DiabetesGranada,balanced_age_patient_aware_undersampling,age,patient_aware_undersampling,False,1,TAR_1,D,1.82
T1DiabetesGranada,balanced_age_patient_aware_undersampling,age,patient_aware_undersampling,False,1,TAR_1,E,0.04
T1DiabetesGranada,balanced_age_patient_aware_undersampling,age,patient_aware_undersampling,False,1,TAR_1,A + B,98.03
T1DiabetesGranada,balanced_age_patient_aware_undersampling,age,patient_aware_undersampling,False,1,TAR_1,RMSE,43.12
T1DiabetesGranada,balanced_age_patient_aware_undersampling,age,patient_aware_undersampling,False,1,TAR_1,MSE,1859.48
T1DiabetesGranada,balanced_age_patient_aware_undersampling,age,patient_aware_undersampling,False,1,TAR_1,MAE,33.74
T1DiabetesGranada,balanced_age_patient_aware_undersampling,age,patient_aware_undersampling,False,1,TAR_1,MAPE,0.16
T1DiabetesGranada,balanced_age_patient_aware_undersampling,age,patient_aware_undersampling,False,1,TAR_2,A,60.46
T1DiabetesGranada,balanced_age_patient_aware_undersampling,age,patient_aware_undersampling,False,1,TAR_2,B,32.17
T1DiabetesGranada,balanced_age_patient_aware_undersampling,age,patient_aware_undersampling,False,1,TAR_2,C,0.05
T1DiabetesGranada,balanced_age_patient_aware_undersampling,age,patient_aware_undersampling,False,1,TAR_2,D,7.31
T1DiabetesGranada,balanced_age_patient_aware_undersampling,age,patient_aware_undersampling,False,1,TAR_2,E,0.01
T1DiabetesGranada,balanced_age_patient_aware_undersampling,age,patient_aware_undersampling,False,1,TAR_2,A + B,92.63
T1DiabetesGranada,balanced_age_patient_aware_undersampling,age,patient_aware_undersampling,False,1,TAR_2,RMSE,67.85
T1DiabetesGranada,balanced_age_patient_aware_undersampling,age,patient_aware_undersampling,False,1,TAR_2,MSE,4603.06
T1DiabetesGranada,balanced_age_patient_aware_undersampling,age,patient_aware_undersampling,False,1,TAR_2,MAE,57.45
T1DiabetesGranada,balanced_age_patient_aware_undersampling,age,patient_aware_undersampling,False,1,TAR_2,MAPE,0.19
T1DiabetesGranada,balanced_age_patient_aware_undersampling,age,patient_aware_undersampling,False,1,ENTIRE,A,66.49
T1DiabetesGranada,balanced_age_patient_aware_undersampling,age,patient_aware_undersampling,False,1,ENTIRE,B,27.69
T1DiabetesGranada,balanced_age_patient_aware_undersampling,age,patient_aware_undersampling,False,1,ENTIRE,C,0.21
T1DiabetesGranada,balanced_age_patient_aware_undersampling,age,patient_aware_undersampling,False,1,ENTIRE,D,5.57
T1DiabetesGranada,balanced_age_patient_aware_undersampling,age,patient_aware_undersampling,False,1,ENTIRE,E,0.04
T1DiabetesGranada,balanced_age_patient_aware_undersampling,age,patient_aware_undersampling,False,1,ENTIRE,A + B,94.18
T1DiabetesGranada,balanced_age_patient_aware_undersampling,age,patient_aware_undersampling,False,1,ENTIRE,RMSE,39.08
T1DiabetesGranada,balanced_age_patient_aware_undersampling,age,patient_aware_undersampling,False,1,ENTIRE,MSE,1527.26
T1DiabetesGranada,balanced_age_patient_aware_undersampling,age,patient_aware_undersampling,False,1,ENTIRE,MAE,28.52
T1DiabetesGranada,balanced_age_patient_aware_undersampling,age,patient_aware_undersampling,False,1,ENTIRE,MAPE,0.19
T1DiabetesGranada,balanced_age_patient_aware_undersampling,age,patient_aware_undersampling,False,2,TBR_2,A,14.07
T1DiabetesGranada,balanced_age_patient_aware_undersampling,age,patient_aware_undersampling,False,2,TBR_2,B,0.0
T1DiabetesGranada,balanced_age_patient_aware_undersampling,age,patient_aware_undersampling,False,2,TBR_2,C,0.0
T1DiabetesGranada,balanced_age_patient_aware_undersampling,age,patient_aware_undersampling,False,2,TBR_2,D,85.62
T1DiabetesGranada,balanced_age_patient_aware_undersampling,age,patient_aware_undersampling,False,2,TBR_2,E,0.31
T1DiabetesGranada,balanced_age_patient_aware_undersampling,age,patient_aware_undersampling,False,2,TBR_2,A + B,14.07
T1DiabetesGranada,balanced_age_patient_aware_undersampling,age,patient_aware_undersampling,False,2,TBR_2,RMSE,38.57
T1DiabetesGranada,balanced_age_patient_aware_undersampling,age,patient_aware_undersampling,False,2,TBR_2,MSE,1487.97
T1DiabetesGranada,balanced_age_patient_aware_undersampling,age,patient_aware_undersampling,False,2,TBR_2,MAE,34.94
T1DiabetesGranada,balanced_age_patient_aware_undersampling,age,patient_aware_undersampling,False,2,TBR_2,MAPE,0.73
T1DiabetesGranada,balanced_age_patient_aware_undersampling,age,patient_aware_undersampling,False,2,TBR_1,A,8.13
T1DiabetesGranada,balanced_age_patient_aware_undersampling,age,patient_aware_undersampling,False,2,TBR_1,B,0.0
T1DiabetesGranada,balanced_age_patient_aware_undersampling,age,patient_aware_undersampling,False,2,TBR_1,C,0.0
T1DiabetesGranada,balanced_age_patient_aware_undersampling,age,patient_aware_undersampling,False,2,TBR_1,D,91.34
T1DiabetesGranada,balanced_age_patient_aware_undersampling,age,patient_aware_undersampling,False,2,TBR_1,E,0.54
T1DiabetesGranada,balanced_age_patient_aware_undersampling,age,patient_aware_undersampling,False,2,TBR_1,A + B,8.13
T1DiabetesGranada,balanced_age_patient_aware_undersampling,age,patient_aware_undersampling,False,2,TBR_1,RMSE,35.28
T1DiabetesGranada,balanced_age_patient_aware_undersampling,age,patient_aware_undersampling,False,2,TBR_1,MSE,1244.8
T1DiabetesGranada,balanced_age_patient_aware_undersampling,age,patient_aware_undersampling,False,2,TBR_1,MAE,30.3
T1DiabetesGranada,balanced_age_patient_aware_undersampling,age,patient_aware_undersampling,False,2,TBR_1,MAPE,0.49
T1DiabetesGranada,balanced_age_patient_aware_undersampling,age,patient_aware_undersampling,False,2,TIR,A,71.66
T1DiabetesGranada,balanced_age_patient_aware_undersampling,age,patient_aware_undersampling,False,2,TIR,B,28.08
T1DiabetesGranada,balanced_age_patient_aware_undersampling,age,patient_aware_undersampling,False,2,TIR,C,0.26
T1DiabetesGranada,balanced_age_patient_aware_undersampling,age,patient_aware_undersampling,False,2,TIR,D,0.0
T1DiabetesGranada,balanced_age_patient_aware_undersampling,age,patient_aware_undersampling,False,2,TIR,E,0.0
T1DiabetesGranada,balanced_age_patient_aware_undersampling,age,patient_aware_undersampling,False,2,TIR,A + B,99.74
T1DiabetesGranada,balanced_age_patient_aware_undersampling,age,patient_aware_undersampling,False,2,TIR,RMSE,26.82
T1DiabetesGranada,balanced_age_patient_aware_undersampling,age,patient_aware_undersampling,False,2,TIR,MSE,719.25
T1DiabetesGranada,balanced_age_patient_aware_undersampling,age,patient_aware_undersampling,False,2,TIR,MAE,19.55
T1DiabetesGranada,balanced_age_patient_aware_undersampling,age,patient_aware_undersampling,False,2,TIR,MAPE,0.16
T1DiabetesGranada,balanced_age_patient_aware_undersampling,age,patient_aware_undersampling,False,2,TAR_1,A,71.51
T1DiabetesGranada,balanced_age_patient_aware_undersampling,age,patient_aware_undersampling,False,2,TAR_1,B,26.69
T1DiabetesGranada,balanced_age_patient_aware_undersampling,age,patient_aware_undersampling,False,2,TAR_1,C,0.09
T1DiabetesGranada,balanced_age_patient_aware_undersampling,age,patient_aware_undersampling,False,2,TAR_1,D,1.69
T1DiabetesGranada,balanced_age_patient_aware_undersampling,age,patient_aware_undersampling,False,2,TAR_1,E,0.03
T1DiabetesGranada,balanced_age_patient_aware_undersampling,age,patient_aware_undersampling,False,2,TAR_1,A + B,98.2
T1DiabetesGranada,balanced_age_patient_aware_undersampling,age,patient_aware_undersampling,False,2,TAR_1,RMSE,42.36
T1DiabetesGranada,balanced_age_patient_aware_undersampling,age,patient_aware_undersampling,False,2,TAR_1,MSE,1794.22
T1DiabetesGranada,balanced_age_patient_aware_undersampling,age,patient_aware_undersampling,False,2,TAR_1,MAE,33.02
T1DiabetesGranada,balanced_age_patient_aware_undersampling,age,patient_aware_undersampling,False,2,TAR_1,MAPE,0.16
T1DiabetesGranada,balanced_age_patient_aware_undersampling,age,patient_aware_undersampling,False,2,TAR_2,A,63.36
T1DiabetesGranada,balanced_age_patient_aware_undersampling,age,patient_aware_undersampling,False,2,TAR_2,B,30.2
T1DiabetesGranada,balanced_age_patient_aware_undersampling,age,patient_aware_undersampling,False,2,TAR_2,C,0.04
T1DiabetesGranada,balanced_age_patient_aware_undersampling,age,patient_aware_undersampling,False,2,TAR_2,D,6.39
T1DiabetesGranada,balanced_age_patient_aware_undersampling,age,patient_aware_undersampling,False,2,TAR_2,E,0.0
T1DiabetesGranada,balanced_age_patient_aware_undersampling,age,patient_aware_undersampling,False,2,TAR_2,A + B,93.56
T1DiabetesGranada,balanced_age_patient_aware_undersampling,age,patient_aware_undersampling,False,2,TAR_2,RMSE,66.31
T1DiabetesGranada,balanced_age_patient_aware_undersampling,age,patient_aware_undersampling,False,2,TAR_2,MSE,4397.51
T1DiabetesGranada,balanced_age_patient_aware_undersampling,age,patient_aware_undersampling,False,2,TAR_2,MAE,55.34
T1DiabetesGranada,balanced_age_patient_aware_undersampling,age,patient_aware_undersampling,False,2,TAR_2,MAPE,0.18
T1DiabetesGranada,balanced_age_patient_aware_undersampling,age,patient_aware_undersampling,False,2,ENTIRE,A,67.65
T1DiabetesGranada,balanced_age_patient_aware_undersampling,age,patient_aware_undersampling,False,2,ENTIRE,B,26.68
T1DiabetesGranada,balanced_age_patient_aware_undersampling,age,patient_aware_undersampling,False,2,ENTIRE,C,0.18
T1DiabetesGranada,balanced_age_patient_aware_undersampling,age,patient_aware_undersampling,False,2,ENTIRE,D,5.46
T1DiabetesGranada,balanced_age_patient_aware_undersampling,age,patient_aware_undersampling,False,2,ENTIRE,E,0.03
T1DiabetesGranada,balanced_age_patient_aware_undersampling,age,patient_aware_undersampling,False,2,ENTIRE,A + B,94.33
T1DiabetesGranada,balanced_age_patient_aware_undersampling,age,patient_aware_undersampling,False,2,ENTIRE,RMSE,38.04
T1DiabetesGranada,balanced_age_patient_aware_undersampling,age,patient_aware_undersampling,False,2,ENTIRE,MSE,1446.77
T1DiabetesGranada,balanced_age_patient_aware_undersampling,age,patient_aware_undersampling,False,2,ENTIRE,MAE,27.62
T1DiabetesGranada,balanced_age_patient_aware_undersampling,age,patient_aware_undersampling,False,2,ENTIRE,MAPE,0.18
T1DiabetesGranada,balanced_age_patient_aware_undersampling,age,patient_aware_undersampling,False,3,TBR_2,A,24.66
T1DiabetesGranada,balanced_age_patient_aware_undersampling,age,patient_aware_undersampling,False,3,TBR_2,B,0.0
T1DiabetesGranada,balanced_age_patient_aware_undersampling,age,patient_aware_undersampling,False,3,TBR_2,C,0.0
T1DiabetesGranada,balanced_age_patient_aware_undersampling,age,patient_aware_undersampling,False,3,TBR_2,D,75.03
T1DiabetesGranada,balanced_age_patient_aware_undersampling,age,patient_aware_undersampling,False,3,TBR_2,E,0.31
T1DiabetesGranada,balanced_age_patient_aware_undersampling,age,patient_aware_undersampling,False,3,TBR_2,A + B,24.66
T1DiabetesGranada,balanced_age_patient_aware_undersampling,age,patient_aware_undersampling,False,3,TBR_2,RMSE,38.06
T1DiabetesGranada,balanced_age_patient_aware_undersampling,age,patient_aware_undersampling,False,3,TBR_2,MSE,1448.65
T1DiabetesGranada,balanced_age_patient_aware_undersampling,age,patient_aware_undersampling,False,3,TBR_2,MAE,33.59
T1DiabetesGranada,balanced_age_patient_aware_undersampling,age,patient_aware_undersampling,False,3,TBR_2,MAPE,0.7
T1DiabetesGranada,balanced_age_patient_aware_undersampling,age,patient_aware_undersampling,False,3,TBR_1,A,15.82
T1DiabetesGranada,balanced_age_patient_aware_undersampling,age,patient_aware_undersampling,False,3,TBR_1,B,0.0
T1DiabetesGranada,balanced_age_patient_aware_undersampling,age,patient_aware_undersampling,False,3,TBR_1,C,0.0
T1DiabetesGranada,balanced_age_patient_aware_undersampling,age,patient_aware_undersampling,False,3,TBR_1,D,83.69
T1DiabetesGranada,balanced_age_patient_aware_undersampling,age,patient_aware_undersampling,False,3,TBR_1,E,0.49
T1DiabetesGranada,balanced_age_patient_aware_undersampling,age,patient_aware_undersampling,False,3,TBR_1,A + B,15.82
T1DiabetesGranada,balanced_age_patient_aware_undersampling,age,patient_aware_undersampling,False,3,TBR_1,RMSE,34.55
T1DiabetesGranada,balanced_age_patient_aware_undersampling,age,patient_aware_undersampling,False,3,TBR_1,MSE,1193.43
T1DiabetesGranada,balanced_age_patient_aware_undersampling,age,patient_aware_undersampling,False,3,TBR_1,MAE,28.92
T1DiabetesGranada,balanced_age_patient_aware_undersampling,age,patient_aware_undersampling,False,3,TBR_1,MAPE,0.47
T1DiabetesGranada,balanced_age_patient_aware_undersampling,age,patient_aware_undersampling,False,3,TIR,A,72.82
T1DiabetesGranada,balanced_age_patient_aware_undersampling,age,patient_aware_undersampling,False,3,TIR,B,26.98
T1DiabetesGranada,balanced_age_patient_aware_undersampling,age,patient_aware_undersampling,False,3,TIR,C,0.2
T1DiabetesGranada,balanced_age_patient_aware_undersampling,age,patient_aware_undersampling,False,3,TIR,D,0.0
T1DiabetesGranada,balanced_age_patient_aware_undersampling,age,patient_aware_undersampling,False,3,TIR,E,0.0
T1DiabetesGranada,balanced_age_patient_aware_undersampling,age,patient_aware_undersampling,False,3,TIR,A + B,99.8
T1DiabetesGranada,balanced_age_patient_aware_undersampling,age,patient_aware_undersampling,False,3,TIR,RMSE,26.09
T1DiabetesGranada,balanced_age_patient_aware_undersampling,age,patient_aware_undersampling,False,3,TIR,MSE,680.8
T1DiabetesGranada,balanced_age_patient_aware_undersampling,age,patient_aware_undersampling,False,3,TIR,MAE,18.89
T1DiabetesGranada,balanced_age_patient_aware_undersampling,age,patient_aware_undersampling,False,3,TIR,MAPE,0.16
T1DiabetesGranada,balanced_age_patient_aware_undersampling,age,patient_aware_undersampling,False,3,TAR_1,A,71.62
T1DiabetesGranada,balanced_age_patient_aware_undersampling,age,patient_aware_undersampling,False,3,TAR_1,B,26.57
T1DiabetesGranada,balanced_age_patient_aware_undersampling,age,patient_aware_undersampling,False,3,TAR_1,C,0.04
T1DiabetesGranada,balanced_age_patient_aware_undersampling,age,patient_aware_undersampling,False,3,TAR_1,D,1.74
T1DiabetesGranada,balanced_age_patient_aware_undersampling,age,patient_aware_undersampling,False,3,TAR_1,E,0.03
T1DiabetesGranada,balanced_age_patient_aware_undersampling,age,patient_aware_undersampling,False,3,TAR_1,A + B,98.19
T1DiabetesGranada,balanced_age_patient_aware_undersampling,age,patient_aware_undersampling,False,3,TAR_1,RMSE,42.37
T1DiabetesGranada,balanced_age_patient_aware_undersampling,age,patient_aware_undersampling,False,3,TAR_1,MSE,1794.8
T1DiabetesGranada,balanced_age_patient_aware_undersampling,age,patient_aware_undersampling,False,3,TAR_1,MAE,33.18
T1DiabetesGranada,balanced_age_patient_aware_undersampling,age,patient_aware_undersampling,False,3,TAR_1,MAPE,0.16
T1DiabetesGranada,balanced_age_patient_aware_undersampling,age,patient_aware_undersampling,False,3,TAR_2,A,61.18
T1DiabetesGranada,balanced_age_patient_aware_undersampling,age,patient_aware_undersampling,False,3,TAR_2,B,31.13
T1DiabetesGranada,balanced_age_patient_aware_undersampling,age,patient_aware_undersampling,False,3,TAR_2,C,0.01
T1DiabetesGranada,balanced_age_patient_aware_undersampling,age,patient_aware_undersampling,False,3,TAR_2,D,7.68
T1DiabetesGranada,balanced_age_patient_aware_undersampling,age,patient_aware_undersampling,False,3,TAR_2,E,0.0
T1DiabetesGranada,balanced_age_patient_aware_undersampling,age,patient_aware_undersampling,False,3,TAR_2,A + B,92.31
T1DiabetesGranada,balanced_age_patient_aware_undersampling,age,patient_aware_undersampling,False,3,TAR_2,RMSE,65.47
T1DiabetesGranada,balanced_age_patient_aware_undersampling,age,patient_aware_undersampling,False,3,TAR_2,MSE,4285.75
T1DiabetesGranada,balanced_age_patient_aware_undersampling,age,patient_aware_undersampling,False,3,TAR_2,MAE,55.53
T1DiabetesGranada,balanced_age_patient_aware_undersampling,age,patient_aware_undersampling,False,3,TAR_2,MAPE,0.19
T1DiabetesGranada,balanced_age_patient_aware_undersampling,age,patient_aware_undersampling,False,3,ENTIRE,A,68.9
T1DiabetesGranada,balanced_age_patient_aware_undersampling,age,patient_aware_undersampling,False,3,ENTIRE,B,26.15
T1DiabetesGranada,balanced_age_patient_aware_undersampling,age,patient_aware_undersampling,False,3,ENTIRE,C,0.13
T1DiabetesGranada,balanced_age_patient_aware_undersampling,age,patient_aware_undersampling,False,3,ENTIRE,D,4.79
T1DiabetesGranada,balanced_age_patient_aware_undersampling,age,patient_aware_undersampling,False,3,ENTIRE,E,0.03
T1DiabetesGranada,balanced_age_patient_aware_undersampling,age,patient_aware_undersampling,False,3,ENTIRE,A + B,95.05
T1DiabetesGranada,balanced_age_patient_aware_undersampling,age,patient_aware_undersampling,False,3,ENTIRE,RMSE,36.76
T1DiabetesGranada,balanced_age_patient_aware_undersampling,age,patient_aware_undersampling,False,3,ENTIRE,MSE,1351.23
T1DiabetesGranada,balanced_age_patient_aware_undersampling,age,patient_aware_undersampling,False,3,ENTIRE,MAE,26.63
T1DiabetesGranada,balanced_age_patient_aware_undersampling,age,patient_aware_undersampling,False,3,ENTIRE,MAPE,0.17
T1DiabetesGranada,balanced_age_patient_aware_undersampling,age,patient_aware_undersampling,False,4,TBR_2,A,13.09
T1DiabetesGranada,balanced_age_patient_aware_undersampling,age,patient_aware_undersampling,False,4,TBR_2,B,0.0
T1DiabetesGranada,balanced_age_patient_aware_undersampling,age,patient_aware_undersampling,False,4,TBR_2,C,0.0
T1DiabetesGranada,balanced_age_patient_aware_undersampling,age,patient_aware_undersampling,False,4,TBR_2,D,86.53
T1DiabetesGranada,balanced_age_patient_aware_undersampling,age,patient_aware_undersampling,False,4,TBR_2,E,0.37
T1DiabetesGranada,balanced_age_patient_aware_undersampling,age,patient_aware_undersampling,False,4,TBR_2,A + B,13.09
T1DiabetesGranada,balanced_age_patient_aware_undersampling,age,patient_aware_undersampling,False,4,TBR_2,RMSE,40.88
T1DiabetesGranada,balanced_age_patient_aware_undersampling,age,patient_aware_undersampling,False,4,TBR_2,MSE,1670.93
T1DiabetesGranada,balanced_age_patient_aware_undersampling,age,patient_aware_undersampling,False,4,TBR_2,MAE,36.64
T1DiabetesGranada,balanced_age_patient_aware_undersampling,age,patient_aware_undersampling,False,4,TBR_2,MAPE,0.77
T1DiabetesGranada,balanced_age_patient_aware_undersampling,age,patient_aware_undersampling,False,4,TBR_1,A,11.16
T1DiabetesGranada,balanced_age_patient_aware_undersampling,age,patient_aware_undersampling,False,4,TBR_1,B,0.0
T1DiabetesGranada,balanced_age_patient_aware_undersampling,age,patient_aware_undersampling,False,4,TBR_1,C,0.0
T1DiabetesGranada,balanced_age_patient_aware_undersampling,age,patient_aware_undersampling,False,4,TBR_1,D,88.24
T1DiabetesGranada,balanced_age_patient_aware_undersampling,age,patient_aware_undersampling,False,4,TBR_1,E,0.6
T1DiabetesGranada,balanced_age_patient_aware_undersampling,age,patient_aware_undersampling,False,4,TBR_1,A + B,11.16
T1DiabetesGranada,balanced_age_patient_aware_undersampling,age,patient_aware_undersampling,False,4,TBR_1,RMSE,37.39
T1DiabetesGranada,balanced_age_patient_aware_undersampling,age,patient_aware_undersampling,False,4,TBR_1,MSE,1397.97
T1DiabetesGranada,balanced_age_patient_aware_undersampling,age,patient_aware_undersampling,False,4,TBR_1,MAE,31.96
T1DiabetesGranada,balanced_age_patient_aware_undersampling,age,patient_aware_undersampling,False,4,TBR_1,MAPE,0.52
T1DiabetesGranada,balanced_age_patient_aware_undersampling,age,patient_aware_undersampling,False,4,TIR,A,71.44
T1DiabetesGranada,balanced_age_patient_aware_undersampling,age,patient_aware_undersampling,False,4,TIR,B,28.3
T1DiabetesGranada,balanced_age_patient_aware_undersampling,age,patient_aware_undersampling,False,4,TIR,C,0.26
T1DiabetesGranada,balanced_age_patient_aware_undersampling,age,patient_aware_undersampling,False,4,TIR,D,0.0
T1DiabetesGranada,balanced_age_patient_aware_undersampling,age,patient_aware_undersampling,False,4,TIR,E,0.0
T1DiabetesGranada,balanced_age_patient_aware_undersampling,age,patient_aware_undersampling,False,4,TIR,A + B,99.74
T1DiabetesGranada,balanced_age_patient_aware_undersampling,age,patient_aware_undersampling,False,4,TIR,RMSE,26.91
T1DiabetesGranada,balanced_age_patient_aware_undersampling,age,patient_aware_undersampling,False,4,TIR,MSE,723.99
T1DiabetesGranada,balanced_age_patient_aware_undersampling,age,patient_aware_undersampling,False,4,TIR,MAE,19.57
T1DiabetesGranada,balanced_age_patient_aware_undersampling,age,patient_aware_undersampling,False,4,TIR,MAPE,0.16
T1DiabetesGranada,balanced_age_patient_aware_undersampling,age,patient_aware_undersampling,False,4,TAR_1,A,71.85
T1DiabetesGranada,balanced_age_patient_aware_undersampling,age,patient_aware_undersampling,False,4,TAR_1,B,26.33
T1DiabetesGranada,balanced_age_patient_aware_undersampling,age,patient_aware_undersampling,False,4,TAR_1,C,0.05
T1DiabetesGranada,balanced_age_patient_aware_undersampling,age,patient_aware_undersampling,False,4,TAR_1,D,1.74
T1DiabetesGranada,balanced_age_patient_aware_undersampling,age,patient_aware_undersampling,False,4,TAR_1,E,0.02
T1DiabetesGranada,balanced_age_patient_aware_undersampling,age,patient_aware_undersampling,False,4,TAR_1,A + B,98.18
T1DiabetesGranada,balanced_age_patient_aware_undersampling,age,patient_aware_undersampling,False,4,TAR_1,RMSE,42.05
T1DiabetesGranada,balanced_age_patient_aware_undersampling,age,patient_aware_undersampling,False,4,TAR_1,MSE,1768.51
T1DiabetesGranada,balanced_age_patient_aware_undersampling,age,patient_aware_undersampling,False,4,TAR_1,MAE,32.61
T1DiabetesGranada,balanced_age_patient_aware_undersampling,age,patient_aware_undersampling,False,4,TAR_1,MAPE,0.15
T1DiabetesGranada,balanced_age_patient_aware_undersampling,age,patient_aware_undersampling,False,4,TAR_2,A,64.41
T1DiabetesGranada,balanced_age_patient_aware_undersampling,age,patient_aware_undersampling,False,4,TAR_2,B,28.19
T1DiabetesGranada,balanced_age_patient_aware_undersampling,age,patient_aware_undersampling,False,4,TAR_2,C,0.02
T1DiabetesGranada,balanced_age_patient_aware_undersampling,age,patient_aware_undersampling,False,4,TAR_2,D,7.38
T1DiabetesGranada,balanced_age_patient_aware_undersampling,age,patient_aware_undersampling,False,4,TAR_2,E,0.0
T1DiabetesGranada,balanced_age_patient_aware_undersampling,age,patient_aware_undersampling,False,4,TAR_2,A + B,92.6
T1DiabetesGranada,balanced_age_patient_aware_undersampling,age,patient_aware_undersampling,False,4,TAR_2,RMSE,63.22
T1DiabetesGranada,balanced_age_patient_aware_undersampling,age,patient_aware_undersampling,False,4,TAR_2,MSE,3997.12
T1DiabetesGranada,balanced_age_patient_aware_undersampling,age,patient_aware_undersampling,False,4,TAR_2,MAE,52.82
T1DiabetesGranada,balanced_age_patient_aware_undersampling,age,patient_aware_undersampling,False,4,TAR_2,MAPE,0.18
T1DiabetesGranada,balanced_age_patient_aware_undersampling,age,patient_aware_undersampling,False,4,ENTIRE,A,68.02
T1DiabetesGranada,balanced_age_patient_aware_undersampling,age,patient_aware_undersampling,False,4,ENTIRE,B,26.53
T1DiabetesGranada,balanced_age_patient_aware_undersampling,age,patient_aware_undersampling,False,4,ENTIRE,C,0.17
T1DiabetesGranada,balanced_age_patient_aware_undersampling,age,patient_aware_undersampling,False,4,ENTIRE,D,5.26
T1DiabetesGranada,balanced_age_patient_aware_undersampling,age,patient_aware_undersampling,False,4,ENTIRE,E,0.03
T1DiabetesGranada,balanced_age_patient_aware_undersampling,age,patient_aware_undersampling,False,4,ENTIRE,A + B,94.55
T1DiabetesGranada,balanced_age_patient_aware_undersampling,age,patient_aware_undersampling,False,4,ENTIRE,RMSE,37.3
T1DiabetesGranada,balanced_age_patient_aware_undersampling,age,patient_aware_undersampling,False,4,ENTIRE,MSE,1391.45
T1DiabetesGranada,balanced_age_patient_aware_undersampling,age,patient_aware_undersampling,False,4,ENTIRE,MAE,27.21
T1DiabetesGranada,balanced_age_patient_aware_undersampling,age,patient_aware_undersampling,False,4,ENTIRE,MAPE,0.18
T1DiabetesGranada,balanced_age_patient_aware_undersampling,age,patient_aware_undersampling,False,5,TBR_2,A,12.09
T1DiabetesGranada,balanced_age_patient_aware_undersampling,age,patient_aware_undersampling,False,5,TBR_2,B,0.0
T1DiabetesGranada,balanced_age_patient_aware_undersampling,age,patient_aware_undersampling,False,5,TBR_2,C,0.0
T1DiabetesGranada,balanced_age_patient_aware_undersampling,age,patient_aware_undersampling,False,5,TBR_2,D,87.46
T1DiabetesGranada,balanced_age_patient_aware_undersampling,age,patient_aware_undersampling,False,5,TBR_2,E,0.45
T1DiabetesGranada,balanced_age_patient_aware_undersampling,age,patient_aware_undersampling,False,5,TBR_2,A + B,12.09
T1DiabetesGranada,balanced_age_patient_aware_undersampling,age,patient_aware_undersampling,False,5,TBR_2,RMSE,41.72
T1DiabetesGranada,balanced_age_patient_aware_undersampling,age,patient_aware_undersampling,False,5,TBR_2,MSE,1740.3
T1DiabetesGranada,balanced_age_patient_aware_undersampling,age,patient_aware_undersampling,False,5,TBR_2,MAE,37.35
T1DiabetesGranada,balanced_age_patient_aware_undersampling,age,patient_aware_undersampling,False,5,TBR_2,MAPE,0.79
T1DiabetesGranada,balanced_age_patient_aware_undersampling,age,patient_aware_undersampling,False,5,TBR_1,A,9.68
T1DiabetesGranada,balanced_age_patient_aware_undersampling,age,patient_aware_undersampling,False,5,TBR_1,B,0.0
T1DiabetesGranada,balanced_age_patient_aware_undersampling,age,patient_aware_undersampling,False,5,TBR_1,C,0.0
T1DiabetesGranada,balanced_age_patient_aware_undersampling,age,patient_aware_undersampling,False,5,TBR_1,D,89.63
T1DiabetesGranada,balanced_age_patient_aware_undersampling,age,patient_aware_undersampling,False,5,TBR_1,E,0.69
T1DiabetesGranada,balanced_age_patient_aware_undersampling,age,patient_aware_undersampling,False,5,TBR_1,A + B,9.68
T1DiabetesGranada,balanced_age_patient_aware_undersampling,age,patient_aware_undersampling,False,5,TBR_1,RMSE,37.75
T1DiabetesGranada,balanced_age_patient_aware_undersampling,age,patient_aware_undersampling,False,5,TBR_1,MSE,1425.32
T1DiabetesGranada,balanced_age_patient_aware_undersampling,age,patient_aware_undersampling,False,5,TBR_1,MAE,32.01
T1DiabetesGranada,balanced_age_patient_aware_undersampling,age,patient_aware_undersampling,False,5,TBR_1,MAPE,0.52
T1DiabetesGranada,balanced_age_patient_aware_undersampling,age,patient_aware_undersampling,False,5,TIR,A,70.41
T1DiabetesGranada,balanced_age_patient_aware_undersampling,age,patient_aware_undersampling,False,5,TIR,B,29.3
T1DiabetesGranada,balanced_age_patient_aware_undersampling,age,patient_aware_undersampling,False,5,TIR,C,0.29
T1DiabetesGranada,balanced_age_patient_aware_undersampling,age,patient_aware_undersampling,False,5,TIR,D,0.0
T1DiabetesGranada,balanced_age_patient_aware_undersampling,age,patient_aware_undersampling,False,5,TIR,E,0.0
T1DiabetesGranada,balanced_age_patient_aware_undersampling,age,patient_aware_undersampling,False,5,TIR,A + B,99.71
T1DiabetesGranada,balanced_age_patient_aware_undersampling,age,patient_aware_undersampling,False,5,TIR,RMSE,27.46
T1DiabetesGranada,balanced_age_patient_aware_undersampling,age,patient_aware_undersampling,False,5,TIR,MSE,753.92
T1DiabetesGranada,balanced_age_patient_aware_undersampling,age,patient_aware_undersampling,False,5,TIR,MAE,19.95
T1DiabetesGranada,balanced_age_patient_aware_undersampling,age,patient_aware_undersampling,False,5,TIR,MAPE,0.17
T1DiabetesGranada,balanced_age_patient_aware_undersampling,age,patient_aware_undersampling,False,5,TAR_1,A,71.17
T1DiabetesGranada,balanced_age_patient_aware_undersampling,age,patient_aware_undersampling,False,5,TAR_1,B,27.05
T1DiabetesGranada,balanced_age_patient_aware_undersampling,age,patient_aware_undersampling,False,5,TAR_1,C,0.07
T1DiabetesGranada,balanced_age_patient_aware_undersampling,age,patient_aware_undersampling,False,5,TAR_1,D,1.68
T1DiabetesGranada,balanced_age_patient_aware_undersampling,age,patient_aware_undersampling,False,5,TAR_1,E,0.03
T1DiabetesGranada,balanced_age_patient_aware_undersampling,age,patient_aware_undersampling,False,5,TAR_1,A + B,98.22
T1DiabetesGranada,balanced_age_patient_aware_undersampling,age,patient_aware_undersampling,False,5,TAR_1,RMSE,42.71
T1DiabetesGranada,balanced_age_patient_aware_undersampling,age,patient_aware_undersampling,False,5,TAR_1,MSE,1824.55
T1DiabetesGranada,balanced_age_patient_aware_undersampling,age,patient_aware_undersampling,False,5,TAR_1,MAE,33.05
T1DiabetesGranada,balanced_age_patient_aware_undersampling,age,patient_aware_undersampling,False,5,TAR_1,MAPE,0.16
T1DiabetesGranada,balanced_age_patient_aware_undersampling,age,patient_aware_undersampling,False,5,TAR_2,A,63.37
T1DiabetesGranada,balanced_age_patient_aware_undersampling,age,patient_aware_undersampling,False,5,TAR_2,B,29.13
T1DiabetesGranada,balanced_age_patient_aware_undersampling,age,patient_aware_undersampling,False,5,TAR_2,C,0.02
T1DiabetesGranada,balanced_age_patient_aware_undersampling,age,patient_aware_undersampling,False,5,TAR_2,D,7.48
T1DiabetesGranada,balanced_age_patient_aware_undersampling,age,patient_aware_undersampling,False,5,TAR_2,E,0.0
T1DiabetesGranada,balanced_age_patient_aware_undersampling,age,patient_aware_undersampling,False,5,TAR_2,A + B,92.5
T1DiabetesGranada,balanced_age_patient_aware_undersampling,age,patient_aware_undersampling,False,5,TAR_2,RMSE,64.78
T1DiabetesGranada,balanced_age_patient_aware_undersampling,age,patient_aware_undersampling,False,5,TAR_2,MSE,4195.9
T1DiabetesGranada,balanced_age_patient_aware_undersampling,age,patient_aware_undersampling,False,5,TAR_2,MAE,53.99
T1DiabetesGranada,balanced_age_patient_aware_undersampling,age,patient_aware_undersampling,False,5,TAR_2,MAPE,0.18
T1DiabetesGranada,balanced_age_patient_aware_undersampling,age,patient_aware_undersampling,False,5,ENTIRE,A,66.67
T1DiabetesGranada,balanced_age_patient_aware_undersampling,age,patient_aware_undersampling,False,5,ENTIRE,B,27.22
T1DiabetesGranada,balanced_age_patient_aware_undersampling,age,patient_aware_undersampling,False,5,ENTIRE,C,0.2
T1DiabetesGranada,balanced_age_patient_aware_undersampling,age,patient_aware_undersampling,False,5,ENTIRE,D,5.88
T1DiabetesGranada,balanced_age_patient_aware_undersampling,age,patient_aware_undersampling,False,5,ENTIRE,E,0.04
T1DiabetesGranada,balanced_age_patient_aware_undersampling,age,patient_aware_undersampling,False,5,ENTIRE,A + B,93.89
T1DiabetesGranada,balanced_age_patient_aware_undersampling,age,patient_aware_undersampling,False,5,ENTIRE,RMSE,37.27
T1DiabetesGranada,balanced_age_patient_aware_undersampling,age,patient_aware_undersampling,False,5,ENTIRE,MSE,1388.93
T1DiabetesGranada,balanced_age_patient_aware_undersampling,age,patient_aware_undersampling,False,5,ENTIRE,MAE,27.12
T1DiabetesGranada,balanced_age_patient_aware_undersampling,age,patient_aware_undersampling,False,5,ENTIRE,MAPE,0.19
T1DiabetesGranada,balanced_age_reference_proportional,age,reference_proportional,False,1,TBR_2,A,17.35
T1DiabetesGranada,balanced_age_reference_proportional,age,reference_proportional,False,1,TBR_2,B,0.0
T1DiabetesGranada,balanced_age_reference_proportional,age,reference_proportional,False,1,TBR_2,C,0.0
T1DiabetesGranada,balanced_age_reference_proportional,age,reference_proportional,False,1,TBR_2,D,82.25
T1DiabetesGranada,balanced_age_reference_proportional,age,reference_proportional,False,1,TBR_2,E,0.4
T1DiabetesGranada,balanced_age_reference_proportional,age,reference_proportional,False,1,TBR_2,A + B,17.35
T1DiabetesGranada,balanced_age_reference_proportional,age,reference_proportional,False,1,TBR_2,RMSE,40.78
T1DiabetesGranada,balanced_age_reference_proportional,age,reference_proportional,False,1,TBR_2,MSE,1663.12
T1DiabetesGranada,balanced_age_reference_proportional,age,reference_proportional,False,1,TBR_2,MAE,36.29
T1DiabetesGranada,balanced_age_reference_proportional,age,reference_proportional,False,1,TBR_2,MAPE,0.76
T1DiabetesGranada,balanced_age_reference_proportional,age,reference_proportional,False,1,TBR_1,A,10.44
T1DiabetesGranada,balanced_age_reference_proportional,age,reference_proportional,False,1,TBR_1,B,0.0
T1DiabetesGranada,balanced_age_reference_proportional,age,reference_proportional,False,1,TBR_1,C,0.0
T1DiabetesGranada,balanced_age_reference_proportional,age,reference_proportional,False,1,TBR_1,D,89.03
T1DiabetesGranada,balanced_age_reference_proportional,age,reference_proportional,False,1,TBR_1,E,0.54
T1DiabetesGranada,balanced_age_reference_proportional,age,reference_proportional,False,1,TBR_1,A + B,10.44
T1DiabetesGranada,balanced_age_reference_proportional,age,reference_proportional,False,1,TBR_1,RMSE,36.86
T1DiabetesGranada,balanced_age_reference_proportional,age,reference_proportional,False,1,TBR_1,MSE,1358.96
T1DiabetesGranada,balanced_age_reference_proportional,age,reference_proportional,False,1,TBR_1,MAE,31.76
T1DiabetesGranada,balanced_age_reference_proportional,age,reference_proportional,False,1,TBR_1,MAPE,0.52
T1DiabetesGranada,balanced_age_reference_proportional,age,reference_proportional,False,1,TIR,A,70.93
T1DiabetesGranada,balanced_age_reference_proportional,age,reference_proportional,False,1,TIR,B,28.76
T1DiabetesGranada,balanced_age_reference_proportional,age,reference_proportional,False,1,TIR,C,0.31
T1DiabetesGranada,balanced_age_reference_proportional,age,reference_proportional,False,1,TIR,D,0.0
T1DiabetesGranada,balanced_age_reference_proportional,age,reference_proportional,False,1,TIR,E,0.0
T1DiabetesGranada,balanced_age_reference_proportional,age,reference_proportional,False,1,TIR,A + B,99.69
T1DiabetesGranada,balanced_age_reference_proportional,age,reference_proportional,False,1,TIR,RMSE,27.3
T1DiabetesGranada,balanced_age_reference_proportional,age,reference_proportional,False,1,TIR,MSE,745.29
T1DiabetesGranada,balanced_age_reference_proportional,age,reference_proportional,False,1,TIR,MAE,19.84
T1DiabetesGranada,balanced_age_reference_proportional,age,reference_proportional,False,1,TIR,MAPE,0.16
T1DiabetesGranada,balanced_age_reference_proportional,age,reference_proportional,False,1,TAR_1,A,70.4
T1DiabetesGranada,balanced_age_reference_proportional,age,reference_proportional,False,1,TAR_1,B,27.65
T1DiabetesGranada,balanced_age_reference_proportional,age,reference_proportional,False,1,TAR_1,C,0.1
T1DiabetesGranada,balanced_age_reference_proportional,age,reference_proportional,False,1,TAR_1,D,1.82
T1DiabetesGranada,balanced_age_reference_proportional,age,reference_proportional,False,1,TAR_1,E,0.03
T1DiabetesGranada,balanced_age_reference_proportional,age,reference_proportional,False,1,TAR_1,A + B,98.05
T1DiabetesGranada,balanced_age_reference_proportional,age,reference_proportional,False,1,TAR_1,RMSE,43.27
T1DiabetesGranada,balanced_age_reference_proportional,age,reference_proportional,False,1,TAR_1,MSE,1872.71
T1DiabetesGranada,balanced_age_reference_proportional,age,reference_proportional,False,1,TAR_1,MAE,33.81
T1DiabetesGranada,balanced_age_reference_proportional,age,reference_proportional,False,1,TAR_1,MAPE,0.16
T1DiabetesGranada,balanced_age_reference_proportional,age,reference_proportional,False,1,TAR_2,A,61.9
T1DiabetesGranada,balanced_age_reference_proportional,age,reference_proportional,False,1,TAR_2,B,30.67
T1DiabetesGranada,balanced_age_reference_proportional,age,reference_proportional,False,1,TAR_2,C,0.05
T1DiabetesGranada,balanced_age_reference_proportional,age,reference_proportional,False,1,TAR_2,D,7.38
T1DiabetesGranada,balanced_age_reference_proportional,age,reference_proportional,False,1,TAR_2,E,0.0
T1DiabetesGranada,balanced_age_reference_proportional,age,reference_proportional,False,1,TAR_2,A + B,92.57
T1DiabetesGranada,balanced_age_reference_proportional,age,reference_proportional,False,1,TAR_2,RMSE,66.97
T1DiabetesGranada,balanced_age_reference_proportional,age,reference_proportional,False,1,TAR_2,MSE,4485.52
T1DiabetesGranada,balanced_age_reference_proportional,age,reference_proportional,False,1,TAR_2,MAE,56.19
T1DiabetesGranada,balanced_age_reference_proportional,age,reference_proportional,False,1,TAR_2,MAPE,0.18
T1DiabetesGranada,balanced_age_reference_proportional,age,reference_proportional,False,1,ENTIRE,A,66.82
T1DiabetesGranada,balanced_age_reference_proportional,age,reference_proportional,False,1,ENTIRE,B,27.35
T1DiabetesGranada,balanced_age_reference_proportional,age,reference_proportional,False,1,ENTIRE,C,0.21
T1DiabetesGranada,balanced_age_reference_proportional,age,reference_proportional,False,1,ENTIRE,D,5.58
T1DiabetesGranada,balanced_age_reference_proportional,age,reference_proportional,False,1,ENTIRE,E,0.03
T1DiabetesGranada,balanced_age_reference_proportional,age,reference_proportional,False,1,ENTIRE,A + B,94.17
T1DiabetesGranada,balanced_age_reference_proportional,age,reference_proportional,False,1,ENTIRE,RMSE,38.86
T1DiabetesGranada,balanced_age_reference_proportional,age,reference_proportional,False,1,ENTIRE,MSE,1509.92
T1DiabetesGranada,balanced_age_reference_proportional,age,reference_proportional,False,1,ENTIRE,MAE,28.29
T1DiabetesGranada,balanced_age_reference_proportional,age,reference_proportional,False,1,ENTIRE,MAPE,0.18
T1DiabetesGranada,balanced_age_reference_proportional,age,reference_proportional,False,2,TBR_2,A,16.2
T1DiabetesGranada,balanced_age_reference_proportional,age,reference_proportional,False,2,TBR_2,B,0.0
T1DiabetesGranada,balanced_age_reference_proportional,age,reference_proportional,False,2,TBR_2,C,0.0
T1DiabetesGranada,balanced_age_reference_proportional,age,reference_proportional,False,2,TBR_2,D,83.55
T1DiabetesGranada,balanced_age_reference_proportional,age,reference_proportional,False,2,TBR_2,E,0.25
T1DiabetesGranada,balanced_age_reference_proportional,age,reference_proportional,False,2,TBR_2,A + B,16.2
T1DiabetesGranada,balanced_age_reference_proportional,age,reference_proportional,False,2,TBR_2,RMSE,38.7
T1DiabetesGranada,balanced_age_reference_proportional,age,reference_proportional,False,2,TBR_2,MSE,1497.47
T1DiabetesGranada,balanced_age_reference_proportional,age,reference_proportional,False,2,TBR_2,MAE,34.99
T1DiabetesGranada,balanced_age_reference_proportional,age,reference_proportional,False,2,TBR_2,MAPE,0.74
T1DiabetesGranada,balanced_age_reference_proportional,age,reference_proportional,False,2,TBR_1,A,11.83
T1DiabetesGranada,balanced_age_reference_proportional,age,reference_proportional,False,2,TBR_1,B,0.0
T1DiabetesGranada,balanced_age_reference_proportional,age,reference_proportional,False,2,TBR_1,C,0.0
T1DiabetesGranada,balanced_age_reference_proportional,age,reference_proportional,False,2,TBR_1,D,87.73
T1DiabetesGranada,balanced_age_reference_proportional,age,reference_proportional,False,2,TBR_1,E,0.45
T1DiabetesGranada,balanced_age_reference_proportional,age,reference_proportional,False,2,TBR_1,A + B,11.83
T1DiabetesGranada,balanced_age_reference_proportional,age,reference_proportional,False,2,TBR_1,RMSE,34.96
T1DiabetesGranada,balanced_age_reference_proportional,age,reference_proportional,False,2,TBR_1,MSE,1222.13
T1DiabetesGranada,balanced_age_reference_proportional,age,reference_proportional,False,2,TBR_1,MAE,30.08
T1DiabetesGranada,balanced_age_reference_proportional,age,reference_proportional,False,2,TBR_1,MAPE,0.49
T1DiabetesGranada,balanced_age_reference_proportional,age,reference_proportional,False,2,TIR,A,72.44
T1DiabetesGranada,balanced_age_reference_proportional,age,reference_proportional,False,2,TIR,B,27.34
T1DiabetesGranada,balanced_age_reference_proportional,age,reference_proportional,False,2,TIR,C,0.21
T1DiabetesGranada,balanced_age_reference_proportional,age,reference_proportional,False,2,TIR,D,0.0
T1DiabetesGranada,balanced_age_reference_proportional,age,reference_proportional,False,2,TIR,E,0.0
T1DiabetesGranada,balanced_age_reference_proportional,age,reference_proportional,False,2,TIR,A + B,99.78
T1DiabetesGranada,balanced_age_reference_proportional,age,reference_proportional,False,2,TIR,RMSE,25.99
T1DiabetesGranada,balanced_age_reference_proportional,age,reference_proportional,False,2,TIR,MSE,675.45
T1DiabetesGranada,balanced_age_reference_proportional,age,reference_proportional,False,2,TIR,MAE,18.97
T1DiabetesGranada,balanced_age_reference_proportional,age,reference_proportional,False,2,TIR,MAPE,0.16
T1DiabetesGranada,balanced_age_reference_proportional,age,reference_proportional,False,2,TAR_1,A,70.84
T1DiabetesGranada,balanced_age_reference_proportional,age,reference_proportional,False,2,TAR_1,B,27.28
T1DiabetesGranada,balanced_age_reference_proportional,age,reference_proportional,False,2,TAR_1,C,0.07
T1DiabetesGranada,balanced_age_reference_proportional,age,reference_proportional,False,2,TAR_1,D,1.79
T1DiabetesGranada,balanced_age_reference_proportional,age,reference_proportional,False,2,TAR_1,E,0.03
T1DiabetesGranada,balanced_age_reference_proportional,age,reference_proportional,False,2,TAR_1,A + B,98.12
T1DiabetesGranada,balanced_age_reference_proportional,age,reference_proportional,False,2,TAR_1,RMSE,42.49
T1DiabetesGranada,balanced_age_reference_proportional,age,reference_proportional,False,2,TAR_1,MSE,1805.28
T1DiabetesGranada,balanced_age_reference_proportional,age,reference_proportional,False,2,TAR_1,MAE,33.46
T1DiabetesGranada,balanced_age_reference_proportional,age,reference_proportional,False,2,TAR_1,MAPE,0.16
T1DiabetesGranada,balanced_age_reference_proportional,age,reference_proportional,False,2,TAR_2,A,62.5
T1DiabetesGranada,balanced_age_reference_proportional,age,reference_proportional,False,2,TAR_2,B,30.64
T1DiabetesGranada,balanced_age_reference_proportional,age,reference_proportional,False,2,TAR_2,C,0.05
T1DiabetesGranada,balanced_age_reference_proportional,age,reference_proportional,False,2,TAR_2,D,6.82
T1DiabetesGranada,balanced_age_reference_proportional,age,reference_proportional,False,2,TAR_2,E,0.0
T1DiabetesGranada,balanced_age_reference_proportional,age,reference_proportional,False,2,TAR_2,A + B,93.14
T1DiabetesGranada,balanced_age_reference_proportional,age,reference_proportional,False,2,TAR_2,RMSE,67.08
T1DiabetesGranada,balanced_age_reference_proportional,age,reference_proportional,False,2,TAR_2,MSE,4499.21
T1DiabetesGranada,balanced_age_reference_proportional,age,reference_proportional,False,2,TAR_2,MAE,56.54
T1DiabetesGranada,balanced_age_reference_proportional,age,reference_proportional,False,2,TAR_2,MAPE,0.18
T1DiabetesGranada,balanced_age_reference_proportional,age,reference_proportional,False,2,ENTIRE,A,68.01
T1DiabetesGranada,balanced_age_reference_proportional,age,reference_proportional,False,2,ENTIRE,B,26.43
T1DiabetesGranada,balanced_age_reference_proportional,age,reference_proportional,False,2,ENTIRE,C,0.15
T1DiabetesGranada,balanced_age_reference_proportional,age,reference_proportional,False,2,ENTIRE,D,5.38
T1DiabetesGranada,balanced_age_reference_proportional,age,reference_proportional,False,2,ENTIRE,E,0.03
T1DiabetesGranada,balanced_age_reference_proportional,age,reference_proportional,False,2,ENTIRE,A + B,94.44
T1DiabetesGranada,balanced_age_reference_proportional,age,reference_proportional,False,2,ENTIRE,RMSE,37.88
T1DiabetesGranada,balanced_age_reference_proportional,age,reference_proportional,False,2,ENTIRE,MSE,1434.86
T1DiabetesGranada,balanced_age_reference_proportional,age,reference_proportional,False,2,ENTIRE,MAE,27.52
T1DiabetesGranada,balanced_age_reference_proportional,age,reference_proportional,False,2,ENTIRE,MAPE,0.18
T1DiabetesGranada,balanced_age_reference_proportional,age,reference_proportional,False,3,TBR_2,A,13.49
T1DiabetesGranada,balanced_age_reference_proportional,age,reference_proportional,False,3,TBR_2,B,0.0
T1DiabetesGranada,balanced_age_reference_proportional,age,reference_proportional,False,3,TBR_2,C,0.0
T1DiabetesGranada,balanced_age_reference_proportional,age,reference_proportional,False,3,TBR_2,D,86.24
T1DiabetesGranada,balanced_age_reference_proportional,age,reference_proportional,False,3,TBR_2,E,0.28
T1DiabetesGranada,balanced_age_reference_proportional,age,reference_proportional,False,3,TBR_2,A + B,13.49
T1DiabetesGranada,balanced_age_reference_proportional,age,reference_proportional,False,3,TBR_2,RMSE,38.75
T1DiabetesGranada,balanced_age_reference_proportional,age,reference_proportional,False,3,TBR_2,MSE,1501.65
T1DiabetesGranada,balanced_age_reference_proportional,age,reference_proportional,False,3,TBR_2,MAE,35.02
T1DiabetesGranada,balanced_age_reference_proportional,age,reference_proportional,False,3,TBR_2,MAPE,0.73
T1DiabetesGranada,balanced_age_reference_proportional,age,reference_proportional,False,3,TBR_1,A,9.22
T1DiabetesGranada,balanced_age_reference_proportional,age,reference_proportional,False,3,TBR_1,B,0.0
T1DiabetesGranada,balanced_age_reference_proportional,age,reference_proportional,False,3,TBR_1,C,0.0
T1DiabetesGranada,balanced_age_reference_proportional,age,reference_proportional,False,3,TBR_1,D,90.34
T1DiabetesGranada,balanced_age_reference_proportional,age,reference_proportional,False,3,TBR_1,E,0.44
T1DiabetesGranada,balanced_age_reference_proportional,age,reference_proportional,False,3,TBR_1,A + B,9.22
T1DiabetesGranada,balanced_age_reference_proportional,age,reference_proportional,False,3,TBR_1,RMSE,35.54
T1DiabetesGranada,balanced_age_reference_proportional,age,reference_proportional,False,3,TBR_1,MSE,1263.27
T1DiabetesGranada,balanced_age_reference_proportional,age,reference_proportional,False,3,TBR_1,MAE,30.86
T1DiabetesGranada,balanced_age_reference_proportional,age,reference_proportional,False,3,TBR_1,MAPE,0.5
T1DiabetesGranada,balanced_age_reference_proportional,age,reference_proportional,False,3,TIR,A,72.77
T1DiabetesGranada,balanced_age_reference_proportional,age,reference_proportional,False,3,TIR,B,27.06
T1DiabetesGranada,balanced_age_reference_proportional,age,reference_proportional,False,3,TIR,C,0.17
T1DiabetesGranada,balanced_age_reference_proportional,age,reference_proportional,False,3,TIR,D,0.0
T1DiabetesGranada,balanced_age_reference_proportional,age,reference_proportional,False,3,TIR,E,0.0
T1DiabetesGranada,balanced_age_reference_proportional,age,reference_proportional,False,3,TIR,A + B,99.83
T1DiabetesGranada,balanced_age_reference_proportional,age,reference_proportional,False,3,TIR,RMSE,25.55
T1DiabetesGranada,balanced_age_reference_proportional,age,reference_proportional,False,3,TIR,MSE,652.85
T1DiabetesGranada,balanced_age_reference_proportional,age,reference_proportional,False,3,TIR,MAE,18.71
T1DiabetesGranada,balanced_age_reference_proportional,age,reference_proportional,False,3,TIR,MAPE,0.15
T1DiabetesGranada,balanced_age_reference_proportional,age,reference_proportional,False,3,TAR_1,A,70.11
T1DiabetesGranada,balanced_age_reference_proportional,age,reference_proportional,False,3,TAR_1,B,27.99
T1DiabetesGranada,balanced_age_reference_proportional,age,reference_proportional,False,3,TAR_1,C,0.03
T1DiabetesGranada,balanced_age_reference_proportional,age,reference_proportional,False,3,TAR_1,D,1.85
T1DiabetesGranada,balanced_age_reference_proportional,age,reference_proportional,False,3,TAR_1,E,0.01
T1DiabetesGranada,balanced_age_reference_proportional,age,reference_proportional,False,3,TAR_1,A + B,98.1
T1DiabetesGranada,balanced_age_reference_proportional,age,reference_proportional,False,3,TAR_1,RMSE,43.05
T1DiabetesGranada,balanced_age_reference_proportional,age,reference_proportional,False,3,TAR_1,MSE,1853.0
T1DiabetesGranada,balanced_age_reference_proportional,age,reference_proportional,False,3,TAR_1,MAE,34.13
T1DiabetesGranada,balanced_age_reference_proportional,age,reference_proportional,False,3,TAR_1,MAPE,0.16
T1DiabetesGranada,balanced_age_reference_proportional,age,reference_proportional,False,3,TAR_2,A,58.42
T1DiabetesGranada,balanced_age_reference_proportional,age,reference_proportional,False,3,TAR_2,B,33.33
T1DiabetesGranada,balanced_age_reference_proportional,age,reference_proportional,False,3,TAR_2,C,0.01
T1DiabetesGranada,balanced_age_reference_proportional,age,reference_proportional,False,3,TAR_2,D,8.24
T1DiabetesGranada,balanced_age_reference_proportional,age,reference_proportional,False,3,TAR_2,E,0.0
T1DiabetesGranada,balanced_age_reference_proportional,age,reference_proportional,False,3,TAR_2,A + B,91.75
T1DiabetesGranada,balanced_age_reference_proportional,age,reference_proportional,False,3,TAR_2,RMSE,67.17
T1DiabetesGranada,balanced_age_reference_proportional,age,reference_proportional,False,3,TAR_2,MSE,4511.41
T1DiabetesGranada,balanced_age_reference_proportional,age,reference_proportional,False,3,TAR_2,MAE,57.44
T1DiabetesGranada,balanced_age_reference_proportional,age,reference_proportional,False,3,TAR_2,MAPE,0.19
T1DiabetesGranada,balanced_age_reference_proportional,age,reference_proportional,False,3,ENTIRE,A,67.89
T1DiabetesGranada,balanced_age_reference_proportional,age,reference_proportional,False,3,ENTIRE,B,26.77
T1DiabetesGranada,balanced_age_reference_proportional,age,reference_proportional,False,3,ENTIRE,C,0.11
T1DiabetesGranada,balanced_age_reference_proportional,age,reference_proportional,False,3,ENTIRE,D,5.21
T1DiabetesGranada,balanced_age_reference_proportional,age,reference_proportional,False,3,ENTIRE,E,0.02
T1DiabetesGranada,balanced_age_reference_proportional,age,reference_proportional,False,3,ENTIRE,A + B,94.66
T1DiabetesGranada,balanced_age_reference_proportional,age,reference_proportional,False,3,ENTIRE,RMSE,37.08
T1DiabetesGranada,balanced_age_reference_proportional,age,reference_proportional,False,3,ENTIRE,MSE,1374.66
T1DiabetesGranada,balanced_age_reference_proportional,age,reference_proportional,False,3,ENTIRE,MAE,27.03
T1DiabetesGranada,balanced_age_reference_proportional,age,reference_proportional,False,3,ENTIRE,MAPE,0.18
T1DiabetesGranada,balanced_age_reference_proportional,age,reference_proportional,False,4,TBR_2,A,7.22
T1DiabetesGranada,balanced_age_reference_proportional,age,reference_proportional,False,4,TBR_2,B,0.0
T1DiabetesGranada,balanced_age_reference_proportional,age,reference_proportional,False,4,TBR_2,C,0.0
T1DiabetesGranada,balanced_age_reference_proportional,age,reference_proportional,False,4,TBR_2,D,92.45
T1DiabetesGranada,balanced_age_reference_proportional,age,reference_proportional,False,4,TBR_2,E,0.34
T1DiabetesGranada,balanced_age_reference_proportional,age,reference_proportional,False,4,TBR_2,A + B,7.22
T1DiabetesGranada,balanced_age_reference_proportional,age,reference_proportional,False,4,TBR_2,RMSE,39.83
T1DiabetesGranada,balanced_age_reference_proportional,age,reference_proportional,False,4,TBR_2,MSE,1586.35
T1DiabetesGranada,balanced_age_reference_proportional,age,reference_proportional,False,4,TBR_2,MAE,36.28
T1DiabetesGranada,balanced_age_reference_proportional,age,reference_proportional,False,4,TBR_2,MAPE,0.76
T1DiabetesGranada,balanced_age_reference_proportional,age,reference_proportional,False,4,TBR_1,A,8.02
T1DiabetesGranada,balanced_age_reference_proportional,age,reference_proportional,False,4,TBR_1,B,0.0
T1DiabetesGranada,balanced_age_reference_proportional,age,reference_proportional,False,4,TBR_1,C,0.0
T1DiabetesGranada,balanced_age_reference_proportional,age,reference_proportional,False,4,TBR_1,D,91.45
T1DiabetesGranada,balanced_age_reference_proportional,age,reference_proportional,False,4,TBR_1,E,0.53
T1DiabetesGranada,balanced_age_reference_proportional,age,reference_proportional,False,4,TBR_1,A + B,8.02
T1DiabetesGranada,balanced_age_reference_proportional,age,reference_proportional,False,4,TBR_1,RMSE,35.72
T1DiabetesGranada,balanced_age_reference_proportional,age,reference_proportional,False,4,TBR_1,MSE,1275.96
T1DiabetesGranada,balanced_age_reference_proportional,age,reference_proportional,False,4,TBR_1,MAE,30.69
T1DiabetesGranada,balanced_age_reference_proportional,age,reference_proportional,False,4,TBR_1,MAPE,0.5
T1DiabetesGranada,balanced_age_reference_proportional,age,reference_proportional,False,4,TIR,A,72.02
T1DiabetesGranada,balanced_age_reference_proportional,age,reference_proportional,False,4,TIR,B,27.75
T1DiabetesGranada,balanced_age_reference_proportional,age,reference_proportional,False,4,TIR,C,0.24
T1DiabetesGranada,balanced_age_reference_proportional,age,reference_proportional,False,4,TIR,D,0.0
T1DiabetesGranada,balanced_age_reference_proportional,age,reference_proportional,False,4,TIR,E,0.0
T1DiabetesGranada,balanced_age_reference_proportional,age,reference_proportional,False,4,TIR,A + B,99.77
T1DiabetesGranada,balanced_age_reference_proportional,age,reference_proportional,False,4,TIR,RMSE,26.82
T1DiabetesGranada,balanced_age_reference_proportional,age,reference_proportional,False,4,TIR,MSE,719.49
T1DiabetesGranada,balanced_age_reference_proportional,age,reference_proportional,False,4,TIR,MAE,19.44
T1DiabetesGranada,balanced_age_reference_proportional,age,reference_proportional,False,4,TIR,MAPE,0.16
T1DiabetesGranada,balanced_age_reference_proportional,age,reference_proportional,False,4,TAR_1,A,70.58
T1DiabetesGranada,balanced_age_reference_proportional,age,reference_proportional,False,4,TAR_1,B,27.52
T1DiabetesGranada,balanced_age_reference_proportional,age,reference_proportional,False,4,TAR_1,C,0.05
T1DiabetesGranada,balanced_age_reference_proportional,age,reference_proportional,False,4,TAR_1,D,1.83
T1DiabetesGranada,balanced_age_reference_proportional,age,reference_proportional,False,4,TAR_1,E,0.01
T1DiabetesGranada,balanced_age_reference_proportional,age,reference_proportional,False,4,TAR_1,A + B,98.1
T1DiabetesGranada,balanced_age_reference_proportional,age,reference_proportional,False,4,TAR_1,RMSE,43.18
T1DiabetesGranada,balanced_age_reference_proportional,age,reference_proportional,False,4,TAR_1,MSE,1864.11
T1DiabetesGranada,balanced_age_reference_proportional,age,reference_proportional,False,4,TAR_1,MAE,33.74
T1DiabetesGranada,balanced_age_reference_proportional,age,reference_proportional,False,4,TAR_1,MAPE,0.16
T1DiabetesGranada,balanced_age_reference_proportional,age,reference_proportional,False,4,TAR_2,A,62.64
T1DiabetesGranada,balanced_age_reference_proportional,age,reference_proportional,False,4,TAR_2,B,29.53
T1DiabetesGranada,balanced_age_reference_proportional,age,reference_proportional,False,4,TAR_2,C,0.01
T1DiabetesGranada,balanced_age_reference_proportional,age,reference_proportional,False,4,TAR_2,D,7.82
T1DiabetesGranada,balanced_age_reference_proportional,age,reference_proportional,False,4,TAR_2,E,0.0
T1DiabetesGranada,balanced_age_reference_proportional,age,reference_proportional,False,4,TAR_2,A + B,92.17
T1DiabetesGranada,balanced_age_reference_proportional,age,reference_proportional,False,4,TAR_2,RMSE,64.67
T1DiabetesGranada,balanced_age_reference_proportional,age,reference_proportional,False,4,TAR_2,MSE,4182.32
T1DiabetesGranada,balanced_age_reference_proportional,age,reference_proportional,False,4,TAR_2,MAE,54.35
T1DiabetesGranada,balanced_age_reference_proportional,age,reference_proportional,False,4,TAR_2,MAPE,0.18
T1DiabetesGranada,balanced_age_reference_proportional,age,reference_proportional,False,4,ENTIRE,A,67.68
T1DiabetesGranada,balanced_age_reference_proportional,age,reference_proportional,False,4,ENTIRE,B,26.64
T1DiabetesGranada,balanced_age_reference_proportional,age,reference_proportional,False,4,ENTIRE,C,0.15
T1DiabetesGranada,balanced_age_reference_proportional,age,reference_proportional,False,4,ENTIRE,D,5.5
T1DiabetesGranada,balanced_age_reference_proportional,age,reference_proportional,False,4,ENTIRE,E,0.03
T1DiabetesGranada,balanced_age_reference_proportional,age,reference_proportional,False,4,ENTIRE,A + B,94.32
T1DiabetesGranada,balanced_age_reference_proportional,age,reference_proportional,False,4,ENTIRE,RMSE,37.79
T1DiabetesGranada,balanced_age_reference_proportional,age,reference_proportional,False,4,ENTIRE,MSE,1428.45
T1DiabetesGranada,balanced_age_reference_proportional,age,reference_proportional,False,4,ENTIRE,MAE,27.54
T1DiabetesGranada,balanced_age_reference_proportional,age,reference_proportional,False,4,ENTIRE,MAPE,0.18
T1DiabetesGranada,balanced_age_reference_proportional,age,reference_proportional,False,5,TBR_2,A,18.03
T1DiabetesGranada,balanced_age_reference_proportional,age,reference_proportional,False,5,TBR_2,B,0.0
T1DiabetesGranada,balanced_age_reference_proportional,age,reference_proportional,False,5,TBR_2,C,0.0
T1DiabetesGranada,balanced_age_reference_proportional,age,reference_proportional,False,5,TBR_2,D,81.53
T1DiabetesGranada,balanced_age_reference_proportional,age,reference_proportional,False,5,TBR_2,E,0.44
T1DiabetesGranada,balanced_age_reference_proportional,age,reference_proportional,False,5,TBR_2,A + B,18.03
T1DiabetesGranada,balanced_age_reference_proportional,age,reference_proportional,False,5,TBR_2,RMSE,41.85
T1DiabetesGranada,balanced_age_reference_proportional,age,reference_proportional,False,5,TBR_2,MSE,1751.23
T1DiabetesGranada,balanced_age_reference_proportional,age,reference_proportional,False,5,TBR_2,MAE,37.08
T1DiabetesGranada,balanced_age_reference_proportional,age,reference_proportional,False,5,TBR_2,MAPE,0.78
T1DiabetesGranada,balanced_age_reference_proportional,age,reference_proportional,False,5,TBR_1,A,12.16
T1DiabetesGranada,balanced_age_reference_proportional,age,reference_proportional,False,5,TBR_1,B,0.0
T1DiabetesGranada,balanced_age_reference_proportional,age,reference_proportional,False,5,TBR_1,C,0.0
T1DiabetesGranada,balanced_age_reference_proportional,age,reference_proportional,False,5,TBR_1,D,87.19
T1DiabetesGranada,balanced_age_reference_proportional,age,reference_proportional,False,5,TBR_1,E,0.65
T1DiabetesGranada,balanced_age_reference_proportional,age,reference_proportional,False,5,TBR_1,A + B,12.16
T1DiabetesGranada,balanced_age_reference_proportional,age,reference_proportional,False,5,TBR_1,RMSE,37.59
T1DiabetesGranada,balanced_age_reference_proportional,age,reference_proportional,False,5,TBR_1,MSE,1413.06
T1DiabetesGranada,balanced_age_reference_proportional,age,reference_proportional,False,5,TBR_1,MAE,31.79
T1DiabetesGranada,balanced_age_reference_proportional,age,reference_proportional,False,5,TBR_1,MAPE,0.52
T1DiabetesGranada,balanced_age_reference_proportional,age,reference_proportional,False,5,TIR,A,70.9
T1DiabetesGranada,balanced_age_reference_proportional,age,reference_proportional,False,5,TIR,B,28.83
T1DiabetesGranada,balanced_age_reference_proportional,age,reference_proportional,False,5,TIR,C,0.27
T1DiabetesGranada,balanced_age_reference_proportional,age,reference_proportional,False,5,TIR,D,0.0
T1DiabetesGranada,balanced_age_reference_proportional,age,reference_proportional,False,5,TIR,E,0.0
T1DiabetesGranada,balanced_age_reference_proportional,age,reference_proportional,False,5,TIR,A + B,99.73
T1DiabetesGranada,balanced_age_reference_proportional,age,reference_proportional,False,5,TIR,RMSE,27.29
T1DiabetesGranada,balanced_age_reference_proportional,age,reference_proportional,False,5,TIR,MSE,744.97
T1DiabetesGranada,balanced_age_reference_proportional,age,reference_proportional,False,5,TIR,MAE,19.81
T1DiabetesGranada,balanced_age_reference_proportional,age,reference_proportional,False,5,TIR,MAPE,0.16
T1DiabetesGranada,balanced_age_reference_proportional,age,reference_proportional,False,5,TAR_1,A,71.02
T1DiabetesGranada,balanced_age_reference_proportional,age,reference_proportional,False,5,TAR_1,B,27.21
T1DiabetesGranada,balanced_age_reference_proportional,age,reference_proportional,False,5,TAR_1,C,0.05
T1DiabetesGranada,balanced_age_reference_proportional,age,reference_proportional,False,5,TAR_1,D,1.69
T1DiabetesGranada,balanced_age_reference_proportional,age,reference_proportional,False,5,TAR_1,E,0.03
T1DiabetesGranada,balanced_age_reference_proportional,age,reference_proportional,False,5,TAR_1,A + B,98.23
T1DiabetesGranada,balanced_age_reference_proportional,age,reference_proportional,False,5,TAR_1,RMSE,42.86
T1DiabetesGranada,balanced_age_reference_proportional,age,reference_proportional,False,5,TAR_1,MSE,1837.39
T1DiabetesGranada,balanced_age_reference_proportional,age,reference_proportional,False,5,TAR_1,MAE,33.31
T1DiabetesGranada,balanced_age_reference_proportional,age,reference_proportional,False,5,TAR_1,MAPE,0.16
T1DiabetesGranada,balanced_age_reference_proportional,age,reference_proportional,False,5,TAR_2,A,62.42
T1DiabetesGranada,balanced_age_reference_proportional,age,reference_proportional,False,5,TAR_2,B,30.0
T1DiabetesGranada,balanced_age_reference_proportional,age,reference_proportional,False,5,TAR_2,C,0.02
T1DiabetesGranada,balanced_age_reference_proportional,age,reference_proportional,False,5,TAR_2,D,7.56
T1DiabetesGranada,balanced_age_reference_proportional,age,reference_proportional,False,5,TAR_2,E,0.0
T1DiabetesGranada,balanced_age_reference_proportional,age,reference_proportional,False,5,TAR_2,A + B,92.42
T1DiabetesGranada,balanced_age_reference_proportional,age,reference_proportional,False,5,TAR_2,RMSE,65.68
T1DiabetesGranada,balanced_age_reference_proportional,age,reference_proportional,False,5,TAR_2,MSE,4313.38
T1DiabetesGranada,balanced_age_reference_proportional,age,reference_proportional,False,5,TAR_2,MAE,55.07
T1DiabetesGranada,balanced_age_reference_proportional,age,reference_proportional,False,5,TAR_2,MAPE,0.18
T1DiabetesGranada,balanced_age_reference_proportional,age,reference_proportional,False,5,ENTIRE,A,67.01
T1DiabetesGranada,balanced_age_reference_proportional,age,reference_proportional,False,5,ENTIRE,B,27.05
T1DiabetesGranada,balanced_age_reference_proportional,age,reference_proportional,False,5,ENTIRE,C,0.18
T1DiabetesGranada,balanced_age_reference_proportional,age,reference_proportional,False,5,ENTIRE,D,5.72
T1DiabetesGranada,balanced_age_reference_proportional,age,reference_proportional,False,5,ENTIRE,E,0.04
T1DiabetesGranada,balanced_age_reference_proportional,age,reference_proportional,False,5,ENTIRE,A + B,94.06
T1DiabetesGranada,balanced_age_reference_proportional,age,reference_proportional,False,5,ENTIRE,RMSE,37.39
T1DiabetesGranada,balanced_age_reference_proportional,age,reference_proportional,False,5,ENTIRE,MSE,1397.93
T1DiabetesGranada,balanced_age_reference_proportional,age,reference_proportional,False,5,ENTIRE,MAE,27.18
T1DiabetesGranada,balanced_age_reference_proportional,age,reference_proportional,False,5,ENTIRE,MAPE,0.19
T1DiabetesGranada,balanced_age_smote,age,smote,False,1,TBR_2,A,18.34
T1DiabetesGranada,balanced_age_smote,age,smote,False,1,TBR_2,B,0.0
T1DiabetesGranada,balanced_age_smote,age,smote,False,1,TBR_2,C,0.0
T1DiabetesGranada,balanced_age_smote,age,smote,False,1,TBR_2,D,81.25
T1DiabetesGranada,balanced_age_smote,age,smote,False,1,TBR_2,E,0.42
T1DiabetesGranada,balanced_age_smote,age,smote,False,1,TBR_2,A + B,18.34
T1DiabetesGranada,balanced_age_smote,age,smote,False,1,TBR_2,RMSE,39.97
T1DiabetesGranada,balanced_age_smote,age,smote,False,1,TBR_2,MSE,1597.68
T1DiabetesGranada,balanced_age_smote,age,smote,False,1,TBR_2,MAE,35.4
T1DiabetesGranada,balanced_age_smote,age,smote,False,1,TBR_2,MAPE,0.74
T1DiabetesGranada,balanced_age_smote,age,smote,False,1,TBR_1,A,11.23
T1DiabetesGranada,balanced_age_smote,age,smote,False,1,TBR_1,B,0.0
T1DiabetesGranada,balanced_age_smote,age,smote,False,1,TBR_1,C,0.0
T1DiabetesGranada,balanced_age_smote,age,smote,False,1,TBR_1,D,88.22
T1DiabetesGranada,balanced_age_smote,age,smote,False,1,TBR_1,E,0.55
T1DiabetesGranada,balanced_age_smote,age,smote,False,1,TBR_1,A + B,11.23
T1DiabetesGranada,balanced_age_smote,age,smote,False,1,TBR_1,RMSE,36.36
T1DiabetesGranada,balanced_age_smote,age,smote,False,1,TBR_1,MSE,1322.01
T1DiabetesGranada,balanced_age_smote,age,smote,False,1,TBR_1,MAE,30.9
T1DiabetesGranada,balanced_age_smote,age,smote,False,1,TBR_1,MAPE,0.5
T1DiabetesGranada,balanced_age_smote,age,smote,False,1,TIR,A,70.5
T1DiabetesGranada,balanced_age_smote,age,smote,False,1,TIR,B,29.18
T1DiabetesGranada,balanced_age_smote,age,smote,False,1,TIR,C,0.32
T1DiabetesGranada,balanced_age_smote,age,smote,False,1,TIR,D,0.0
T1DiabetesGranada,balanced_age_smote,age,smote,False,1,TIR,E,0.0
T1DiabetesGranada,balanced_age_smote,age,smote,False,1,TIR,A + B,99.68
T1DiabetesGranada,balanced_age_smote,age,smote,False,1,TIR,RMSE,27.59
T1DiabetesGranada,balanced_age_smote,age,smote,False,1,TIR,MSE,761.37
T1DiabetesGranada,balanced_age_smote,age,smote,False,1,TIR,MAE,20.04
T1DiabetesGranada,balanced_age_smote,age,smote,False,1,TIR,MAPE,0.17
T1DiabetesGranada,balanced_age_smote,age,smote,False,1,TAR_1,A,70.63
T1DiabetesGranada,balanced_age_smote,age,smote,False,1,TAR_1,B,27.39
T1DiabetesGranada,balanced_age_smote,age,smote,False,1,TAR_1,C,0.11
T1DiabetesGranada,balanced_age_smote,age,smote,False,1,TAR_1,D,1.82
T1DiabetesGranada,balanced_age_smote,age,smote,False,1,TAR_1,E,0.05
T1DiabetesGranada,balanced_age_smote,age,smote,False,1,TAR_1,A + B,98.02
T1DiabetesGranada,balanced_age_smote,age,smote,False,1,TAR_1,RMSE,43.16
T1DiabetesGranada,balanced_age_smote,age,smote,False,1,TAR_1,MSE,1862.88
T1DiabetesGranada,balanced_age_smote,age,smote,False,1,TAR_1,MAE,33.57
T1DiabetesGranada,balanced_age_smote,age,smote,False,1,TAR_1,MAPE,0.16
T1DiabetesGranada,balanced_age_smote,age,smote,False,1,TAR_2,A,61.53
T1DiabetesGranada,balanced_age_smote,age,smote,False,1,TAR_2,B,31.12
T1DiabetesGranada,balanced_age_smote,age,smote,False,1,TAR_2,C,0.05
T1DiabetesGranada,balanced_age_smote,age,smote,False,1,TAR_2,D,7.31
T1DiabetesGranada,balanced_age_smote,age,smote,False,1,TAR_2,E,0.0
T1DiabetesGranada,balanced_age_smote,age,smote,False,1,TAR_2,A + B,92.65
T1DiabetesGranada,balanced_age_smote,age,smote,False,1,TAR_2,RMSE,67.11
T1DiabetesGranada,balanced_age_smote,age,smote,False,1,TAR_2,MSE,4504.09
T1DiabetesGranada,balanced_age_smote,age,smote,False,1,TAR_2,MAE,56.32
T1DiabetesGranada,balanced_age_smote,age,smote,False,1,TAR_2,MAPE,0.18
T1DiabetesGranada,balanced_age_smote,age,smote,False,1,ENTIRE,A,66.62
T1DiabetesGranada,balanced_age_smote,age,smote,False,1,ENTIRE,B,27.59
T1DiabetesGranada,balanced_age_smote,age,smote,False,1,ENTIRE,C,0.22
T1DiabetesGranada,balanced_age_smote,age,smote,False,1,ENTIRE,D,5.53
T1DiabetesGranada,balanced_age_smote,age,smote,False,1,ENTIRE,E,0.04
T1DiabetesGranada,balanced_age_smote,age,smote,False,1,ENTIRE,A + B,94.21
T1DiabetesGranada,balanced_age_smote,age,smote,False,1,ENTIRE,RMSE,38.95
T1DiabetesGranada,balanced_age_smote,age,smote,False,1,ENTIRE,MSE,1517.34
T1DiabetesGranada,balanced_age_smote,age,smote,False,1,ENTIRE,MAE,28.32
T1DiabetesGranada,balanced_age_smote,age,smote,False,1,ENTIRE,MAPE,0.18
T1DiabetesGranada,balanced_age_smote,age,smote,False,2,TBR_2,A,22.66
T1DiabetesGranada,balanced_age_smote,age,smote,False,2,TBR_2,B,0.0
T1DiabetesGranada,balanced_age_smote,age,smote,False,2,TBR_2,C,0.0
T1DiabetesGranada,balanced_age_smote,age,smote,False,2,TBR_2,D,77.07
T1DiabetesGranada,balanced_age_smote,age,smote,False,2,TBR_2,E,0.27
T1DiabetesGranada,balanced_age_smote,age,smote,False,2,TBR_2,A + B,22.66
T1DiabetesGranada,balanced_age_smote,age,smote,False,2,TBR_2,RMSE,38.22
T1DiabetesGranada,balanced_age_smote,age,smote,False,2,TBR_2,MSE,1460.9
T1DiabetesGranada,balanced_age_smote,age,smote,False,2,TBR_2,MAE,34.1
T1DiabetesGranada,balanced_age_smote,age,smote,False,2,TBR_2,MAPE,0.71
T1DiabetesGranada,balanced_age_smote,age,smote,False,2,TBR_1,A,11.42
T1DiabetesGranada,balanced_age_smote,age,smote,False,2,TBR_1,B,0.0
T1DiabetesGranada,balanced_age_smote,age,smote,False,2,TBR_1,C,0.0
T1DiabetesGranada,balanced_age_smote,age,smote,False,2,TBR_1,D,88.1
T1DiabetesGranada,balanced_age_smote,age,smote,False,2,TBR_1,E,0.47
T1DiabetesGranada,balanced_age_smote,age,smote,False,2,TBR_1,A + B,11.42
T1DiabetesGranada,balanced_age_smote,age,smote,False,2,TBR_1,RMSE,35.34
T1DiabetesGranada,balanced_age_smote,age,smote,False,2,TBR_1,MSE,1248.84
T1DiabetesGranada,balanced_age_smote,age,smote,False,2,TBR_1,MAE,30.33
T1DiabetesGranada,balanced_age_smote,age,smote,False,2,TBR_1,MAPE,0.49
T1DiabetesGranada,balanced_age_smote,age,smote,False,2,TIR,A,72.16
T1DiabetesGranada,balanced_age_smote,age,smote,False,2,TIR,B,27.62
T1DiabetesGranada,balanced_age_smote,age,smote,False,2,TIR,C,0.22
T1DiabetesGranada,balanced_age_smote,age,smote,False,2,TIR,D,0.0
T1DiabetesGranada,balanced_age_smote,age,smote,False,2,TIR,E,0.0
T1DiabetesGranada,balanced_age_smote,age,smote,False,2,TIR,A + B,99.78
T1DiabetesGranada,balanced_age_smote,age,smote,False,2,TIR,RMSE,26.17
T1DiabetesGranada,balanced_age_smote,age,smote,False,2,TIR,MSE,684.66
T1DiabetesGranada,balanced_age_smote,age,smote,False,2,TIR,MAE,19.1
T1DiabetesGranada,balanced_age_smote,age,smote,False,2,TIR,MAPE,0.16
T1DiabetesGranada,balanced_age_smote,age,smote,False,2,TAR_1,A,71.68
T1DiabetesGranada,balanced_age_smote,age,smote,False,2,TAR_1,B,26.47
T1DiabetesGranada,balanced_age_smote,age,smote,False,2,TAR_1,C,0.08
T1DiabetesGranada,balanced_age_smote,age,smote,False,2,TAR_1,D,1.73
T1DiabetesGranada,balanced_age_smote,age,smote,False,2,TAR_1,E,0.04
T1DiabetesGranada,balanced_age_smote,age,smote,False,2,TAR_1,A + B,98.15
T1DiabetesGranada,balanced_age_smote,age,smote,False,2,TAR_1,RMSE,41.91
T1DiabetesGranada,balanced_age_smote,age,smote,False,2,TAR_1,MSE,1756.16
T1DiabetesGranada,balanced_age_smote,age,smote,False,2,TAR_1,MAE,32.86
T1DiabetesGranada,balanced_age_smote,age,smote,False,2,TAR_1,MAPE,0.16
T1DiabetesGranada,balanced_age_smote,age,smote,False,2,TAR_2,A,62.5
T1DiabetesGranada,balanced_age_smote,age,smote,False,2,TAR_2,B,30.89
T1DiabetesGranada,balanced_age_smote,age,smote,False,2,TAR_2,C,0.05
T1DiabetesGranada,balanced_age_smote,age,smote,False,2,TAR_2,D,6.54
T1DiabetesGranada,balanced_age_smote,age,smote,False,2,TAR_2,E,0.0
T1DiabetesGranada,balanced_age_smote,age,smote,False,2,TAR_2,A + B,93.39
T1DiabetesGranada,balanced_age_smote,age,smote,False,2,TAR_2,RMSE,66.82
T1DiabetesGranada,balanced_age_smote,age,smote,False,2,TAR_2,MSE,4464.64
T1DiabetesGranada,balanced_age_smote,age,smote,False,2,TAR_2,MAE,56.47
T1DiabetesGranada,balanced_age_smote,age,smote,False,2,TAR_2,MAPE,0.18
T1DiabetesGranada,balanced_age_smote,age,smote,False,2,ENTIRE,A,68.09
T1DiabetesGranada,balanced_age_smote,age,smote,False,2,ENTIRE,B,26.44
T1DiabetesGranada,balanced_age_smote,age,smote,False,2,ENTIRE,C,0.16
T1DiabetesGranada,balanced_age_smote,age,smote,False,2,ENTIRE,D,5.29
T1DiabetesGranada,balanced_age_smote,age,smote,False,2,ENTIRE,E,0.03
T1DiabetesGranada,balanced_age_smote,age,smote,False,2,ENTIRE,A + B,94.53
T1DiabetesGranada,balanced_age_smote,age,smote,False,2,ENTIRE,RMSE,37.75
T1DiabetesGranada,balanced_age_smote,age,smote,False,2,ENTIRE,MSE,1425.32
T1DiabetesGranada,balanced_age_smote,age,smote,False,2,ENTIRE,MAE,27.45
T1DiabetesGranada,balanced_age_smote,age,smote,False,2,ENTIRE,MAPE,0.18
T1DiabetesGranada,balanced_age_smote,age,smote,False,3,TBR_2,A,23.47
T1DiabetesGranada,balanced_age_smote,age,smote,False,3,TBR_2,B,0.0
T1DiabetesGranada,balanced_age_smote,age,smote,False,3,TBR_2,C,0.0
T1DiabetesGranada,balanced_age_smote,age,smote,False,3,TBR_2,D,76.23
T1DiabetesGranada,balanced_age_smote,age,smote,False,3,TBR_2,E,0.3
T1DiabetesGranada,balanced_age_smote,age,smote,False,3,TBR_2,A + B,23.47
T1DiabetesGranada,balanced_age_smote,age,smote,False,3,TBR_2,RMSE,38.41
T1DiabetesGranada,balanced_age_smote,age,smote,False,3,TBR_2,MSE,1475.16
T1DiabetesGranada,balanced_age_smote,age,smote,False,3,TBR_2,MAE,34.08
T1DiabetesGranada,balanced_age_smote,age,smote,False,3,TBR_2,MAPE,0.71
T1DiabetesGranada,balanced_age_smote,age,smote,False,3,TBR_1,A,17.4
T1DiabetesGranada,balanced_age_smote,age,smote,False,3,TBR_1,B,0.0
T1DiabetesGranada,balanced_age_smote,age,smote,False,3,TBR_1,C,0.0
T1DiabetesGranada,balanced_age_smote,age,smote,False,3,TBR_1,D,82.15
T1DiabetesGranada,balanced_age_smote,age,smote,False,3,TBR_1,E,0.45
T1DiabetesGranada,balanced_age_smote,age,smote,False,3,TBR_1,A + B,17.4
T1DiabetesGranada,balanced_age_smote,age,smote,False,3,TBR_1,RMSE,34.53
T1DiabetesGranada,balanced_age_smote,age,smote,False,3,TBR_1,MSE,1192.13
T1DiabetesGranada,balanced_age_smote,age,smote,False,3,TBR_1,MAE,29.03
T1DiabetesGranada,balanced_age_smote,age,smote,False,3,TBR_1,MAPE,0.47
T1DiabetesGranada,balanced_age_smote,age,smote,False,3,TIR,A,72.92
T1DiabetesGranada,balanced_age_smote,age,smote,False,3,TIR,B,26.89
T1DiabetesGranada,balanced_age_smote,age,smote,False,3,TIR,C,0.19
T1DiabetesGranada,balanced_age_smote,age,smote,False,3,TIR,D,0.0
T1DiabetesGranada,balanced_age_smote,age,smote,False,3,TIR,E,0.0
T1DiabetesGranada,balanced_age_smote,age,smote,False,3,TIR,A + B,99.81
T1DiabetesGranada,balanced_age_smote,age,smote,False,3,TIR,RMSE,26.07
T1DiabetesGranada,balanced_age_smote,age,smote,False,3,TIR,MSE,679.55
T1DiabetesGranada,balanced_age_smote,age,smote,False,3,TIR,MAE,18.96
T1DiabetesGranada,balanced_age_smote,age,smote,False,3,TIR,MAPE,0.15
T1DiabetesGranada,balanced_age_smote,age,smote,False,3,TAR_1,A,70.38
T1DiabetesGranada,balanced_age_smote,age,smote,False,3,TAR_1,B,27.76
T1DiabetesGranada,balanced_age_smote,age,smote,False,3,TAR_1,C,0.04
T1DiabetesGranada,balanced_age_smote,age,smote,False,3,TAR_1,D,1.79
T1DiabetesGranada,balanced_age_smote,age,smote,False,3,TAR_1,E,0.03
T1DiabetesGranada,balanced_age_smote,age,smote,False,3,TAR_1,A + B,98.14
T1DiabetesGranada,balanced_age_smote,age,smote,False,3,TAR_1,RMSE,43.12
T1DiabetesGranada,balanced_age_smote,age,smote,False,3,TAR_1,MSE,1859.0
T1DiabetesGranada,balanced_age_smote,age,smote,False,3,TAR_1,MAE,33.84
T1DiabetesGranada,balanced_age_smote,age,smote,False,3,TAR_1,MAPE,0.16
T1DiabetesGranada,balanced_age_smote,age,smote,False,3,TAR_2,A,61.58
T1DiabetesGranada,balanced_age_smote,age,smote,False,3,TAR_2,B,30.4
T1DiabetesGranada,balanced_age_smote,age,smote,False,3,TAR_2,C,0.01
T1DiabetesGranada,balanced_age_smote,age,smote,False,3,TAR_2,D,8.0
T1DiabetesGranada,balanced_age_smote,age,smote,False,3,TAR_2,E,0.0
T1DiabetesGranada,balanced_age_smote,age,smote,False,3,TAR_2,A + B,91.98
T1DiabetesGranada,balanced_age_smote,age,smote,False,3,TAR_2,RMSE,65.46
T1DiabetesGranada,balanced_age_smote,age,smote,False,3,TAR_2,MSE,4284.52
T1DiabetesGranada,balanced_age_smote,age,smote,False,3,TAR_2,MAE,55.19
T1DiabetesGranada,balanced_age_smote,age,smote,False,3,TAR_2,MAPE,0.18
T1DiabetesGranada,balanced_age_smote,age,smote,False,3,ENTIRE,A,68.75
T1DiabetesGranada,balanced_age_smote,age,smote,False,3,ENTIRE,B,26.3
T1DiabetesGranada,balanced_age_smote,age,smote,False,3,ENTIRE,C,0.13
T1DiabetesGranada,balanced_age_smote,age,smote,False,3,ENTIRE,D,4.8
T1DiabetesGranada,balanced_age_smote,age,smote,False,3,ENTIRE,E,0.03
T1DiabetesGranada,balanced_age_smote,age,smote,False,3,ENTIRE,A + B,95.05
T1DiabetesGranada,balanced_age_smote,age,smote,False,3,ENTIRE,RMSE,36.95
T1DiabetesGranada,balanced_age_smote,age,smote,False,3,ENTIRE,MSE,1365.64
T1DiabetesGranada,balanced_age_smote,age,smote,False,3,ENTIRE,MAE,26.8
T1DiabetesGranada,balanced_age_smote,age,smote,False,3,ENTIRE,MAPE,0.18
T1DiabetesGranada,balanced_age_smote,age,smote,False,4,TBR_2,A,28.16
T1DiabetesGranada,balanced_age_smote,age,smote,False,4,TBR_2,B,0.0
T1DiabetesGranada,balanced_age_smote,age,smote,False,4,TBR_2,C,0.0
T1DiabetesGranada,balanced_age_smote,age,smote,False,4,TBR_2,D,71.5
T1DiabetesGranada,balanced_age_smote,age,smote,False,4,TBR_2,E,0.33
T1DiabetesGranada,balanced_age_smote,age,smote,False,4,TBR_2,A + B,28.16
T1DiabetesGranada,balanced_age_smote,age,smote,False,4,TBR_2,RMSE,38.3
T1DiabetesGranada,balanced_age_smote,age,smote,False,4,TBR_2,MSE,1467.07
T1DiabetesGranada,balanced_age_smote,age,smote,False,4,TBR_2,MAE,33.43
T1DiabetesGranada,balanced_age_smote,age,smote,False,4,TBR_2,MAPE,0.7
T1DiabetesGranada,balanced_age_smote,age,smote,False,4,TBR_1,A,16.5
T1DiabetesGranada,balanced_age_smote,age,smote,False,4,TBR_1,B,0.0
T1DiabetesGranada,balanced_age_smote,age,smote,False,4,TBR_1,C,0.0
T1DiabetesGranada,balanced_age_smote,age,smote,False,4,TBR_1,D,82.95
T1DiabetesGranada,balanced_age_smote,age,smote,False,4,TBR_1,E,0.54
T1DiabetesGranada,balanced_age_smote,age,smote,False,4,TBR_1,A + B,16.5
T1DiabetesGranada,balanced_age_smote,age,smote,False,4,TBR_1,RMSE,35.43
T1DiabetesGranada,balanced_age_smote,age,smote,False,4,TBR_1,MSE,1255.26
T1DiabetesGranada,balanced_age_smote,age,smote,False,4,TBR_1,MAE,29.66
T1DiabetesGranada,balanced_age_smote,age,smote,False,4,TBR_1,MAPE,0.48
T1DiabetesGranada,balanced_age_smote,age,smote,False,4,TIR,A,71.69
T1DiabetesGranada,balanced_age_smote,age,smote,False,4,TIR,B,28.06
T1DiabetesGranada,balanced_age_smote,age,smote,False,4,TIR,C,0.25
T1DiabetesGranada,balanced_age_smote,age,smote,False,4,TIR,D,0.0
T1DiabetesGranada,balanced_age_smote,age,smote,False,4,TIR,E,0.0
T1DiabetesGranada,balanced_age_smote,age,smote,False,4,TIR,A + B,99.75
T1DiabetesGranada,balanced_age_smote,age,smote,False,4,TIR,RMSE,27.04
T1DiabetesGranada,balanced_age_smote,age,smote,False,4,TIR,MSE,730.92
T1DiabetesGranada,balanced_age_smote,age,smote,False,4,TIR,MAE,19.55
T1DiabetesGranada,balanced_age_smote,age,smote,False,4,TIR,MAPE,0.16
T1DiabetesGranada,balanced_age_smote,age,smote,False,4,TAR_1,A,71.94
T1DiabetesGranada,balanced_age_smote,age,smote,False,4,TAR_1,B,26.22
T1DiabetesGranada,balanced_age_smote,age,smote,False,4,TAR_1,C,0.05
T1DiabetesGranada,balanced_age_smote,age,smote,False,4,TAR_1,D,1.74
T1DiabetesGranada,balanced_age_smote,age,smote,False,4,TAR_1,E,0.05
T1DiabetesGranada,balanced_age_smote,age,smote,False,4,TAR_1,A + B,98.16
T1DiabetesGranada,balanced_age_smote,age,smote,False,4,TAR_1,RMSE,42.33
T1DiabetesGranada,balanced_age_smote,age,smote,False,4,TAR_1,MSE,1791.95
T1DiabetesGranada,balanced_age_smote,age,smote,False,4,TAR_1,MAE,32.69
T1DiabetesGranada,balanced_age_smote,age,smote,False,4,TAR_1,MAPE,0.15
T1DiabetesGranada,balanced_age_smote,age,smote,False,4,TAR_2,A,63.8
T1DiabetesGranada,balanced_age_smote,age,smote,False,4,TAR_2,B,28.72
T1DiabetesGranada,balanced_age_smote,age,smote,False,4,TAR_2,C,0.02
T1DiabetesGranada,balanced_age_smote,age,smote,False,4,TAR_2,D,7.46
T1DiabetesGranada,balanced_age_smote,age,smote,False,4,TAR_2,E,0.0
T1DiabetesGranada,balanced_age_smote,age,smote,False,4,TAR_2,A + B,92.52
T1DiabetesGranada,balanced_age_smote,age,smote,False,4,TAR_2,RMSE,63.66
T1DiabetesGranada,balanced_age_smote,age,smote,False,4,TAR_2,MSE,4052.74
T1DiabetesGranada,balanced_age_smote,age,smote,False,4,TAR_2,MAE,53.35
T1DiabetesGranada,balanced_age_smote,age,smote,False,4,TAR_2,MAPE,0.18
T1DiabetesGranada,balanced_age_smote,age,smote,False,4,ENTIRE,A,68.45
T1DiabetesGranada,balanced_age_smote,age,smote,False,4,ENTIRE,B,26.42
T1DiabetesGranada,balanced_age_smote,age,smote,False,4,ENTIRE,C,0.16
T1DiabetesGranada,balanced_age_smote,age,smote,False,4,ENTIRE,D,4.94
T1DiabetesGranada,balanced_age_smote,age,smote,False,4,ENTIRE,E,0.04
T1DiabetesGranada,balanced_age_smote,age,smote,False,4,ENTIRE,A + B,94.87
T1DiabetesGranada,balanced_age_smote,age,smote,False,4,ENTIRE,RMSE,37.43
T1DiabetesGranada,balanced_age_smote,age,smote,False,4,ENTIRE,MSE,1400.72
T1DiabetesGranada,balanced_age_smote,age,smote,False,4,ENTIRE,MAE,27.17
T1DiabetesGranada,balanced_age_smote,age,smote,False,4,ENTIRE,MAPE,0.18
T1DiabetesGranada,balanced_age_smote,age,smote,False,5,TBR_2,A,20.29
T1DiabetesGranada,balanced_age_smote,age,smote,False,5,TBR_2,B,0.0
T1DiabetesGranada,balanced_age_smote,age,smote,False,5,TBR_2,C,0.0
T1DiabetesGranada,balanced_age_smote,age,smote,False,5,TBR_2,D,79.31
T1DiabetesGranada,balanced_age_smote,age,smote,False,5,TBR_2,E,0.4
T1DiabetesGranada,balanced_age_smote,age,smote,False,5,TBR_2,A + B,20.29
T1DiabetesGranada,balanced_age_smote,age,smote,False,5,TBR_2,RMSE,41.44
T1DiabetesGranada,balanced_age_smote,age,smote,False,5,TBR_2,MSE,1717.66
T1DiabetesGranada,balanced_age_smote,age,smote,False,5,TBR_2,MAE,36.69
T1DiabetesGranada,balanced_age_smote,age,smote,False,5,TBR_2,MAPE,0.77
T1DiabetesGranada,balanced_age_smote,age,smote,False,5,TBR_1,A,14.09
T1DiabetesGranada,balanced_age_smote,age,smote,False,5,TBR_1,B,0.0
T1DiabetesGranada,balanced_age_smote,age,smote,False,5,TBR_1,C,0.0
T1DiabetesGranada,balanced_age_smote,age,smote,False,5,TBR_1,D,85.27
T1DiabetesGranada,balanced_age_smote,age,smote,False,5,TBR_1,E,0.64
T1DiabetesGranada,balanced_age_smote,age,smote,False,5,TBR_1,A + B,14.09
T1DiabetesGranada,balanced_age_smote,age,smote,False,5,TBR_1,RMSE,37.23
T1DiabetesGranada,balanced_age_smote,age,smote,False,5,TBR_1,MSE,1385.83
T1DiabetesGranada,balanced_age_smote,age,smote,False,5,TBR_1,MAE,31.31
T1DiabetesGranada,balanced_age_smote,age,smote,False,5,TBR_1,MAPE,0.51
T1DiabetesGranada,balanced_age_smote,age,smote,False,5,TIR,A,70.83
T1DiabetesGranada,balanced_age_smote,age,smote,False,5,TIR,B,28.92
T1DiabetesGranada,balanced_age_smote,age,smote,False,5,TIR,C,0.26
T1DiabetesGranada,balanced_age_smote,age,smote,False,5,TIR,D,0.0
T1DiabetesGranada,balanced_age_smote,age,smote,False,5,TIR,E,0.0
T1DiabetesGranada,balanced_age_smote,age,smote,False,5,TIR,A + B,99.75
T1DiabetesGranada,balanced_age_smote,age,smote,False,5,TIR,RMSE,27.22
T1DiabetesGranada,balanced_age_smote,age,smote,False,5,TIR,MSE,740.98
T1DiabetesGranada,balanced_age_smote,age,smote,False,5,TIR,MAE,19.78
T1DiabetesGranada,balanced_age_smote,age,smote,False,5,TIR,MAPE,0.16
T1DiabetesGranada,balanced_age_smote,age,smote,False,5,TAR_1,A,70.68
T1DiabetesGranada,balanced_age_smote,age,smote,False,5,TAR_1,B,27.5
T1DiabetesGranada,balanced_age_smote,age,smote,False,5,TAR_1,C,0.05
T1DiabetesGranada,balanced_age_smote,age,smote,False,5,TAR_1,D,1.73
T1DiabetesGranada,balanced_age_smote,age,smote,False,5,TAR_1,E,0.04
T1DiabetesGranada,balanced_age_smote,age,smote,False,5,TAR_1,A + B,98.18
T1DiabetesGranada,balanced_age_smote,age,smote,False,5,TAR_1,RMSE,43.01
T1DiabetesGranada,balanced_age_smote,age,smote,False,5,TAR_1,MSE,1850.25
T1DiabetesGranada,balanced_age_smote,age,smote,False,5,TAR_1,MAE,33.67
T1DiabetesGranada,balanced_age_smote,age,smote,False,5,TAR_1,MAPE,0.16
T1DiabetesGranada,balanced_age_smote,age,smote,False,5,TAR_2,A,60.74
T1DiabetesGranada,balanced_age_smote,age,smote,False,5,TAR_2,B,31.55
T1DiabetesGranada,balanced_age_smote,age,smote,False,5,TAR_2,C,0.02
T1DiabetesGranada,balanced_age_smote,age,smote,False,5,TAR_2,D,7.68
T1DiabetesGranada,balanced_age_smote,age,smote,False,5,TAR_2,E,0.0
T1DiabetesGranada,balanced_age_smote,age,smote,False,5,TAR_2,A + B,92.29
T1DiabetesGranada,balanced_age_smote,age,smote,False,5,TAR_2,RMSE,66.44
T1DiabetesGranada,balanced_age_smote,age,smote,False,5,TAR_2,MSE,4413.74
T1DiabetesGranada,balanced_age_smote,age,smote,False,5,TAR_2,MAE,56.12
T1DiabetesGranada,balanced_age_smote,age,smote,False,5,TAR_2,MAPE,0.19
T1DiabetesGranada,balanced_age_smote,age,smote,False,5,ENTIRE,A,66.82
T1DiabetesGranada,balanced_age_smote,age,smote,False,5,ENTIRE,B,27.33
T1DiabetesGranada,balanced_age_smote,age,smote,False,5,ENTIRE,C,0.17
T1DiabetesGranada,balanced_age_smote,age,smote,False,5,ENTIRE,D,5.64
T1DiabetesGranada,balanced_age_smote,age,smote,False,5,ENTIRE,E,0.04
T1DiabetesGranada,balanced_age_smote,age,smote,False,5,ENTIRE,A + B,94.15
T1DiabetesGranada,balanced_age_smote,age,smote,False,5,ENTIRE,RMSE,37.51
T1DiabetesGranada,balanced_age_smote,age,smote,False,5,ENTIRE,MSE,1407.15
T1DiabetesGranada,balanced_age_smote,age,smote,False,5,ENTIRE,MAE,27.33
T1DiabetesGranada,balanced_age_smote,age,smote,False,5,ENTIRE,MAPE,0.19
T1DiabetesGranada,balanced_age_undersampling,age,undersampling,False,1,TBR_2,A,20.92
T1DiabetesGranada,balanced_age_undersampling,age,undersampling,False,1,TBR_2,B,0.0
T1DiabetesGranada,balanced_age_undersampling,age,undersampling,False,1,TBR_2,C,0.0
T1DiabetesGranada,balanced_age_undersampling,age,undersampling,False,1,TBR_2,D,78.65
T1DiabetesGranada,balanced_age_undersampling,age,undersampling,False,1,TBR_2,E,0.43
T1DiabetesGranada,balanced_age_undersampling,age,undersampling,False,1,TBR_2,A + B,20.92
T1DiabetesGranada,balanced_age_undersampling,age,undersampling,False,1,TBR_2,RMSE,40.18
T1DiabetesGranada,balanced_age_undersampling,age,undersampling,False,1,TBR_2,MSE,1614.76
T1DiabetesGranada,balanced_age_undersampling,age,undersampling,False,1,TBR_2,MAE,35.43
T1DiabetesGranada,balanced_age_undersampling,age,undersampling,False,1,TBR_2,MAPE,0.74
T1DiabetesGranada,balanced_age_undersampling,age,undersampling,False,1,TBR_1,A,12.04
T1DiabetesGranada,balanced_age_undersampling,age,undersampling,False,1,TBR_1,B,0.0
T1DiabetesGranada,balanced_age_undersampling,age,undersampling,False,1,TBR_1,C,0.0
T1DiabetesGranada,balanced_age_undersampling,age,undersampling,False,1,TBR_1,D,87.4
T1DiabetesGranada,balanced_age_undersampling,age,undersampling,False,1,TBR_1,E,0.56
T1DiabetesGranada,balanced_age_undersampling,age,undersampling,False,1,TBR_1,A + B,12.04
T1DiabetesGranada,balanced_age_undersampling,age,undersampling,False,1,TBR_1,RMSE,36.75
T1DiabetesGranada,balanced_age_undersampling,age,undersampling,False,1,TBR_1,MSE,1350.47
T1DiabetesGranada,balanced_age_undersampling,age,undersampling,False,1,TBR_1,MAE,31.25
T1DiabetesGranada,balanced_age_undersampling,age,undersampling,False,1,TBR_1,MAPE,0.51
T1DiabetesGranada,balanced_age_undersampling,age,undersampling,False,1,TIR,A,70.38
T1DiabetesGranada,balanced_age_undersampling,age,undersampling,False,1,TIR,B,29.28
T1DiabetesGranada,balanced_age_undersampling,age,undersampling,False,1,TIR,C,0.34
T1DiabetesGranada,balanced_age_undersampling,age,undersampling,False,1,TIR,D,0.0
T1DiabetesGranada,balanced_age_undersampling,age,undersampling,False,1,TIR,E,0.0
T1DiabetesGranada,balanced_age_undersampling,age,undersampling,False,1,TIR,A + B,99.66
T1DiabetesGranada,balanced_age_undersampling,age,undersampling,False,1,TIR,RMSE,27.63
T1DiabetesGranada,balanced_age_undersampling,age,undersampling,False,1,TIR,MSE,763.16
T1DiabetesGranada,balanced_age_undersampling,age,undersampling,False,1,TIR,MAE,20.02
T1DiabetesGranada,balanced_age_undersampling,age,undersampling,False,1,TIR,MAPE,0.17
T1DiabetesGranada,balanced_age_undersampling,age,undersampling,False,1,TAR_1,A,71.29
T1DiabetesGranada,balanced_age_undersampling,age,undersampling,False,1,TAR_1,B,26.8
T1DiabetesGranada,balanced_age_undersampling,age,undersampling,False,1,TAR_1,C,0.11
T1DiabetesGranada,balanced_age_undersampling,age,undersampling,False,1,TAR_1,D,1.75
T1DiabetesGranada,balanced_age_undersampling,age,undersampling,False,1,TAR_1,E,0.04
T1DiabetesGranada,balanced_age_undersampling,age,undersampling,False,1,TAR_1,A + B,98.09
T1DiabetesGranada,balanced_age_undersampling,age,undersampling,False,1,TAR_1,RMSE,42.69
T1DiabetesGranada,balanced_age_undersampling,age,undersampling,False,1,TAR_1,MSE,1822.02
T1DiabetesGranada,balanced_age_undersampling,age,undersampling,False,1,TAR_1,MAE,33.15
T1DiabetesGranada,balanced_age_undersampling,age,undersampling,False,1,TAR_1,MAPE,0.16
T1DiabetesGranada,balanced_age_undersampling,age,undersampling,False,1,TAR_2,A,63.23
T1DiabetesGranada,balanced_age_undersampling,age,undersampling,False,1,TAR_2,B,29.66
T1DiabetesGranada,balanced_age_undersampling,age,undersampling,False,1,TAR_2,C,0.05
T1DiabetesGranada,balanced_age_undersampling,age,undersampling,False,1,TAR_2,D,7.06
T1DiabetesGranada,balanced_age_undersampling,age,undersampling,False,1,TAR_2,E,0.0
T1DiabetesGranada,balanced_age_undersampling,age,undersampling,False,1,TAR_2,A + B,92.89
T1DiabetesGranada,balanced_age_undersampling,age,undersampling,False,1,TAR_2,RMSE,65.89
T1DiabetesGranada,balanced_age_undersampling,age,undersampling,False,1,TAR_2,MSE,4341.21
T1DiabetesGranada,balanced_age_undersampling,age,undersampling,False,1,TAR_2,MAE,55.01
T1DiabetesGranada,balanced_age_undersampling,age,undersampling,False,1,TAR_2,MAPE,0.18
T1DiabetesGranada,balanced_age_undersampling,age,undersampling,False,1,ENTIRE,A,66.98
T1DiabetesGranada,balanced_age_undersampling,age,undersampling,False,1,ENTIRE,B,27.32
T1DiabetesGranada,balanced_age_undersampling,age,undersampling,False,1,ENTIRE,C,0.23
T1DiabetesGranada,balanced_age_undersampling,age,undersampling,False,1,ENTIRE,D,5.43
T1DiabetesGranada,balanced_age_undersampling,age,undersampling,False,1,ENTIRE,E,0.04
T1DiabetesGranada,balanced_age_undersampling,age,undersampling,False,1,ENTIRE,A + B,94.3
T1DiabetesGranada,balanced_age_undersampling,age,undersampling,False,1,ENTIRE,RMSE,38.6
T1DiabetesGranada,balanced_age_undersampling,age,undersampling,False,1,ENTIRE,MSE,1489.73
T1DiabetesGranada,balanced_age_undersampling,age,undersampling,False,1,ENTIRE,MAE,28.07
T1DiabetesGranada,balanced_age_undersampling,age,undersampling,False,1,ENTIRE,MAPE,0.18
T1DiabetesGranada,balanced_age_undersampling,age,undersampling,False,2,TBR_2,A,0.76
T1DiabetesGranada,balanced_age_undersampling,age,undersampling,False,2,TBR_2,B,0.0
T1DiabetesGranada,balanced_age_undersampling,age,undersampling,False,2,TBR_2,C,0.0
T1DiabetesGranada,balanced_age_undersampling,age,undersampling,False,2,TBR_2,D,98.89
T1DiabetesGranada,balanced_age_undersampling,age,undersampling,False,2,TBR_2,E,0.35
T1DiabetesGranada,balanced_age_undersampling,age,undersampling,False,2,TBR_2,A + B,0.76
T1DiabetesGranada,balanced_age_undersampling,age,undersampling,False,2,TBR_2,RMSE,39.88
T1DiabetesGranada,balanced_age_undersampling,age,undersampling,False,2,TBR_2,MSE,1590.44
T1DiabetesGranada,balanced_age_undersampling,age,undersampling,False,2,TBR_2,MAE,36.68
T1DiabetesGranada,balanced_age_undersampling,age,undersampling,False,2,TBR_2,MAPE,0.77
T1DiabetesGranada,balanced_age_undersampling,age,undersampling,False,2,TBR_1,A,2.94
T1DiabetesGranada,balanced_age_undersampling,age,undersampling,False,2,TBR_1,B,0.0
T1DiabetesGranada,balanced_age_undersampling,age,undersampling,False,2,TBR_1,C,0.0
T1DiabetesGranada,balanced_age_undersampling,age,undersampling,False,2,TBR_1,D,96.47
T1DiabetesGranada,balanced_age_undersampling,age,undersampling,False,2,TBR_1,E,0.6
T1DiabetesGranada,balanced_age_undersampling,age,undersampling,False,2,TBR_1,A + B,2.94
T1DiabetesGranada,balanced_age_undersampling,age,undersampling,False,2,TBR_1,RMSE,36.45
T1DiabetesGranada,balanced_age_undersampling,age,undersampling,False,2,TBR_1,MSE,1328.85
T1DiabetesGranada,balanced_age_undersampling,age,undersampling,False,2,TBR_1,MAE,31.91
T1DiabetesGranada,balanced_age_undersampling,age,undersampling,False,2,TBR_1,MAPE,0.52
T1DiabetesGranada,balanced_age_undersampling,age,undersampling,False,2,TIR,A,71.36
T1DiabetesGranada,balanced_age_undersampling,age,undersampling,False,2,TIR,B,28.37
T1DiabetesGranada,balanced_age_undersampling,age,undersampling,False,2,TIR,C,0.27
T1DiabetesGranada,balanced_age_undersampling,age,undersampling,False,2,TIR,D,0.0
T1DiabetesGranada,balanced_age_undersampling,age,undersampling,False,2,TIR,E,0.0
T1DiabetesGranada,balanced_age_undersampling,age,undersampling,False,2,TIR,A + B,99.73
T1DiabetesGranada,balanced_age_undersampling,age,undersampling,False,2,TIR,RMSE,26.82
T1DiabetesGranada,balanced_age_undersampling,age,undersampling,False,2,TIR,MSE,719.18
T1DiabetesGranada,balanced_age_undersampling,age,undersampling,False,2,TIR,MAE,19.48
T1DiabetesGranada,balanced_age_undersampling,age,undersampling,False,2,TIR,MAPE,0.16
T1DiabetesGranada,balanced_age_undersampling,age,undersampling,False,2,TAR_1,A,73.18
T1DiabetesGranada,balanced_age_undersampling,age,undersampling,False,2,TAR_1,B,25.15
T1DiabetesGranada,balanced_age_undersampling,age,undersampling,False,2,TAR_1,C,0.06
T1DiabetesGranada,balanced_age_undersampling,age,undersampling,False,2,TAR_1,D,1.61
T1DiabetesGranada,balanced_age_undersampling,age,undersampling,False,2,TAR_1,E,0.0
T1DiabetesGranada,balanced_age_undersampling,age,undersampling,False,2,TAR_1,A + B,98.33
T1DiabetesGranada,balanced_age_undersampling,age,undersampling,False,2,TAR_1,RMSE,41.18
T1DiabetesGranada,balanced_age_undersampling,age,undersampling,False,2,TAR_1,MSE,1695.85
T1DiabetesGranada,balanced_age_undersampling,age,undersampling,False,2,TAR_1,MAE,31.79
T1DiabetesGranada,balanced_age_undersampling,age,undersampling,False,2,TAR_1,MAPE,0.15
T1DiabetesGranada,balanced_age_undersampling,age,undersampling,False,2,TAR_2,A,60.68
T1DiabetesGranada,balanced_age_undersampling,age,undersampling,False,2,TAR_2,B,33.26
T1DiabetesGranada,balanced_age_undersampling,age,undersampling,False,2,TAR_2,C,0.0
T1DiabetesGranada,balanced_age_undersampling,age,undersampling,False,2,TAR_2,D,6.06
T1DiabetesGranada,balanced_age_undersampling,age,undersampling,False,2,TAR_2,E,0.0
T1DiabetesGranada,balanced_age_undersampling,age,undersampling,False,2,TAR_2,A + B,93.94
T1DiabetesGranada,balanced_age_undersampling,age,undersampling,False,2,TAR_2,RMSE,70.21
T1DiabetesGranada,balanced_age_undersampling,age,undersampling,False,2,TAR_2,MSE,4929.92
T1DiabetesGranada,balanced_age_undersampling,age,undersampling,False,2,TAR_2,MAE,58.36
T1DiabetesGranada,balanced_age_undersampling,age,undersampling,False,2,TAR_2,MAPE,0.18
T1DiabetesGranada,balanced_age_undersampling,age,undersampling,False,2,ENTIRE,A,67.21
T1DiabetesGranada,balanced_age_undersampling,age,undersampling,False,2,ENTIRE,B,26.86
T1DiabetesGranada,balanced_age_undersampling,age,undersampling,False,2,ENTIRE,C,0.18
T1DiabetesGranada,balanced_age_undersampling,age,undersampling,False,2,ENTIRE,D,5.72
T1DiabetesGranada,balanced_age_undersampling,age,undersampling,False,2,ENTIRE,E,0.03
T1DiabetesGranada,balanced_age_undersampling,age,undersampling,False,2,ENTIRE,A + B,94.07
T1DiabetesGranada,balanced_age_undersampling,age,undersampling,False,2,ENTIRE,RMSE,38.64
T1DiabetesGranada,balanced_age_undersampling,age,undersampling,False,2,ENTIRE,MSE,1492.69
T1DiabetesGranada,balanced_age_undersampling,age,undersampling,False,2,ENTIRE,MAE,27.74
T1DiabetesGranada,balanced_age_undersampling,age,undersampling,False,2,ENTIRE,MAPE,0.18
T1DiabetesGranada,balanced_age_undersampling,age,undersampling,False,3,TBR_2,A,0.0
T1DiabetesGranada,balanced_age_undersampling,age,undersampling,False,3,TBR_2,B,0.0
T1DiabetesGranada,balanced_age_undersampling,age,undersampling,False,3,TBR_2,C,0.0
T1DiabetesGranada,balanced_age_undersampling,age,undersampling,False,3,TBR_2,D,99.64
T1DiabetesGranada,balanced_age_undersampling,age,undersampling,False,3,TBR_2,E,0.36
T1DiabetesGranada,balanced_age_undersampling,age,undersampling,False,3,TBR_2,A + B,0.0
T1DiabetesGranada,balanced_age_undersampling,age,undersampling,False,3,TBR_2,RMSE,40.73
T1DiabetesGranada,balanced_age_undersampling,age,undersampling,False,3,TBR_2,MSE,1658.83
T1DiabetesGranada,balanced_age_undersampling,age,undersampling,False,3,TBR_2,MAE,37.82
T1DiabetesGranada,balanced_age_undersampling,age,undersampling,False,3,TBR_2,MAPE,0.79
T1DiabetesGranada,balanced_age_undersampling,age,undersampling,False,3,TBR_1,A,1.73
T1DiabetesGranada,balanced_age_undersampling,age,undersampling,False,3,TBR_1,B,0.0
T1DiabetesGranada,balanced_age_undersampling,age,undersampling,False,3,TBR_1,C,0.0
T1DiabetesGranada,balanced_age_undersampling,age,undersampling,False,3,TBR_1,D,97.74
T1DiabetesGranada,balanced_age_undersampling,age,undersampling,False,3,TBR_1,E,0.53
T1DiabetesGranada,balanced_age_undersampling,age,undersampling,False,3,TBR_1,A + B,1.73
T1DiabetesGranada,balanced_age_undersampling,age,undersampling,False,3,TBR_1,RMSE,36.77
T1DiabetesGranada,balanced_age_undersampling,age,undersampling,False,3,TBR_1,MSE,1351.95
T1DiabetesGranada,balanced_age_undersampling,age,undersampling,False,3,TBR_1,MAE,32.58
T1DiabetesGranada,balanced_age_undersampling,age,undersampling,False,3,TBR_1,MAPE,0.53
T1DiabetesGranada,balanced_age_undersampling,age,undersampling,False,3,TIR,A,72.21
T1DiabetesGranada,balanced_age_undersampling,age,undersampling,False,3,TIR,B,27.58
T1DiabetesGranada,balanced_age_undersampling,age,undersampling,False,3,TIR,C,0.21
T1DiabetesGranada,balanced_age_undersampling,age,undersampling,False,3,TIR,D,0.0
T1DiabetesGranada,balanced_age_undersampling,age,undersampling,False,3,TIR,E,0.0
T1DiabetesGranada,balanced_age_undersampling,age,undersampling,False,3,TIR,A + B,99.79
T1DiabetesGranada,balanced_age_undersampling,age,undersampling,False,3,TIR,RMSE,26.11
T1DiabetesGranada,balanced_age_undersampling,age,undersampling,False,3,TIR,MSE,681.85
T1DiabetesGranada,balanced_age_undersampling,age,undersampling,False,3,TIR,MAE,19.09
T1DiabetesGranada,balanced_age_undersampling,age,undersampling,False,3,TIR,MAPE,0.16
T1DiabetesGranada,balanced_age_undersampling,age,undersampling,False,3,TAR_1,A,70.46
T1DiabetesGranada,balanced_age_undersampling,age,undersampling,False,3,TAR_1,B,27.74
T1DiabetesGranada,balanced_age_undersampling,age,undersampling,False,3,TAR_1,C,0.03
T1DiabetesGranada,balanced_age_undersampling,age,undersampling,False,3,TAR_1,D,1.77
T1DiabetesGranada,balanced_age_undersampling,age,undersampling,False,3,TAR_1,E,0.0
T1DiabetesGranada,balanced_age_undersampling,age,undersampling,False,3,TAR_1,A + B,98.2
T1DiabetesGranada,balanced_age_undersampling,age,undersampling,False,3,TAR_1,RMSE,42.91
T1DiabetesGranada,balanced_age_undersampling,age,undersampling,False,3,TAR_1,MSE,1841.51
T1DiabetesGranada,balanced_age_undersampling,age,undersampling,False,3,TAR_1,MAE,33.8
T1DiabetesGranada,balanced_age_undersampling,age,undersampling,False,3,TAR_1,MAPE,0.16
T1DiabetesGranada,balanced_age_undersampling,age,undersampling,False,3,TAR_2,A,61.01
T1DiabetesGranada,balanced_age_undersampling,age,undersampling,False,3,TAR_2,B,31.09
T1DiabetesGranada,balanced_age_undersampling,age,undersampling,False,3,TAR_2,C,0.0
T1DiabetesGranada,balanced_age_undersampling,age,undersampling,False,3,TAR_2,D,7.9
T1DiabetesGranada,balanced_age_undersampling,age,undersampling,False,3,TAR_2,E,0.0
T1DiabetesGranada,balanced_age_undersampling,age,undersampling,False,3,TAR_2,A + B,92.1
T1DiabetesGranada,balanced_age_undersampling,age,undersampling,False,3,TAR_2,RMSE,66.17
T1DiabetesGranada,balanced_age_undersampling,age,undersampling,False,3,TAR_2,MSE,4377.83
T1DiabetesGranada,balanced_age_undersampling,age,undersampling,False,3,TAR_2,MAE,55.76
T1DiabetesGranada,balanced_age_undersampling,age,undersampling,False,3,TAR_2,MAPE,0.19
T1DiabetesGranada,balanced_age_undersampling,age,undersampling,False,3,ENTIRE,A,67.52
T1DiabetesGranada,balanced_age_undersampling,age,undersampling,False,3,ENTIRE,B,26.79
T1DiabetesGranada,balanced_age_undersampling,age,undersampling,False,3,ENTIRE,C,0.14
T1DiabetesGranada,balanced_age_undersampling,age,undersampling,False,3,ENTIRE,D,5.53
T1DiabetesGranada,balanced_age_undersampling,age,undersampling,False,3,ENTIRE,E,0.02
T1DiabetesGranada,balanced_age_undersampling,age,undersampling,False,3,ENTIRE,A + B,94.31
T1DiabetesGranada,balanced_age_undersampling,age,undersampling,False,3,ENTIRE,RMSE,37.15
T1DiabetesGranada,balanced_age_undersampling,age,undersampling,False,3,ENTIRE,MSE,1380.02
T1DiabetesGranada,balanced_age_undersampling,age,undersampling,False,3,ENTIRE,MAE,27.09
T1DiabetesGranada,balanced_age_undersampling,age,undersampling,False,3,ENTIRE,MAPE,0.18
T1DiabetesGranada,balanced_age_undersampling,age,undersampling,False,4,TBR_2,A,15.26
T1DiabetesGranada,balanced_age_undersampling,age,undersampling,False,4,TBR_2,B,0.0
T1DiabetesGranada,balanced_age_undersampling,age,undersampling,False,4,TBR_2,C,0.0
T1DiabetesGranada,balanced_age_undersampling,age,undersampling,False,4,TBR_2,D,84.37
T1DiabetesGranada,balanced_age_undersampling,age,undersampling,False,4,TBR_2,E,0.37
T1DiabetesGranada,balanced_age_undersampling,age,undersampling,False,4,TBR_2,A + B,15.26
T1DiabetesGranada,balanced_age_undersampling,age,undersampling,False,4,TBR_2,RMSE,39.29
T1DiabetesGranada,balanced_age_undersampling,age,undersampling,False,4,TBR_2,MSE,1543.58
T1DiabetesGranada,balanced_age_undersampling,age,undersampling,False,4,TBR_2,MAE,35.18
T1DiabetesGranada,balanced_age_undersampling,age,undersampling,False,4,TBR_2,MAPE,0.73
T1DiabetesGranada,balanced_age_undersampling,age,undersampling,False,4,TBR_1,A,9.15
T1DiabetesGranada,balanced_age_undersampling,age,undersampling,False,4,TBR_1,B,0.0
T1DiabetesGranada,balanced_age_undersampling,age,undersampling,False,4,TBR_1,C,0.0
T1DiabetesGranada,balanced_age_undersampling,age,undersampling,False,4,TBR_1,D,90.28
T1DiabetesGranada,balanced_age_undersampling,age,undersampling,False,4,TBR_1,E,0.58
T1DiabetesGranada,balanced_age_undersampling,age,undersampling,False,4,TBR_1,A + B,9.15
T1DiabetesGranada,balanced_age_undersampling,age,undersampling,False,4,TBR_1,RMSE,36.14
T1DiabetesGranada,balanced_age_undersampling,age,undersampling,False,4,TBR_1,MSE,1306.23
T1DiabetesGranada,balanced_age_undersampling,age,undersampling,False,4,TBR_1,MAE,30.91
T1DiabetesGranada,balanced_age_undersampling,age,undersampling,False,4,TBR_1,MAPE,0.5
T1DiabetesGranada,balanced_age_undersampling,age,undersampling,False,4,TIR,A,71.71
T1DiabetesGranada,balanced_age_undersampling,age,undersampling,False,4,TIR,B,28.04
T1DiabetesGranada,balanced_age_undersampling,age,undersampling,False,4,TIR,C,0.25
T1DiabetesGranada,balanced_age_undersampling,age,undersampling,False,4,TIR,D,0.0
T1DiabetesGranada,balanced_age_undersampling,age,undersampling,False,4,TIR,E,0.0
T1DiabetesGranada,balanced_age_undersampling,age,undersampling,False,4,TIR,A + B,99.75
T1DiabetesGranada,balanced_age_undersampling,age,undersampling,False,4,TIR,RMSE,26.98
T1DiabetesGranada,balanced_age_undersampling,age,undersampling,False,4,TIR,MSE,727.77
T1DiabetesGranada,balanced_age_undersampling,age,undersampling,False,4,TIR,MAE,19.57
T1DiabetesGranada,balanced_age_undersampling,age,undersampling,False,4,TIR,MAPE,0.16
T1DiabetesGranada,balanced_age_undersampling,age,undersampling,False,4,TAR_1,A,70.87
T1DiabetesGranada,balanced_age_undersampling,age,undersampling,False,4,TAR_1,B,27.26
T1DiabetesGranada,balanced_age_undersampling,age,undersampling,False,4,TAR_1,C,0.05
T1DiabetesGranada,balanced_age_undersampling,age,undersampling,False,4,TAR_1,D,1.79
T1DiabetesGranada,balanced_age_undersampling,age,undersampling,False,4,TAR_1,E,0.03
T1DiabetesGranada,balanced_age_undersampling,age,undersampling,False,4,TAR_1,A + B,98.13
T1DiabetesGranada,balanced_age_undersampling,age,undersampling,False,4,TAR_1,RMSE,42.93
T1DiabetesGranada,balanced_age_undersampling,age,undersampling,False,4,TAR_1,MSE,1842.9
T1DiabetesGranada,balanced_age_undersampling,age,undersampling,False,4,TAR_1,MAE,33.37
T1DiabetesGranada,balanced_age_undersampling,age,undersampling,False,4,TAR_1,MAPE,0.16
T1DiabetesGranada,balanced_age_undersampling,age,undersampling,False,4,TAR_2,A,63.13
T1DiabetesGranada,balanced_age_undersampling,age,undersampling,False,4,TAR_2,B,29.22
T1DiabetesGranada,balanced_age_undersampling,age,undersampling,False,4,TAR_2,C,0.01
T1DiabetesGranada,balanced_age_undersampling,age,undersampling,False,4,TAR_2,D,7.65
T1DiabetesGranada,balanced_age_undersampling,age,undersampling,False,4,TAR_2,E,0.0
T1DiabetesGranada,balanced_age_undersampling,age,undersampling,False,4,TAR_2,A + B,92.35
T1DiabetesGranada,balanced_age_undersampling,age,undersampling,False,4,TAR_2,RMSE,64.42
T1DiabetesGranada,balanced_age_undersampling,age,undersampling,False,4,TAR_2,MSE,4150.06
T1DiabetesGranada,balanced_age_undersampling,age,undersampling,False,4,TAR_2,MAE,53.99
T1DiabetesGranada,balanced_age_undersampling,age,undersampling,False,4,TAR_2,MAPE,0.18
T1DiabetesGranada,balanced_age_undersampling,age,undersampling,False,4,ENTIRE,A,67.74
T1DiabetesGranada,balanced_age_undersampling,age,undersampling,False,4,ENTIRE,B,26.71
T1DiabetesGranada,balanced_age_undersampling,age,undersampling,False,4,ENTIRE,C,0.16
T1DiabetesGranada,balanced_age_undersampling,age,undersampling,False,4,ENTIRE,D,5.36
T1DiabetesGranada,balanced_age_undersampling,age,undersampling,False,4,ENTIRE,E,0.03
T1DiabetesGranada,balanced_age_undersampling,age,undersampling,False,4,ENTIRE,A + B,94.45
T1DiabetesGranada,balanced_age_undersampling,age,undersampling,False,4,ENTIRE,RMSE,37.75
T1DiabetesGranada,balanced_age_undersampling,age,undersampling,False,4,ENTIRE,MSE,1425.13
T1DiabetesGranada,balanced_age_undersampling,age,undersampling,False,4,ENTIRE,MAE,27.49
T1DiabetesGranada,balanced_age_undersampling,age,undersampling,False,4,ENTIRE,MAPE,0.18
T1DiabetesGranada,balanced_age_undersampling,age,undersampling,False,5,TBR_2,A,5.13
T1DiabetesGranada,balanced_age_undersampling,age,undersampling,False,5,TBR_2,B,0.0
T1DiabetesGranada,balanced_age_undersampling,age,undersampling,False,5,TBR_2,C,0.0
T1DiabetesGranada,balanced_age_undersampling,age,undersampling,False,5,TBR_2,D,94.37
T1DiabetesGranada,balanced_age_undersampling,age,undersampling,False,5,TBR_2,E,0.49
T1DiabetesGranada,balanced_age_undersampling,age,undersampling,False,5,TBR_2,A + B,5.13
T1DiabetesGranada,balanced_age_undersampling,age,undersampling,False,5,TBR_2,RMSE,43.38
T1DiabetesGranada,balanced_age_undersampling,age,undersampling,False,5,TBR_2,MSE,1882.14
T1DiabetesGranada,balanced_age_undersampling,age,undersampling,False,5,TBR_2,MAE,39.35
T1DiabetesGranada,balanced_age_undersampling,age,undersampling,False,5,TBR_2,MAPE,0.83
T1DiabetesGranada,balanced_age_undersampling,age,undersampling,False,5,TBR_1,A,4.75
T1DiabetesGranada,balanced_age_undersampling,age,undersampling,False,5,TBR_1,B,0.0
T1DiabetesGranada,balanced_age_undersampling,age,undersampling,False,5,TBR_1,C,0.0
T1DiabetesGranada,balanced_age_undersampling,age,undersampling,False,5,TBR_1,D,94.53
T1DiabetesGranada,balanced_age_undersampling,age,undersampling,False,5,TBR_1,E,0.73
T1DiabetesGranada,balanced_age_undersampling,age,undersampling,False,5,TBR_1,A + B,4.75
T1DiabetesGranada,balanced_age_undersampling,age,undersampling,False,5,TBR_1,RMSE,39.44
T1DiabetesGranada,balanced_age_undersampling,age,undersampling,False,5,TBR_1,MSE,1555.48
T1DiabetesGranada,balanced_age_undersampling,age,undersampling,False,5,TBR_1,MAE,34.34
T1DiabetesGranada,balanced_age_undersampling,age,undersampling,False,5,TBR_1,MAPE,0.56
T1DiabetesGranada,balanced_age_undersampling,age,undersampling,False,5,TIR,A,69.76
T1DiabetesGranada,balanced_age_undersampling,age,undersampling,False,5,TIR,B,29.96
T1DiabetesGranada,balanced_age_undersampling,age,undersampling,False,5,TIR,C,0.28
T1DiabetesGranada,balanced_age_undersampling,age,undersampling,False,5,TIR,D,0.0
T1DiabetesGranada,balanced_age_undersampling,age,undersampling,False,5,TIR,E,0.0
T1DiabetesGranada,balanced_age_undersampling,age,undersampling,False,5,TIR,A + B,99.72
T1DiabetesGranada,balanced_age_undersampling,age,undersampling,False,5,TIR,RMSE,27.25
T1DiabetesGranada,balanced_age_undersampling,age,undersampling,False,5,TIR,MSE,742.72
T1DiabetesGranada,balanced_age_undersampling,age,undersampling,False,5,TIR,MAE,19.93
T1DiabetesGranada,balanced_age_undersampling,age,undersampling,False,5,TIR,MAPE,0.17
T1DiabetesGranada,balanced_age_undersampling,age,undersampling,False,5,TAR_1,A,72.38
T1DiabetesGranada,balanced_age_undersampling,age,undersampling,False,5,TAR_1,B,25.89
T1DiabetesGranada,balanced_age_undersampling,age,undersampling,False,5,TAR_1,C,0.06
T1DiabetesGranada,balanced_age_undersampling,age,undersampling,False,5,TAR_1,D,1.65
T1DiabetesGranada,balanced_age_undersampling,age,undersampling,False,5,TAR_1,E,0.01
T1DiabetesGranada,balanced_age_undersampling,age,undersampling,False,5,TAR_1,A + B,98.27
T1DiabetesGranada,balanced_age_undersampling,age,undersampling,False,5,TAR_1,RMSE,41.83
T1DiabetesGranada,balanced_age_undersampling,age,undersampling,False,5,TAR_1,MSE,1749.91
T1DiabetesGranada,balanced_age_undersampling,age,undersampling,False,5,TAR_1,MAE,32.46
T1DiabetesGranada,balanced_age_undersampling,age,undersampling,False,5,TAR_1,MAPE,0.15
T1DiabetesGranada,balanced_age_undersampling,age,undersampling,False,5,TAR_2,A,61.59
T1DiabetesGranada,balanced_age_undersampling,age,undersampling,False,5,TAR_2,B,31.09
T1DiabetesGranada,balanced_age_undersampling,age,undersampling,False,5,TAR_2,C,0.03
T1DiabetesGranada,balanced_age_undersampling,age,undersampling,False,5,TAR_2,D,7.29
T1DiabetesGranada,balanced_age_undersampling,age,undersampling,False,5,TAR_2,E,0.0
T1DiabetesGranada,balanced_age_undersampling,age,undersampling,False,5,TAR_2,A + B,92.68
T1DiabetesGranada,balanced_age_undersampling,age,undersampling,False,5,TAR_2,RMSE,65.63
T1DiabetesGranada,balanced_age_undersampling,age,undersampling,False,5,TAR_2,MSE,4307.31
T1DiabetesGranada,balanced_age_undersampling,age,undersampling,False,5,TAR_2,MAE,55.29
T1DiabetesGranada,balanced_age_undersampling,age,undersampling,False,5,TAR_2,MAPE,0.18
T1DiabetesGranada,balanced_age_undersampling,age,undersampling,False,5,ENTIRE,A,66.08
T1DiabetesGranada,balanced_age_undersampling,age,undersampling,False,5,ENTIRE,B,27.56
T1DiabetesGranada,balanced_age_undersampling,age,undersampling,False,5,ENTIRE,C,0.19
T1DiabetesGranada,balanced_age_undersampling,age,undersampling,False,5,ENTIRE,D,6.13
T1DiabetesGranada,balanced_age_undersampling,age,undersampling,False,5,ENTIRE,E,0.04
T1DiabetesGranada,balanced_age_undersampling,age,undersampling,False,5,ENTIRE,A + B,93.64
T1DiabetesGranada,balanced_age_undersampling,age,undersampling,False,5,ENTIRE,RMSE,37.19
T1DiabetesGranada,balanced_age_undersampling,age,undersampling,False,5,ENTIRE,MSE,1383.36
T1DiabetesGranada,balanced_age_undersampling,age,undersampling,False,5,ENTIRE,MAE,27.22
T1DiabetesGranada,balanced_age_undersampling,age,undersampling,False,5,ENTIRE,MAPE,0.19
T1DiabetesGranada,balanced_sex_jittering,sex,jittering,False,1,TBR_2,A,16.4
T1DiabetesGranada,balanced_sex_jittering,sex,jittering,False,1,TBR_2,B,0.0
T1DiabetesGranada,balanced_sex_jittering,sex,jittering,False,1,TBR_2,C,0.0
T1DiabetesGranada,balanced_sex_jittering,sex,jittering,False,1,TBR_2,D,83.21
T1DiabetesGranada,balanced_sex_jittering,sex,jittering,False,1,TBR_2,E,0.39
T1DiabetesGranada,balanced_sex_jittering,sex,jittering,False,1,TBR_2,A + B,16.4
T1DiabetesGranada,balanced_sex_jittering,sex,jittering,False,1,TBR_2,RMSE,40.15
T1DiabetesGranada,balanced_sex_jittering,sex,jittering,False,1,TBR_2,MSE,1611.68
T1DiabetesGranada,balanced_sex_jittering,sex,jittering,False,1,TBR_2,MAE,35.87
T1DiabetesGranada,balanced_sex_jittering,sex,jittering,False,1,TBR_2,MAPE,0.75
T1DiabetesGranada,balanced_sex_jittering,sex,jittering,False,1,TBR_1,A,12.39
T1DiabetesGranada,balanced_sex_jittering,sex,jittering,False,1,TBR_1,B,0.0
T1DiabetesGranada,balanced_sex_jittering,sex,jittering,False,1,TBR_1,C,0.0
T1DiabetesGranada,balanced_sex_jittering,sex,jittering,False,1,TBR_1,D,87.1
T1DiabetesGranada,balanced_sex_jittering,sex,jittering,False,1,TBR_1,E,0.51
T1DiabetesGranada,balanced_sex_jittering,sex,jittering,False,1,TBR_1,A + B,12.39
T1DiabetesGranada,balanced_sex_jittering,sex,jittering,False,1,TBR_1,RMSE,35.79
T1DiabetesGranada,balanced_sex_jittering,sex,jittering,False,1,TBR_1,MSE,1280.78
T1DiabetesGranada,balanced_sex_jittering,sex,jittering,False,1,TBR_1,MAE,30.57
T1DiabetesGranada,balanced_sex_jittering,sex,jittering,False,1,TBR_1,MAPE,0.5
T1DiabetesGranada,balanced_sex_jittering,sex,jittering,False,1,TIR,A,71.18
T1DiabetesGranada,balanced_sex_jittering,sex,jittering,False,1,TIR,B,28.53
T1DiabetesGranada,balanced_sex_jittering,sex,jittering,False,1,TIR,C,0.29
T1DiabetesGranada,balanced_sex_jittering,sex,jittering,False,1,TIR,D,0.0
T1DiabetesGranada,balanced_sex_jittering,sex,jittering,False,1,TIR,E,0.0
T1DiabetesGranada,balanced_sex_jittering,sex,jittering,False,1,TIR,A + B,99.71
T1DiabetesGranada,balanced_sex_jittering,sex,jittering,False,1,TIR,RMSE,27.23
T1DiabetesGranada,balanced_sex_jittering,sex,jittering,False,1,TIR,MSE,741.27
T1DiabetesGranada,balanced_sex_jittering,sex,jittering,False,1,TIR,MAE,19.78
T1DiabetesGranada,balanced_sex_jittering,sex,jittering,False,1,TIR,MAPE,0.16
T1DiabetesGranada,balanced_sex_jittering,sex,jittering,False,1,TAR_1,A,69.3
T1DiabetesGranada,balanced_sex_jittering,sex,jittering,False,1,TAR_1,B,28.65
T1DiabetesGranada,balanced_sex_jittering,sex,jittering,False,1,TAR_1,C,0.09
T1DiabetesGranada,balanced_sex_jittering,sex,jittering,False,1,TAR_1,D,1.92
T1DiabetesGranada,balanced_sex_jittering,sex,jittering,False,1,TAR_1,E,0.03
T1DiabetesGranada,balanced_sex_jittering,sex,jittering,False,1,TAR_1,A + B,97.95
T1DiabetesGranada,balanced_sex_jittering,sex,jittering,False,1,TAR_1,RMSE,44.11
T1DiabetesGranada,balanced_sex_jittering,sex,jittering,False,1,TAR_1,MSE,1945.72
T1DiabetesGranada,balanced_sex_jittering,sex,jittering,False,1,TAR_1,MAE,34.78
T1DiabetesGranada,balanced_sex_jittering,sex,jittering,False,1,TAR_1,MAPE,0.16
T1DiabetesGranada,balanced_sex_jittering,sex,jittering,False,1,TAR_2,A,59.76
T1DiabetesGranada,balanced_sex_jittering,sex,jittering,False,1,TAR_2,B,32.42
T1DiabetesGranada,balanced_sex_jittering,sex,jittering,False,1,TAR_2,C,0.04
T1DiabetesGranada,balanced_sex_jittering,sex,jittering,False,1,TAR_2,D,7.78
T1DiabetesGranada,balanced_sex_jittering,sex,jittering,False,1,TAR_2,E,0.0
T1DiabetesGranada,balanced_sex_jittering,sex,jittering,False,1,TAR_2,A + B,92.18
T1DiabetesGranada,balanced_sex_jittering,sex,jittering,False,1,TAR_2,RMSE,68.51
T1DiabetesGranada,balanced_sex_jittering,sex,jittering,False,1,TAR_2,MSE,4693.95
T1DiabetesGranada,balanced_sex_jittering,sex,jittering,False,1,TAR_2,MAE,57.96
T1DiabetesGranada,balanced_sex_jittering,sex,jittering,False,1,TAR_2,MAPE,0.19
T1DiabetesGranada,balanced_sex_jittering,sex,jittering,False,1,ENTIRE,A,66.51
T1DiabetesGranada,balanced_sex_jittering,sex,jittering,False,1,ENTIRE,B,27.67
T1DiabetesGranada,balanced_sex_jittering,sex,jittering,False,1,ENTIRE,C,0.2
T1DiabetesGranada,balanced_sex_jittering,sex,jittering,False,1,ENTIRE,D,5.59
T1DiabetesGranada,balanced_sex_jittering,sex,jittering,False,1,ENTIRE,E,0.03
T1DiabetesGranada,balanced_sex_jittering,sex,jittering,False,1,ENTIRE,A + B,94.18
T1DiabetesGranada,balanced_sex_jittering,sex,jittering,False,1,ENTIRE,RMSE,39.34
T1DiabetesGranada,balanced_sex_jittering,sex,jittering,False,1,ENTIRE,MSE,1547.25
T1DiabetesGranada,balanced_sex_jittering,sex,jittering,False,1,ENTIRE,MAE,28.65
T1DiabetesGranada,balanced_sex_jittering,sex,jittering,False,1,ENTIRE,MAPE,0.18
T1DiabetesGranada,balanced_sex_jittering,sex,jittering,False,2,TBR_2,A,15.4
T1DiabetesGranada,balanced_sex_jittering,sex,jittering,False,2,TBR_2,B,0.0
T1DiabetesGranada,balanced_sex_jittering,sex,jittering,False,2,TBR_2,C,0.0
T1DiabetesGranada,balanced_sex_jittering,sex,jittering,False,2,TBR_2,D,84.33
T1DiabetesGranada,balanced_sex_jittering,sex,jittering,False,2,TBR_2,E,0.27
T1DiabetesGranada,balanced_sex_jittering,sex,jittering,False,2,TBR_2,A + B,15.4
T1DiabetesGranada,balanced_sex_jittering,sex,jittering,False,2,TBR_2,RMSE,38.77
T1DiabetesGranada,balanced_sex_jittering,sex,jittering,False,2,TBR_2,MSE,1502.84
T1DiabetesGranada,balanced_sex_jittering,sex,jittering,False,2,TBR_2,MAE,35.21
T1DiabetesGranada,balanced_sex_jittering,sex,jittering,False,2,TBR_2,MAPE,0.74
T1DiabetesGranada,balanced_sex_jittering,sex,jittering,False,2,TBR_1,A,9.48
T1DiabetesGranada,balanced_sex_jittering,sex,jittering,False,2,TBR_1,B,0.0
T1DiabetesGranada,balanced_sex_jittering,sex,jittering,False,2,TBR_1,C,0.0
T1DiabetesGranada,balanced_sex_jittering,sex,jittering,False,2,TBR_1,D,90.05
T1DiabetesGranada,balanced_sex_jittering,sex,jittering,False,2,TBR_1,E,0.48
T1DiabetesGranada,balanced_sex_jittering,sex,jittering,False,2,TBR_1,A + B,9.48
T1DiabetesGranada,balanced_sex_jittering,sex,jittering,False,2,TBR_1,RMSE,35.22
T1DiabetesGranada,balanced_sex_jittering,sex,jittering,False,2,TBR_1,MSE,1240.24
T1DiabetesGranada,balanced_sex_jittering,sex,jittering,False,2,TBR_1,MAE,30.37
T1DiabetesGranada,balanced_sex_jittering,sex,jittering,False,2,TBR_1,MAPE,0.49
T1DiabetesGranada,balanced_sex_jittering,sex,jittering,False,2,TIR,A,72.29
T1DiabetesGranada,balanced_sex_jittering,sex,jittering,False,2,TIR,B,27.49
T1DiabetesGranada,balanced_sex_jittering,sex,jittering,False,2,TIR,C,0.22
T1DiabetesGranada,balanced_sex_jittering,sex,jittering,False,2,TIR,D,0.0
T1DiabetesGranada,balanced_sex_jittering,sex,jittering,False,2,TIR,E,0.0
T1DiabetesGranada,balanced_sex_jittering,sex,jittering,False,2,TIR,A + B,99.78
T1DiabetesGranada,balanced_sex_jittering,sex,jittering,False,2,TIR,RMSE,26.18
T1DiabetesGranada,balanced_sex_jittering,sex,jittering,False,2,TIR,MSE,685.15
T1DiabetesGranada,balanced_sex_jittering,sex,jittering,False,2,TIR,MAE,19.07
T1DiabetesGranada,balanced_sex_jittering,sex,jittering,False,2,TIR,MAPE,0.16
T1DiabetesGranada,balanced_sex_jittering,sex,jittering,False,2,TAR_1,A,71.71
T1DiabetesGranada,balanced_sex_jittering,sex,jittering,False,2,TAR_1,B,26.45
T1DiabetesGranada,balanced_sex_jittering,sex,jittering,False,2,TAR_1,C,0.08
T1DiabetesGranada,balanced_sex_jittering,sex,jittering,False,2,TAR_1,D,1.73
T1DiabetesGranada,balanced_sex_jittering,sex,jittering,False,2,TAR_1,E,0.03
T1DiabetesGranada,balanced_sex_jittering,sex,jittering,False,2,TAR_1,A + B,98.16
T1DiabetesGranada,balanced_sex_jittering,sex,jittering,False,2,TAR_1,RMSE,41.98
T1DiabetesGranada,balanced_sex_jittering,sex,jittering,False,2,TAR_1,MSE,1762.09
T1DiabetesGranada,balanced_sex_jittering,sex,jittering,False,2,TAR_1,MAE,32.95
T1DiabetesGranada,balanced_sex_jittering,sex,jittering,False,2,TAR_1,MAPE,0.16
T1DiabetesGranada,balanced_sex_jittering,sex,jittering,False,2,TAR_2,A,63.08
T1DiabetesGranada,balanced_sex_jittering,sex,jittering,False,2,TAR_2,B,30.34
T1DiabetesGranada,balanced_sex_jittering,sex,jittering,False,2,TAR_2,C,0.06
T1DiabetesGranada,balanced_sex_jittering,sex,jittering,False,2,TAR_2,D,6.52
T1DiabetesGranada,balanced_sex_jittering,sex,jittering,False,2,TAR_2,E,0.0
T1DiabetesGranada,balanced_sex_jittering,sex,jittering,False,2,TAR_2,A + B,93.42
T1DiabetesGranada,balanced_sex_jittering,sex,jittering,False,2,TAR_2,RMSE,66.34
T1DiabetesGranada,balanced_sex_jittering,sex,jittering,False,2,TAR_2,MSE,4400.69
T1DiabetesGranada,balanced_sex_jittering,sex,jittering,False,2,TAR_2,MAE,55.84
T1DiabetesGranada,balanced_sex_jittering,sex,jittering,False,2,TAR_2,MAPE,0.18
T1DiabetesGranada,balanced_sex_jittering,sex,jittering,False,2,ENTIRE,A,68.1
T1DiabetesGranada,balanced_sex_jittering,sex,jittering,False,2,ENTIRE,B,26.29
T1DiabetesGranada,balanced_sex_jittering,sex,jittering,False,2,ENTIRE,C,0.16
T1DiabetesGranada,balanced_sex_jittering,sex,jittering,False,2,ENTIRE,D,5.43
T1DiabetesGranada,balanced_sex_jittering,sex,jittering,False,2,ENTIRE,E,0.03
T1DiabetesGranada,balanced_sex_jittering,sex,jittering,False,2,ENTIRE,A + B,94.39
T1DiabetesGranada,balanced_sex_jittering,sex,jittering,False,2,ENTIRE,RMSE,37.67
T1DiabetesGranada,balanced_sex_jittering,sex,jittering,False,2,ENTIRE,MSE,1419.25
T1DiabetesGranada,balanced_sex_jittering,sex,jittering,False,2,ENTIRE,MAE,27.38
T1DiabetesGranada,balanced_sex_jittering,sex,jittering,False,2,ENTIRE,MAPE,0.18
T1DiabetesGranada,balanced_sex_jittering,sex,jittering,False,3,TBR_2,A,26.83
T1DiabetesGranada,balanced_sex_jittering,sex,jittering,False,3,TBR_2,B,0.0
T1DiabetesGranada,balanced_sex_jittering,sex,jittering,False,3,TBR_2,C,0.0
T1DiabetesGranada,balanced_sex_jittering,sex,jittering,False,3,TBR_2,D,72.87
T1DiabetesGranada,balanced_sex_jittering,sex,jittering,False,3,TBR_2,E,0.3
T1DiabetesGranada,balanced_sex_jittering,sex,jittering,False,3,TBR_2,A + B,26.83
T1DiabetesGranada,balanced_sex_jittering,sex,jittering,False,3,TBR_2,RMSE,37.71
T1DiabetesGranada,balanced_sex_jittering,sex,jittering,False,3,TBR_2,MSE,1422.2
T1DiabetesGranada,balanced_sex_jittering,sex,jittering,False,3,TBR_2,MAE,33.28
T1DiabetesGranada,balanced_sex_jittering,sex,jittering,False,3,TBR_2,MAPE,0.69
T1DiabetesGranada,balanced_sex_jittering,sex,jittering,False,3,TBR_1,A,17.87
T1DiabetesGranada,balanced_sex_jittering,sex,jittering,False,3,TBR_1,B,0.0
T1DiabetesGranada,balanced_sex_jittering,sex,jittering,False,3,TBR_1,C,0.0
T1DiabetesGranada,balanced_sex_jittering,sex,jittering,False,3,TBR_1,D,81.65
T1DiabetesGranada,balanced_sex_jittering,sex,jittering,False,3,TBR_1,E,0.48
T1DiabetesGranada,balanced_sex_jittering,sex,jittering,False,3,TBR_1,A + B,17.87
T1DiabetesGranada,balanced_sex_jittering,sex,jittering,False,3,TBR_1,RMSE,33.99
T1DiabetesGranada,balanced_sex_jittering,sex,jittering,False,3,TBR_1,MSE,1155.43
T1DiabetesGranada,balanced_sex_jittering,sex,jittering,False,3,TBR_1,MAE,28.44
T1DiabetesGranada,balanced_sex_jittering,sex,jittering,False,3,TBR_1,MAPE,0.46
T1DiabetesGranada,balanced_sex_jittering,sex,jittering,False,3,TIR,A,73.07
T1DiabetesGranada,balanced_sex_jittering,sex,jittering,False,3,TIR,B,26.73
T1DiabetesGranada,balanced_sex_jittering,sex,jittering,False,3,TIR,C,0.2
T1DiabetesGranada,balanced_sex_jittering,sex,jittering,False,3,TIR,D,0.0
T1DiabetesGranada,balanced_sex_jittering,sex,jittering,False,3,TIR,E,0.0
T1DiabetesGranada,balanced_sex_jittering,sex,jittering,False,3,TIR,A + B,99.8
T1DiabetesGranada,balanced_sex_jittering,sex,jittering,False,3,TIR,RMSE,26.15
T1DiabetesGranada,balanced_sex_jittering,sex,jittering,False,3,TIR,MSE,683.8
T1DiabetesGranada,balanced_sex_jittering,sex,jittering,False,3,TIR,MAE,18.94
T1DiabetesGranada,balanced_sex_jittering,sex,jittering,False,3,TIR,MAPE,0.15
T1DiabetesGranada,balanced_sex_jittering,sex,jittering,False,3,TAR_1,A,70.65
T1DiabetesGranada,balanced_sex_jittering,sex,jittering,False,3,TAR_1,B,27.52
T1DiabetesGranada,balanced_sex_jittering,sex,jittering,False,3,TAR_1,C,0.04
T1DiabetesGranada,balanced_sex_jittering,sex,jittering,False,3,TAR_1,D,1.76
T1DiabetesGranada,balanced_sex_jittering,sex,jittering,False,3,TAR_1,E,0.03
T1DiabetesGranada,balanced_sex_jittering,sex,jittering,False,3,TAR_1,A + B,98.17
T1DiabetesGranada,balanced_sex_jittering,sex,jittering,False,3,TAR_1,RMSE,43.11
T1DiabetesGranada,balanced_sex_jittering,sex,jittering,False,3,TAR_1,MSE,1858.51
T1DiabetesGranada,balanced_sex_jittering,sex,jittering,False,3,TAR_1,MAE,33.71
T1DiabetesGranada,balanced_sex_jittering,sex,jittering,False,3,TAR_1,MAPE,0.16
T1DiabetesGranada,balanced_sex_jittering,sex,jittering,False,3,TAR_2,A,62.96
T1DiabetesGranada,balanced_sex_jittering,sex,jittering,False,3,TAR_2,B,29.18
T1DiabetesGranada,balanced_sex_jittering,sex,jittering,False,3,TAR_2,C,0.01
T1DiabetesGranada,balanced_sex_jittering,sex,jittering,False,3,TAR_2,D,7.85
T1DiabetesGranada,balanced_sex_jittering,sex,jittering,False,3,TAR_2,E,0.0
T1DiabetesGranada,balanced_sex_jittering,sex,jittering,False,3,TAR_2,A + B,92.14
T1DiabetesGranada,balanced_sex_jittering,sex,jittering,False,3,TAR_2,RMSE,64.56
T1DiabetesGranada,balanced_sex_jittering,sex,jittering,False,3,TAR_2,MSE,4167.87
T1DiabetesGranada,balanced_sex_jittering,sex,jittering,False,3,TAR_2,MAE,53.97
T1DiabetesGranada,balanced_sex_jittering,sex,jittering,False,3,TAR_2,MAPE,0.18
T1DiabetesGranada,balanced_sex_jittering,sex,jittering,False,3,ENTIRE,A,69.1
T1DiabetesGranada,balanced_sex_jittering,sex,jittering,False,3,ENTIRE,B,26.01
T1DiabetesGranada,balanced_sex_jittering,sex,jittering,False,3,ENTIRE,C,0.14
T1DiabetesGranada,balanced_sex_jittering,sex,jittering,False,3,ENTIRE,D,4.73
T1DiabetesGranada,balanced_sex_jittering,sex,jittering,False,3,ENTIRE,E,0.03
T1DiabetesGranada,balanced_sex_jittering,sex,jittering,False,3,ENTIRE,A + B,95.11
T1DiabetesGranada,balanced_sex_jittering,sex,jittering,False,3,ENTIRE,RMSE,36.8
T1DiabetesGranada,balanced_sex_jittering,sex,jittering,False,3,ENTIRE,MSE,1353.99
T1DiabetesGranada,balanced_sex_jittering,sex,jittering,False,3,ENTIRE,MAE,26.6
T1DiabetesGranada,balanced_sex_jittering,sex,jittering,False,3,ENTIRE,MAPE,0.17
T1DiabetesGranada,balanced_sex_jittering,sex,jittering,False,4,TBR_2,A,18.85
T1DiabetesGranada,balanced_sex_jittering,sex,jittering,False,4,TBR_2,B,0.0
T1DiabetesGranada,balanced_sex_jittering,sex,jittering,False,4,TBR_2,C,0.0
T1DiabetesGranada,balanced_sex_jittering,sex,jittering,False,4,TBR_2,D,80.84
T1DiabetesGranada,balanced_sex_jittering,sex,jittering,False,4,TBR_2,E,0.31
T1DiabetesGranada,balanced_sex_jittering,sex,jittering,False,4,TBR_2,A + B,18.85
T1DiabetesGranada,balanced_sex_jittering,sex,jittering,False,4,TBR_2,RMSE,38.91
T1DiabetesGranada,balanced_sex_jittering,sex,jittering,False,4,TBR_2,MSE,1513.88
T1DiabetesGranada,balanced_sex_jittering,sex,jittering,False,4,TBR_2,MAE,34.75
T1DiabetesGranada,balanced_sex_jittering,sex,jittering,False,4,TBR_2,MAPE,0.73
T1DiabetesGranada,balanced_sex_jittering,sex,jittering,False,4,TBR_1,A,12.62
T1DiabetesGranada,balanced_sex_jittering,sex,jittering,False,4,TBR_1,B,0.0
T1DiabetesGranada,balanced_sex_jittering,sex,jittering,False,4,TBR_1,C,0.0
T1DiabetesGranada,balanced_sex_jittering,sex,jittering,False,4,TBR_1,D,86.9
T1DiabetesGranada,balanced_sex_jittering,sex,jittering,False,4,TBR_1,E,0.48
T1DiabetesGranada,balanced_sex_jittering,sex,jittering,False,4,TBR_1,A + B,12.62
T1DiabetesGranada,balanced_sex_jittering,sex,jittering,False,4,TBR_1,RMSE,35.25
T1DiabetesGranada,balanced_sex_jittering,sex,jittering,False,4,TBR_1,MSE,1242.44
T1DiabetesGranada,balanced_sex_jittering,sex,jittering,False,4,TBR_1,MAE,30.06
T1DiabetesGranada,balanced_sex_jittering,sex,jittering,False,4,TBR_1,MAPE,0.49
T1DiabetesGranada,balanced_sex_jittering,sex,jittering,False,4,TIR,A,72.29
T1DiabetesGranada,balanced_sex_jittering,sex,jittering,False,4,TIR,B,27.5
T1DiabetesGranada,balanced_sex_jittering,sex,jittering,False,4,TIR,C,0.22
T1DiabetesGranada,balanced_sex_jittering,sex,jittering,False,4,TIR,D,0.0
T1DiabetesGranada,balanced_sex_jittering,sex,jittering,False,4,TIR,E,0.0
T1DiabetesGranada,balanced_sex_jittering,sex,jittering,False,4,TIR,A + B,99.79
T1DiabetesGranada,balanced_sex_jittering,sex,jittering,False,4,TIR,RMSE,26.5
T1DiabetesGranada,balanced_sex_jittering,sex,jittering,False,4,TIR,MSE,702.17
T1DiabetesGranada,balanced_sex_jittering,sex,jittering,False,4,TIR,MAE,19.28
T1DiabetesGranada,balanced_sex_jittering,sex,jittering,False,4,TIR,MAPE,0.16
T1DiabetesGranada,balanced_sex_jittering,sex,jittering,False,4,TAR_1,A,69.33
T1DiabetesGranada,balanced_sex_jittering,sex,jittering,False,4,TAR_1,B,28.67
T1DiabetesGranada,balanced_sex_jittering,sex,jittering,False,4,TAR_1,C,0.04
T1DiabetesGranada,balanced_sex_jittering,sex,jittering,False,4,TAR_1,D,1.93
T1DiabetesGranada,balanced_sex_jittering,sex,jittering,False,4,TAR_1,E,0.03
T1DiabetesGranada,balanced_sex_jittering,sex,jittering,False,4,TAR_1,A + B,98.0
T1DiabetesGranada,balanced_sex_jittering,sex,jittering,False,4,TAR_1,RMSE,43.74
T1DiabetesGranada,balanced_sex_jittering,sex,jittering,False,4,TAR_1,MSE,1913.04
T1DiabetesGranada,balanced_sex_jittering,sex,jittering,False,4,TAR_1,MAE,34.41
T1DiabetesGranada,balanced_sex_jittering,sex,jittering,False,4,TAR_1,MAPE,0.16
T1DiabetesGranada,balanced_sex_jittering,sex,jittering,False,4,TAR_2,A,61.71
T1DiabetesGranada,balanced_sex_jittering,sex,jittering,False,4,TAR_2,B,29.95
T1DiabetesGranada,balanced_sex_jittering,sex,jittering,False,4,TAR_2,C,0.01
T1DiabetesGranada,balanced_sex_jittering,sex,jittering,False,4,TAR_2,D,8.33
T1DiabetesGranada,balanced_sex_jittering,sex,jittering,False,4,TAR_2,E,0.0
T1DiabetesGranada,balanced_sex_jittering,sex,jittering,False,4,TAR_2,A + B,91.66
T1DiabetesGranada,balanced_sex_jittering,sex,jittering,False,4,TAR_2,RMSE,65.56
T1DiabetesGranada,balanced_sex_jittering,sex,jittering,False,4,TAR_2,MSE,4298.43
T1DiabetesGranada,balanced_sex_jittering,sex,jittering,False,4,TAR_2,MAE,55.29
T1DiabetesGranada,balanced_sex_jittering,sex,jittering,False,4,TAR_2,MAPE,0.19
T1DiabetesGranada,balanced_sex_jittering,sex,jittering,False,4,ENTIRE,A,67.69
T1DiabetesGranada,balanced_sex_jittering,sex,jittering,False,4,ENTIRE,B,26.83
T1DiabetesGranada,balanced_sex_jittering,sex,jittering,False,4,ENTIRE,C,0.14
T1DiabetesGranada,balanced_sex_jittering,sex,jittering,False,4,ENTIRE,D,5.31
T1DiabetesGranada,balanced_sex_jittering,sex,jittering,False,4,ENTIRE,E,0.03
T1DiabetesGranada,balanced_sex_jittering,sex,jittering,False,4,ENTIRE,A + B,94.52
T1DiabetesGranada,balanced_sex_jittering,sex,jittering,False,4,ENTIRE,RMSE,37.97
T1DiabetesGranada,balanced_sex_jittering,sex,jittering,False,4,ENTIRE,MSE,1441.7
T1DiabetesGranada,balanced_sex_jittering,sex,jittering,False,4,ENTIRE,MAE,27.68
T1DiabetesGranada,balanced_sex_jittering,sex,jittering,False,4,ENTIRE,MAPE,0.18
T1DiabetesGranada,balanced_sex_jittering,sex,jittering,False,5,TBR_2,A,14.83
T1DiabetesGranada,balanced_sex_jittering,sex,jittering,False,5,TBR_2,B,0.0
T1DiabetesGranada,balanced_sex_jittering,sex,jittering,False,5,TBR_2,C,0.0
T1DiabetesGranada,balanced_sex_jittering,sex,jittering,False,5,TBR_2,D,84.77
T1DiabetesGranada,balanced_sex_jittering,sex,jittering,False,5,TBR_2,E,0.4
T1DiabetesGranada,balanced_sex_jittering,sex,jittering,False,5,TBR_2,A + B,14.83
T1DiabetesGranada,balanced_sex_jittering,sex,jittering,False,5,TBR_2,RMSE,42.09
T1DiabetesGranada,balanced_sex_jittering,sex,jittering,False,5,TBR_2,MSE,1771.3
T1DiabetesGranada,balanced_sex_jittering,sex,jittering,False,5,TBR_2,MAE,37.78
T1DiabetesGranada,balanced_sex_jittering,sex,jittering,False,5,TBR_2,MAPE,0.79
T1DiabetesGranada,balanced_sex_jittering,sex,jittering,False,5,TBR_1,A,10.07
T1DiabetesGranada,balanced_sex_jittering,sex,jittering,False,5,TBR_1,B,0.0
T1DiabetesGranada,balanced_sex_jittering,sex,jittering,False,5,TBR_1,C,0.0
T1DiabetesGranada,balanced_sex_jittering,sex,jittering,False,5,TBR_1,D,89.35
T1DiabetesGranada,balanced_sex_jittering,sex,jittering,False,5,TBR_1,E,0.58
T1DiabetesGranada,balanced_sex_jittering,sex,jittering,False,5,TBR_1,A + B,10.07
T1DiabetesGranada,balanced_sex_jittering,sex,jittering,False,5,TBR_1,RMSE,37.67
T1DiabetesGranada,balanced_sex_jittering,sex,jittering,False,5,TBR_1,MSE,1419.39
T1DiabetesGranada,balanced_sex_jittering,sex,jittering,False,5,TBR_1,MAE,32.29
T1DiabetesGranada,balanced_sex_jittering,sex,jittering,False,5,TBR_1,MAPE,0.53
T1DiabetesGranada,balanced_sex_jittering,sex,jittering,False,5,TIR,A,71.08
T1DiabetesGranada,balanced_sex_jittering,sex,jittering,False,5,TIR,B,28.67
T1DiabetesGranada,balanced_sex_jittering,sex,jittering,False,5,TIR,C,0.25
T1DiabetesGranada,balanced_sex_jittering,sex,jittering,False,5,TIR,D,0.0
T1DiabetesGranada,balanced_sex_jittering,sex,jittering,False,5,TIR,E,0.0
T1DiabetesGranada,balanced_sex_jittering,sex,jittering,False,5,TIR,A + B,99.75
T1DiabetesGranada,balanced_sex_jittering,sex,jittering,False,5,TIR,RMSE,26.96
T1DiabetesGranada,balanced_sex_jittering,sex,jittering,False,5,TIR,MSE,727.11
T1DiabetesGranada,balanced_sex_jittering,sex,jittering,False,5,TIR,MAE,19.65
T1DiabetesGranada,balanced_sex_jittering,sex,jittering,False,5,TIR,MAPE,0.16
T1DiabetesGranada,balanced_sex_jittering,sex,jittering,False,5,TAR_1,A,69.69
T1DiabetesGranada,balanced_sex_jittering,sex,jittering,False,5,TAR_1,B,28.43
T1DiabetesGranada,balanced_sex_jittering,sex,jittering,False,5,TAR_1,C,0.06
T1DiabetesGranada,balanced_sex_jittering,sex,jittering,False,5,TAR_1,D,1.8
T1DiabetesGranada,balanced_sex_jittering,sex,jittering,False,5,TAR_1,E,0.03
T1DiabetesGranada,balanced_sex_jittering,sex,jittering,False,5,TAR_1,A + B,98.12
T1DiabetesGranada,balanced_sex_jittering,sex,jittering,False,5,TAR_1,RMSE,43.6
T1DiabetesGranada,balanced_sex_jittering,sex,jittering,False,5,TAR_1,MSE,1901.04
T1DiabetesGranada,balanced_sex_jittering,sex,jittering,False,5,TAR_1,MAE,34.27
T1DiabetesGranada,balanced_sex_jittering,sex,jittering,False,5,TAR_1,MAPE,0.16
T1DiabetesGranada,balanced_sex_jittering,sex,jittering,False,5,TAR_2,A,61.6
T1DiabetesGranada,balanced_sex_jittering,sex,jittering,False,5,TAR_2,B,30.31
T1DiabetesGranada,balanced_sex_jittering,sex,jittering,False,5,TAR_2,C,0.03
T1DiabetesGranada,balanced_sex_jittering,sex,jittering,False,5,TAR_2,D,8.07
T1DiabetesGranada,balanced_sex_jittering,sex,jittering,False,5,TAR_2,E,0.0
T1DiabetesGranada,balanced_sex_jittering,sex,jittering,False,5,TAR_2,A + B,91.91
T1DiabetesGranada,balanced_sex_jittering,sex,jittering,False,5,TAR_2,RMSE,66.36
T1DiabetesGranada,balanced_sex_jittering,sex,jittering,False,5,TAR_2,MSE,4404.19
T1DiabetesGranada,balanced_sex_jittering,sex,jittering,False,5,TAR_2,MAE,55.63
T1DiabetesGranada,balanced_sex_jittering,sex,jittering,False,5,TAR_2,MAPE,0.19
T1DiabetesGranada,balanced_sex_jittering,sex,jittering,False,5,ENTIRE,A,66.61
T1DiabetesGranada,balanced_sex_jittering,sex,jittering,False,5,ENTIRE,B,27.26
T1DiabetesGranada,balanced_sex_jittering,sex,jittering,False,5,ENTIRE,C,0.17
T1DiabetesGranada,balanced_sex_jittering,sex,jittering,False,5,ENTIRE,D,5.93
T1DiabetesGranada,balanced_sex_jittering,sex,jittering,False,5,ENTIRE,E,0.04
T1DiabetesGranada,balanced_sex_jittering,sex,jittering,False,5,ENTIRE,A + B,93.87
T1DiabetesGranada,balanced_sex_jittering,sex,jittering,False,5,ENTIRE,RMSE,37.57
T1DiabetesGranada,balanced_sex_jittering,sex,jittering,False,5,ENTIRE,MSE,1411.23
T1DiabetesGranada,balanced_sex_jittering,sex,jittering,False,5,ENTIRE,MAE,27.39
T1DiabetesGranada,balanced_sex_jittering,sex,jittering,False,5,ENTIRE,MAPE,0.19
T1DiabetesGranada,balanced_sex_oversampling,sex,oversampling,False,1,TBR_2,A,18.41
T1DiabetesGranada,balanced_sex_oversampling,sex,oversampling,False,1,TBR_2,B,0.0
T1DiabetesGranada,balanced_sex_oversampling,sex,oversampling,False,1,TBR_2,C,0.0
T1DiabetesGranada,balanced_sex_oversampling,sex,oversampling,False,1,TBR_2,D,81.18
T1DiabetesGranada,balanced_sex_oversampling,sex,oversampling,False,1,TBR_2,E,0.41
T1DiabetesGranada,balanced_sex_oversampling,sex,oversampling,False,1,TBR_2,A + B,18.41
T1DiabetesGranada,balanced_sex_oversampling,sex,oversampling,False,1,TBR_2,RMSE,38.8
T1DiabetesGranada,balanced_sex_oversampling,sex,oversampling,False,1,TBR_2,MSE,1505.76
T1DiabetesGranada,balanced_sex_oversampling,sex,oversampling,False,1,TBR_2,MAE,34.34
T1DiabetesGranada,balanced_sex_oversampling,sex,oversampling,False,1,TBR_2,MAPE,0.71
T1DiabetesGranada,balanced_sex_oversampling,sex,oversampling,False,1,TBR_1,A,11.62
T1DiabetesGranada,balanced_sex_oversampling,sex,oversampling,False,1,TBR_1,B,0.0
T1DiabetesGranada,balanced_sex_oversampling,sex,oversampling,False,1,TBR_1,C,0.0
T1DiabetesGranada,balanced_sex_oversampling,sex,oversampling,False,1,TBR_1,D,87.84
T1DiabetesGranada,balanced_sex_oversampling,sex,oversampling,False,1,TBR_1,E,0.54
T1DiabetesGranada,balanced_sex_oversampling,sex,oversampling,False,1,TBR_1,A + B,11.62
T1DiabetesGranada,balanced_sex_oversampling,sex,oversampling,False,1,TBR_1,RMSE,35.24
T1DiabetesGranada,balanced_sex_oversampling,sex,oversampling,False,1,TBR_1,MSE,1242.06
T1DiabetesGranada,balanced_sex_oversampling,sex,oversampling,False,1,TBR_1,MAE,29.78
T1DiabetesGranada,balanced_sex_oversampling,sex,oversampling,False,1,TBR_1,MAPE,0.49
T1DiabetesGranada,balanced_sex_oversampling,sex,oversampling,False,1,TIR,A,70.88
T1DiabetesGranada,balanced_sex_oversampling,sex,oversampling,False,1,TIR,B,28.82
T1DiabetesGranada,balanced_sex_oversampling,sex,oversampling,False,1,TIR,C,0.3
T1DiabetesGranada,balanced_sex_oversampling,sex,oversampling,False,1,TIR,D,0.0
T1DiabetesGranada,balanced_sex_oversampling,sex,oversampling,False,1,TIR,E,0.0
T1DiabetesGranada,balanced_sex_oversampling,sex,oversampling,False,1,TIR,A + B,99.7
T1DiabetesGranada,balanced_sex_oversampling,sex,oversampling,False,1,TIR,RMSE,27.54
T1DiabetesGranada,balanced_sex_oversampling,sex,oversampling,False,1,TIR,MSE,758.72
T1DiabetesGranada,balanced_sex_oversampling,sex,oversampling,False,1,TIR,MAE,19.96
T1DiabetesGranada,balanced_sex_oversampling,sex,oversampling,False,1,TIR,MAPE,0.16
T1DiabetesGranada,balanced_sex_oversampling,sex,oversampling,False,1,TAR_1,A,70.21
T1DiabetesGranada,balanced_sex_oversampling,sex,oversampling,False,1,TAR_1,B,27.8
T1DiabetesGranada,balanced_sex_oversampling,sex,oversampling,False,1,TAR_1,C,0.09
T1DiabetesGranada,balanced_sex_oversampling,sex,oversampling,False,1,TAR_1,D,1.85
T1DiabetesGranada,balanced_sex_oversampling,sex,oversampling,False,1,TAR_1,E,0.04
T1DiabetesGranada,balanced_sex_oversampling,sex,oversampling,False,1,TAR_1,A + B,98.01
T1DiabetesGranada,balanced_sex_oversampling,sex,oversampling,False,1,TAR_1,RMSE,43.64
T1DiabetesGranada,balanced_sex_oversampling,sex,oversampling,False,1,TAR_1,MSE,1904.76
T1DiabetesGranada,balanced_sex_oversampling,sex,oversampling,False,1,TAR_1,MAE,34.0
T1DiabetesGranada,balanced_sex_oversampling,sex,oversampling,False,1,TAR_1,MAPE,0.16
T1DiabetesGranada,balanced_sex_oversampling,sex,oversampling,False,1,TAR_2,A,60.03
T1DiabetesGranada,balanced_sex_oversampling,sex,oversampling,False,1,TAR_2,B,32.4
T1DiabetesGranada,balanced_sex_oversampling,sex,oversampling,False,1,TAR_2,C,0.03
T1DiabetesGranada,balanced_sex_oversampling,sex,oversampling,False,1,TAR_2,D,7.53
T1DiabetesGranada,balanced_sex_oversampling,sex,oversampling,False,1,TAR_2,E,0.0
T1DiabetesGranada,balanced_sex_oversampling,sex,oversampling,False,1,TAR_2,A + B,92.43
T1DiabetesGranada,balanced_sex_oversampling,sex,oversampling,False,1,TAR_2,RMSE,68.58
T1DiabetesGranada,balanced_sex_oversampling,sex,oversampling,False,1,TAR_2,MSE,4702.54
T1DiabetesGranada,balanced_sex_oversampling,sex,oversampling,False,1,TAR_2,MAE,58.03
T1DiabetesGranada,balanced_sex_oversampling,sex,oversampling,False,1,TAR_2,MAPE,0.19
T1DiabetesGranada,balanced_sex_oversampling,sex,oversampling,False,1,ENTIRE,A,66.58
T1DiabetesGranada,balanced_sex_oversampling,sex,oversampling,False,1,ENTIRE,B,27.63
T1DiabetesGranada,balanced_sex_oversampling,sex,oversampling,False,1,ENTIRE,C,0.2
T1DiabetesGranada,balanced_sex_oversampling,sex,oversampling,False,1,ENTIRE,D,5.55
T1DiabetesGranada,balanced_sex_oversampling,sex,oversampling,False,1,ENTIRE,E,0.04
T1DiabetesGranada,balanced_sex_oversampling,sex,oversampling,False,1,ENTIRE,A + B,94.21
T1DiabetesGranada,balanced_sex_oversampling,sex,oversampling,False,1,ENTIRE,RMSE,39.32
T1DiabetesGranada,balanced_sex_oversampling,sex,oversampling,False,1,ENTIRE,MSE,1546.38
T1DiabetesGranada,balanced_sex_oversampling,sex,oversampling,False,1,ENTIRE,MAE,28.54
T1DiabetesGranada,balanced_sex_oversampling,sex,oversampling,False,1,ENTIRE,MAPE,0.18
T1DiabetesGranada,balanced_sex_oversampling,sex,oversampling,False,2,TBR_2,A,16.25
T1DiabetesGranada,balanced_sex_oversampling,sex,oversampling,False,2,TBR_2,B,0.0
T1DiabetesGranada,balanced_sex_oversampling,sex,oversampling,False,2,TBR_2,C,0.0
T1DiabetesGranada,balanced_sex_oversampling,sex,oversampling,False,2,TBR_2,D,83.47
T1DiabetesGranada,balanced_sex_oversampling,sex,oversampling,False,2,TBR_2,E,0.27
T1DiabetesGranada,balanced_sex_oversampling,sex,oversampling,False,2,TBR_2,A + B,16.25
T1DiabetesGranada,balanced_sex_oversampling,sex,oversampling,False,2,TBR_2,RMSE,38.16
T1DiabetesGranada,balanced_sex_oversampling,sex,oversampling,False,2,TBR_2,MSE,1455.88
T1DiabetesGranada,balanced_sex_oversampling,sex,oversampling,False,2,TBR_2,MAE,34.47
T1DiabetesGranada,balanced_sex_oversampling,sex,oversampling,False,2,TBR_2,MAPE,0.73
T1DiabetesGranada,balanced_sex_oversampling,sex,oversampling,False,2,TBR_1,A,12.89
T1DiabetesGranada,balanced_sex_oversampling,sex,oversampling,False,2,TBR_1,B,0.0
T1DiabetesGranada,balanced_sex_oversampling,sex,oversampling,False,2,TBR_1,C,0.0
T1DiabetesGranada,balanced_sex_oversampling,sex,oversampling,False,2,TBR_1,D,86.67
T1DiabetesGranada,balanced_sex_oversampling,sex,oversampling,False,2,TBR_1,E,0.44
T1DiabetesGranada,balanced_sex_oversampling,sex,oversampling,False,2,TBR_1,A + B,12.89
T1DiabetesGranada,balanced_sex_oversampling,sex,oversampling,False,2,TBR_1,RMSE,34.41
T1DiabetesGranada,balanced_sex_oversampling,sex,oversampling,False,2,TBR_1,MSE,1184.28
T1DiabetesGranada,balanced_sex_oversampling,sex,oversampling,False,2,TBR_1,MAE,29.41
T1DiabetesGranada,balanced_sex_oversampling,sex,oversampling,False,2,TBR_1,MAPE,0.48
T1DiabetesGranada,balanced_sex_oversampling,sex,oversampling,False,2,TIR,A,72.47
T1DiabetesGranada,balanced_sex_oversampling,sex,oversampling,False,2,TIR,B,27.32
T1DiabetesGranada,balanced_sex_oversampling,sex,oversampling,False,2,TIR,C,0.21
T1DiabetesGranada,balanced_sex_oversampling,sex,oversampling,False,2,TIR,D,0.0
T1DiabetesGranada,balanced_sex_oversampling,sex,oversampling,False,2,TIR,E,0.0
T1DiabetesGranada,balanced_sex_oversampling,sex,oversampling,False,2,TIR,A + B,99.79
T1DiabetesGranada,balanced_sex_oversampling,sex,oversampling,False,2,TIR,RMSE,26.16
T1DiabetesGranada,balanced_sex_oversampling,sex,oversampling,False,2,TIR,MSE,684.21
T1DiabetesGranada,balanced_sex_oversampling,sex,oversampling,False,2,TIR,MAE,19.1
T1DiabetesGranada,balanced_sex_oversampling,sex,oversampling,False,2,TIR,MAPE,0.16
T1DiabetesGranada,balanced_sex_oversampling,sex,oversampling,False,2,TAR_1,A,70.15
T1DiabetesGranada,balanced_sex_oversampling,sex,oversampling,False,2,TAR_1,B,27.91
T1DiabetesGranada,balanced_sex_oversampling,sex,oversampling,False,2,TAR_1,C,0.07
T1DiabetesGranada,balanced_sex_oversampling,sex,oversampling,False,2,TAR_1,D,1.83
T1DiabetesGranada,balanced_sex_oversampling,sex,oversampling,False,2,TAR_1,E,0.04
T1DiabetesGranada,balanced_sex_oversampling,sex,oversampling,False,2,TAR_1,A + B,98.06
T1DiabetesGranada,balanced_sex_oversampling,sex,oversampling,False,2,TAR_1,RMSE,42.99
T1DiabetesGranada,balanced_sex_oversampling,sex,oversampling,False,2,TAR_1,MSE,1847.84
T1DiabetesGranada,balanced_sex_oversampling,sex,oversampling,False,2,TAR_1,MAE,33.99
T1DiabetesGranada,balanced_sex_oversampling,sex,oversampling,False,2,TAR_1,MAPE,0.16
T1DiabetesGranada,balanced_sex_oversampling,sex,oversampling,False,2,TAR_2,A,62.24
T1DiabetesGranada,balanced_sex_oversampling,sex,oversampling,False,2,TAR_2,B,30.77
T1DiabetesGranada,balanced_sex_oversampling,sex,oversampling,False,2,TAR_2,C,0.06
T1DiabetesGranada,balanced_sex_oversampling,sex,oversampling,False,2,TAR_2,D,6.93
T1DiabetesGranada,balanced_sex_oversampling,sex,oversampling,False,2,TAR_2,E,0.0
T1DiabetesGranada,balanced_sex_oversampling,sex,oversampling,False,2,TAR_2,A + B,93.01
T1DiabetesGranada,balanced_sex_oversampling,sex,oversampling,False,2,TAR_2,RMSE,67.13
T1DiabetesGranada,balanced_sex_oversampling,sex,oversampling,False,2,TAR_2,MSE,4506.51
T1DiabetesGranada,balanced_sex_oversampling,sex,oversampling,False,2,TAR_2,MAE,56.65
T1DiabetesGranada,balanced_sex_oversampling,sex,oversampling,False,2,TAR_2,MAPE,0.18
T1DiabetesGranada,balanced_sex_oversampling,sex,oversampling,False,2,ENTIRE,A,67.88
T1DiabetesGranada,balanced_sex_oversampling,sex,oversampling,False,2,ENTIRE,B,26.58
T1DiabetesGranada,balanced_sex_oversampling,sex,oversampling,False,2,ENTIRE,C,0.15
T1DiabetesGranada,balanced_sex_oversampling,sex,oversampling,False,2,ENTIRE,D,5.36
T1DiabetesGranada,balanced_sex_oversampling,sex,oversampling,False,2,ENTIRE,E,0.03
T1DiabetesGranada,balanced_sex_oversampling,sex,oversampling,False,2,ENTIRE,A + B,94.46
T1DiabetesGranada,balanced_sex_oversampling,sex,oversampling,False,2,ENTIRE,RMSE,38.07
T1DiabetesGranada,balanced_sex_oversampling,sex,oversampling,False,2,ENTIRE,MSE,1449.12
T1DiabetesGranada,balanced_sex_oversampling,sex,oversampling,False,2,ENTIRE,MAE,27.7
T1DiabetesGranada,balanced_sex_oversampling,sex,oversampling,False,2,ENTIRE,MAPE,0.18
T1DiabetesGranada,balanced_sex_oversampling,sex,oversampling,False,3,TBR_2,A,6.96
T1DiabetesGranada,balanced_sex_oversampling,sex,oversampling,False,3,TBR_2,B,0.0
T1DiabetesGranada,balanced_sex_oversampling,sex,oversampling,False,3,TBR_2,C,0.0
T1DiabetesGranada,balanced_sex_oversampling,sex,oversampling,False,3,TBR_2,D,92.74
T1DiabetesGranada,balanced_sex_oversampling,sex,oversampling,False,3,TBR_2,E,0.31
T1DiabetesGranada,balanced_sex_oversampling,sex,oversampling,False,3,TBR_2,A + B,6.96
T1DiabetesGranada,balanced_sex_oversampling,sex,oversampling,False,3,TBR_2,RMSE,39.8
T1DiabetesGranada,balanced_sex_oversampling,sex,oversampling,False,3,TBR_2,MSE,1584.28
T1DiabetesGranada,balanced_sex_oversampling,sex,oversampling,False,3,TBR_2,MAE,36.62
T1DiabetesGranada,balanced_sex_oversampling,sex,oversampling,False,3,TBR_2,MAPE,0.76
T1DiabetesGranada,balanced_sex_oversampling,sex,oversampling,False,3,TBR_1,A,5.48
T1DiabetesGranada,balanced_sex_oversampling,sex,oversampling,False,3,TBR_1,B,0.0
T1DiabetesGranada,balanced_sex_oversampling,sex,oversampling,False,3,TBR_1,C,0.0
T1DiabetesGranada,balanced_sex_oversampling,sex,oversampling,False,3,TBR_1,D,94.03
T1DiabetesGranada,balanced_sex_oversampling,sex,oversampling,False,3,TBR_1,E,0.49
T1DiabetesGranada,balanced_sex_oversampling,sex,oversampling,False,3,TBR_1,A + B,5.48
T1DiabetesGranada,balanced_sex_oversampling,sex,oversampling,False,3,TBR_1,RMSE,35.81
T1DiabetesGranada,balanced_sex_oversampling,sex,oversampling,False,3,TBR_1,MSE,1282.23
T1DiabetesGranada,balanced_sex_oversampling,sex,oversampling,False,3,TBR_1,MAE,31.39
T1DiabetesGranada,balanced_sex_oversampling,sex,oversampling,False,3,TBR_1,MAPE,0.51
T1DiabetesGranada,balanced_sex_oversampling,sex,oversampling,False,3,TIR,A,72.8
T1DiabetesGranada,balanced_sex_oversampling,sex,oversampling,False,3,TIR,B,27.01
T1DiabetesGranada,balanced_sex_oversampling,sex,oversampling,False,3,TIR,C,0.19
T1DiabetesGranada,balanced_sex_oversampling,sex,oversampling,False,3,TIR,D,0.0
T1DiabetesGranada,balanced_sex_oversampling,sex,oversampling,False,3,TIR,E,0.0
T1DiabetesGranada,balanced_sex_oversampling,sex,oversampling,False,3,TIR,A + B,99.81
T1DiabetesGranada,balanced_sex_oversampling,sex,oversampling,False,3,TIR,RMSE,25.83
T1DiabetesGranada,balanced_sex_oversampling,sex,oversampling,False,3,TIR,MSE,667.25
T1DiabetesGranada,balanced_sex_oversampling,sex,oversampling,False,3,TIR,MAE,18.82
T1DiabetesGranada,balanced_sex_oversampling,sex,oversampling,False,3,TIR,MAPE,0.15
T1DiabetesGranada,balanced_sex_oversampling,sex,oversampling,False,3,TAR_1,A,70.46
T1DiabetesGranada,balanced_sex_oversampling,sex,oversampling,False,3,TAR_1,B,27.69
T1DiabetesGranada,balanced_sex_oversampling,sex,oversampling,False,3,TAR_1,C,0.04
T1DiabetesGranada,balanced_sex_oversampling,sex,oversampling,False,3,TAR_1,D,1.8
T1DiabetesGranada,balanced_sex_oversampling,sex,oversampling,False,3,TAR_1,E,0.0
T1DiabetesGranada,balanced_sex_oversampling,sex,oversampling,False,3,TAR_1,A + B,98.15
T1DiabetesGranada,balanced_sex_oversampling,sex,oversampling,False,3,TAR_1,RMSE,43.01
T1DiabetesGranada,balanced_sex_oversampling,sex,oversampling,False,3,TAR_1,MSE,1849.56
T1DiabetesGranada,balanced_sex_oversampling,sex,oversampling,False,3,TAR_1,MAE,33.99
T1DiabetesGranada,balanced_sex_oversampling,sex,oversampling,False,3,TAR_1,MAPE,0.16
T1DiabetesGranada,balanced_sex_oversampling,sex,oversampling,False,3,TAR_2,A,60.97
T1DiabetesGranada,balanced_sex_oversampling,sex,oversampling,False,3,TAR_2,B,31.01
T1DiabetesGranada,balanced_sex_oversampling,sex,oversampling,False,3,TAR_2,C,0.01
T1DiabetesGranada,balanced_sex_oversampling,sex,oversampling,False,3,TAR_2,D,8.01
T1DiabetesGranada,balanced_sex_oversampling,sex,oversampling,False,3,TAR_2,E,0.0
T1DiabetesGranada,balanced_sex_oversampling,sex,oversampling,False,3,TAR_2,A + B,91.98
T1DiabetesGranada,balanced_sex_oversampling,sex,oversampling,False,3,TAR_2,RMSE,65.8
T1DiabetesGranada,balanced_sex_oversampling,sex,oversampling,False,3,TAR_2,MSE,4329.65
T1DiabetesGranada,balanced_sex_oversampling,sex,oversampling,False,3,TAR_2,MAE,55.64
T1DiabetesGranada,balanced_sex_oversampling,sex,oversampling,False,3,TAR_2,MAPE,0.19
T1DiabetesGranada,balanced_sex_oversampling,sex,oversampling,False,3,ENTIRE,A,68.07
T1DiabetesGranada,balanced_sex_oversampling,sex,oversampling,False,3,ENTIRE,B,26.42
T1DiabetesGranada,balanced_sex_oversampling,sex,oversampling,False,3,ENTIRE,C,0.13
T1DiabetesGranada,balanced_sex_oversampling,sex,oversampling,False,3,ENTIRE,D,5.36
T1DiabetesGranada,balanced_sex_oversampling,sex,oversampling,False,3,ENTIRE,E,0.02
T1DiabetesGranada,balanced_sex_oversampling,sex,oversampling,False,3,ENTIRE,A + B,94.49
T1DiabetesGranada,balanced_sex_oversampling,sex,oversampling,False,3,ENTIRE,RMSE,36.94
T1DiabetesGranada,balanced_sex_oversampling,sex,oversampling,False,3,ENTIRE,MSE,1364.74
T1DiabetesGranada,balanced_sex_oversampling,sex,oversampling,False,3,ENTIRE,MAE,26.9
T1DiabetesGranada,balanced_sex_oversampling,sex,oversampling,False,3,ENTIRE,MAPE,0.18
T1DiabetesGranada,balanced_sex_oversampling,sex,oversampling,False,4,TBR_2,A,20.96
T1DiabetesGranada,balanced_sex_oversampling,sex,oversampling,False,4,TBR_2,B,0.0
T1DiabetesGranada,balanced_sex_oversampling,sex,oversampling,False,4,TBR_2,C,0.0
T1DiabetesGranada,balanced_sex_oversampling,sex,oversampling,False,4,TBR_2,D,78.74
T1DiabetesGranada,balanced_sex_oversampling,sex,oversampling,False,4,TBR_2,E,0.3
T1DiabetesGranada,balanced_sex_oversampling,sex,oversampling,False,4,TBR_2,A + B,20.96
T1DiabetesGranada,balanced_sex_oversampling,sex,oversampling,False,4,TBR_2,RMSE,38.82
T1DiabetesGranada,balanced_sex_oversampling,sex,oversampling,False,4,TBR_2,MSE,1507.25
T1DiabetesGranada,balanced_sex_oversampling,sex,oversampling,False,4,TBR_2,MAE,34.71
T1DiabetesGranada,balanced_sex_oversampling,sex,oversampling,False,4,TBR_2,MAPE,0.73
T1DiabetesGranada,balanced_sex_oversampling,sex,oversampling,False,4,TBR_1,A,12.94
T1DiabetesGranada,balanced_sex_oversampling,sex,oversampling,False,4,TBR_1,B,0.0
T1DiabetesGranada,balanced_sex_oversampling,sex,oversampling,False,4,TBR_1,C,0.0
T1DiabetesGranada,balanced_sex_oversampling,sex,oversampling,False,4,TBR_1,D,86.56
T1DiabetesGranada,balanced_sex_oversampling,sex,oversampling,False,4,TBR_1,E,0.49
T1DiabetesGranada,balanced_sex_oversampling,sex,oversampling,False,4,TBR_1,A + B,12.94
T1DiabetesGranada,balanced_sex_oversampling,sex,oversampling,False,4,TBR_1,RMSE,35.47
T1DiabetesGranada,balanced_sex_oversampling,sex,oversampling,False,4,TBR_1,MSE,1258.25
T1DiabetesGranada,balanced_sex_oversampling,sex,oversampling,False,4,TBR_1,MAE,30.24
T1DiabetesGranada,balanced_sex_oversampling,sex,oversampling,False,4,TBR_1,MAPE,0.49
T1DiabetesGranada,balanced_sex_oversampling,sex,oversampling,False,4,TIR,A,72.13
T1DiabetesGranada,balanced_sex_oversampling,sex,oversampling,False,4,TIR,B,27.66
T1DiabetesGranada,balanced_sex_oversampling,sex,oversampling,False,4,TIR,C,0.21
T1DiabetesGranada,balanced_sex_oversampling,sex,oversampling,False,4,TIR,D,0.0
T1DiabetesGranada,balanced_sex_oversampling,sex,oversampling,False,4,TIR,E,0.0
T1DiabetesGranada,balanced_sex_oversampling,sex,oversampling,False,4,TIR,A + B,99.79
T1DiabetesGranada,balanced_sex_oversampling,sex,oversampling,False,4,TIR,RMSE,26.59
T1DiabetesGranada,balanced_sex_oversampling,sex,oversampling,False,4,TIR,MSE,707.02
T1DiabetesGranada,balanced_sex_oversampling,sex,oversampling,False,4,TIR,MAE,19.38
T1DiabetesGranada,balanced_sex_oversampling,sex,oversampling,False,4,TIR,MAPE,0.16
T1DiabetesGranada,balanced_sex_oversampling,sex,oversampling,False,4,TAR_1,A,68.98
T1DiabetesGranada,balanced_sex_oversampling,sex,oversampling,False,4,TAR_1,B,28.99
T1DiabetesGranada,balanced_sex_oversampling,sex,oversampling,False,4,TAR_1,C,0.04
T1DiabetesGranada,balanced_sex_oversampling,sex,oversampling,False,4,TAR_1,D,1.95
T1DiabetesGranada,balanced_sex_oversampling,sex,oversampling,False,4,TAR_1,E,0.03
T1DiabetesGranada,balanced_sex_oversampling,sex,oversampling,False,4,TAR_1,A + B,97.97
T1DiabetesGranada,balanced_sex_oversampling,sex,oversampling,False,4,TAR_1,RMSE,44.05
T1DiabetesGranada,balanced_sex_oversampling,sex,oversampling,False,4,TAR_1,MSE,1940.08
T1DiabetesGranada,balanced_sex_oversampling,sex,oversampling,False,4,TAR_1,MAE,34.9
T1DiabetesGranada,balanced_sex_oversampling,sex,oversampling,False,4,TAR_1,MAPE,0.16
T1DiabetesGranada,balanced_sex_oversampling,sex,oversampling,False,4,TAR_2,A,60.69
T1DiabetesGranada,balanced_sex_oversampling,sex,oversampling,False,4,TAR_2,B,30.92
T1DiabetesGranada,balanced_sex_oversampling,sex,oversampling,False,4,TAR_2,C,0.01
T1DiabetesGranada,balanced_sex_oversampling,sex,oversampling,False,4,TAR_2,D,8.38
T1DiabetesGranada,balanced_sex_oversampling,sex,oversampling,False,4,TAR_2,E,0.0
T1DiabetesGranada,balanced_sex_oversampling,sex,oversampling,False,4,TAR_2,A + B,91.61
T1DiabetesGranada,balanced_sex_oversampling,sex,oversampling,False,4,TAR_2,RMSE,66.02
T1DiabetesGranada,balanced_sex_oversampling,sex,oversampling,False,4,TAR_2,MSE,4358.68
T1DiabetesGranada,balanced_sex_oversampling,sex,oversampling,False,4,TAR_2,MAE,55.86
T1DiabetesGranada,balanced_sex_oversampling,sex,oversampling,False,4,TAR_2,MAPE,0.19
T1DiabetesGranada,balanced_sex_oversampling,sex,oversampling,False,4,ENTIRE,A,67.43
T1DiabetesGranada,balanced_sex_oversampling,sex,oversampling,False,4,ENTIRE,B,27.11
T1DiabetesGranada,balanced_sex_oversampling,sex,oversampling,False,4,ENTIRE,C,0.14
T1DiabetesGranada,balanced_sex_oversampling,sex,oversampling,False,4,ENTIRE,D,5.29
T1DiabetesGranada,balanced_sex_oversampling,sex,oversampling,False,4,ENTIRE,E,0.03
T1DiabetesGranada,balanced_sex_oversampling,sex,oversampling,False,4,ENTIRE,A + B,94.54
T1DiabetesGranada,balanced_sex_oversampling,sex,oversampling,False,4,ENTIRE,RMSE,38.19
T1DiabetesGranada,balanced_sex_oversampling,sex,oversampling,False,4,ENTIRE,MSE,1458.68
T1DiabetesGranada,balanced_sex_oversampling,sex,oversampling,False,4,ENTIRE,MAE,27.94
T1DiabetesGranada,balanced_sex_oversampling,sex,oversampling,False,4,ENTIRE,MAPE,0.18
T1DiabetesGranada,balanced_sex_oversampling,sex,oversampling,False,5,TBR_2,A,16.49
T1DiabetesGranada,balanced_sex_oversampling,sex,oversampling,False,5,TBR_2,B,0.0
T1DiabetesGranada,balanced_sex_oversampling,sex,oversampling,False,5,TBR_2,C,0.0
T1DiabetesGranada,balanced_sex_oversampling,sex,oversampling,False,5,TBR_2,D,83.1
T1DiabetesGranada,balanced_sex_oversampling,sex,oversampling,False,5,TBR_2,E,0.41
T1DiabetesGranada,balanced_sex_oversampling,sex,oversampling,False,5,TBR_2,A + B,16.49
T1DiabetesGranada,balanced_sex_oversampling,sex,oversampling,False,5,TBR_2,RMSE,41.93
T1DiabetesGranada,balanced_sex_oversampling,sex,oversampling,False,5,TBR_2,MSE,1757.79
T1DiabetesGranada,balanced_sex_oversampling,sex,oversampling,False,5,TBR_2,MAE,37.27
T1DiabetesGranada,balanced_sex_oversampling,sex,oversampling,False,5,TBR_2,MAPE,0.78
T1DiabetesGranada,balanced_sex_oversampling,sex,oversampling,False,5,TBR_1,A,11.01
T1DiabetesGranada,balanced_sex_oversampling,sex,oversampling,False,5,TBR_1,B,0.0
T1DiabetesGranada,balanced_sex_oversampling,sex,oversampling,False,5,TBR_1,C,0.0
T1DiabetesGranada,balanced_sex_oversampling,sex,oversampling,False,5,TBR_1,D,88.4
T1DiabetesGranada,balanced_sex_oversampling,sex,oversampling,False,5,TBR_1,E,0.59
T1DiabetesGranada,balanced_sex_oversampling,sex,oversampling,False,5,TBR_1,A + B,11.01
T1DiabetesGranada,balanced_sex_oversampling,sex,oversampling,False,5,TBR_1,RMSE,37.78
T1DiabetesGranada,balanced_sex_oversampling,sex,oversampling,False,5,TBR_1,MSE,1426.95
T1DiabetesGranada,balanced_sex_oversampling,sex,oversampling,False,5,TBR_1,MAE,32.23
T1DiabetesGranada,balanced_sex_oversampling,sex,oversampling,False,5,TBR_1,MAPE,0.52
T1DiabetesGranada,balanced_sex_oversampling,sex,oversampling,False,5,TIR,A,70.97
T1DiabetesGranada,balanced_sex_oversampling,sex,oversampling,False,5,TIR,B,28.78
T1DiabetesGranada,balanced_sex_oversampling,sex,oversampling,False,5,TIR,C,0.25
T1DiabetesGranada,balanced_sex_oversampling,sex,oversampling,False,5,TIR,D,0.0
T1DiabetesGranada,balanced_sex_oversampling,sex,oversampling,False,5,TIR,E,0.0
T1DiabetesGranada,balanced_sex_oversampling,sex,oversampling,False,5,TIR,A + B,99.75
T1DiabetesGranada,balanced_sex_oversampling,sex,oversampling,False,5,TIR,RMSE,26.98
T1DiabetesGranada,balanced_sex_oversampling,sex,oversampling,False,5,TIR,MSE,728.02
T1DiabetesGranada,balanced_sex_oversampling,sex,oversampling,False,5,TIR,MAE,19.67
T1DiabetesGranada,balanced_sex_oversampling,sex,oversampling,False,5,TIR,MAPE,0.16
T1DiabetesGranada,balanced_sex_oversampling,sex,oversampling,False,5,TAR_1,A,69.74
T1DiabetesGranada,balanced_sex_oversampling,sex,oversampling,False,5,TAR_1,B,28.38
T1DiabetesGranada,balanced_sex_oversampling,sex,oversampling,False,5,TAR_1,C,0.06
T1DiabetesGranada,balanced_sex_oversampling,sex,oversampling,False,5,TAR_1,D,1.8
T1DiabetesGranada,balanced_sex_oversampling,sex,oversampling,False,5,TAR_1,E,0.03
T1DiabetesGranada,balanced_sex_oversampling,sex,oversampling,False,5,TAR_1,A + B,98.12
T1DiabetesGranada,balanced_sex_oversampling,sex,oversampling,False,5,TAR_1,RMSE,43.44
T1DiabetesGranada,balanced_sex_oversampling,sex,oversampling,False,5,TAR_1,MSE,1887.42
T1DiabetesGranada,balanced_sex_oversampling,sex,oversampling,False,5,TAR_1,MAE,34.13
T1DiabetesGranada,balanced_sex_oversampling,sex,oversampling,False,5,TAR_1,MAPE,0.16
T1DiabetesGranada,balanced_sex_oversampling,sex,oversampling,False,5,TAR_2,A,60.93
T1DiabetesGranada,balanced_sex_oversampling,sex,oversampling,False,5,TAR_2,B,30.98
T1DiabetesGranada,balanced_sex_oversampling,sex,oversampling,False,5,TAR_2,C,0.02
T1DiabetesGranada,balanced_sex_oversampling,sex,oversampling,False,5,TAR_2,D,8.07
T1DiabetesGranada,balanced_sex_oversampling,sex,oversampling,False,5,TAR_2,E,0.0
T1DiabetesGranada,balanced_sex_oversampling,sex,oversampling,False,5,TAR_2,A + B,91.91
T1DiabetesGranada,balanced_sex_oversampling,sex,oversampling,False,5,TAR_2,RMSE,66.81
T1DiabetesGranada,balanced_sex_oversampling,sex,oversampling,False,5,TAR_2,MSE,4464.07
T1DiabetesGranada,balanced_sex_oversampling,sex,oversampling,False,5,TAR_2,MAE,56.29
T1DiabetesGranada,balanced_sex_oversampling,sex,oversampling,False,5,TAR_2,MAPE,0.19
T1DiabetesGranada,balanced_sex_oversampling,sex,oversampling,False,5,ENTIRE,A,66.54
T1DiabetesGranada,balanced_sex_oversampling,sex,oversampling,False,5,ENTIRE,B,27.38
T1DiabetesGranada,balanced_sex_oversampling,sex,oversampling,False,5,ENTIRE,C,0.17
T1DiabetesGranada,balanced_sex_oversampling,sex,oversampling,False,5,ENTIRE,D,5.87
T1DiabetesGranada,balanced_sex_oversampling,sex,oversampling,False,5,ENTIRE,E,0.04
T1DiabetesGranada,balanced_sex_oversampling,sex,oversampling,False,5,ENTIRE,A + B,93.92
T1DiabetesGranada,balanced_sex_oversampling,sex,oversampling,False,5,ENTIRE,RMSE,37.62
T1DiabetesGranada,balanced_sex_oversampling,sex,oversampling,False,5,ENTIRE,MSE,1414.96
T1DiabetesGranada,balanced_sex_oversampling,sex,oversampling,False,5,ENTIRE,MAE,27.43
T1DiabetesGranada,balanced_sex_oversampling,sex,oversampling,False,5,ENTIRE,MAPE,0.19
T1DiabetesGranada,balanced_sex_patient_aware_undersampling,sex,patient_aware_undersampling,False,1,TBR_2,A,20.99
T1DiabetesGranada,balanced_sex_patient_aware_undersampling,sex,patient_aware_undersampling,False,1,TBR_2,B,0.0
T1DiabetesGranada,balanced_sex_patient_aware_undersampling,sex,patient_aware_undersampling,False,1,TBR_2,C,0.0
T1DiabetesGranada,balanced_sex_patient_aware_undersampling,sex,patient_aware_undersampling,False,1,TBR_2,D,78.62
T1DiabetesGranada,balanced_sex_patient_aware_undersampling,sex,patient_aware_undersampling,False,1,TBR_2,E,0.4
T1DiabetesGranada,balanced_sex_patient_aware_undersampling,sex,patient_aware_undersampling,False,1,TBR_2,A + B,20.99
T1DiabetesGranada,balanced_sex_patient_aware_undersampling,sex,patient_aware_undersampling,False,1,TBR_2,RMSE,38.97
T1DiabetesGranada,balanced_sex_patient_aware_undersampling,sex,patient_aware_undersampling,False,1,TBR_2,MSE,1518.84
T1DiabetesGranada,balanced_sex_patient_aware_undersampling,sex,patient_aware_undersampling,False,1,TBR_2,MAE,34.4
T1DiabetesGranada,balanced_sex_patient_aware_undersampling,sex,patient_aware_undersampling,False,1,TBR_2,MAPE,0.72
T1DiabetesGranada,balanced_sex_patient_aware_undersampling,sex,patient_aware_undersampling,False,1,TBR_1,A,14.65
T1DiabetesGranada,balanced_sex_patient_aware_undersampling,sex,patient_aware_undersampling,False,1,TBR_1,B,0.0
T1DiabetesGranada,balanced_sex_patient_aware_undersampling,sex,patient_aware_undersampling,False,1,TBR_1,C,0.0
T1DiabetesGranada,balanced_sex_patient_aware_undersampling,sex,patient_aware_undersampling,False,1,TBR_1,D,84.84
T1DiabetesGranada,balanced_sex_patient_aware_undersampling,sex,patient_aware_undersampling,False,1,TBR_1,E,0.51
T1DiabetesGranada,balanced_sex_patient_aware_undersampling,sex,patient_aware_undersampling,False,1,TBR_1,A + B,14.65
T1DiabetesGranada,balanced_sex_patient_aware_undersampling,sex,patient_aware_undersampling,False,1,TBR_1,RMSE,35.21
T1DiabetesGranada,balanced_sex_patient_aware_undersampling,sex,patient_aware_undersampling,False,1,TBR_1,MSE,1239.83
T1DiabetesGranada,balanced_sex_patient_aware_undersampling,sex,patient_aware_undersampling,False,1,TBR_1,MAE,29.65
T1DiabetesGranada,balanced_sex_patient_aware_undersampling,sex,patient_aware_undersampling,False,1,TBR_1,MAPE,0.48
T1DiabetesGranada,balanced_sex_patient_aware_undersampling,sex,patient_aware_undersampling,False,1,TIR,A,71.08
T1DiabetesGranada,balanced_sex_patient_aware_undersampling,sex,patient_aware_undersampling,False,1,TIR,B,28.63
T1DiabetesGranada,balanced_sex_patient_aware_undersampling,sex,patient_aware_undersampling,False,1,TIR,C,0.29
T1DiabetesGranada,balanced_sex_patient_aware_undersampling,sex,patient_aware_undersampling,False,1,TIR,D,0.0
T1DiabetesGranada,balanced_sex_patient_aware_undersampling,sex,patient_aware_undersampling,False,1,TIR,E,0.0
T1DiabetesGranada,balanced_sex_patient_aware_undersampling,sex,patient_aware_undersampling,False,1,TIR,A + B,99.71
T1DiabetesGranada,balanced_sex_patient_aware_undersampling,sex,patient_aware_undersampling,False,1,TIR,RMSE,27.41
T1DiabetesGranada,balanced_sex_patient_aware_undersampling,sex,patient_aware_undersampling,False,1,TIR,MSE,751.22
T1DiabetesGranada,balanced_sex_patient_aware_undersampling,sex,patient_aware_undersampling,False,1,TIR,MAE,19.85
T1DiabetesGranada,balanced_sex_patient_aware_undersampling,sex,patient_aware_undersampling,False,1,TIR,MAPE,0.16
T1DiabetesGranada,balanced_sex_patient_aware_undersampling,sex,patient_aware_undersampling,False,1,TAR_1,A,70.03
T1DiabetesGranada,balanced_sex_patient_aware_undersampling,sex,patient_aware_undersampling,False,1,TAR_1,B,27.95
T1DiabetesGranada,balanced_sex_patient_aware_undersampling,sex,patient_aware_undersampling,False,1,TAR_1,C,0.09
T1DiabetesGranada,balanced_sex_patient_aware_undersampling,sex,patient_aware_undersampling,False,1,TAR_1,D,1.88
T1DiabetesGranada,balanced_sex_patient_aware_undersampling,sex,patient_aware_undersampling,False,1,TAR_1,E,0.05
T1DiabetesGranada,balanced_sex_patient_aware_undersampling,sex,patient_aware_undersampling,False,1,TAR_1,A + B,97.98
T1DiabetesGranada,balanced_sex_patient_aware_undersampling,sex,patient_aware_undersampling,False,1,TAR_1,RMSE,43.83
T1DiabetesGranada,balanced_sex_patient_aware_undersampling,sex,patient_aware_undersampling,False,1,TAR_1,MSE,1920.86
T1DiabetesGranada,balanced_sex_patient_aware_undersampling,sex,patient_aware_undersampling,False,1,TAR_1,MAE,34.33
T1DiabetesGranada,balanced_sex_patient_aware_undersampling,sex,patient_aware_undersampling,False,1,TAR_1,MAPE,0.16
T1DiabetesGranada,balanced_sex_patient_aware_undersampling,sex,patient_aware_undersampling,False,1,TAR_2,A,60.34
T1DiabetesGranada,balanced_sex_patient_aware_undersampling,sex,patient_aware_undersampling,False,1,TAR_2,B,31.95
T1DiabetesGranada,balanced_sex_patient_aware_undersampling,sex,patient_aware_undersampling,False,1,TAR_2,C,0.04
T1DiabetesGranada,balanced_sex_patient_aware_undersampling,sex,patient_aware_undersampling,False,1,TAR_2,D,7.65
T1DiabetesGranada,balanced_sex_patient_aware_undersampling,sex,patient_aware_undersampling,False,1,TAR_2,E,0.01
T1DiabetesGranada,balanced_sex_patient_aware_undersampling,sex,patient_aware_undersampling,False,1,TAR_2,A + B,92.29
T1DiabetesGranada,balanced_sex_patient_aware_undersampling,sex,patient_aware_undersampling,False,1,TAR_2,RMSE,68.18
T1DiabetesGranada,balanced_sex_patient_aware_undersampling,sex,patient_aware_undersampling,False,1,TAR_2,MSE,4648.49
T1DiabetesGranada,balanced_sex_patient_aware_undersampling,sex,patient_aware_undersampling,False,1,TAR_2,MAE,57.64
T1DiabetesGranada,balanced_sex_patient_aware_undersampling,sex,patient_aware_undersampling,False,1,TAR_2,MAPE,0.19
T1DiabetesGranada,balanced_sex_patient_aware_undersampling,sex,patient_aware_undersampling,False,1,ENTIRE,A,66.83
T1DiabetesGranada,balanced_sex_patient_aware_undersampling,sex,patient_aware_undersampling,False,1,ENTIRE,B,27.5
T1DiabetesGranada,balanced_sex_patient_aware_undersampling,sex,patient_aware_undersampling,False,1,ENTIRE,C,0.2
T1DiabetesGranada,balanced_sex_patient_aware_undersampling,sex,patient_aware_undersampling,False,1,ENTIRE,D,5.43
T1DiabetesGranada,balanced_sex_patient_aware_undersampling,sex,patient_aware_undersampling,False,1,ENTIRE,E,0.04
T1DiabetesGranada,balanced_sex_patient_aware_undersampling,sex,patient_aware_undersampling,False,1,ENTIRE,A + B,94.33
T1DiabetesGranada,balanced_sex_patient_aware_undersampling,sex,patient_aware_undersampling,False,1,ENTIRE,RMSE,39.23
T1DiabetesGranada,balanced_sex_patient_aware_undersampling,sex,patient_aware_undersampling,False,1,ENTIRE,MSE,1539.1
T1DiabetesGranada,balanced_sex_patient_aware_undersampling,sex,patient_aware_undersampling,False,1,ENTIRE,MAE,28.5
T1DiabetesGranada,balanced_sex_patient_aware_undersampling,sex,patient_aware_undersampling,False,1,ENTIRE,MAPE,0.18
T1DiabetesGranada,balanced_sex_patient_aware_undersampling,sex,patient_aware_undersampling,False,2,TBR_2,A,22.06
T1DiabetesGranada,balanced_sex_patient_aware_undersampling,sex,patient_aware_undersampling,False,2,TBR_2,B,0.0
T1DiabetesGranada,balanced_sex_patient_aware_undersampling,sex,patient_aware_undersampling,False,2,TBR_2,C,0.0
T1DiabetesGranada,balanced_sex_patient_aware_undersampling,sex,patient_aware_undersampling,False,2,TBR_2,D,77.69
T1DiabetesGranada,balanced_sex_patient_aware_undersampling,sex,patient_aware_undersampling,False,2,TBR_2,E,0.26
T1DiabetesGranada,balanced_sex_patient_aware_undersampling,sex,patient_aware_undersampling,False,2,TBR_2,A + B,22.06
T1DiabetesGranada,balanced_sex_patient_aware_undersampling,sex,patient_aware_undersampling,False,2,TBR_2,RMSE,37.42
T1DiabetesGranada,balanced_sex_patient_aware_undersampling,sex,patient_aware_undersampling,False,2,TBR_2,MSE,1400.13
T1DiabetesGranada,balanced_sex_patient_aware_undersampling,sex,patient_aware_undersampling,False,2,TBR_2,MAE,33.6
T1DiabetesGranada,balanced_sex_patient_aware_undersampling,sex,patient_aware_undersampling,False,2,TBR_2,MAPE,0.71
T1DiabetesGranada,balanced_sex_patient_aware_undersampling,sex,patient_aware_undersampling,False,2,TBR_1,A,11.97
T1DiabetesGranada,balanced_sex_patient_aware_undersampling,sex,patient_aware_undersampling,False,2,TBR_1,B,0.0
T1DiabetesGranada,balanced_sex_patient_aware_undersampling,sex,patient_aware_undersampling,False,2,TBR_1,C,0.0
T1DiabetesGranada,balanced_sex_patient_aware_undersampling,sex,patient_aware_undersampling,False,2,TBR_1,D,87.58
T1DiabetesGranada,balanced_sex_patient_aware_undersampling,sex,patient_aware_undersampling,False,2,TBR_1,E,0.45
T1DiabetesGranada,balanced_sex_patient_aware_undersampling,sex,patient_aware_undersampling,False,2,TBR_1,A + B,11.97
T1DiabetesGranada,balanced_sex_patient_aware_undersampling,sex,patient_aware_undersampling,False,2,TBR_1,RMSE,34.44
T1DiabetesGranada,balanced_sex_patient_aware_undersampling,sex,patient_aware_undersampling,False,2,TBR_1,MSE,1186.25
T1DiabetesGranada,balanced_sex_patient_aware_undersampling,sex,patient_aware_undersampling,False,2,TBR_1,MAE,29.46
T1DiabetesGranada,balanced_sex_patient_aware_undersampling,sex,patient_aware_undersampling,False,2,TBR_1,MAPE,0.48
T1DiabetesGranada,balanced_sex_patient_aware_undersampling,sex,patient_aware_undersampling,False,2,TIR,A,72.23
T1DiabetesGranada,balanced_sex_patient_aware_undersampling,sex,patient_aware_undersampling,False,2,TIR,B,27.57
T1DiabetesGranada,balanced_sex_patient_aware_undersampling,sex,patient_aware_undersampling,False,2,TIR,C,0.21
T1DiabetesGranada,balanced_sex_patient_aware_undersampling,sex,patient_aware_undersampling,False,2,TIR,D,0.0
T1DiabetesGranada,balanced_sex_patient_aware_undersampling,sex,patient_aware_undersampling,False,2,TIR,E,0.0
T1DiabetesGranada,balanced_sex_patient_aware_undersampling,sex,patient_aware_undersampling,False,2,TIR,A + B,99.8
T1DiabetesGranada,balanced_sex_patient_aware_undersampling,sex,patient_aware_undersampling,False,2,TIR,RMSE,26.19
T1DiabetesGranada,balanced_sex_patient_aware_undersampling,sex,patient_aware_undersampling,False,2,TIR,MSE,685.78
T1DiabetesGranada,balanced_sex_patient_aware_undersampling,sex,patient_aware_undersampling,False,2,TIR,MAE,19.12
T1DiabetesGranada,balanced_sex_patient_aware_undersampling,sex,patient_aware_undersampling,False,2,TIR,MAPE,0.16
T1DiabetesGranada,balanced_sex_patient_aware_undersampling,sex,patient_aware_undersampling,False,2,TAR_1,A,70.94
T1DiabetesGranada,balanced_sex_patient_aware_undersampling,sex,patient_aware_undersampling,False,2,TAR_1,B,27.17
T1DiabetesGranada,balanced_sex_patient_aware_undersampling,sex,patient_aware_undersampling,False,2,TAR_1,C,0.06
T1DiabetesGranada,balanced_sex_patient_aware_undersampling,sex,patient_aware_undersampling,False,2,TAR_1,D,1.79
T1DiabetesGranada,balanced_sex_patient_aware_undersampling,sex,patient_aware_undersampling,False,2,TAR_1,E,0.04
T1DiabetesGranada,balanced_sex_patient_aware_undersampling,sex,patient_aware_undersampling,False,2,TAR_1,A + B,98.11
T1DiabetesGranada,balanced_sex_patient_aware_undersampling,sex,patient_aware_undersampling,False,2,TAR_1,RMSE,42.6
T1DiabetesGranada,balanced_sex_patient_aware_undersampling,sex,patient_aware_undersampling,False,2,TAR_1,MSE,1814.54
T1DiabetesGranada,balanced_sex_patient_aware_undersampling,sex,patient_aware_undersampling,False,2,TAR_1,MAE,33.59
T1DiabetesGranada,balanced_sex_patient_aware_undersampling,sex,patient_aware_undersampling,False,2,TAR_1,MAPE,0.16
T1DiabetesGranada,balanced_sex_patient_aware_undersampling,sex,patient_aware_undersampling,False,2,TAR_2,A,60.52
T1DiabetesGranada,balanced_sex_patient_aware_undersampling,sex,patient_aware_undersampling,False,2,TAR_2,B,32.66
T1DiabetesGranada,balanced_sex_patient_aware_undersampling,sex,patient_aware_undersampling,False,2,TAR_2,C,0.05
T1DiabetesGranada,balanced_sex_patient_aware_undersampling,sex,patient_aware_undersampling,False,2,TAR_2,D,6.76
T1DiabetesGranada,balanced_sex_patient_aware_undersampling,sex,patient_aware_undersampling,False,2,TAR_2,E,0.0
T1DiabetesGranada,balanced_sex_patient_aware_undersampling,sex,patient_aware_undersampling,False,2,TAR_2,A + B,93.18
T1DiabetesGranada,balanced_sex_patient_aware_undersampling,sex,patient_aware_undersampling,False,2,TAR_2,RMSE,68.51
T1DiabetesGranada,balanced_sex_patient_aware_undersampling,sex,patient_aware_undersampling,False,2,TAR_2,MSE,4694.18
T1DiabetesGranada,balanced_sex_patient_aware_undersampling,sex,patient_aware_undersampling,False,2,TAR_2,MAE,58.27
T1DiabetesGranada,balanced_sex_patient_aware_undersampling,sex,patient_aware_undersampling,False,2,TAR_2,MAPE,0.19
T1DiabetesGranada,balanced_sex_patient_aware_undersampling,sex,patient_aware_undersampling,False,2,ENTIRE,A,67.73
T1DiabetesGranada,balanced_sex_patient_aware_undersampling,sex,patient_aware_undersampling,False,2,ENTIRE,B,26.79
T1DiabetesGranada,balanced_sex_patient_aware_undersampling,sex,patient_aware_undersampling,False,2,ENTIRE,C,0.14
T1DiabetesGranada,balanced_sex_patient_aware_undersampling,sex,patient_aware_undersampling,False,2,ENTIRE,D,5.32
T1DiabetesGranada,balanced_sex_patient_aware_undersampling,sex,patient_aware_undersampling,False,2,ENTIRE,E,0.03
T1DiabetesGranada,balanced_sex_patient_aware_undersampling,sex,patient_aware_undersampling,False,2,ENTIRE,A + B,94.52
T1DiabetesGranada,balanced_sex_patient_aware_undersampling,sex,patient_aware_undersampling,False,2,ENTIRE,RMSE,38.27
T1DiabetesGranada,balanced_sex_patient_aware_undersampling,sex,patient_aware_undersampling,False,2,ENTIRE,MSE,1464.69
T1DiabetesGranada,balanced_sex_patient_aware_undersampling,sex,patient_aware_undersampling,False,2,ENTIRE,MAE,27.81
T1DiabetesGranada,balanced_sex_patient_aware_undersampling,sex,patient_aware_undersampling,False,2,ENTIRE,MAPE,0.18
T1DiabetesGranada,balanced_sex_patient_aware_undersampling,sex,patient_aware_undersampling,False,3,TBR_2,A,15.68
T1DiabetesGranada,balanced_sex_patient_aware_undersampling,sex,patient_aware_undersampling,False,3,TBR_2,B,0.0
T1DiabetesGranada,balanced_sex_patient_aware_undersampling,sex,patient_aware_undersampling,False,3,TBR_2,C,0.0
T1DiabetesGranada,balanced_sex_patient_aware_undersampling,sex,patient_aware_undersampling,False,3,TBR_2,D,84.01
T1DiabetesGranada,balanced_sex_patient_aware_undersampling,sex,patient_aware_undersampling,False,3,TBR_2,E,0.3
T1DiabetesGranada,balanced_sex_patient_aware_undersampling,sex,patient_aware_undersampling,False,3,TBR_2,A + B,15.68
T1DiabetesGranada,balanced_sex_patient_aware_undersampling,sex,patient_aware_undersampling,False,3,TBR_2,RMSE,38.69
T1DiabetesGranada,balanced_sex_patient_aware_undersampling,sex,patient_aware_undersampling,False,3,TBR_2,MSE,1497.24
T1DiabetesGranada,balanced_sex_patient_aware_undersampling,sex,patient_aware_undersampling,False,3,TBR_2,MAE,34.77
T1DiabetesGranada,balanced_sex_patient_aware_undersampling,sex,patient_aware_undersampling,False,3,TBR_2,MAPE,0.72
T1DiabetesGranada,balanced_sex_patient_aware_undersampling,sex,patient_aware_undersampling,False,3,TBR_1,A,13.49
T1DiabetesGranada,balanced_sex_patient_aware_undersampling,sex,patient_aware_undersampling,False,3,TBR_1,B,0.0
T1DiabetesGranada,balanced_sex_patient_aware_undersampling,sex,patient_aware_undersampling,False,3,TBR_1,C,0.0
T1DiabetesGranada,balanced_sex_patient_aware_undersampling,sex,patient_aware_undersampling,False,3,TBR_1,D,86.03
T1DiabetesGranada,balanced_sex_patient_aware_undersampling,sex,patient_aware_undersampling,False,3,TBR_1,E,0.48
T1DiabetesGranada,balanced_sex_patient_aware_undersampling,sex,patient_aware_undersampling,False,3,TBR_1,A + B,13.49
T1DiabetesGranada,balanced_sex_patient_aware_undersampling,sex,patient_aware_undersampling,False,3,TBR_1,RMSE,34.84
T1DiabetesGranada,balanced_sex_patient_aware_undersampling,sex,patient_aware_undersampling,False,3,TBR_1,MSE,1213.79
T1DiabetesGranada,balanced_sex_patient_aware_undersampling,sex,patient_aware_undersampling,False,3,TBR_1,MAE,29.66
T1DiabetesGranada,balanced_sex_patient_aware_undersampling,sex,patient_aware_undersampling,False,3,TBR_1,MAPE,0.48
T1DiabetesGranada,balanced_sex_patient_aware_undersampling,sex,patient_aware_undersampling,False,3,TIR,A,73.01
T1DiabetesGranada,balanced_sex_patient_aware_undersampling,sex,patient_aware_undersampling,False,3,TIR,B,26.79
T1DiabetesGranada,balanced_sex_patient_aware_undersampling,sex,patient_aware_undersampling,False,3,TIR,C,0.2
T1DiabetesGranada,balanced_sex_patient_aware_undersampling,sex,patient_aware_undersampling,False,3,TIR,D,0.0
T1DiabetesGranada,balanced_sex_patient_aware_undersampling,sex,patient_aware_undersampling,False,3,TIR,E,0.0
T1DiabetesGranada,balanced_sex_patient_aware_undersampling,sex,patient_aware_undersampling,False,3,TIR,A + B,99.8
T1DiabetesGranada,balanced_sex_patient_aware_undersampling,sex,patient_aware_undersampling,False,3,TIR,RMSE,25.94
T1DiabetesGranada,balanced_sex_patient_aware_undersampling,sex,patient_aware_undersampling,False,3,TIR,MSE,672.65
T1DiabetesGranada,balanced_sex_patient_aware_undersampling,sex,patient_aware_undersampling,False,3,TIR,MAE,18.86
T1DiabetesGranada,balanced_sex_patient_aware_undersampling,sex,patient_aware_undersampling,False,3,TIR,MAPE,0.15
T1DiabetesGranada,balanced_sex_patient_aware_undersampling,sex,patient_aware_undersampling,False,3,TAR_1,A,70.47
T1DiabetesGranada,balanced_sex_patient_aware_undersampling,sex,patient_aware_undersampling,False,3,TAR_1,B,27.69
T1DiabetesGranada,balanced_sex_patient_aware_undersampling,sex,patient_aware_undersampling,False,3,TAR_1,C,0.04
T1DiabetesGranada,balanced_sex_patient_aware_undersampling,sex,patient_aware_undersampling,False,3,TAR_1,D,1.79
T1DiabetesGranada,balanced_sex_patient_aware_undersampling,sex,patient_aware_undersampling,False,3,TAR_1,E,0.02
T1DiabetesGranada,balanced_sex_patient_aware_undersampling,sex,patient_aware_undersampling,False,3,TAR_1,A + B,98.16
T1DiabetesGranada,balanced_sex_patient_aware_undersampling,sex,patient_aware_undersampling,False,3,TAR_1,RMSE,42.94
T1DiabetesGranada,balanced_sex_patient_aware_undersampling,sex,patient_aware_undersampling,False,3,TAR_1,MSE,1843.81
T1DiabetesGranada,balanced_sex_patient_aware_undersampling,sex,patient_aware_undersampling,False,3,TAR_1,MAE,33.66
T1DiabetesGranada,balanced_sex_patient_aware_undersampling,sex,patient_aware_undersampling,False,3,TAR_1,MAPE,0.16
T1DiabetesGranada,balanced_sex_patient_aware_undersampling,sex,patient_aware_undersampling,False,3,TAR_2,A,62.84
T1DiabetesGranada,balanced_sex_patient_aware_undersampling,sex,patient_aware_undersampling,False,3,TAR_2,B,29.16
T1DiabetesGranada,balanced_sex_patient_aware_undersampling,sex,patient_aware_undersampling,False,3,TAR_2,C,0.01
T1DiabetesGranada,balanced_sex_patient_aware_undersampling,sex,patient_aware_undersampling,False,3,TAR_2,D,7.99
T1DiabetesGranada,balanced_sex_patient_aware_undersampling,sex,patient_aware_undersampling,False,3,TAR_2,E,0.0
T1DiabetesGranada,balanced_sex_patient_aware_undersampling,sex,patient_aware_undersampling,False,3,TAR_2,A + B,92.0
T1DiabetesGranada,balanced_sex_patient_aware_undersampling,sex,patient_aware_undersampling,False,3,TAR_2,RMSE,64.77
T1DiabetesGranada,balanced_sex_patient_aware_undersampling,sex,patient_aware_undersampling,False,3,TAR_2,MSE,4194.56
T1DiabetesGranada,balanced_sex_patient_aware_undersampling,sex,patient_aware_undersampling,False,3,TAR_2,MAE,54.21
T1DiabetesGranada,balanced_sex_patient_aware_undersampling,sex,patient_aware_undersampling,False,3,TAR_2,MAPE,0.18
T1DiabetesGranada,balanced_sex_patient_aware_undersampling,sex,patient_aware_undersampling,False,3,ENTIRE,A,68.76
T1DiabetesGranada,balanced_sex_patient_aware_undersampling,sex,patient_aware_undersampling,False,3,ENTIRE,B,26.09
T1DiabetesGranada,balanced_sex_patient_aware_undersampling,sex,patient_aware_undersampling,False,3,ENTIRE,C,0.13
T1DiabetesGranada,balanced_sex_patient_aware_undersampling,sex,patient_aware_undersampling,False,3,ENTIRE,D,5.0
T1DiabetesGranada,balanced_sex_patient_aware_undersampling,sex,patient_aware_undersampling,False,3,ENTIRE,E,0.02
T1DiabetesGranada,balanced_sex_patient_aware_undersampling,sex,patient_aware_undersampling,False,3,ENTIRE,A + B,94.85
T1DiabetesGranada,balanced_sex_patient_aware_undersampling,sex,patient_aware_undersampling,False,3,ENTIRE,RMSE,36.73
T1DiabetesGranada,balanced_sex_patient_aware_undersampling,sex,patient_aware_undersampling,False,3,ENTIRE,MSE,1349.19
T1DiabetesGranada,balanced_sex_patient_aware_undersampling,sex,patient_aware_undersampling,False,3,ENTIRE,MAE,26.62
T1DiabetesGranada,balanced_sex_patient_aware_undersampling,sex,patient_aware_undersampling,False,3,ENTIRE,MAPE,0.17
T1DiabetesGranada,balanced_sex_patient_aware_undersampling,sex,patient_aware_undersampling,False,4,TBR_2,A,21.87
T1DiabetesGranada,balanced_sex_patient_aware_undersampling,sex,patient_aware_undersampling,False,4,TBR_2,B,0.0
T1DiabetesGranada,balanced_sex_patient_aware_undersampling,sex,patient_aware_undersampling,False,4,TBR_2,C,0.0
T1DiabetesGranada,balanced_sex_patient_aware_undersampling,sex,patient_aware_undersampling,False,4,TBR_2,D,77.8
T1DiabetesGranada,balanced_sex_patient_aware_undersampling,sex,patient_aware_undersampling,False,4,TBR_2,E,0.33
T1DiabetesGranada,balanced_sex_patient_aware_undersampling,sex,patient_aware_undersampling,False,4,TBR_2,A + B,21.87
T1DiabetesGranada,balanced_sex_patient_aware_undersampling,sex,patient_aware_undersampling,False,4,TBR_2,RMSE,40.38
T1DiabetesGranada,balanced_sex_patient_aware_undersampling,sex,patient_aware_undersampling,False,4,TBR_2,MSE,1630.84
T1DiabetesGranada,balanced_sex_patient_aware_undersampling,sex,patient_aware_undersampling,False,4,TBR_2,MAE,35.93
T1DiabetesGranada,balanced_sex_patient_aware_undersampling,sex,patient_aware_undersampling,False,4,TBR_2,MAPE,0.75
T1DiabetesGranada,balanced_sex_patient_aware_undersampling,sex,patient_aware_undersampling,False,4,TBR_1,A,12.3
T1DiabetesGranada,balanced_sex_patient_aware_undersampling,sex,patient_aware_undersampling,False,4,TBR_1,B,0.0
T1DiabetesGranada,balanced_sex_patient_aware_undersampling,sex,patient_aware_undersampling,False,4,TBR_1,C,0.0
T1DiabetesGranada,balanced_sex_patient_aware_undersampling,sex,patient_aware_undersampling,False,4,TBR_1,D,87.18
T1DiabetesGranada,balanced_sex_patient_aware_undersampling,sex,patient_aware_undersampling,False,4,TBR_1,E,0.53
T1DiabetesGranada,balanced_sex_patient_aware_undersampling,sex,patient_aware_undersampling,False,4,TBR_1,A + B,12.3
T1DiabetesGranada,balanced_sex_patient_aware_undersampling,sex,patient_aware_undersampling,False,4,TBR_1,RMSE,37.05
T1DiabetesGranada,balanced_sex_patient_aware_undersampling,sex,patient_aware_undersampling,False,4,TBR_1,MSE,1372.74
T1DiabetesGranada,balanced_sex_patient_aware_undersampling,sex,patient_aware_undersampling,False,4,TBR_1,MAE,31.85
T1DiabetesGranada,balanced_sex_patient_aware_undersampling,sex,patient_aware_undersampling,False,4,TBR_1,MAPE,0.52
T1DiabetesGranada,balanced_sex_patient_aware_undersampling,sex,patient_aware_undersampling,False,4,TIR,A,71.77
T1DiabetesGranada,balanced_sex_patient_aware_undersampling,sex,patient_aware_undersampling,False,4,TIR,B,28.01
T1DiabetesGranada,balanced_sex_patient_aware_undersampling,sex,patient_aware_undersampling,False,4,TIR,C,0.23
T1DiabetesGranada,balanced_sex_patient_aware_undersampling,sex,patient_aware_undersampling,False,4,TIR,D,0.0
T1DiabetesGranada,balanced_sex_patient_aware_undersampling,sex,patient_aware_undersampling,False,4,TIR,E,0.0
T1DiabetesGranada,balanced_sex_patient_aware_undersampling,sex,patient_aware_undersampling,False,4,TIR,A + B,99.78
T1DiabetesGranada,balanced_sex_patient_aware_undersampling,sex,patient_aware_undersampling,False,4,TIR,RMSE,26.52
T1DiabetesGranada,balanced_sex_patient_aware_undersampling,sex,patient_aware_undersampling,False,4,TIR,MSE,703.1
T1DiabetesGranada,balanced_sex_patient_aware_undersampling,sex,patient_aware_undersampling,False,4,TIR,MAE,19.35
T1DiabetesGranada,balanced_sex_patient_aware_undersampling,sex,patient_aware_undersampling,False,4,TIR,MAPE,0.16
T1DiabetesGranada,balanced_sex_patient_aware_undersampling,sex,patient_aware_undersampling,False,4,TAR_1,A,70.75
T1DiabetesGranada,balanced_sex_patient_aware_undersampling,sex,patient_aware_undersampling,False,4,TAR_1,B,27.35
T1DiabetesGranada,balanced_sex_patient_aware_undersampling,sex,patient_aware_undersampling,False,4,TAR_1,C,0.04
T1DiabetesGranada,balanced_sex_patient_aware_undersampling,sex,patient_aware_undersampling,False,4,TAR_1,D,1.83
T1DiabetesGranada,balanced_sex_patient_aware_undersampling,sex,patient_aware_undersampling,False,4,TAR_1,E,0.03
T1DiabetesGranada,balanced_sex_patient_aware_undersampling,sex,patient_aware_undersampling,False,4,TAR_1,A + B,98.1
T1DiabetesGranada,balanced_sex_patient_aware_undersampling,sex,patient_aware_undersampling,False,4,TAR_1,RMSE,42.62
T1DiabetesGranada,balanced_sex_patient_aware_undersampling,sex,patient_aware_undersampling,False,4,TAR_1,MSE,1816.29
T1DiabetesGranada,balanced_sex_patient_aware_undersampling,sex,patient_aware_undersampling,False,4,TAR_1,MAE,33.44
T1DiabetesGranada,balanced_sex_patient_aware_undersampling,sex,patient_aware_undersampling,False,4,TAR_1,MAPE,0.16
T1DiabetesGranada,balanced_sex_patient_aware_undersampling,sex,patient_aware_undersampling,False,4,TAR_2,A,62.18
T1DiabetesGranada,balanced_sex_patient_aware_undersampling,sex,patient_aware_undersampling,False,4,TAR_2,B,29.98
T1DiabetesGranada,balanced_sex_patient_aware_undersampling,sex,patient_aware_undersampling,False,4,TAR_2,C,0.01
T1DiabetesGranada,balanced_sex_patient_aware_undersampling,sex,patient_aware_undersampling,False,4,TAR_2,D,7.83
T1DiabetesGranada,balanced_sex_patient_aware_undersampling,sex,patient_aware_undersampling,False,4,TAR_2,E,0.0
T1DiabetesGranada,balanced_sex_patient_aware_undersampling,sex,patient_aware_undersampling,False,4,TAR_2,A + B,92.16
T1DiabetesGranada,balanced_sex_patient_aware_undersampling,sex,patient_aware_undersampling,False,4,TAR_2,RMSE,64.85
T1DiabetesGranada,balanced_sex_patient_aware_undersampling,sex,patient_aware_undersampling,False,4,TAR_2,MSE,4205.87
T1DiabetesGranada,balanced_sex_patient_aware_undersampling,sex,patient_aware_undersampling,False,4,TAR_2,MAE,54.65
T1DiabetesGranada,balanced_sex_patient_aware_undersampling,sex,patient_aware_undersampling,False,4,TAR_2,MAPE,0.18
T1DiabetesGranada,balanced_sex_patient_aware_undersampling,sex,patient_aware_undersampling,False,4,ENTIRE,A,67.8
T1DiabetesGranada,balanced_sex_patient_aware_undersampling,sex,patient_aware_undersampling,False,4,ENTIRE,B,26.81
T1DiabetesGranada,balanced_sex_patient_aware_undersampling,sex,patient_aware_undersampling,False,4,ENTIRE,C,0.15
T1DiabetesGranada,balanced_sex_patient_aware_undersampling,sex,patient_aware_undersampling,False,4,ENTIRE,D,5.21
T1DiabetesGranada,balanced_sex_patient_aware_undersampling,sex,patient_aware_undersampling,False,4,ENTIRE,E,0.03
T1DiabetesGranada,balanced_sex_patient_aware_undersampling,sex,patient_aware_undersampling,False,4,ENTIRE,A + B,94.61
T1DiabetesGranada,balanced_sex_patient_aware_undersampling,sex,patient_aware_undersampling,False,4,ENTIRE,RMSE,37.6
T1DiabetesGranada,balanced_sex_patient_aware_undersampling,sex,patient_aware_undersampling,False,4,ENTIRE,MSE,1413.61
T1DiabetesGranada,balanced_sex_patient_aware_undersampling,sex,patient_aware_undersampling,False,4,ENTIRE,MAE,27.49
T1DiabetesGranada,balanced_sex_patient_aware_undersampling,sex,patient_aware_undersampling,False,4,ENTIRE,MAPE,0.18
T1DiabetesGranada,balanced_sex_patient_aware_undersampling,sex,patient_aware_undersampling,False,5,TBR_2,A,16.8
T1DiabetesGranada,balanced_sex_patient_aware_undersampling,sex,patient_aware_undersampling,False,5,TBR_2,B,0.0
T1DiabetesGranada,balanced_sex_patient_aware_undersampling,sex,patient_aware_undersampling,False,5,TBR_2,C,0.0
T1DiabetesGranada,balanced_sex_patient_aware_undersampling,sex,patient_aware_undersampling,False,5,TBR_2,D,82.81
T1DiabetesGranada,balanced_sex_patient_aware_undersampling,sex,patient_aware_undersampling,False,5,TBR_2,E,0.39
T1DiabetesGranada,balanced_sex_patient_aware_undersampling,sex,patient_aware_undersampling,False,5,TBR_2,A + B,16.8
T1DiabetesGranada,balanced_sex_patient_aware_undersampling,sex,patient_aware_undersampling,False,5,TBR_2,RMSE,41.12
T1DiabetesGranada,balanced_sex_patient_aware_undersampling,sex,patient_aware_undersampling,False,5,TBR_2,MSE,1690.84
T1DiabetesGranada,balanced_sex_patient_aware_undersampling,sex,patient_aware_undersampling,False,5,TBR_2,MAE,36.53
T1DiabetesGranada,balanced_sex_patient_aware_undersampling,sex,patient_aware_undersampling,False,5,TBR_2,MAPE,0.77
T1DiabetesGranada,balanced_sex_patient_aware_undersampling,sex,patient_aware_undersampling,False,5,TBR_1,A,12.78
T1DiabetesGranada,balanced_sex_patient_aware_undersampling,sex,patient_aware_undersampling,False,5,TBR_1,B,0.0
T1DiabetesGranada,balanced_sex_patient_aware_undersampling,sex,patient_aware_undersampling,False,5,TBR_1,C,0.0
T1DiabetesGranada,balanced_sex_patient_aware_undersampling,sex,patient_aware_undersampling,False,5,TBR_1,D,86.63
T1DiabetesGranada,balanced_sex_patient_aware_undersampling,sex,patient_aware_undersampling,False,5,TBR_1,E,0.6
T1DiabetesGranada,balanced_sex_patient_aware_undersampling,sex,patient_aware_undersampling,False,5,TBR_1,A + B,12.78
T1DiabetesGranada,balanced_sex_patient_aware_undersampling,sex,patient_aware_undersampling,False,5,TBR_1,RMSE,36.77
T1DiabetesGranada,balanced_sex_patient_aware_undersampling,sex,patient_aware_undersampling,False,5,TBR_1,MSE,1352.06
T1DiabetesGranada,balanced_sex_patient_aware_undersampling,sex,patient_aware_undersampling,False,5,TBR_1,MAE,30.97
T1DiabetesGranada,balanced_sex_patient_aware_undersampling,sex,patient_aware_undersampling,False,5,TBR_1,MAPE,0.5
T1DiabetesGranada,balanced_sex_patient_aware_undersampling,sex,patient_aware_undersampling,False,5,TIR,A,71.19
T1DiabetesGranada,balanced_sex_patient_aware_undersampling,sex,patient_aware_undersampling,False,5,TIR,B,28.56
T1DiabetesGranada,balanced_sex_patient_aware_undersampling,sex,patient_aware_undersampling,False,5,TIR,C,0.25
T1DiabetesGranada,balanced_sex_patient_aware_undersampling,sex,patient_aware_undersampling,False,5,TIR,D,0.0
T1DiabetesGranada,balanced_sex_patient_aware_undersampling,sex,patient_aware_undersampling,False,5,TIR,E,0.0
T1DiabetesGranada,balanced_sex_patient_aware_undersampling,sex,patient_aware_undersampling,False,5,TIR,A + B,99.75
T1DiabetesGranada,balanced_sex_patient_aware_undersampling,sex,patient_aware_undersampling,False,5,TIR,RMSE,27.15
T1DiabetesGranada,balanced_sex_patient_aware_undersampling,sex,patient_aware_undersampling,False,5,TIR,MSE,737.01
T1DiabetesGranada,balanced_sex_patient_aware_undersampling,sex,patient_aware_undersampling,False,5,TIR,MAE,19.72
T1DiabetesGranada,balanced_sex_patient_aware_undersampling,sex,patient_aware_undersampling,False,5,TIR,MAPE,0.16
T1DiabetesGranada,balanced_sex_patient_aware_undersampling,sex,patient_aware_undersampling,False,5,TAR_1,A,70.04
T1DiabetesGranada,balanced_sex_patient_aware_undersampling,sex,patient_aware_undersampling,False,5,TAR_1,B,28.1
T1DiabetesGranada,balanced_sex_patient_aware_undersampling,sex,patient_aware_undersampling,False,5,TAR_1,C,0.06
T1DiabetesGranada,balanced_sex_patient_aware_undersampling,sex,patient_aware_undersampling,False,5,TAR_1,D,1.77
T1DiabetesGranada,balanced_sex_patient_aware_undersampling,sex,patient_aware_undersampling,False,5,TAR_1,E,0.03
T1DiabetesGranada,balanced_sex_patient_aware_undersampling,sex,patient_aware_undersampling,False,5,TAR_1,A + B,98.14
T1DiabetesGranada,balanced_sex_patient_aware_undersampling,sex,patient_aware_undersampling,False,5,TAR_1,RMSE,43.5
T1DiabetesGranada,balanced_sex_patient_aware_undersampling,sex,patient_aware_undersampling,False,5,TAR_1,MSE,1892.2
T1DiabetesGranada,balanced_sex_patient_aware_undersampling,sex,patient_aware_undersampling,False,5,TAR_1,MAE,34.14
T1DiabetesGranada,balanced_sex_patient_aware_undersampling,sex,patient_aware_undersampling,False,5,TAR_1,MAPE,0.16
T1DiabetesGranada,balanced_sex_patient_aware_undersampling,sex,patient_aware_undersampling,False,5,TAR_2,A,61.06
T1DiabetesGranada,balanced_sex_patient_aware_undersampling,sex,patient_aware_undersampling,False,5,TAR_2,B,31.0
T1DiabetesGranada,balanced_sex_patient_aware_undersampling,sex,patient_aware_undersampling,False,5,TAR_2,C,0.02
T1DiabetesGranada,balanced_sex_patient_aware_undersampling,sex,patient_aware_undersampling,False,5,TAR_2,D,7.91
T1DiabetesGranada,balanced_sex_patient_aware_undersampling,sex,patient_aware_undersampling,False,5,TAR_2,E,0.0
T1DiabetesGranada,balanced_sex_patient_aware_undersampling,sex,patient_aware_undersampling,False,5,TAR_2,A + B,92.06
T1DiabetesGranada,balanced_sex_patient_aware_undersampling,sex,patient_aware_undersampling,False,5,TAR_2,RMSE,66.49
T1DiabetesGranada,balanced_sex_patient_aware_undersampling,sex,patient_aware_undersampling,False,5,TAR_2,MSE,4420.94
T1DiabetesGranada,balanced_sex_patient_aware_undersampling,sex,patient_aware_undersampling,False,5,TAR_2,MAE,55.86
T1DiabetesGranada,balanced_sex_patient_aware_undersampling,sex,patient_aware_undersampling,False,5,TAR_2,MAPE,0.19
T1DiabetesGranada,balanced_sex_patient_aware_undersampling,sex,patient_aware_undersampling,False,5,ENTIRE,A,66.84
T1DiabetesGranada,balanced_sex_patient_aware_undersampling,sex,patient_aware_undersampling,False,5,ENTIRE,B,27.19
T1DiabetesGranada,balanced_sex_patient_aware_undersampling,sex,patient_aware_undersampling,False,5,ENTIRE,C,0.17
T1DiabetesGranada,balanced_sex_patient_aware_undersampling,sex,patient_aware_undersampling,False,5,ENTIRE,D,5.77
T1DiabetesGranada,balanced_sex_patient_aware_undersampling,sex,patient_aware_undersampling,False,5,ENTIRE,E,0.04
T1DiabetesGranada,balanced_sex_patient_aware_undersampling,sex,patient_aware_undersampling,False,5,ENTIRE,A + B,94.03
T1DiabetesGranada,balanced_sex_patient_aware_undersampling,sex,patient_aware_undersampling,False,5,ENTIRE,RMSE,37.59
T1DiabetesGranada,balanced_sex_patient_aware_undersampling,sex,patient_aware_undersampling,False,5,ENTIRE,MSE,1413.31
T1DiabetesGranada,balanced_sex_patient_aware_undersampling,sex,patient_aware_undersampling,False,5,ENTIRE,MAE,27.36
T1DiabetesGranada,balanced_sex_patient_aware_undersampling,sex,patient_aware_undersampling,False,5,ENTIRE,MAPE,0.19
T1DiabetesGranada,balanced_sex_reference_proportional,sex,reference_proportional,False,1,TBR_2,A,22.65
T1DiabetesGranada,balanced_sex_reference_proportional,sex,reference_proportional,False,1,TBR_2,B,0.0
T1DiabetesGranada,balanced_sex_reference_proportional,sex,reference_proportional,False,1,TBR_2,C,0.0
T1DiabetesGranada,balanced_sex_reference_proportional,sex,reference_proportional,False,1,TBR_2,D,76.96
T1DiabetesGranada,balanced_sex_reference_proportional,sex,reference_proportional,False,1,TBR_2,E,0.39
T1DiabetesGranada,balanced_sex_reference_proportional,sex,reference_proportional,False,1,TBR_2,A + B,22.65
T1DiabetesGranada,balanced_sex_reference_proportional,sex,reference_proportional,False,1,TBR_2,RMSE,39.6
T1DiabetesGranada,balanced_sex_reference_proportional,sex,reference_proportional,False,1,TBR_2,MSE,1568.28
T1DiabetesGranada,balanced_sex_reference_proportional,sex,reference_proportional,False,1,TBR_2,MAE,35.12
T1DiabetesGranada,balanced_sex_reference_proportional,sex,reference_proportional,False,1,TBR_2,MAPE,0.73
T1DiabetesGranada,balanced_sex_reference_proportional,sex,reference_proportional,False,1,TBR_1,A,12.7
T1DiabetesGranada,balanced_sex_reference_proportional,sex,reference_proportional,False,1,TBR_1,B,0.0
T1DiabetesGranada,balanced_sex_reference_proportional,sex,reference_proportional,False,1,TBR_1,C,0.0
T1DiabetesGranada,balanced_sex_reference_proportional,sex,reference_proportional,False,1,TBR_1,D,86.78
T1DiabetesGranada,balanced_sex_reference_proportional,sex,reference_proportional,False,1,TBR_1,E,0.52
T1DiabetesGranada,balanced_sex_reference_proportional,sex,reference_proportional,False,1,TBR_1,A + B,12.7
T1DiabetesGranada,balanced_sex_reference_proportional,sex,reference_proportional,False,1,TBR_1,RMSE,35.8
T1DiabetesGranada,balanced_sex_reference_proportional,sex,reference_proportional,False,1,TBR_1,MSE,1281.83
T1DiabetesGranada,balanced_sex_reference_proportional,sex,reference_proportional,False,1,TBR_1,MAE,30.55
T1DiabetesGranada,balanced_sex_reference_proportional,sex,reference_proportional,False,1,TBR_1,MAPE,0.5
T1DiabetesGranada,balanced_sex_reference_proportional,sex,reference_proportional,False,1,TIR,A,71.0
T1DiabetesGranada,balanced_sex_reference_proportional,sex,reference_proportional,False,1,TIR,B,28.69
T1DiabetesGranada,balanced_sex_reference_proportional,sex,reference_proportional,False,1,TIR,C,0.31
T1DiabetesGranada,balanced_sex_reference_proportional,sex,reference_proportional,False,1,TIR,D,0.0
T1DiabetesGranada,balanced_sex_reference_proportional,sex,reference_proportional,False,1,TIR,E,0.0
T1DiabetesGranada,balanced_sex_reference_proportional,sex,reference_proportional,False,1,TIR,A + B,99.69
T1DiabetesGranada,balanced_sex_reference_proportional,sex,reference_proportional,False,1,TIR,RMSE,27.37
T1DiabetesGranada,balanced_sex_reference_proportional,sex,reference_proportional,False,1,TIR,MSE,748.91
T1DiabetesGranada,balanced_sex_reference_proportional,sex,reference_proportional,False,1,TIR,MAE,19.88
T1DiabetesGranada,balanced_sex_reference_proportional,sex,reference_proportional,False,1,TIR,MAPE,0.16
T1DiabetesGranada,balanced_sex_reference_proportional,sex,reference_proportional,False,1,TAR_1,A,69.21
T1DiabetesGranada,balanced_sex_reference_proportional,sex,reference_proportional,False,1,TAR_1,B,28.73
T1DiabetesGranada,balanced_sex_reference_proportional,sex,reference_proportional,False,1,TAR_1,C,0.11
T1DiabetesGranada,balanced_sex_reference_proportional,sex,reference_proportional,False,1,TAR_1,D,1.9
T1DiabetesGranada,balanced_sex_reference_proportional,sex,reference_proportional,False,1,TAR_1,E,0.05
T1DiabetesGranada,balanced_sex_reference_proportional,sex,reference_proportional,False,1,TAR_1,A + B,97.94
T1DiabetesGranada,balanced_sex_reference_proportional,sex,reference_proportional,False,1,TAR_1,RMSE,44.21
T1DiabetesGranada,balanced_sex_reference_proportional,sex,reference_proportional,False,1,TAR_1,MSE,1954.17
T1DiabetesGranada,balanced_sex_reference_proportional,sex,reference_proportional,False,1,TAR_1,MAE,35.01
T1DiabetesGranada,balanced_sex_reference_proportional,sex,reference_proportional,False,1,TAR_1,MAPE,0.17
T1DiabetesGranada,balanced_sex_reference_proportional,sex,reference_proportional,False,1,TAR_2,A,61.24
T1DiabetesGranada,balanced_sex_reference_proportional,sex,reference_proportional,False,1,TAR_2,B,30.98
T1DiabetesGranada,balanced_sex_reference_proportional,sex,reference_proportional,False,1,TAR_2,C,0.05
T1DiabetesGranada,balanced_sex_reference_proportional,sex,reference_proportional,False,1,TAR_2,D,7.73
T1DiabetesGranada,balanced_sex_reference_proportional,sex,reference_proportional,False,1,TAR_2,E,0.01
T1DiabetesGranada,balanced_sex_reference_proportional,sex,reference_proportional,False,1,TAR_2,A + B,92.22
T1DiabetesGranada,balanced_sex_reference_proportional,sex,reference_proportional,False,1,TAR_2,RMSE,67.37
T1DiabetesGranada,balanced_sex_reference_proportional,sex,reference_proportional,False,1,TAR_2,MSE,4538.94
T1DiabetesGranada,balanced_sex_reference_proportional,sex,reference_proportional,False,1,TAR_2,MAE,56.65
T1DiabetesGranada,balanced_sex_reference_proportional,sex,reference_proportional,False,1,TAR_2,MAPE,0.19
T1DiabetesGranada,balanced_sex_reference_proportional,sex,reference_proportional,False,1,ENTIRE,A,66.64
T1DiabetesGranada,balanced_sex_reference_proportional,sex,reference_proportional,False,1,ENTIRE,B,27.6
T1DiabetesGranada,balanced_sex_reference_proportional,sex,reference_proportional,False,1,ENTIRE,C,0.21
T1DiabetesGranada,balanced_sex_reference_proportional,sex,reference_proportional,False,1,ENTIRE,D,5.51
T1DiabetesGranada,balanced_sex_reference_proportional,sex,reference_proportional,False,1,ENTIRE,E,0.04
T1DiabetesGranada,balanced_sex_reference_proportional,sex,reference_proportional,False,1,ENTIRE,A + B,94.24
T1DiabetesGranada,balanced_sex_reference_proportional,sex,reference_proportional,False,1,ENTIRE,RMSE,39.17
T1DiabetesGranada,balanced_sex_reference_proportional,sex,reference_proportional,False,1,ENTIRE,MSE,1534.13
T1DiabetesGranada,balanced_sex_reference_proportional,sex,reference_proportional,False,1,ENTIRE,MAE,28.6
T1DiabetesGranada,balanced_sex_reference_proportional,sex,reference_proportional,False,1,ENTIRE,MAPE,0.18
T1DiabetesGranada,balanced_sex_reference_proportional,sex,reference_proportional,False,2,TBR_2,A,16.1
T1DiabetesGranada,balanced_sex_reference_proportional,sex,reference_proportional,False,2,TBR_2,B,0.0
T1DiabetesGranada,balanced_sex_reference_proportional,sex,reference_proportional,False,2,TBR_2,C,0.0
T1DiabetesGranada,balanced_sex_reference_proportional,sex,reference_proportional,False,2,TBR_2,D,83.65
T1DiabetesGranada,balanced_sex_reference_proportional,sex,reference_proportional,False,2,TBR_2,E,0.25
T1DiabetesGranada,balanced_sex_reference_proportional,sex,reference_proportional,False,2,TBR_2,A + B,16.1
T1DiabetesGranada,balanced_sex_reference_proportional,sex,reference_proportional,False,2,TBR_2,RMSE,38.58
T1DiabetesGranada,balanced_sex_reference_proportional,sex,reference_proportional,False,2,TBR_2,MSE,1488.35
T1DiabetesGranada,balanced_sex_reference_proportional,sex,reference_proportional,False,2,TBR_2,MAE,35.08
T1DiabetesGranada,balanced_sex_reference_proportional,sex,reference_proportional,False,2,TBR_2,MAPE,0.74
T1DiabetesGranada,balanced_sex_reference_proportional,sex,reference_proportional,False,2,TBR_1,A,9.74
T1DiabetesGranada,balanced_sex_reference_proportional,sex,reference_proportional,False,2,TBR_1,B,0.0
T1DiabetesGranada,balanced_sex_reference_proportional,sex,reference_proportional,False,2,TBR_1,C,0.0
T1DiabetesGranada,balanced_sex_reference_proportional,sex,reference_proportional,False,2,TBR_1,D,89.82
T1DiabetesGranada,balanced_sex_reference_proportional,sex,reference_proportional,False,2,TBR_1,E,0.44
T1DiabetesGranada,balanced_sex_reference_proportional,sex,reference_proportional,False,2,TBR_1,A + B,9.74
T1DiabetesGranada,balanced_sex_reference_proportional,sex,reference_proportional,False,2,TBR_1,RMSE,35.26
T1DiabetesGranada,balanced_sex_reference_proportional,sex,reference_proportional,False,2,TBR_1,MSE,1242.92
T1DiabetesGranada,balanced_sex_reference_proportional,sex,reference_proportional,False,2,TBR_1,MAE,30.6
T1DiabetesGranada,balanced_sex_reference_proportional,sex,reference_proportional,False,2,TBR_1,MAPE,0.5
T1DiabetesGranada,balanced_sex_reference_proportional,sex,reference_proportional,False,2,TIR,A,72.12
T1DiabetesGranada,balanced_sex_reference_proportional,sex,reference_proportional,False,2,TIR,B,27.68
T1DiabetesGranada,balanced_sex_reference_proportional,sex,reference_proportional,False,2,TIR,C,0.21
T1DiabetesGranada,balanced_sex_reference_proportional,sex,reference_proportional,False,2,TIR,D,0.0
T1DiabetesGranada,balanced_sex_reference_proportional,sex,reference_proportional,False,2,TIR,E,0.0
T1DiabetesGranada,balanced_sex_reference_proportional,sex,reference_proportional,False,2,TIR,A + B,99.8
T1DiabetesGranada,balanced_sex_reference_proportional,sex,reference_proportional,False,2,TIR,RMSE,25.95
T1DiabetesGranada,balanced_sex_reference_proportional,sex,reference_proportional,False,2,TIR,MSE,673.51
T1DiabetesGranada,balanced_sex_reference_proportional,sex,reference_proportional,False,2,TIR,MAE,19.04
T1DiabetesGranada,balanced_sex_reference_proportional,sex,reference_proportional,False,2,TIR,MAPE,0.16
T1DiabetesGranada,balanced_sex_reference_proportional,sex,reference_proportional,False,2,TAR_1,A,70.45
T1DiabetesGranada,balanced_sex_reference_proportional,sex,reference_proportional,False,2,TAR_1,B,27.63
T1DiabetesGranada,balanced_sex_reference_proportional,sex,reference_proportional,False,2,TAR_1,C,0.07
T1DiabetesGranada,balanced_sex_reference_proportional,sex,reference_proportional,False,2,TAR_1,D,1.82
T1DiabetesGranada,balanced_sex_reference_proportional,sex,reference_proportional,False,2,TAR_1,E,0.03
T1DiabetesGranada,balanced_sex_reference_proportional,sex,reference_proportional,False,2,TAR_1,A + B,98.08
T1DiabetesGranada,balanced_sex_reference_proportional,sex,reference_proportional,False,2,TAR_1,RMSE,42.67
T1DiabetesGranada,balanced_sex_reference_proportional,sex,reference_proportional,False,2,TAR_1,MSE,1820.68
T1DiabetesGranada,balanced_sex_reference_proportional,sex,reference_proportional,False,2,TAR_1,MAE,33.85
T1DiabetesGranada,balanced_sex_reference_proportional,sex,reference_proportional,False,2,TAR_1,MAPE,0.16
T1DiabetesGranada,balanced_sex_reference_proportional,sex,reference_proportional,False,2,TAR_2,A,61.47
T1DiabetesGranada,balanced_sex_reference_proportional,sex,reference_proportional,False,2,TAR_2,B,31.57
T1DiabetesGranada,balanced_sex_reference_proportional,sex,reference_proportional,False,2,TAR_2,C,0.05
T1DiabetesGranada,balanced_sex_reference_proportional,sex,reference_proportional,False,2,TAR_2,D,6.9
T1DiabetesGranada,balanced_sex_reference_proportional,sex,reference_proportional,False,2,TAR_2,E,0.0
T1DiabetesGranada,balanced_sex_reference_proportional,sex,reference_proportional,False,2,TAR_2,A + B,93.04
T1DiabetesGranada,balanced_sex_reference_proportional,sex,reference_proportional,False,2,TAR_2,RMSE,67.77
T1DiabetesGranada,balanced_sex_reference_proportional,sex,reference_proportional,False,2,TAR_2,MSE,4592.3
T1DiabetesGranada,balanced_sex_reference_proportional,sex,reference_proportional,False,2,TAR_2,MAE,57.4
T1DiabetesGranada,balanced_sex_reference_proportional,sex,reference_proportional,False,2,TAR_2,MAPE,0.19
T1DiabetesGranada,balanced_sex_reference_proportional,sex,reference_proportional,False,2,ENTIRE,A,67.52
T1DiabetesGranada,balanced_sex_reference_proportional,sex,reference_proportional,False,2,ENTIRE,B,26.83
T1DiabetesGranada,balanced_sex_reference_proportional,sex,reference_proportional,False,2,ENTIRE,C,0.14
T1DiabetesGranada,balanced_sex_reference_proportional,sex,reference_proportional,False,2,ENTIRE,D,5.48
T1DiabetesGranada,balanced_sex_reference_proportional,sex,reference_proportional,False,2,ENTIRE,E,0.03
T1DiabetesGranada,balanced_sex_reference_proportional,sex,reference_proportional,False,2,ENTIRE,A + B,94.35
T1DiabetesGranada,balanced_sex_reference_proportional,sex,reference_proportional,False,2,ENTIRE,RMSE,38.07
T1DiabetesGranada,balanced_sex_reference_proportional,sex,reference_proportional,False,2,ENTIRE,MSE,1449.37
T1DiabetesGranada,balanced_sex_reference_proportional,sex,reference_proportional,False,2,ENTIRE,MAE,27.78
T1DiabetesGranada,balanced_sex_reference_proportional,sex,reference_proportional,False,2,ENTIRE,MAPE,0.18
T1DiabetesGranada,balanced_sex_reference_proportional,sex,reference_proportional,False,3,TBR_2,A,20.27
T1DiabetesGranada,balanced_sex_reference_proportional,sex,reference_proportional,False,3,TBR_2,B,0.0
T1DiabetesGranada,balanced_sex_reference_proportional,sex,reference_proportional,False,3,TBR_2,C,0.0
T1DiabetesGranada,balanced_sex_reference_proportional,sex,reference_proportional,False,3,TBR_2,D,79.44
T1DiabetesGranada,balanced_sex_reference_proportional,sex,reference_proportional,False,3,TBR_2,E,0.29
T1DiabetesGranada,balanced_sex_reference_proportional,sex,reference_proportional,False,3,TBR_2,A + B,20.27
T1DiabetesGranada,balanced_sex_reference_proportional,sex,reference_proportional,False,3,TBR_2,RMSE,39.24
T1DiabetesGranada,balanced_sex_reference_proportional,sex,reference_proportional,False,3,TBR_2,MSE,1539.96
T1DiabetesGranada,balanced_sex_reference_proportional,sex,reference_proportional,False,3,TBR_2,MAE,35.15
T1DiabetesGranada,balanced_sex_reference_proportional,sex,reference_proportional,False,3,TBR_2,MAPE,0.73
T1DiabetesGranada,balanced_sex_reference_proportional,sex,reference_proportional,False,3,TBR_1,A,13.51
T1DiabetesGranada,balanced_sex_reference_proportional,sex,reference_proportional,False,3,TBR_1,B,0.0
T1DiabetesGranada,balanced_sex_reference_proportional,sex,reference_proportional,False,3,TBR_1,C,0.0
T1DiabetesGranada,balanced_sex_reference_proportional,sex,reference_proportional,False,3,TBR_1,D,86.04
T1DiabetesGranada,balanced_sex_reference_proportional,sex,reference_proportional,False,3,TBR_1,E,0.45
T1DiabetesGranada,balanced_sex_reference_proportional,sex,reference_proportional,False,3,TBR_1,A + B,13.51
T1DiabetesGranada,balanced_sex_reference_proportional,sex,reference_proportional,False,3,TBR_1,RMSE,35.22
T1DiabetesGranada,balanced_sex_reference_proportional,sex,reference_proportional,False,3,TBR_1,MSE,1240.76
T1DiabetesGranada,balanced_sex_reference_proportional,sex,reference_proportional,False,3,TBR_1,MAE,30.17
T1DiabetesGranada,balanced_sex_reference_proportional,sex,reference_proportional,False,3,TBR_1,MAPE,0.49
T1DiabetesGranada,balanced_sex_reference_proportional,sex,reference_proportional,False,3,TIR,A,73.14
T1DiabetesGranada,balanced_sex_reference_proportional,sex,reference_proportional,False,3,TIR,B,26.67
T1DiabetesGranada,balanced_sex_reference_proportional,sex,reference_proportional,False,3,TIR,C,0.19
T1DiabetesGranada,balanced_sex_reference_proportional,sex,reference_proportional,False,3,TIR,D,0.0
T1DiabetesGranada,balanced_sex_reference_proportional,sex,reference_proportional,False,3,TIR,E,0.0
T1DiabetesGranada,balanced_sex_reference_proportional,sex,reference_proportional,False,3,TIR,A + B,99.81
T1DiabetesGranada,balanced_sex_reference_proportional,sex,reference_proportional,False,3,TIR,RMSE,25.73
T1DiabetesGranada,balanced_sex_reference_proportional,sex,reference_proportional,False,3,TIR,MSE,662.16
T1DiabetesGranada,balanced_sex_reference_proportional,sex,reference_proportional,False,3,TIR,MAE,18.74
T1DiabetesGranada,balanced_sex_reference_proportional,sex,reference_proportional,False,3,TIR,MAPE,0.15
T1DiabetesGranada,balanced_sex_reference_proportional,sex,reference_proportional,False,3,TAR_1,A,69.77
T1DiabetesGranada,balanced_sex_reference_proportional,sex,reference_proportional,False,3,TAR_1,B,28.32
T1DiabetesGranada,balanced_sex_reference_proportional,sex,reference_proportional,False,3,TAR_1,C,0.04
T1DiabetesGranada,balanced_sex_reference_proportional,sex,reference_proportional,False,3,TAR_1,D,1.85
T1DiabetesGranada,balanced_sex_reference_proportional,sex,reference_proportional,False,3,TAR_1,E,0.02
T1DiabetesGranada,balanced_sex_reference_proportional,sex,reference_proportional,False,3,TAR_1,A + B,98.09
T1DiabetesGranada,balanced_sex_reference_proportional,sex,reference_proportional,False,3,TAR_1,RMSE,43.38
T1DiabetesGranada,balanced_sex_reference_proportional,sex,reference_proportional,False,3,TAR_1,MSE,1881.47
T1DiabetesGranada,balanced_sex_reference_proportional,sex,reference_proportional,False,3,TAR_1,MAE,34.47
T1DiabetesGranada,balanced_sex_reference_proportional,sex,reference_proportional,False,3,TAR_1,MAPE,0.16
T1DiabetesGranada,balanced_sex_reference_proportional,sex,reference_proportional,False,3,TAR_2,A,61.0
T1DiabetesGranada,balanced_sex_reference_proportional,sex,reference_proportional,False,3,TAR_2,B,30.73
T1DiabetesGranada,balanced_sex_reference_proportional,sex,reference_proportional,False,3,TAR_2,C,0.02
T1DiabetesGranada,balanced_sex_reference_proportional,sex,reference_proportional,False,3,TAR_2,D,8.26
T1DiabetesGranada,balanced_sex_reference_proportional,sex,reference_proportional,False,3,TAR_2,E,0.0
T1DiabetesGranada,balanced_sex_reference_proportional,sex,reference_proportional,False,3,TAR_2,A + B,91.73
T1DiabetesGranada,balanced_sex_reference_proportional,sex,reference_proportional,False,3,TAR_2,RMSE,65.86
T1DiabetesGranada,balanced_sex_reference_proportional,sex,reference_proportional,False,3,TAR_2,MSE,4336.89
T1DiabetesGranada,balanced_sex_reference_proportional,sex,reference_proportional,False,3,TAR_2,MAE,55.72
T1DiabetesGranada,balanced_sex_reference_proportional,sex,reference_proportional,False,3,TAR_2,MAPE,0.19
T1DiabetesGranada,balanced_sex_reference_proportional,sex,reference_proportional,False,3,ENTIRE,A,68.52
T1DiabetesGranada,balanced_sex_reference_proportional,sex,reference_proportional,False,3,ENTIRE,B,26.33
T1DiabetesGranada,balanced_sex_reference_proportional,sex,reference_proportional,False,3,ENTIRE,C,0.13
T1DiabetesGranada,balanced_sex_reference_proportional,sex,reference_proportional,False,3,ENTIRE,D,5.0
T1DiabetesGranada,balanced_sex_reference_proportional,sex,reference_proportional,False,3,ENTIRE,E,0.02
T1DiabetesGranada,balanced_sex_reference_proportional,sex,reference_proportional,False,3,ENTIRE,A + B,94.85
T1DiabetesGranada,balanced_sex_reference_proportional,sex,reference_proportional,False,3,ENTIRE,RMSE,36.99
T1DiabetesGranada,balanced_sex_reference_proportional,sex,reference_proportional,False,3,ENTIRE,MSE,1368.07
T1DiabetesGranada,balanced_sex_reference_proportional,sex,reference_proportional,False,3,ENTIRE,MAE,26.92
T1DiabetesGranada,balanced_sex_reference_proportional,sex,reference_proportional,False,3,ENTIRE,MAPE,0.18
T1DiabetesGranada,balanced_sex_reference_proportional,sex,reference_proportional,False,4,TBR_2,A,24.32
T1DiabetesGranada,balanced_sex_reference_proportional,sex,reference_proportional,False,4,TBR_2,B,0.0
T1DiabetesGranada,balanced_sex_reference_proportional,sex,reference_proportional,False,4,TBR_2,C,0.0
T1DiabetesGranada,balanced_sex_reference_proportional,sex,reference_proportional,False,4,TBR_2,D,75.37
T1DiabetesGranada,balanced_sex_reference_proportional,sex,reference_proportional,False,4,TBR_2,E,0.32
T1DiabetesGranada,balanced_sex_reference_proportional,sex,reference_proportional,False,4,TBR_2,A + B,24.32
T1DiabetesGranada,balanced_sex_reference_proportional,sex,reference_proportional,False,4,TBR_2,RMSE,39.14
T1DiabetesGranada,balanced_sex_reference_proportional,sex,reference_proportional,False,4,TBR_2,MSE,1532.03
T1DiabetesGranada,balanced_sex_reference_proportional,sex,reference_proportional,False,4,TBR_2,MAE,34.48
T1DiabetesGranada,balanced_sex_reference_proportional,sex,reference_proportional,False,4,TBR_2,MAPE,0.72
T1DiabetesGranada,balanced_sex_reference_proportional,sex,reference_proportional,False,4,TBR_1,A,16.22
T1DiabetesGranada,balanced_sex_reference_proportional,sex,reference_proportional,False,4,TBR_1,B,0.0
T1DiabetesGranada,balanced_sex_reference_proportional,sex,reference_proportional,False,4,TBR_1,C,0.0
T1DiabetesGranada,balanced_sex_reference_proportional,sex,reference_proportional,False,4,TBR_1,D,83.27
T1DiabetesGranada,balanced_sex_reference_proportional,sex,reference_proportional,False,4,TBR_1,E,0.52
T1DiabetesGranada,balanced_sex_reference_proportional,sex,reference_proportional,False,4,TBR_1,A + B,16.22
T1DiabetesGranada,balanced_sex_reference_proportional,sex,reference_proportional,False,4,TBR_1,RMSE,35.41
T1DiabetesGranada,balanced_sex_reference_proportional,sex,reference_proportional,False,4,TBR_1,MSE,1253.86
T1DiabetesGranada,balanced_sex_reference_proportional,sex,reference_proportional,False,4,TBR_1,MAE,29.8
T1DiabetesGranada,balanced_sex_reference_proportional,sex,reference_proportional,False,4,TBR_1,MAPE,0.49
T1DiabetesGranada,balanced_sex_reference_proportional,sex,reference_proportional,False,4,TIR,A,72.12
T1DiabetesGranada,balanced_sex_reference_proportional,sex,reference_proportional,False,4,TIR,B,27.65
T1DiabetesGranada,balanced_sex_reference_proportional,sex,reference_proportional,False,4,TIR,C,0.22
T1DiabetesGranada,balanced_sex_reference_proportional,sex,reference_proportional,False,4,TIR,D,0.0
T1DiabetesGranada,balanced_sex_reference_proportional,sex,reference_proportional,False,4,TIR,E,0.0
T1DiabetesGranada,balanced_sex_reference_proportional,sex,reference_proportional,False,4,TIR,A + B,99.77
T1DiabetesGranada,balanced_sex_reference_proportional,sex,reference_proportional,False,4,TIR,RMSE,26.69
T1DiabetesGranada,balanced_sex_reference_proportional,sex,reference_proportional,False,4,TIR,MSE,712.44
T1DiabetesGranada,balanced_sex_reference_proportional,sex,reference_proportional,False,4,TIR,MAE,19.42
T1DiabetesGranada,balanced_sex_reference_proportional,sex,reference_proportional,False,4,TIR,MAPE,0.16
T1DiabetesGranada,balanced_sex_reference_proportional,sex,reference_proportional,False,4,TAR_1,A,70.1
T1DiabetesGranada,balanced_sex_reference_proportional,sex,reference_proportional,False,4,TAR_1,B,27.94
T1DiabetesGranada,balanced_sex_reference_proportional,sex,reference_proportional,False,4,TAR_1,C,0.04
T1DiabetesGranada,balanced_sex_reference_proportional,sex,reference_proportional,False,4,TAR_1,D,1.88
T1DiabetesGranada,balanced_sex_reference_proportional,sex,reference_proportional,False,4,TAR_1,E,0.04
T1DiabetesGranada,balanced_sex_reference_proportional,sex,reference_proportional,False,4,TAR_1,A + B,98.04
T1DiabetesGranada,balanced_sex_reference_proportional,sex,reference_proportional,False,4,TAR_1,RMSE,43.37
T1DiabetesGranada,balanced_sex_reference_proportional,sex,reference_proportional,False,4,TAR_1,MSE,1880.64
T1DiabetesGranada,balanced_sex_reference_proportional,sex,reference_proportional,False,4,TAR_1,MAE,34.01
T1DiabetesGranada,balanced_sex_reference_proportional,sex,reference_proportional,False,4,TAR_1,MAPE,0.16
T1DiabetesGranada,balanced_sex_reference_proportional,sex,reference_proportional,False,4,TAR_2,A,62.23
T1DiabetesGranada,balanced_sex_reference_proportional,sex,reference_proportional,False,4,TAR_2,B,29.72
T1DiabetesGranada,balanced_sex_reference_proportional,sex,reference_proportional,False,4,TAR_2,C,0.01
T1DiabetesGranada,balanced_sex_reference_proportional,sex,reference_proportional,False,4,TAR_2,D,8.03
T1DiabetesGranada,balanced_sex_reference_proportional,sex,reference_proportional,False,4,TAR_2,E,0.0
T1DiabetesGranada,balanced_sex_reference_proportional,sex,reference_proportional,False,4,TAR_2,A + B,91.95
T1DiabetesGranada,balanced_sex_reference_proportional,sex,reference_proportional,False,4,TAR_2,RMSE,65.02
T1DiabetesGranada,balanced_sex_reference_proportional,sex,reference_proportional,False,4,TAR_2,MSE,4227.86
T1DiabetesGranada,balanced_sex_reference_proportional,sex,reference_proportional,False,4,TAR_2,MAE,54.63
T1DiabetesGranada,balanced_sex_reference_proportional,sex,reference_proportional,False,4,TAR_2,MAPE,0.18
T1DiabetesGranada,balanced_sex_reference_proportional,sex,reference_proportional,False,4,ENTIRE,A,68.03
T1DiabetesGranada,balanced_sex_reference_proportional,sex,reference_proportional,False,4,ENTIRE,B,26.71
T1DiabetesGranada,balanced_sex_reference_proportional,sex,reference_proportional,False,4,ENTIRE,C,0.15
T1DiabetesGranada,balanced_sex_reference_proportional,sex,reference_proportional,False,4,ENTIRE,D,5.09
T1DiabetesGranada,balanced_sex_reference_proportional,sex,reference_proportional,False,4,ENTIRE,E,0.03
T1DiabetesGranada,balanced_sex_reference_proportional,sex,reference_proportional,False,4,ENTIRE,A + B,94.74
T1DiabetesGranada,balanced_sex_reference_proportional,sex,reference_proportional,False,4,ENTIRE,RMSE,37.85
T1DiabetesGranada,balanced_sex_reference_proportional,sex,reference_proportional,False,4,ENTIRE,MSE,1432.28
T1DiabetesGranada,balanced_sex_reference_proportional,sex,reference_proportional,False,4,ENTIRE,MAE,27.58
T1DiabetesGranada,balanced_sex_reference_proportional,sex,reference_proportional,False,4,ENTIRE,MAPE,0.18
T1DiabetesGranada,balanced_sex_reference_proportional,sex,reference_proportional,False,5,TBR_2,A,20.02
T1DiabetesGranada,balanced_sex_reference_proportional,sex,reference_proportional,False,5,TBR_2,B,0.0
T1DiabetesGranada,balanced_sex_reference_proportional,sex,reference_proportional,False,5,TBR_2,C,0.0
T1DiabetesGranada,balanced_sex_reference_proportional,sex,reference_proportional,False,5,TBR_2,D,79.55
T1DiabetesGranada,balanced_sex_reference_proportional,sex,reference_proportional,False,5,TBR_2,E,0.42
T1DiabetesGranada,balanced_sex_reference_proportional,sex,reference_proportional,False,5,TBR_2,A + B,20.02
T1DiabetesGranada,balanced_sex_reference_proportional,sex,reference_proportional,False,5,TBR_2,RMSE,42.04
T1DiabetesGranada,balanced_sex_reference_proportional,sex,reference_proportional,False,5,TBR_2,MSE,1767.14
T1DiabetesGranada,balanced_sex_reference_proportional,sex,reference_proportional,False,5,TBR_2,MAE,37.29
T1DiabetesGranada,balanced_sex_reference_proportional,sex,reference_proportional,False,5,TBR_2,MAPE,0.78
T1DiabetesGranada,balanced_sex_reference_proportional,sex,reference_proportional,False,5,TBR_1,A,10.48
T1DiabetesGranada,balanced_sex_reference_proportional,sex,reference_proportional,False,5,TBR_1,B,0.0
T1DiabetesGranada,balanced_sex_reference_proportional,sex,reference_proportional,False,5,TBR_1,C,0.0
T1DiabetesGranada,balanced_sex_reference_proportional,sex,reference_proportional,False,5,TBR_1,D,88.88
T1DiabetesGranada,balanced_sex_reference_proportional,sex,reference_proportional,False,5,TBR_1,E,0.65
T1DiabetesGranada,balanced_sex_reference_proportional,sex,reference_proportional,False,5,TBR_1,A + B,10.48
T1DiabetesGranada,balanced_sex_reference_proportional,sex,reference_proportional,False,5,TBR_1,RMSE,38.24
T1DiabetesGranada,balanced_sex_reference_proportional,sex,reference_proportional,False,5,TBR_1,MSE,1462.07
T1DiabetesGranada,balanced_sex_reference_proportional,sex,reference_proportional,False,5,TBR_1,MAE,32.62
T1DiabetesGranada,balanced_sex_reference_proportional,sex,reference_proportional,False,5,TBR_1,MAPE,0.53
T1DiabetesGranada,balanced_sex_reference_proportional,sex,reference_proportional,False,5,TIR,A,70.63
T1DiabetesGranada,balanced_sex_reference_proportional,sex,reference_proportional,False,5,TIR,B,29.1
T1DiabetesGranada,balanced_sex_reference_proportional,sex,reference_proportional,False,5,TIR,C,0.27
T1DiabetesGranada,balanced_sex_reference_proportional,sex,reference_proportional,False,5,TIR,D,0.0
T1DiabetesGranada,balanced_sex_reference_proportional,sex,reference_proportional,False,5,TIR,E,0.0
T1DiabetesGranada,balanced_sex_reference_proportional,sex,reference_proportional,False,5,TIR,A + B,99.73
T1DiabetesGranada,balanced_sex_reference_proportional,sex,reference_proportional,False,5,TIR,RMSE,27.15
T1DiabetesGranada,balanced_sex_reference_proportional,sex,reference_proportional,False,5,TIR,MSE,737.35
T1DiabetesGranada,balanced_sex_reference_proportional,sex,reference_proportional,False,5,TIR,MAE,19.73
T1DiabetesGranada,balanced_sex_reference_proportional,sex,reference_proportional,False,5,TIR,MAPE,0.17
T1DiabetesGranada,balanced_sex_reference_proportional,sex,reference_proportional,False,5,TAR_1,A,71.56
T1DiabetesGranada,balanced_sex_reference_proportional,sex,reference_proportional,False,5,TAR_1,B,26.66
T1DiabetesGranada,balanced_sex_reference_proportional,sex,reference_proportional,False,5,TAR_1,C,0.06
T1DiabetesGranada,balanced_sex_reference_proportional,sex,reference_proportional,False,5,TAR_1,D,1.68
T1DiabetesGranada,balanced_sex_reference_proportional,sex,reference_proportional,False,5,TAR_1,E,0.04
T1DiabetesGranada,balanced_sex_reference_proportional,sex,reference_proportional,False,5,TAR_1,A + B,98.22
T1DiabetesGranada,balanced_sex_reference_proportional,sex,reference_proportional,False,5,TAR_1,RMSE,42.34
T1DiabetesGranada,balanced_sex_reference_proportional,sex,reference_proportional,False,5,TAR_1,MSE,1792.46
T1DiabetesGranada,balanced_sex_reference_proportional,sex,reference_proportional,False,5,TAR_1,MAE,32.81
T1DiabetesGranada,balanced_sex_reference_proportional,sex,reference_proportional,False,5,TAR_1,MAPE,0.16
T1DiabetesGranada,balanced_sex_reference_proportional,sex,reference_proportional,False,5,TAR_2,A,62.58
T1DiabetesGranada,balanced_sex_reference_proportional,sex,reference_proportional,False,5,TAR_2,B,29.87
T1DiabetesGranada,balanced_sex_reference_proportional,sex,reference_proportional,False,5,TAR_2,C,0.02
T1DiabetesGranada,balanced_sex_reference_proportional,sex,reference_proportional,False,5,TAR_2,D,7.52
T1DiabetesGranada,balanced_sex_reference_proportional,sex,reference_proportional,False,5,TAR_2,E,0.0
T1DiabetesGranada,balanced_sex_reference_proportional,sex,reference_proportional,False,5,TAR_2,A + B,92.45
T1DiabetesGranada,balanced_sex_reference_proportional,sex,reference_proportional,False,5,TAR_2,RMSE,65.47
T1DiabetesGranada,balanced_sex_reference_proportional,sex,reference_proportional,False,5,TAR_2,MSE,4286.77
T1DiabetesGranada,balanced_sex_reference_proportional,sex,reference_proportional,False,5,TAR_2,MAE,54.78
T1DiabetesGranada,balanced_sex_reference_proportional,sex,reference_proportional,False,5,TAR_2,MAPE,0.18
T1DiabetesGranada,balanced_sex_reference_proportional,sex,reference_proportional,False,5,ENTIRE,A,66.93
T1DiabetesGranada,balanced_sex_reference_proportional,sex,reference_proportional,False,5,ENTIRE,B,27.08
T1DiabetesGranada,balanced_sex_reference_proportional,sex,reference_proportional,False,5,ENTIRE,C,0.18
T1DiabetesGranada,balanced_sex_reference_proportional,sex,reference_proportional,False,5,ENTIRE,D,5.77
T1DiabetesGranada,balanced_sex_reference_proportional,sex,reference_proportional,False,5,ENTIRE,E,0.04
T1DiabetesGranada,balanced_sex_reference_proportional,sex,reference_proportional,False,5,ENTIRE,A + B,94.01
T1DiabetesGranada,balanced_sex_reference_proportional,sex,reference_proportional,False,5,ENTIRE,RMSE,37.18
T1DiabetesGranada,balanced_sex_reference_proportional,sex,reference_proportional,False,5,ENTIRE,MSE,1382.49
T1DiabetesGranada,balanced_sex_reference_proportional,sex,reference_proportional,False,5,ENTIRE,MAE,27.03
T1DiabetesGranada,balanced_sex_reference_proportional,sex,reference_proportional,False,5,ENTIRE,MAPE,0.19
T1DiabetesGranada,balanced_sex_smote,sex,smote,False,1,TBR_2,A,26.57
T1DiabetesGranada,balanced_sex_smote,sex,smote,False,1,TBR_2,B,0.0
T1DiabetesGranada,balanced_sex_smote,sex,smote,False,1,TBR_2,C,0.0
T1DiabetesGranada,balanced_sex_smote,sex,smote,False,1,TBR_2,D,73.02
T1DiabetesGranada,balanced_sex_smote,sex,smote,False,1,TBR_2,E,0.41
T1DiabetesGranada,balanced_sex_smote,sex,smote,False,1,TBR_2,A + B,26.57
T1DiabetesGranada,balanced_sex_smote,sex,smote,False,1,TBR_2,RMSE,39.99
T1DiabetesGranada,balanced_sex_smote,sex,smote,False,1,TBR_2,MSE,1599.32
T1DiabetesGranada,balanced_sex_smote,sex,smote,False,1,TBR_2,MAE,35.07
T1DiabetesGranada,balanced_sex_smote,sex,smote,False,1,TBR_2,MAPE,0.73
T1DiabetesGranada,balanced_sex_smote,sex,smote,False,1,TBR_1,A,14.55
T1DiabetesGranada,balanced_sex_smote,sex,smote,False,1,TBR_1,B,0.0
T1DiabetesGranada,balanced_sex_smote,sex,smote,False,1,TBR_1,C,0.0
T1DiabetesGranada,balanced_sex_smote,sex,smote,False,1,TBR_1,D,84.93
T1DiabetesGranada,balanced_sex_smote,sex,smote,False,1,TBR_1,E,0.53
T1DiabetesGranada,balanced_sex_smote,sex,smote,False,1,TBR_1,A + B,14.55
T1DiabetesGranada,balanced_sex_smote,sex,smote,False,1,TBR_1,RMSE,36.26
T1DiabetesGranada,balanced_sex_smote,sex,smote,False,1,TBR_1,MSE,1315.0
T1DiabetesGranada,balanced_sex_smote,sex,smote,False,1,TBR_1,MAE,30.75
T1DiabetesGranada,balanced_sex_smote,sex,smote,False,1,TBR_1,MAPE,0.5
T1DiabetesGranada,balanced_sex_smote,sex,smote,False,1,TIR,A,70.92
T1DiabetesGranada,balanced_sex_smote,sex,smote,False,1,TIR,B,28.79
T1DiabetesGranada,balanced_sex_smote,sex,smote,False,1,TIR,C,0.29
T1DiabetesGranada,balanced_sex_smote,sex,smote,False,1,TIR,D,0.0
T1DiabetesGranada,balanced_sex_smote,sex,smote,False,1,TIR,E,0.0
T1DiabetesGranada,balanced_sex_smote,sex,smote,False,1,TIR,A + B,99.71
T1DiabetesGranada,balanced_sex_smote,sex,smote,False,1,TIR,RMSE,27.32
T1DiabetesGranada,balanced_sex_smote,sex,smote,False,1,TIR,MSE,746.4
T1DiabetesGranada,balanced_sex_smote,sex,smote,False,1,TIR,MAE,19.84
T1DiabetesGranada,balanced_sex_smote,sex,smote,False,1,TIR,MAPE,0.16
T1DiabetesGranada,balanced_sex_smote,sex,smote,False,1,TAR_1,A,70.55
T1DiabetesGranada,balanced_sex_smote,sex,smote,False,1,TAR_1,B,27.47
T1DiabetesGranada,balanced_sex_smote,sex,smote,False,1,TAR_1,C,0.09
T1DiabetesGranada,balanced_sex_smote,sex,smote,False,1,TAR_1,D,1.84
T1DiabetesGranada,balanced_sex_smote,sex,smote,False,1,TAR_1,E,0.06
T1DiabetesGranada,balanced_sex_smote,sex,smote,False,1,TAR_1,A + B,98.02
T1DiabetesGranada,balanced_sex_smote,sex,smote,False,1,TAR_1,RMSE,43.22
T1DiabetesGranada,balanced_sex_smote,sex,smote,False,1,TAR_1,MSE,1868.17
T1DiabetesGranada,balanced_sex_smote,sex,smote,False,1,TAR_1,MAE,33.87
T1DiabetesGranada,balanced_sex_smote,sex,smote,False,1,TAR_1,MAPE,0.16
T1DiabetesGranada,balanced_sex_smote,sex,smote,False,1,TAR_2,A,59.62
T1DiabetesGranada,balanced_sex_smote,sex,smote,False,1,TAR_2,B,32.92
T1DiabetesGranada,balanced_sex_smote,sex,smote,False,1,TAR_2,C,0.04
T1DiabetesGranada,balanced_sex_smote,sex,smote,False,1,TAR_2,D,7.41
T1DiabetesGranada,balanced_sex_smote,sex,smote,False,1,TAR_2,E,0.01
T1DiabetesGranada,balanced_sex_smote,sex,smote,False,1,TAR_2,A + B,92.54
T1DiabetesGranada,balanced_sex_smote,sex,smote,False,1,TAR_2,RMSE,68.36
T1DiabetesGranada,balanced_sex_smote,sex,smote,False,1,TAR_2,MSE,4673.11
T1DiabetesGranada,balanced_sex_smote,sex,smote,False,1,TAR_2,MAE,58.04
T1DiabetesGranada,balanced_sex_smote,sex,smote,False,1,TAR_2,MAPE,0.19
T1DiabetesGranada,balanced_sex_smote,sex,smote,False,1,ENTIRE,A,66.82
T1DiabetesGranada,balanced_sex_smote,sex,smote,False,1,ENTIRE,B,27.6
T1DiabetesGranada,balanced_sex_smote,sex,smote,False,1,ENTIRE,C,0.2
T1DiabetesGranada,balanced_sex_smote,sex,smote,False,1,ENTIRE,D,5.35
T1DiabetesGranada,balanced_sex_smote,sex,smote,False,1,ENTIRE,E,0.04
T1DiabetesGranada,balanced_sex_smote,sex,smote,False,1,ENTIRE,A + B,94.42
T1DiabetesGranada,balanced_sex_smote,sex,smote,False,1,ENTIRE,RMSE,39.12
T1DiabetesGranada,balanced_sex_smote,sex,smote,False,1,ENTIRE,MSE,1530.49
T1DiabetesGranada,balanced_sex_smote,sex,smote,False,1,ENTIRE,MAE,28.48
T1DiabetesGranada,balanced_sex_smote,sex,smote,False,1,ENTIRE,MAPE,0.18
T1DiabetesGranada,balanced_sex_smote,sex,smote,False,2,TBR_2,A,19.06
T1DiabetesGranada,balanced_sex_smote,sex,smote,False,2,TBR_2,B,0.0
T1DiabetesGranada,balanced_sex_smote,sex,smote,False,2,TBR_2,C,0.0
T1DiabetesGranada,balanced_sex_smote,sex,smote,False,2,TBR_2,D,80.68
T1DiabetesGranada,balanced_sex_smote,sex,smote,False,2,TBR_2,E,0.26
T1DiabetesGranada,balanced_sex_smote,sex,smote,False,2,TBR_2,A + B,19.06
T1DiabetesGranada,balanced_sex_smote,sex,smote,False,2,TBR_2,RMSE,38.38
T1DiabetesGranada,balanced_sex_smote,sex,smote,False,2,TBR_2,MSE,1473.32
T1DiabetesGranada,balanced_sex_smote,sex,smote,False,2,TBR_2,MAE,34.61
T1DiabetesGranada,balanced_sex_smote,sex,smote,False,2,TBR_2,MAPE,0.73
T1DiabetesGranada,balanced_sex_smote,sex,smote,False,2,TBR_1,A,10.67
T1DiabetesGranada,balanced_sex_smote,sex,smote,False,2,TBR_1,B,0.0
T1DiabetesGranada,balanced_sex_smote,sex,smote,False,2,TBR_1,C,0.0
T1DiabetesGranada,balanced_sex_smote,sex,smote,False,2,TBR_1,D,88.89
T1DiabetesGranada,balanced_sex_smote,sex,smote,False,2,TBR_1,E,0.45
T1DiabetesGranada,balanced_sex_smote,sex,smote,False,2,TBR_1,A + B,10.67
T1DiabetesGranada,balanced_sex_smote,sex,smote,False,2,TBR_1,RMSE,35.4
T1DiabetesGranada,balanced_sex_smote,sex,smote,False,2,TBR_1,MSE,1253.39
T1DiabetesGranada,balanced_sex_smote,sex,smote,False,2,TBR_1,MAE,30.52
T1DiabetesGranada,balanced_sex_smote,sex,smote,False,2,TBR_1,MAPE,0.5
T1DiabetesGranada,balanced_sex_smote,sex,smote,False,2,TIR,A,72.0
T1DiabetesGranada,balanced_sex_smote,sex,smote,False,2,TIR,B,27.8
T1DiabetesGranada,balanced_sex_smote,sex,smote,False,2,TIR,C,0.2
T1DiabetesGranada,balanced_sex_smote,sex,smote,False,2,TIR,D,0.0
T1DiabetesGranada,balanced_sex_smote,sex,smote,False,2,TIR,E,0.0
T1DiabetesGranada,balanced_sex_smote,sex,smote,False,2,TIR,A + B,99.8
T1DiabetesGranada,balanced_sex_smote,sex,smote,False,2,TIR,RMSE,25.96
T1DiabetesGranada,balanced_sex_smote,sex,smote,False,2,TIR,MSE,673.78
T1DiabetesGranada,balanced_sex_smote,sex,smote,False,2,TIR,MAE,19.0
T1DiabetesGranada,balanced_sex_smote,sex,smote,False,2,TIR,MAPE,0.16
T1DiabetesGranada,balanced_sex_smote,sex,smote,False,2,TAR_1,A,72.0
T1DiabetesGranada,balanced_sex_smote,sex,smote,False,2,TAR_1,B,26.16
T1DiabetesGranada,balanced_sex_smote,sex,smote,False,2,TAR_1,C,0.06
T1DiabetesGranada,balanced_sex_smote,sex,smote,False,2,TAR_1,D,1.75
T1DiabetesGranada,balanced_sex_smote,sex,smote,False,2,TAR_1,E,0.04
T1DiabetesGranada,balanced_sex_smote,sex,smote,False,2,TAR_1,A + B,98.16
T1DiabetesGranada,balanced_sex_smote,sex,smote,False,2,TAR_1,RMSE,41.82
T1DiabetesGranada,balanced_sex_smote,sex,smote,False,2,TAR_1,MSE,1749.09
T1DiabetesGranada,balanced_sex_smote,sex,smote,False,2,TAR_1,MAE,32.88
T1DiabetesGranada,balanced_sex_smote,sex,smote,False,2,TAR_1,MAPE,0.16
T1DiabetesGranada,balanced_sex_smote,sex,smote,False,2,TAR_2,A,60.0
T1DiabetesGranada,balanced_sex_smote,sex,smote,False,2,TAR_2,B,33.3
T1DiabetesGranada,balanced_sex_smote,sex,smote,False,2,TAR_2,C,0.05
T1DiabetesGranada,balanced_sex_smote,sex,smote,False,2,TAR_2,D,6.64
T1DiabetesGranada,balanced_sex_smote,sex,smote,False,2,TAR_2,E,0.0
T1DiabetesGranada,balanced_sex_smote,sex,smote,False,2,TAR_2,A + B,93.3
T1DiabetesGranada,balanced_sex_smote,sex,smote,False,2,TAR_2,RMSE,68.51
T1DiabetesGranada,balanced_sex_smote,sex,smote,False,2,TAR_2,MSE,4693.24
T1DiabetesGranada,balanced_sex_smote,sex,smote,False,2,TAR_2,MAE,58.48
T1DiabetesGranada,balanced_sex_smote,sex,smote,False,2,TAR_2,MAPE,0.19
T1DiabetesGranada,balanced_sex_smote,sex,smote,False,2,ENTIRE,A,67.7
T1DiabetesGranada,balanced_sex_smote,sex,smote,False,2,ENTIRE,B,26.77
T1DiabetesGranada,balanced_sex_smote,sex,smote,False,2,ENTIRE,C,0.14
T1DiabetesGranada,balanced_sex_smote,sex,smote,False,2,ENTIRE,D,5.37
T1DiabetesGranada,balanced_sex_smote,sex,smote,False,2,ENTIRE,E,0.03
T1DiabetesGranada,balanced_sex_smote,sex,smote,False,2,ENTIRE,A + B,94.47
T1DiabetesGranada,balanced_sex_smote,sex,smote,False,2,ENTIRE,RMSE,38.02
T1DiabetesGranada,balanced_sex_smote,sex,smote,False,2,ENTIRE,MSE,1445.32
T1DiabetesGranada,balanced_sex_smote,sex,smote,False,2,ENTIRE,MAE,27.65
T1DiabetesGranada,balanced_sex_smote,sex,smote,False,2,ENTIRE,MAPE,0.18
T1DiabetesGranada,balanced_sex_smote,sex,smote,False,3,TBR_2,A,20.49
T1DiabetesGranada,balanced_sex_smote,sex,smote,False,3,TBR_2,B,0.0
T1DiabetesGranada,balanced_sex_smote,sex,smote,False,3,TBR_2,C,0.0
T1DiabetesGranada,balanced_sex_smote,sex,smote,False,3,TBR_2,D,79.19
T1DiabetesGranada,balanced_sex_smote,sex,smote,False,3,TBR_2,E,0.31
T1DiabetesGranada,balanced_sex_smote,sex,smote,False,3,TBR_2,A + B,20.49
T1DiabetesGranada,balanced_sex_smote,sex,smote,False,3,TBR_2,RMSE,38.18
T1DiabetesGranada,balanced_sex_smote,sex,smote,False,3,TBR_2,MSE,1457.41
T1DiabetesGranada,balanced_sex_smote,sex,smote,False,3,TBR_2,MAE,33.94
T1DiabetesGranada,balanced_sex_smote,sex,smote,False,3,TBR_2,MAPE,0.71
T1DiabetesGranada,balanced_sex_smote,sex,smote,False,3,TBR_1,A,14.06
T1DiabetesGranada,balanced_sex_smote,sex,smote,False,3,TBR_1,B,0.0
T1DiabetesGranada,balanced_sex_smote,sex,smote,False,3,TBR_1,C,0.0
T1DiabetesGranada,balanced_sex_smote,sex,smote,False,3,TBR_1,D,85.47
T1DiabetesGranada,balanced_sex_smote,sex,smote,False,3,TBR_1,E,0.47
T1DiabetesGranada,balanced_sex_smote,sex,smote,False,3,TBR_1,A + B,14.06
T1DiabetesGranada,balanced_sex_smote,sex,smote,False,3,TBR_1,RMSE,34.75
T1DiabetesGranada,balanced_sex_smote,sex,smote,False,3,TBR_1,MSE,1207.7
T1DiabetesGranada,balanced_sex_smote,sex,smote,False,3,TBR_1,MAE,29.39
T1DiabetesGranada,balanced_sex_smote,sex,smote,False,3,TBR_1,MAPE,0.48
T1DiabetesGranada,balanced_sex_smote,sex,smote,False,3,TIR,A,73.1
T1DiabetesGranada,balanced_sex_smote,sex,smote,False,3,TIR,B,26.72
T1DiabetesGranada,balanced_sex_smote,sex,smote,False,3,TIR,C,0.18
T1DiabetesGranada,balanced_sex_smote,sex,smote,False,3,TIR,D,0.0
T1DiabetesGranada,balanced_sex_smote,sex,smote,False,3,TIR,E,0.0
T1DiabetesGranada,balanced_sex_smote,sex,smote,False,3,TIR,A + B,99.82
T1DiabetesGranada,balanced_sex_smote,sex,smote,False,3,TIR,RMSE,25.87
T1DiabetesGranada,balanced_sex_smote,sex,smote,False,3,TIR,MSE,669.45
T1DiabetesGranada,balanced_sex_smote,sex,smote,False,3,TIR,MAE,18.78
T1DiabetesGranada,balanced_sex_smote,sex,smote,False,3,TIR,MAPE,0.15
T1DiabetesGranada,balanced_sex_smote,sex,smote,False,3,TAR_1,A,71.01
T1DiabetesGranada,balanced_sex_smote,sex,smote,False,3,TAR_1,B,27.15
T1DiabetesGranada,balanced_sex_smote,sex,smote,False,3,TAR_1,C,0.03
T1DiabetesGranada,balanced_sex_smote,sex,smote,False,3,TAR_1,D,1.79
T1DiabetesGranada,balanced_sex_smote,sex,smote,False,3,TAR_1,E,0.02
T1DiabetesGranada,balanced_sex_smote,sex,smote,False,3,TAR_1,A + B,98.16
T1DiabetesGranada,balanced_sex_smote,sex,smote,False,3,TAR_1,RMSE,42.67
T1DiabetesGranada,balanced_sex_smote,sex,smote,False,3,TAR_1,MSE,1820.56
T1DiabetesGranada,balanced_sex_smote,sex,smote,False,3,TAR_1,MAE,33.56
T1DiabetesGranada,balanced_sex_smote,sex,smote,False,3,TAR_1,MAPE,0.16
T1DiabetesGranada,balanced_sex_smote,sex,smote,False,3,TAR_2,A,60.24
T1DiabetesGranada,balanced_sex_smote,sex,smote,False,3,TAR_2,B,31.77
T1DiabetesGranada,balanced_sex_smote,sex,smote,False,3,TAR_2,C,0.01
T1DiabetesGranada,balanced_sex_smote,sex,smote,False,3,TAR_2,D,7.98
T1DiabetesGranada,balanced_sex_smote,sex,smote,False,3,TAR_2,E,0.0
T1DiabetesGranada,balanced_sex_smote,sex,smote,False,3,TAR_2,A + B,92.01
T1DiabetesGranada,balanced_sex_smote,sex,smote,False,3,TAR_2,RMSE,66.16
T1DiabetesGranada,balanced_sex_smote,sex,smote,False,3,TAR_2,MSE,4377.46
T1DiabetesGranada,balanced_sex_smote,sex,smote,False,3,TAR_2,MAE,56.17
T1DiabetesGranada,balanced_sex_smote,sex,smote,False,3,TAR_2,MAPE,0.19
T1DiabetesGranada,balanced_sex_smote,sex,smote,False,3,ENTIRE,A,68.72
T1DiabetesGranada,balanced_sex_smote,sex,smote,False,3,ENTIRE,B,26.2
T1DiabetesGranada,balanced_sex_smote,sex,smote,False,3,ENTIRE,C,0.12
T1DiabetesGranada,balanced_sex_smote,sex,smote,False,3,ENTIRE,D,4.94
T1DiabetesGranada,balanced_sex_smote,sex,smote,False,3,ENTIRE,E,0.02
T1DiabetesGranada,balanced_sex_smote,sex,smote,False,3,ENTIRE,A + B,94.92
T1DiabetesGranada,balanced_sex_smote,sex,smote,False,3,ENTIRE,RMSE,36.89
T1DiabetesGranada,balanced_sex_smote,sex,smote,False,3,ENTIRE,MSE,1360.65
T1DiabetesGranada,balanced_sex_smote,sex,smote,False,3,ENTIRE,MAE,26.74
T1DiabetesGranada,balanced_sex_smote,sex,smote,False,3,ENTIRE,MAPE,0.17
T1DiabetesGranada,balanced_sex_smote,sex,smote,False,4,TBR_2,A,20.18
T1DiabetesGranada,balanced_sex_smote,sex,smote,False,4,TBR_2,B,0.0
T1DiabetesGranada,balanced_sex_smote,sex,smote,False,4,TBR_2,C,0.0
T1DiabetesGranada,balanced_sex_smote,sex,smote,False,4,TBR_2,D,79.49
T1DiabetesGranada,balanced_sex_smote,sex,smote,False,4,TBR_2,E,0.32
T1DiabetesGranada,balanced_sex_smote,sex,smote,False,4,TBR_2,A + B,20.18
T1DiabetesGranada,balanced_sex_smote,sex,smote,False,4,TBR_2,RMSE,39.5
T1DiabetesGranada,balanced_sex_smote,sex,smote,False,4,TBR_2,MSE,1559.91
T1DiabetesGranada,balanced_sex_smote,sex,smote,False,4,TBR_2,MAE,35.22
T1DiabetesGranada,balanced_sex_smote,sex,smote,False,4,TBR_2,MAPE,0.74
T1DiabetesGranada,balanced_sex_smote,sex,smote,False,4,TBR_1,A,12.61
T1DiabetesGranada,balanced_sex_smote,sex,smote,False,4,TBR_1,B,0.0
T1DiabetesGranada,balanced_sex_smote,sex,smote,False,4,TBR_1,C,0.0
T1DiabetesGranada,balanced_sex_smote,sex,smote,False,4,TBR_1,D,86.86
T1DiabetesGranada,balanced_sex_smote,sex,smote,False,4,TBR_1,E,0.53
T1DiabetesGranada,balanced_sex_smote,sex,smote,False,4,TBR_1,A + B,12.61
T1DiabetesGranada,balanced_sex_smote,sex,smote,False,4,TBR_1,RMSE,35.84
T1DiabetesGranada,balanced_sex_smote,sex,smote,False,4,TBR_1,MSE,1284.31
T1DiabetesGranada,balanced_sex_smote,sex,smote,False,4,TBR_1,MAE,30.59
T1DiabetesGranada,balanced_sex_smote,sex,smote,False,4,TBR_1,MAPE,0.5
T1DiabetesGranada,balanced_sex_smote,sex,smote,False,4,TIR,A,72.05
T1DiabetesGranada,balanced_sex_smote,sex,smote,False,4,TIR,B,27.73
T1DiabetesGranada,balanced_sex_smote,sex,smote,False,4,TIR,C,0.22
T1DiabetesGranada,balanced_sex_smote,sex,smote,False,4,TIR,D,0.0
T1DiabetesGranada,balanced_sex_smote,sex,smote,False,4,TIR,E,0.0
T1DiabetesGranada,balanced_sex_smote,sex,smote,False,4,TIR,A + B,99.78
T1DiabetesGranada,balanced_sex_smote,sex,smote,False,4,TIR,RMSE,26.66
T1DiabetesGranada,balanced_sex_smote,sex,smote,False,4,TIR,MSE,710.93
T1DiabetesGranada,balanced_sex_smote,sex,smote,False,4,TIR,MAE,19.4
T1DiabetesGranada,balanced_sex_smote,sex,smote,False,4,TIR,MAPE,0.16
T1DiabetesGranada,balanced_sex_smote,sex,smote,False,4,TAR_1,A,70.44
T1DiabetesGranada,balanced_sex_smote,sex,smote,False,4,TAR_1,B,27.64
T1DiabetesGranada,balanced_sex_smote,sex,smote,False,4,TAR_1,C,0.04
T1DiabetesGranada,balanced_sex_smote,sex,smote,False,4,TAR_1,D,1.85
T1DiabetesGranada,balanced_sex_smote,sex,smote,False,4,TAR_1,E,0.03
T1DiabetesGranada,balanced_sex_smote,sex,smote,False,4,TAR_1,A + B,98.08
T1DiabetesGranada,balanced_sex_smote,sex,smote,False,4,TAR_1,RMSE,43.26
T1DiabetesGranada,balanced_sex_smote,sex,smote,False,4,TAR_1,MSE,1871.5
T1DiabetesGranada,balanced_sex_smote,sex,smote,False,4,TAR_1,MAE,34.03
T1DiabetesGranada,balanced_sex_smote,sex,smote,False,4,TAR_1,MAPE,0.16
T1DiabetesGranada,balanced_sex_smote,sex,smote,False,4,TAR_2,A,60.77
T1DiabetesGranada,balanced_sex_smote,sex,smote,False,4,TAR_2,B,31.29
T1DiabetesGranada,balanced_sex_smote,sex,smote,False,4,TAR_2,C,0.01
T1DiabetesGranada,balanced_sex_smote,sex,smote,False,4,TAR_2,D,7.93
T1DiabetesGranada,balanced_sex_smote,sex,smote,False,4,TAR_2,E,0.0
T1DiabetesGranada,balanced_sex_smote,sex,smote,False,4,TAR_2,A + B,92.06
T1DiabetesGranada,balanced_sex_smote,sex,smote,False,4,TAR_2,RMSE,65.91
T1DiabetesGranada,balanced_sex_smote,sex,smote,False,4,TAR_2,MSE,4344.46
T1DiabetesGranada,balanced_sex_smote,sex,smote,False,4,TAR_2,MAE,55.96
T1DiabetesGranada,balanced_sex_smote,sex,smote,False,4,TAR_2,MAPE,0.19
T1DiabetesGranada,balanced_sex_smote,sex,smote,False,4,ENTIRE,A,67.73
T1DiabetesGranada,balanced_sex_smote,sex,smote,False,4,ENTIRE,B,26.87
T1DiabetesGranada,balanced_sex_smote,sex,smote,False,4,ENTIRE,C,0.14
T1DiabetesGranada,balanced_sex_smote,sex,smote,False,4,ENTIRE,D,5.23
T1DiabetesGranada,balanced_sex_smote,sex,smote,False,4,ENTIRE,E,0.03
T1DiabetesGranada,balanced_sex_smote,sex,smote,False,4,ENTIRE,A + B,94.6
T1DiabetesGranada,balanced_sex_smote,sex,smote,False,4,ENTIRE,RMSE,38.0
T1DiabetesGranada,balanced_sex_smote,sex,smote,False,4,ENTIRE,MSE,1443.97
T1DiabetesGranada,balanced_sex_smote,sex,smote,False,4,ENTIRE,MAE,27.76
T1DiabetesGranada,balanced_sex_smote,sex,smote,False,4,ENTIRE,MAPE,0.18
T1DiabetesGranada,balanced_sex_smote,sex,smote,False,5,TBR_2,A,23.13
T1DiabetesGranada,balanced_sex_smote,sex,smote,False,5,TBR_2,B,0.0
T1DiabetesGranada,balanced_sex_smote,sex,smote,False,5,TBR_2,C,0.0
T1DiabetesGranada,balanced_sex_smote,sex,smote,False,5,TBR_2,D,76.45
T1DiabetesGranada,balanced_sex_smote,sex,smote,False,5,TBR_2,E,0.42
T1DiabetesGranada,balanced_sex_smote,sex,smote,False,5,TBR_2,A + B,23.13
T1DiabetesGranada,balanced_sex_smote,sex,smote,False,5,TBR_2,RMSE,40.88
T1DiabetesGranada,balanced_sex_smote,sex,smote,False,5,TBR_2,MSE,1671.46
T1DiabetesGranada,balanced_sex_smote,sex,smote,False,5,TBR_2,MAE,36.15
T1DiabetesGranada,balanced_sex_smote,sex,smote,False,5,TBR_2,MAPE,0.76
T1DiabetesGranada,balanced_sex_smote,sex,smote,False,5,TBR_1,A,13.02
T1DiabetesGranada,balanced_sex_smote,sex,smote,False,5,TBR_1,B,0.0
T1DiabetesGranada,balanced_sex_smote,sex,smote,False,5,TBR_1,C,0.0
T1DiabetesGranada,balanced_sex_smote,sex,smote,False,5,TBR_1,D,86.37
T1DiabetesGranada,balanced_sex_smote,sex,smote,False,5,TBR_1,E,0.61
T1DiabetesGranada,balanced_sex_smote,sex,smote,False,5,TBR_1,A + B,13.02
T1DiabetesGranada,balanced_sex_smote,sex,smote,False,5,TBR_1,RMSE,37.1
T1DiabetesGranada,balanced_sex_smote,sex,smote,False,5,TBR_1,MSE,1376.69
T1DiabetesGranada,balanced_sex_smote,sex,smote,False,5,TBR_1,MAE,31.31
T1DiabetesGranada,balanced_sex_smote,sex,smote,False,5,TBR_1,MAPE,0.51
T1DiabetesGranada,balanced_sex_smote,sex,smote,False,5,TIR,A,70.98
T1DiabetesGranada,balanced_sex_smote,sex,smote,False,5,TIR,B,28.77
T1DiabetesGranada,balanced_sex_smote,sex,smote,False,5,TIR,C,0.26
T1DiabetesGranada,balanced_sex_smote,sex,smote,False,5,TIR,D,0.0
T1DiabetesGranada,balanced_sex_smote,sex,smote,False,5,TIR,E,0.0
T1DiabetesGranada,balanced_sex_smote,sex,smote,False,5,TIR,A + B,99.75
T1DiabetesGranada,balanced_sex_smote,sex,smote,False,5,TIR,RMSE,27.19
T1DiabetesGranada,balanced_sex_smote,sex,smote,False,5,TIR,MSE,739.15
T1DiabetesGranada,balanced_sex_smote,sex,smote,False,5,TIR,MAE,19.72
T1DiabetesGranada,balanced_sex_smote,sex,smote,False,5,TIR,MAPE,0.16
T1DiabetesGranada,balanced_sex_smote,sex,smote,False,5,TAR_1,A,70.6
T1DiabetesGranada,balanced_sex_smote,sex,smote,False,5,TAR_1,B,27.55
T1DiabetesGranada,balanced_sex_smote,sex,smote,False,5,TAR_1,C,0.05
T1DiabetesGranada,balanced_sex_smote,sex,smote,False,5,TAR_1,D,1.75
T1DiabetesGranada,balanced_sex_smote,sex,smote,False,5,TAR_1,E,0.05
T1DiabetesGranada,balanced_sex_smote,sex,smote,False,5,TAR_1,A + B,98.15
T1DiabetesGranada,balanced_sex_smote,sex,smote,False,5,TAR_1,RMSE,43.13
T1DiabetesGranada,balanced_sex_smote,sex,smote,False,5,TAR_1,MSE,1860.31
T1DiabetesGranada,balanced_sex_smote,sex,smote,False,5,TAR_1,MAE,33.66
T1DiabetesGranada,balanced_sex_smote,sex,smote,False,5,TAR_1,MAPE,0.16
T1DiabetesGranada,balanced_sex_smote,sex,smote,False,5,TAR_2,A,61.79
T1DiabetesGranada,balanced_sex_smote,sex,smote,False,5,TAR_2,B,30.36
T1DiabetesGranada,balanced_sex_smote,sex,smote,False,5,TAR_2,C,0.02
T1DiabetesGranada,balanced_sex_smote,sex,smote,False,5,TAR_2,D,7.83
T1DiabetesGranada,balanced_sex_smote,sex,smote,False,5,TAR_2,E,0.0
T1DiabetesGranada,balanced_sex_smote,sex,smote,False,5,TAR_2,A + B,92.15
T1DiabetesGranada,balanced_sex_smote,sex,smote,False,5,TAR_2,RMSE,66.26
T1DiabetesGranada,balanced_sex_smote,sex,smote,False,5,TAR_2,MSE,4390.47
T1DiabetesGranada,balanced_sex_smote,sex,smote,False,5,TAR_2,MAE,55.63
T1DiabetesGranada,balanced_sex_smote,sex,smote,False,5,TAR_2,MAPE,0.18
T1DiabetesGranada,balanced_sex_smote,sex,smote,False,5,ENTIRE,A,66.99
T1DiabetesGranada,balanced_sex_smote,sex,smote,False,5,ENTIRE,B,27.12
T1DiabetesGranada,balanced_sex_smote,sex,smote,False,5,ENTIRE,C,0.17
T1DiabetesGranada,balanced_sex_smote,sex,smote,False,5,ENTIRE,D,5.68
T1DiabetesGranada,balanced_sex_smote,sex,smote,False,5,ENTIRE,E,0.04
T1DiabetesGranada,balanced_sex_smote,sex,smote,False,5,ENTIRE,A + B,94.11
T1DiabetesGranada,balanced_sex_smote,sex,smote,False,5,ENTIRE,RMSE,37.48
T1DiabetesGranada,balanced_sex_smote,sex,smote,False,5,ENTIRE,MSE,1405.06
T1DiabetesGranada,balanced_sex_smote,sex,smote,False,5,ENTIRE,MAE,27.24
T1DiabetesGranada,balanced_sex_smote,sex,smote,False,5,ENTIRE,MAPE,0.19
T1DiabetesGranada,balanced_sex_undersampling,sex,undersampling,False,1,TBR_2,A,21.16
T1DiabetesGranada,balanced_sex_undersampling,sex,undersampling,False,1,TBR_2,B,0.0
T1DiabetesGranada,balanced_sex_undersampling,sex,undersampling,False,1,TBR_2,C,0.0
T1DiabetesGranada,balanced_sex_undersampling,sex,undersampling,False,1,TBR_2,D,78.46
T1DiabetesGranada,balanced_sex_undersampling,sex,undersampling,False,1,TBR_2,E,0.38
T1DiabetesGranada,balanced_sex_undersampling,sex,undersampling,False,1,TBR_2,A + B,21.16
T1DiabetesGranada,balanced_sex_undersampling,sex,undersampling,False,1,TBR_2,RMSE,39.8
T1DiabetesGranada,balanced_sex_undersampling,sex,undersampling,False,1,TBR_2,MSE,1583.86
T1DiabetesGranada,balanced_sex_undersampling,sex,undersampling,False,1,TBR_2,MAE,35.18
T1DiabetesGranada,balanced_sex_undersampling,sex,undersampling,False,1,TBR_2,MAPE,0.73
T1DiabetesGranada,balanced_sex_undersampling,sex,undersampling,False,1,TBR_1,A,12.72
T1DiabetesGranada,balanced_sex_undersampling,sex,undersampling,False,1,TBR_1,B,0.0
T1DiabetesGranada,balanced_sex_undersampling,sex,undersampling,False,1,TBR_1,C,0.0
T1DiabetesGranada,balanced_sex_undersampling,sex,undersampling,False,1,TBR_1,D,86.77
T1DiabetesGranada,balanced_sex_undersampling,sex,undersampling,False,1,TBR_1,E,0.51
T1DiabetesGranada,balanced_sex_undersampling,sex,undersampling,False,1,TBR_1,A + B,12.72
T1DiabetesGranada,balanced_sex_undersampling,sex,undersampling,False,1,TBR_1,RMSE,36.09
T1DiabetesGranada,balanced_sex_undersampling,sex,undersampling,False,1,TBR_1,MSE,1302.18
T1DiabetesGranada,balanced_sex_undersampling,sex,undersampling,False,1,TBR_1,MAE,30.71
T1DiabetesGranada,balanced_sex_undersampling,sex,undersampling,False,1,TBR_1,MAPE,0.5
T1DiabetesGranada,balanced_sex_undersampling,sex,undersampling,False,1,TIR,A,71.08
T1DiabetesGranada,balanced_sex_undersampling,sex,undersampling,False,1,TIR,B,28.64
T1DiabetesGranada,balanced_sex_undersampling,sex,undersampling,False,1,TIR,C,0.28
T1DiabetesGranada,balanced_sex_undersampling,sex,undersampling,False,1,TIR,D,0.0
T1DiabetesGranada,balanced_sex_undersampling,sex,undersampling,False,1,TIR,E,0.0
T1DiabetesGranada,balanced_sex_undersampling,sex,undersampling,False,1,TIR,A + B,99.72
T1DiabetesGranada,balanced_sex_undersampling,sex,undersampling,False,1,TIR,RMSE,27.2
T1DiabetesGranada,balanced_sex_undersampling,sex,undersampling,False,1,TIR,MSE,740.1
T1DiabetesGranada,balanced_sex_undersampling,sex,undersampling,False,1,TIR,MAE,19.77
T1DiabetesGranada,balanced_sex_undersampling,sex,undersampling,False,1,TIR,MAPE,0.16
T1DiabetesGranada,balanced_sex_undersampling,sex,undersampling,False,1,TAR_1,A,69.68
T1DiabetesGranada,balanced_sex_undersampling,sex,undersampling,False,1,TAR_1,B,28.28
T1DiabetesGranada,balanced_sex_undersampling,sex,undersampling,False,1,TAR_1,C,0.08
T1DiabetesGranada,balanced_sex_undersampling,sex,undersampling,False,1,TAR_1,D,1.92
T1DiabetesGranada,balanced_sex_undersampling,sex,undersampling,False,1,TAR_1,E,0.05
T1DiabetesGranada,balanced_sex_undersampling,sex,undersampling,False,1,TAR_1,A + B,97.96
T1DiabetesGranada,balanced_sex_undersampling,sex,undersampling,False,1,TAR_1,RMSE,43.76
T1DiabetesGranada,balanced_sex_undersampling,sex,undersampling,False,1,TAR_1,MSE,1914.86
T1DiabetesGranada,balanced_sex_undersampling,sex,undersampling,False,1,TAR_1,MAE,34.65
T1DiabetesGranada,balanced_sex_undersampling,sex,undersampling,False,1,TAR_1,MAPE,0.16
T1DiabetesGranada,balanced_sex_undersampling,sex,undersampling,False,1,TAR_2,A,58.87
T1DiabetesGranada,balanced_sex_undersampling,sex,undersampling,False,1,TAR_2,B,33.3
T1DiabetesGranada,balanced_sex_undersampling,sex,undersampling,False,1,TAR_2,C,0.03
T1DiabetesGranada,balanced_sex_undersampling,sex,undersampling,False,1,TAR_2,D,7.79
T1DiabetesGranada,balanced_sex_undersampling,sex,undersampling,False,1,TAR_2,E,0.01
T1DiabetesGranada,balanced_sex_undersampling,sex,undersampling,False,1,TAR_2,A + B,92.17
T1DiabetesGranada,balanced_sex_undersampling,sex,undersampling,False,1,TAR_2,RMSE,69.19
T1DiabetesGranada,balanced_sex_undersampling,sex,undersampling,False,1,TAR_2,MSE,4786.96
T1DiabetesGranada,balanced_sex_undersampling,sex,undersampling,False,1,TAR_2,MAE,58.85
T1DiabetesGranada,balanced_sex_undersampling,sex,undersampling,False,1,TAR_2,MAPE,0.19
T1DiabetesGranada,balanced_sex_undersampling,sex,undersampling,False,1,ENTIRE,A,66.49
T1DiabetesGranada,balanced_sex_undersampling,sex,undersampling,False,1,ENTIRE,B,27.75
T1DiabetesGranada,balanced_sex_undersampling,sex,undersampling,False,1,ENTIRE,C,0.19
T1DiabetesGranada,balanced_sex_undersampling,sex,undersampling,False,1,ENTIRE,D,5.53
T1DiabetesGranada,balanced_sex_undersampling,sex,undersampling,False,1,ENTIRE,E,0.04
T1DiabetesGranada,balanced_sex_undersampling,sex,undersampling,False,1,ENTIRE,A + B,94.24
T1DiabetesGranada,balanced_sex_undersampling,sex,undersampling,False,1,ENTIRE,RMSE,39.39
T1DiabetesGranada,balanced_sex_undersampling,sex,undersampling,False,1,ENTIRE,MSE,1551.35
T1DiabetesGranada,balanced_sex_undersampling,sex,undersampling,False,1,ENTIRE,MAE,28.73
T1DiabetesGranada,balanced_sex_undersampling,sex,undersampling,False,1,ENTIRE,MAPE,0.19
T1DiabetesGranada,balanced_sex_undersampling,sex,undersampling,False,2,TBR_2,A,29.11
T1DiabetesGranada,balanced_sex_undersampling,sex,undersampling,False,2,TBR_2,B,0.0
T1DiabetesGranada,balanced_sex_undersampling,sex,undersampling,False,2,TBR_2,C,0.0
T1DiabetesGranada,balanced_sex_undersampling,sex,undersampling,False,2,TBR_2,D,70.63
T1DiabetesGranada,balanced_sex_undersampling,sex,undersampling,False,2,TBR_2,E,0.26
T1DiabetesGranada,balanced_sex_undersampling,sex,undersampling,False,2,TBR_2,A + B,29.11
T1DiabetesGranada,balanced_sex_undersampling,sex,undersampling,False,2,TBR_2,RMSE,37.06
T1DiabetesGranada,balanced_sex_undersampling,sex,undersampling,False,2,TBR_2,MSE,1373.52
T1DiabetesGranada,balanced_sex_undersampling,sex,undersampling,False,2,TBR_2,MAE,32.86
T1DiabetesGranada,balanced_sex_undersampling,sex,undersampling,False,2,TBR_2,MAPE,0.69
T1DiabetesGranada,balanced_sex_undersampling,sex,undersampling,False,2,TBR_1,A,17.42
T1DiabetesGranada,balanced_sex_undersampling,sex,undersampling,False,2,TBR_1,B,0.0
T1DiabetesGranada,balanced_sex_undersampling,sex,undersampling,False,2,TBR_1,C,0.0
T1DiabetesGranada,balanced_sex_undersampling,sex,undersampling,False,2,TBR_1,D,82.12
T1DiabetesGranada,balanced_sex_undersampling,sex,undersampling,False,2,TBR_1,E,0.46
T1DiabetesGranada,balanced_sex_undersampling,sex,undersampling,False,2,TBR_1,A + B,17.42
T1DiabetesGranada,balanced_sex_undersampling,sex,undersampling,False,2,TBR_1,RMSE,34.2
T1DiabetesGranada,balanced_sex_undersampling,sex,undersampling,False,2,TBR_1,MSE,1169.44
T1DiabetesGranada,balanced_sex_undersampling,sex,undersampling,False,2,TBR_1,MAE,28.75
T1DiabetesGranada,balanced_sex_undersampling,sex,undersampling,False,2,TBR_1,MAPE,0.47
T1DiabetesGranada,balanced_sex_undersampling,sex,undersampling,False,2,TIR,A,72.37
T1DiabetesGranada,balanced_sex_undersampling,sex,undersampling,False,2,TIR,B,27.41
T1DiabetesGranada,balanced_sex_undersampling,sex,undersampling,False,2,TIR,C,0.22
T1DiabetesGranada,balanced_sex_undersampling,sex,undersampling,False,2,TIR,D,0.0
T1DiabetesGranada,balanced_sex_undersampling,sex,undersampling,False,2,TIR,E,0.0
T1DiabetesGranada,balanced_sex_undersampling,sex,undersampling,False,2,TIR,A + B,99.78
T1DiabetesGranada,balanced_sex_undersampling,sex,undersampling,False,2,TIR,RMSE,26.28
T1DiabetesGranada,balanced_sex_undersampling,sex,undersampling,False,2,TIR,MSE,690.38
T1DiabetesGranada,balanced_sex_undersampling,sex,undersampling,False,2,TIR,MAE,19.11
T1DiabetesGranada,balanced_sex_undersampling,sex,undersampling,False,2,TIR,MAPE,0.16
T1DiabetesGranada,balanced_sex_undersampling,sex,undersampling,False,2,TAR_1,A,71.23
T1DiabetesGranada,balanced_sex_undersampling,sex,undersampling,False,2,TAR_1,B,26.89
T1DiabetesGranada,balanced_sex_undersampling,sex,undersampling,False,2,TAR_1,C,0.07
T1DiabetesGranada,balanced_sex_undersampling,sex,undersampling,False,2,TAR_1,D,1.76
T1DiabetesGranada,balanced_sex_undersampling,sex,undersampling,False,2,TAR_1,E,0.06
T1DiabetesGranada,balanced_sex_undersampling,sex,undersampling,False,2,TAR_1,A + B,98.12
T1DiabetesGranada,balanced_sex_undersampling,sex,undersampling,False,2,TAR_1,RMSE,42.36
T1DiabetesGranada,balanced_sex_undersampling,sex,undersampling,False,2,TAR_1,MSE,1794.64
T1DiabetesGranada,balanced_sex_undersampling,sex,undersampling,False,2,TAR_1,MAE,33.21
T1DiabetesGranada,balanced_sex_undersampling,sex,undersampling,False,2,TAR_1,MAPE,0.16
T1DiabetesGranada,balanced_sex_undersampling,sex,undersampling,False,2,TAR_2,A,62.87
T1DiabetesGranada,balanced_sex_undersampling,sex,undersampling,False,2,TAR_2,B,30.42
T1DiabetesGranada,balanced_sex_undersampling,sex,undersampling,False,2,TAR_2,C,0.05
T1DiabetesGranada,balanced_sex_undersampling,sex,undersampling,False,2,TAR_2,D,6.65
T1DiabetesGranada,balanced_sex_undersampling,sex,undersampling,False,2,TAR_2,E,0.01
T1DiabetesGranada,balanced_sex_undersampling,sex,undersampling,False,2,TAR_2,A + B,93.29
T1DiabetesGranada,balanced_sex_undersampling,sex,undersampling,False,2,TAR_2,RMSE,66.82
T1DiabetesGranada,balanced_sex_undersampling,sex,undersampling,False,2,TAR_2,MSE,4464.3
T1DiabetesGranada,balanced_sex_undersampling,sex,undersampling,False,2,TAR_2,MAE,56.23
T1DiabetesGranada,balanced_sex_undersampling,sex,undersampling,False,2,TAR_2,MAPE,0.18
T1DiabetesGranada,balanced_sex_undersampling,sex,undersampling,False,2,ENTIRE,A,68.44
T1DiabetesGranada,balanced_sex_undersampling,sex,undersampling,False,2,ENTIRE,B,26.35
T1DiabetesGranada,balanced_sex_undersampling,sex,undersampling,False,2,ENTIRE,C,0.15
T1DiabetesGranada,balanced_sex_undersampling,sex,undersampling,False,2,ENTIRE,D,5.02
T1DiabetesGranada,balanced_sex_undersampling,sex,undersampling,False,2,ENTIRE,E,0.03
T1DiabetesGranada,balanced_sex_undersampling,sex,undersampling,False,2,ENTIRE,A + B,94.79
T1DiabetesGranada,balanced_sex_undersampling,sex,undersampling,False,2,ENTIRE,RMSE,37.87
T1DiabetesGranada,balanced_sex_undersampling,sex,undersampling,False,2,ENTIRE,MSE,1433.87
T1DiabetesGranada,balanced_sex_undersampling,sex,undersampling,False,2,ENTIRE,MAE,27.44
T1DiabetesGranada,balanced_sex_undersampling,sex,undersampling,False,2,ENTIRE,MAPE,0.18
T1DiabetesGranada,balanced_sex_undersampling,sex,undersampling,False,3,TBR_2,A,15.32
T1DiabetesGranada,balanced_sex_undersampling,sex,undersampling,False,3,TBR_2,B,0.0
T1DiabetesGranada,balanced_sex_undersampling,sex,undersampling,False,3,TBR_2,C,0.0
T1DiabetesGranada,balanced_sex_undersampling,sex,undersampling,False,3,TBR_2,D,84.39
T1DiabetesGranada,balanced_sex_undersampling,sex,undersampling,False,3,TBR_2,E,0.3
T1DiabetesGranada,balanced_sex_undersampling,sex,undersampling,False,3,TBR_2,A + B,15.32
T1DiabetesGranada,balanced_sex_undersampling,sex,undersampling,False,3,TBR_2,RMSE,37.99
T1DiabetesGranada,balanced_sex_undersampling,sex,undersampling,False,3,TBR_2,MSE,1442.9
T1DiabetesGranada,balanced_sex_undersampling,sex,undersampling,False,3,TBR_2,MAE,34.21
T1DiabetesGranada,balanced_sex_undersampling,sex,undersampling,False,3,TBR_2,MAPE,0.71
T1DiabetesGranada,balanced_sex_undersampling,sex,undersampling,False,3,TBR_1,A,9.75
T1DiabetesGranada,balanced_sex_undersampling,sex,undersampling,False,3,TBR_1,B,0.0
T1DiabetesGranada,balanced_sex_undersampling,sex,undersampling,False,3,TBR_1,C,0.0
T1DiabetesGranada,balanced_sex_undersampling,sex,undersampling,False,3,TBR_1,D,89.79
T1DiabetesGranada,balanced_sex_undersampling,sex,undersampling,False,3,TBR_1,E,0.46
T1DiabetesGranada,balanced_sex_undersampling,sex,undersampling,False,3,TBR_1,A + B,9.75
T1DiabetesGranada,balanced_sex_undersampling,sex,undersampling,False,3,TBR_1,RMSE,34.53
T1DiabetesGranada,balanced_sex_undersampling,sex,undersampling,False,3,TBR_1,MSE,1192.08
T1DiabetesGranada,balanced_sex_undersampling,sex,undersampling,False,3,TBR_1,MAE,29.65
T1DiabetesGranada,balanced_sex_undersampling,sex,undersampling,False,3,TBR_1,MAPE,0.48
T1DiabetesGranada,balanced_sex_undersampling,sex,undersampling,False,3,TIR,A,72.92
T1DiabetesGranada,balanced_sex_undersampling,sex,undersampling,False,3,TIR,B,26.89
T1DiabetesGranada,balanced_sex_undersampling,sex,undersampling,False,3,TIR,C,0.19
T1DiabetesGranada,balanced_sex_undersampling,sex,undersampling,False,3,TIR,D,0.0
T1DiabetesGranada,balanced_sex_undersampling,sex,undersampling,False,3,TIR,E,0.0
T1DiabetesGranada,balanced_sex_undersampling,sex,undersampling,False,3,TIR,A + B,99.81
T1DiabetesGranada,balanced_sex_undersampling,sex,undersampling,False,3,TIR,RMSE,25.99
T1DiabetesGranada,balanced_sex_undersampling,sex,undersampling,False,3,TIR,MSE,675.24
T1DiabetesGranada,balanced_sex_undersampling,sex,undersampling,False,3,TIR,MAE,18.91
T1DiabetesGranada,balanced_sex_undersampling,sex,undersampling,False,3,TIR,MAPE,0.15
T1DiabetesGranada,balanced_sex_undersampling,sex,undersampling,False,3,TAR_1,A,70.03
T1DiabetesGranada,balanced_sex_undersampling,sex,undersampling,False,3,TAR_1,B,28.11
T1DiabetesGranada,balanced_sex_undersampling,sex,undersampling,False,3,TAR_1,C,0.04
T1DiabetesGranada,balanced_sex_undersampling,sex,undersampling,False,3,TAR_1,D,1.81
T1DiabetesGranada,balanced_sex_undersampling,sex,undersampling,False,3,TAR_1,E,0.01
T1DiabetesGranada,balanced_sex_undersampling,sex,undersampling,False,3,TAR_1,A + B,98.14
T1DiabetesGranada,balanced_sex_undersampling,sex,undersampling,False,3,TAR_1,RMSE,43.44
T1DiabetesGranada,balanced_sex_undersampling,sex,undersampling,False,3,TAR_1,MSE,1886.76
T1DiabetesGranada,balanced_sex_undersampling,sex,undersampling,False,3,TAR_1,MAE,34.15
T1DiabetesGranada,balanced_sex_undersampling,sex,undersampling,False,3,TAR_1,MAPE,0.16
T1DiabetesGranada,balanced_sex_undersampling,sex,undersampling,False,3,TAR_2,A,61.86
T1DiabetesGranada,balanced_sex_undersampling,sex,undersampling,False,3,TAR_2,B,30.06
T1DiabetesGranada,balanced_sex_undersampling,sex,undersampling,False,3,TAR_2,C,0.02
T1DiabetesGranada,balanced_sex_undersampling,sex,undersampling,False,3,TAR_2,D,8.06
T1DiabetesGranada,balanced_sex_undersampling,sex,undersampling,False,3,TAR_2,E,0.0
T1DiabetesGranada,balanced_sex_undersampling,sex,undersampling,False,3,TAR_2,A + B,91.92
T1DiabetesGranada,balanced_sex_undersampling,sex,undersampling,False,3,TAR_2,RMSE,65.29
T1DiabetesGranada,balanced_sex_undersampling,sex,undersampling,False,3,TAR_2,MSE,4262.67
T1DiabetesGranada,balanced_sex_undersampling,sex,undersampling,False,3,TAR_2,MAE,54.88
T1DiabetesGranada,balanced_sex_undersampling,sex,undersampling,False,3,TAR_2,MAPE,0.18
T1DiabetesGranada,balanced_sex_undersampling,sex,undersampling,False,3,ENTIRE,A,68.36
T1DiabetesGranada,balanced_sex_undersampling,sex,undersampling,False,3,ENTIRE,B,26.34
T1DiabetesGranada,balanced_sex_undersampling,sex,undersampling,False,3,ENTIRE,C,0.13
T1DiabetesGranada,balanced_sex_undersampling,sex,undersampling,False,3,ENTIRE,D,5.14
T1DiabetesGranada,balanced_sex_undersampling,sex,undersampling,False,3,ENTIRE,E,0.02
T1DiabetesGranada,balanced_sex_undersampling,sex,undersampling,False,3,ENTIRE,A + B,94.7
T1DiabetesGranada,balanced_sex_undersampling,sex,undersampling,False,3,ENTIRE,RMSE,36.97
T1DiabetesGranada,balanced_sex_undersampling,sex,undersampling,False,3,ENTIRE,MSE,1366.92
T1DiabetesGranada,balanced_sex_undersampling,sex,undersampling,False,3,ENTIRE,MAE,26.83
T1DiabetesGranada,balanced_sex_undersampling,sex,undersampling,False,3,ENTIRE,MAPE,0.18
T1DiabetesGranada,balanced_sex_undersampling,sex,undersampling,False,4,TBR_2,A,19.97
T1DiabetesGranada,balanced_sex_undersampling,sex,undersampling,False,4,TBR_2,B,0.0
T1DiabetesGranada,balanced_sex_undersampling,sex,undersampling,False,4,TBR_2,C,0.0
T1DiabetesGranada,balanced_sex_undersampling,sex,undersampling,False,4,TBR_2,D,79.73
T1DiabetesGranada,balanced_sex_undersampling,sex,undersampling,False,4,TBR_2,E,0.3
T1DiabetesGranada,balanced_sex_undersampling,sex,undersampling,False,4,TBR_2,A + B,19.97
T1DiabetesGranada,balanced_sex_undersampling,sex,undersampling,False,4,TBR_2,RMSE,39.07
T1DiabetesGranada,balanced_sex_undersampling,sex,undersampling,False,4,TBR_2,MSE,1526.41
T1DiabetesGranada,balanced_sex_undersampling,sex,undersampling,False,4,TBR_2,MAE,34.91
T1DiabetesGranada,balanced_sex_undersampling,sex,undersampling,False,4,TBR_2,MAPE,0.73
T1DiabetesGranada,balanced_sex_undersampling,sex,undersampling,False,4,TBR_1,A,12.36
T1DiabetesGranada,balanced_sex_undersampling,sex,undersampling,False,4,TBR_1,B,0.0
T1DiabetesGranada,balanced_sex_undersampling,sex,undersampling,False,4,TBR_1,C,0.0
T1DiabetesGranada,balanced_sex_undersampling,sex,undersampling,False,4,TBR_1,D,87.14
T1DiabetesGranada,balanced_sex_undersampling,sex,undersampling,False,4,TBR_1,E,0.5
T1DiabetesGranada,balanced_sex_undersampling,sex,undersampling,False,4,TBR_1,A + B,12.36
T1DiabetesGranada,balanced_sex_undersampling,sex,undersampling,False,4,TBR_1,RMSE,35.62
T1DiabetesGranada,balanced_sex_undersampling,sex,undersampling,False,4,TBR_1,MSE,1268.95
T1DiabetesGranada,balanced_sex_undersampling,sex,undersampling,False,4,TBR_1,MAE,30.49
T1DiabetesGranada,balanced_sex_undersampling,sex,undersampling,False,4,TBR_1,MAPE,0.5
T1DiabetesGranada,balanced_sex_undersampling,sex,undersampling,False,4,TIR,A,72.14
T1DiabetesGranada,balanced_sex_undersampling,sex,undersampling,False,4,TIR,B,27.63
T1DiabetesGranada,balanced_sex_undersampling,sex,undersampling,False,4,TIR,C,0.23
T1DiabetesGranada,balanced_sex_undersampling,sex,undersampling,False,4,TIR,D,0.0
T1DiabetesGranada,balanced_sex_undersampling,sex,undersampling,False,4,TIR,E,0.0
T1DiabetesGranada,balanced_sex_undersampling,sex,undersampling,False,4,TIR,A + B,99.77
T1DiabetesGranada,balanced_sex_undersampling,sex,undersampling,False,4,TIR,RMSE,26.53
T1DiabetesGranada,balanced_sex_undersampling,sex,undersampling,False,4,TIR,MSE,703.7
T1DiabetesGranada,balanced_sex_undersampling,sex,undersampling,False,4,TIR,MAE,19.31
T1DiabetesGranada,balanced_sex_undersampling,sex,undersampling,False,4,TIR,MAPE,0.16
T1DiabetesGranada,balanced_sex_undersampling,sex,undersampling,False,4,TAR_1,A,69.89
T1DiabetesGranada,balanced_sex_undersampling,sex,undersampling,False,4,TAR_1,B,28.14
T1DiabetesGranada,balanced_sex_undersampling,sex,undersampling,False,4,TAR_1,C,0.05
T1DiabetesGranada,balanced_sex_undersampling,sex,undersampling,False,4,TAR_1,D,1.89
T1DiabetesGranada,balanced_sex_undersampling,sex,undersampling,False,4,TAR_1,E,0.03
T1DiabetesGranada,balanced_sex_undersampling,sex,undersampling,False,4,TAR_1,A + B,98.03
T1DiabetesGranada,balanced_sex_undersampling,sex,undersampling,False,4,TAR_1,RMSE,43.53
T1DiabetesGranada,balanced_sex_undersampling,sex,undersampling,False,4,TAR_1,MSE,1894.84
T1DiabetesGranada,balanced_sex_undersampling,sex,undersampling,False,4,TAR_1,MAE,34.33
T1DiabetesGranada,balanced_sex_undersampling,sex,undersampling,False,4,TAR_1,MAPE,0.16
T1DiabetesGranada,balanced_sex_undersampling,sex,undersampling,False,4,TAR_2,A,61.88
T1DiabetesGranada,balanced_sex_undersampling,sex,undersampling,False,4,TAR_2,B,29.98
T1DiabetesGranada,balanced_sex_undersampling,sex,undersampling,False,4,TAR_2,C,0.01
T1DiabetesGranada,balanced_sex_undersampling,sex,undersampling,False,4,TAR_2,D,8.12
T1DiabetesGranada,balanced_sex_undersampling,sex,undersampling,False,4,TAR_2,E,0.0
T1DiabetesGranada,balanced_sex_undersampling,sex,undersampling,False,4,TAR_2,A + B,91.86
T1DiabetesGranada,balanced_sex_undersampling,sex,undersampling,False,4,TAR_2,RMSE,65.25
T1DiabetesGranada,balanced_sex_undersampling,sex,undersampling,False,4,TAR_2,MSE,4257.67
T1DiabetesGranada,balanced_sex_undersampling,sex,undersampling,False,4,TAR_2,MAE,55.0
T1DiabetesGranada,balanced_sex_undersampling,sex,undersampling,False,4,TAR_2,MAPE,0.18
T1DiabetesGranada,balanced_sex_undersampling,sex,undersampling,False,4,ENTIRE,A,67.77
T1DiabetesGranada,balanced_sex_undersampling,sex,undersampling,False,4,ENTIRE,B,26.78
T1DiabetesGranada,balanced_sex_undersampling,sex,undersampling,False,4,ENTIRE,C,0.15
T1DiabetesGranada,balanced_sex_undersampling,sex,undersampling,False,4,ENTIRE,D,5.28
T1DiabetesGranada,balanced_sex_undersampling,sex,undersampling,False,4,ENTIRE,E,0.03
T1DiabetesGranada,balanced_sex_undersampling,sex,undersampling,False,4,ENTIRE,A + B,94.55
T1DiabetesGranada,balanced_sex_undersampling,sex,undersampling,False,4,ENTIRE,RMSE,37.87
T1DiabetesGranada,balanced_sex_undersampling,sex,undersampling,False,4,ENTIRE,MSE,1434.51
T1DiabetesGranada,balanced_sex_undersampling,sex,undersampling,False,4,ENTIRE,MAE,27.66
T1DiabetesGranada,balanced_sex_undersampling,sex,undersampling,False,4,ENTIRE,MAPE,0.18
T1DiabetesGranada,balanced_sex_undersampling,sex,undersampling,False,5,TBR_2,A,18.79
T1DiabetesGranada,balanced_sex_undersampling,sex,undersampling,False,5,TBR_2,B,0.0
T1DiabetesGranada,balanced_sex_undersampling,sex,undersampling,False,5,TBR_2,C,0.0
T1DiabetesGranada,balanced_sex_undersampling,sex,undersampling,False,5,TBR_2,D,80.82
T1DiabetesGranada,balanced_sex_undersampling,sex,undersampling,False,5,TBR_2,E,0.39
T1DiabetesGranada,balanced_sex_undersampling,sex,undersampling,False,5,TBR_2,A + B,18.79
T1DiabetesGranada,balanced_sex_undersampling,sex,undersampling,False,5,TBR_2,RMSE,41.55
T1DiabetesGranada,balanced_sex_undersampling,sex,undersampling,False,5,TBR_2,MSE,1726.62
T1DiabetesGranada,balanced_sex_undersampling,sex,undersampling,False,5,TBR_2,MAE,36.96
T1DiabetesGranada,balanced_sex_undersampling,sex,undersampling,False,5,TBR_2,MAPE,0.78
T1DiabetesGranada,balanced_sex_undersampling,sex,undersampling,False,5,TBR_1,A,11.83
T1DiabetesGranada,balanced_sex_undersampling,sex,undersampling,False,5,TBR_1,B,0.0
T1DiabetesGranada,balanced_sex_undersampling,sex,undersampling,False,5,TBR_1,C,0.0
T1DiabetesGranada,balanced_sex_undersampling,sex,undersampling,False,5,TBR_1,D,87.59
T1DiabetesGranada,balanced_sex_undersampling,sex,undersampling,False,5,TBR_1,E,0.58
T1DiabetesGranada,balanced_sex_undersampling,sex,undersampling,False,5,TBR_1,A + B,11.83
T1DiabetesGranada,balanced_sex_undersampling,sex,undersampling,False,5,TBR_1,RMSE,37.39
T1DiabetesGranada,balanced_sex_undersampling,sex,undersampling,False,5,TBR_1,MSE,1398.35
T1DiabetesGranada,balanced_sex_undersampling,sex,undersampling,False,5,TBR_1,MAE,31.9
T1DiabetesGranada,balanced_sex_undersampling,sex,undersampling,False,5,TBR_1,MAPE,0.52
T1DiabetesGranada,balanced_sex_undersampling,sex,undersampling,False,5,TIR,A,70.85
T1DiabetesGranada,balanced_sex_undersampling,sex,undersampling,False,5,TIR,B,28.9
T1DiabetesGranada,balanced_sex_undersampling,sex,undersampling,False,5,TIR,C,0.24
T1DiabetesGranada,balanced_sex_undersampling,sex,undersampling,False,5,TIR,D,0.0
T1DiabetesGranada,balanced_sex_undersampling,sex,undersampling,False,5,TIR,E,0.0
T1DiabetesGranada,balanced_sex_undersampling,sex,undersampling,False,5,TIR,A + B,99.75
T1DiabetesGranada,balanced_sex_undersampling,sex,undersampling,False,5,TIR,RMSE,27.06
T1DiabetesGranada,balanced_sex_undersampling,sex,undersampling,False,5,TIR,MSE,732.38
T1DiabetesGranada,balanced_sex_undersampling,sex,undersampling,False,5,TIR,MAE,19.74
T1DiabetesGranada,balanced_sex_undersampling,sex,undersampling,False,5,TIR,MAPE,0.16
T1DiabetesGranada,balanced_sex_undersampling,sex,undersampling,False,5,TAR_1,A,69.98
T1DiabetesGranada,balanced_sex_undersampling,sex,undersampling,False,5,TAR_1,B,28.16
T1DiabetesGranada,balanced_sex_undersampling,sex,undersampling,False,5,TAR_1,C,0.06
T1DiabetesGranada,balanced_sex_undersampling,sex,undersampling,False,5,TAR_1,D,1.77
T1DiabetesGranada,balanced_sex_undersampling,sex,undersampling,False,5,TAR_1,E,0.03
T1DiabetesGranada,balanced_sex_undersampling,sex,undersampling,False,5,TAR_1,A + B,98.14
T1DiabetesGranada,balanced_sex_undersampling,sex,undersampling,False,5,TAR_1,RMSE,43.39
T1DiabetesGranada,balanced_sex_undersampling,sex,undersampling,False,5,TAR_1,MSE,1882.8
T1DiabetesGranada,balanced_sex_undersampling,sex,undersampling,False,5,TAR_1,MAE,33.99
T1DiabetesGranada,balanced_sex_undersampling,sex,undersampling,False,5,TAR_1,MAPE,0.16
T1DiabetesGranada,balanced_sex_undersampling,sex,undersampling,False,5,TAR_2,A,61.33
T1DiabetesGranada,balanced_sex_undersampling,sex,undersampling,False,5,TAR_2,B,30.72
T1DiabetesGranada,balanced_sex_undersampling,sex,undersampling,False,5,TAR_2,C,0.02
T1DiabetesGranada,balanced_sex_undersampling,sex,undersampling,False,5,TAR_2,D,7.93
T1DiabetesGranada,balanced_sex_undersampling,sex,undersampling,False,5,TAR_2,E,0.0
T1DiabetesGranada,balanced_sex_undersampling,sex,undersampling,False,5,TAR_2,A + B,92.05
T1DiabetesGranada,balanced_sex_undersampling,sex,undersampling,False,5,TAR_2,RMSE,66.53
T1DiabetesGranada,balanced_sex_undersampling,sex,undersampling,False,5,TAR_2,MSE,4425.95
T1DiabetesGranada,balanced_sex_undersampling,sex,undersampling,False,5,TAR_2,MAE,55.87
T1DiabetesGranada,balanced_sex_undersampling,sex,undersampling,False,5,TAR_2,MAPE,0.19
T1DiabetesGranada,balanced_sex_undersampling,sex,undersampling,False,5,ENTIRE,A,66.62
T1DiabetesGranada,balanced_sex_undersampling,sex,undersampling,False,5,ENTIRE,B,27.38
T1DiabetesGranada,balanced_sex_undersampling,sex,undersampling,False,5,ENTIRE,C,0.17
T1DiabetesGranada,balanced_sex_undersampling,sex,undersampling,False,5,ENTIRE,D,5.79
T1DiabetesGranada,balanced_sex_undersampling,sex,undersampling,False,5,ENTIRE,E,0.04
T1DiabetesGranada,balanced_sex_undersampling,sex,undersampling,False,5,ENTIRE,A + B,94.0
T1DiabetesGranada,balanced_sex_undersampling,sex,undersampling,False,5,ENTIRE,RMSE,37.57
T1DiabetesGranada,balanced_sex_undersampling,sex,undersampling,False,5,ENTIRE,MSE,1411.16
T1DiabetesGranada,balanced_sex_undersampling,sex,undersampling,False,5,ENTIRE,MAE,27.39
T1DiabetesGranada,balanced_sex_undersampling,sex,undersampling,False,5,ENTIRE,MAPE,0.19
T1DiabetesGranada,original,,original,True,1,TBR_2,A,14.98
T1DiabetesGranada,original,,original,True,1,TBR_2,B,0.0
T1DiabetesGranada,original,,original,True,1,TBR_2,C,0.0
T1DiabetesGranada,original,,original,True,1,TBR_2,D,84.62
T1DiabetesGranada,original,,original,True,1,TBR_2,E,0.39
T1DiabetesGranada,original,,original,True,1,TBR_2,A + B,14.98
T1DiabetesGranada,original,,original,True,1,TBR_2,RMSE,40.16
T1DiabetesGranada,original,,original,True,1,TBR_2,MSE,1613.21
T1DiabetesGranada,original,,original,True,1,TBR_2,MAE,35.94
T1DiabetesGranada,original,,original,True,1,TBR_2,MAPE,0.75
T1DiabetesGranada,original,,original,True,1,TBR_1,A,11.22
T1DiabetesGranada,original,,original,True,1,TBR_1,B,0.0
T1DiabetesGranada,original,,original,True,1,TBR_1,C,0.0
T1DiabetesGranada,original,,original,True,1,TBR_1,D,88.26
T1DiabetesGranada,original,,original,True,1,TBR_1,E,0.52
T1DiabetesGranada,original,,original,True,1,TBR_1,A + B,11.22
T1DiabetesGranada,original,,original,True,1,TBR_1,RMSE,36.13
T1DiabetesGranada,original,,original,True,1,TBR_1,MSE,1305.28
T1DiabetesGranada,original,,original,True,1,TBR_1,MAE,30.89
T1DiabetesGranada,original,,original,True,1,TBR_1,MAPE,0.5
T1DiabetesGranada,original,,original,True,1,TIR,A,71.02
T1DiabetesGranada,original,,original,True,1,TIR,B,28.67
T1DiabetesGranada,original,,original,True,1,TIR,C,0.3
T1DiabetesGranada,original,,original,True,1,TIR,D,0.0
T1DiabetesGranada,original,,original,True,1,TIR,E,0.0
T1DiabetesGranada,original,,original,True,1,TIR,A + B,99.69
T1DiabetesGranada,original,,original,True,1,TIR,RMSE,27.33
T1DiabetesGranada,original,,original,True,1,TIR,MSE,746.74
T1DiabetesGranada,original,,original,True,1,TIR,MAE,19.83
T1DiabetesGranada,original,,original,True,1,TIR,MAPE,0.16
T1DiabetesGranada,original,,original,True,1,TAR_1,A,69.88
T1DiabetesGranada,original,,original,True,1,TAR_1,B,28.13
T1DiabetesGranada,original,,original,True,1,TAR_1,C,0.1
T1DiabetesGranada,original,,original,True,1,TAR_1,D,1.86
T1DiabetesGranada,original,,original,True,1,TAR_1,E,0.03
T1DiabetesGranada,original,,original,True,1,TAR_1,A + B,98.01
T1DiabetesGranada,original,,original,True,1,TAR_1,RMSE,43.57
T1DiabetesGranada,original,,original,True,1,TAR_1,MSE,1898.29
T1DiabetesGranada,original,,original,True,1,TAR_1,MAE,34.26
T1DiabetesGranada,original,,original,True,1,TAR_1,MAPE,0.16
T1DiabetesGranada,original,,original,True,1,TAR_2,A,61.05
T1DiabetesGranada,original,,original,True,1,TAR_2,B,31.4
T1DiabetesGranada,original,,original,True,1,TAR_2,C,0.04
T1DiabetesGranada,original,,original,True,1,TAR_2,D,7.51
T1DiabetesGranada,original,,original,True,1,TAR_2,E,0.0
T1DiabetesGranada,original,,original,True,1,TAR_2,A + B,92.45
T1DiabetesGranada,original,,original,True,1,TAR_2,RMSE,67.6
T1DiabetesGranada,original,,original,True,1,TAR_2,MSE,4569.12
T1DiabetesGranada,original,,original,True,1,TAR_2,MAE,57.0
T1DiabetesGranada,original,,original,True,1,TAR_2,MAPE,0.19
T1DiabetesGranada,original,,original,True,1,ENTIRE,A,66.66
T1DiabetesGranada,original,,original,True,1,ENTIRE,B,27.5
T1DiabetesGranada,original,,original,True,1,ENTIRE,C,0.21
T1DiabetesGranada,original,,original,True,1,ENTIRE,D,5.6
T1DiabetesGranada,original,,original,True,1,ENTIRE,E,0.03
T1DiabetesGranada,original,,original,True,1,ENTIRE,A + B,94.16
T1DiabetesGranada,original,,original,True,1,ENTIRE,RMSE,39.05
T1DiabetesGranada,original,,original,True,1,ENTIRE,MSE,1524.68
T1DiabetesGranada,original,,original,True,1,ENTIRE,MAE,28.46
T1DiabetesGranada,original,,original,True,1,ENTIRE,MAPE,0.18
T1DiabetesGranada,original,,original,True,2,TBR_2,A,27.92
T1DiabetesGranada,original,,original,True,2,TBR_2,B,0.0
T1DiabetesGranada,original,,original,True,2,TBR_2,C,0.0
T1DiabetesGranada,original,,original,True,2,TBR_2,D,71.82
T1DiabetesGranada,original,,original,True,2,TBR_2,E,0.26
T1DiabetesGranada,original,,original,True,2,TBR_2,A + B,27.92
T1DiabetesGranada,original,,original,True,2,TBR_2,RMSE,37.5
T1DiabetesGranada,original,,original,True,2,TBR_2,MSE,1406.07
T1DiabetesGranada,original,,original,True,2,TBR_2,MAE,33.17
T1DiabetesGranada,original,,original,True,2,TBR_2,MAPE,0.7
T1DiabetesGranada,original,,original,True,2,TBR_1,A,12.7
T1DiabetesGranada,original,,original,True,2,TBR_1,B,0.0
T1DiabetesGranada,original,,original,True,2,TBR_1,C,0.0
T1DiabetesGranada,original,,original,True,2,TBR_1,D,86.83
T1DiabetesGranada,original,,original,True,2,TBR_1,E,0.47
T1DiabetesGranada,original,,original,True,2,TBR_1,A + B,12.7
T1DiabetesGranada,original,,original,True,2,TBR_1,RMSE,34.96
T1DiabetesGranada,original,,original,True,2,TBR_1,MSE,1222.17
T1DiabetesGranada,original,,original,True,2,TBR_1,MAE,29.79
T1DiabetesGranada,original,,original,True,2,TBR_1,MAPE,0.48
T1DiabetesGranada,original,,original,True,2,TIR,A,72.23
T1DiabetesGranada,original,,original,True,2,TIR,B,27.56
T1DiabetesGranada,original,,original,True,2,TIR,C,0.21
T1DiabetesGranada,original,,original,True,2,TIR,D,0.0
T1DiabetesGranada,original,,original,True,2,TIR,E,0.0
T1DiabetesGranada,original,,original,True,2,TIR,A + B,99.79
T1DiabetesGranada,original,,original,True,2,TIR,RMSE,26.1
T1DiabetesGranada,original,,original,True,2,TIR,MSE,681.19
T1DiabetesGranada,original,,original,True,2,TIR,MAE,19.04
T1DiabetesGranada,original,,original,True,2,TIR,MAPE,0.16
T1DiabetesGranada,original,,original,True,2,TAR_1,A,71.83
T1DiabetesGranada,original,,original,True,2,TAR_1,B,26.31
T1DiabetesGranada,original,,original,True,2,TAR_1,C,0.07
T1DiabetesGranada,original,,original,True,2,TAR_1,D,1.74
T1DiabetesGranada,original,,original,True,2,TAR_1,E,0.05
T1DiabetesGranada,original,,original,True,2,TAR_1,A + B,98.14
T1DiabetesGranada,original,,original,True,2,TAR_1,RMSE,41.94
T1DiabetesGranada,original,,original,True,2,TAR_1,MSE,1758.74
T1DiabetesGranada,original,,original,True,2,TAR_1,MAE,32.99
T1DiabetesGranada,original,,original,True,2,TAR_1,MAPE,0.16
T1DiabetesGranada,original,,original,True,2,TAR_2,A,61.19
T1DiabetesGranada,original,,original,True,2,TAR_2,B,32.14
T1DiabetesGranada,original,,original,True,2,TAR_2,C,0.05
T1DiabetesGranada,original,,original,True,2,TAR_2,D,6.61
T1DiabetesGranada,original,,original,True,2,TAR_2,E,0.01
T1DiabetesGranada,original,,original,True,2,TAR_2,A + B,93.33
T1DiabetesGranada,original,,original,True,2,TAR_2,RMSE,67.69
T1DiabetesGranada,original,,original,True,2,TAR_2,MSE,4582.08
T1DiabetesGranada,original,,original,True,2,TAR_2,MAE,57.48
T1DiabetesGranada,original,,original,True,2,TAR_2,MAPE,0.19
T1DiabetesGranada,original,,original,True,2,ENTIRE,A,68.1
T1DiabetesGranada,original,,original,True,2,ENTIRE,B,26.52
T1DiabetesGranada,original,,original,True,2,ENTIRE,C,0.15
T1DiabetesGranada,original,,original,True,2,ENTIRE,D,5.2
T1DiabetesGranada,original,,original,True,2,ENTIRE,E,0.03
T1DiabetesGranada,original,,original,True,2,ENTIRE,A + B,94.62
T1DiabetesGranada,original,,original,True,2,ENTIRE,RMSE,37.9
T1DiabetesGranada,original,,original,True,2,ENTIRE,MSE,1436.64
T1DiabetesGranada,original,,original,True,2,ENTIRE,MAE,27.54
T1DiabetesGranada,original,,original,True,2,ENTIRE,MAPE,0.18
T1DiabetesGranada,original,,original,True,3,TBR_2,A,21.39
T1DiabetesGranada,original,,original,True,3,TBR_2,B,0.0
T1DiabetesGranada,original,,original,True,3,TBR_2,C,0.0
T1DiabetesGranada,original,,original,True,3,TBR_2,D,78.31
T1DiabetesGranada,original,,original,True,3,TBR_2,E,0.31
T1DiabetesGranada,original,,original,True,3,TBR_2,A + B,21.39
T1DiabetesGranada,original,,original,True,3,TBR_2,RMSE,38.54
T1DiabetesGranada,original,,original,True,3,TBR_2,MSE,1485.23
T1DiabetesGranada,original,,original,True,3,TBR_2,MAE,34.39
T1DiabetesGranada,original,,original,True,3,TBR_2,MAPE,0.71
T1DiabetesGranada,original,,original,True,3,TBR_1,A,13.78
T1DiabetesGranada,original,,original,True,3,TBR_1,B,0.0
T1DiabetesGranada,original,,original,True,3,TBR_1,C,0.0
T1DiabetesGranada,original,,original,True,3,TBR_1,D,85.76
T1DiabetesGranada,original,,original,True,3,TBR_1,E,0.46
T1DiabetesGranada,original,,original,True,3,TBR_1,A + B,13.78
T1DiabetesGranada,original,,original,True,3,TBR_1,RMSE,35.04
T1DiabetesGranada,original,,original,True,3,TBR_1,MSE,1227.89
T1DiabetesGranada,original,,original,True,3,TBR_1,MAE,29.84
T1DiabetesGranada,original,,original,True,3,TBR_1,MAPE,0.48
T1DiabetesGranada,original,,original,True,3,TIR,A,72.87
T1DiabetesGranada,original,,original,True,3,TIR,B,26.95
T1DiabetesGranada,original,,original,True,3,TIR,C,0.19
T1DiabetesGranada,original,,original,True,3,TIR,D,0.0
T1DiabetesGranada,original,,original,True,3,TIR,E,0.0
T1DiabetesGranada,original,,original,True,3,TIR,A + B,99.82
T1DiabetesGranada,original,,original,True,3,TIR,RMSE,25.89
T1DiabetesGranada,original,,original,True,3,TIR,MSE,670.27
T1DiabetesGranada,original,,original,True,3,TIR,MAE,18.86
T1DiabetesGranada,original,,original,True,3,TIR,MAPE,0.16
T1DiabetesGranada,original,,original,True,3,TAR_1,A,70.62
T1DiabetesGranada,original,,original,True,3,TAR_1,B,27.52
T1DiabetesGranada,original,,original,True,3,TAR_1,C,0.04
T1DiabetesGranada,original,,original,True,3,TAR_1,D,1.8
T1DiabetesGranada,original,,original,True,3,TAR_1,E,0.02
T1DiabetesGranada,original,,original,True,3,TAR_1,A + B,98.14
T1DiabetesGranada,original,,original,True,3,TAR_1,RMSE,42.83
T1DiabetesGranada,original,,original,True,3,TAR_1,MSE,1834.26
T1DiabetesGranada,original,,original,True,3,TAR_1,MAE,33.72
T1DiabetesGranada,original,,original,True,3,TAR_1,MAPE,0.16
T1DiabetesGranada,original,,original,True,3,TAR_2,A,61.49
T1DiabetesGranada,original,,original,True,3,TAR_2,B,30.54
T1DiabetesGranada,original,,original,True,3,TAR_2,C,0.01
T1DiabetesGranada,original,,original,True,3,TAR_2,D,7.95
T1DiabetesGranada,original,,original,True,3,TAR_2,E,0.0
T1DiabetesGranada,original,,original,True,3,TAR_2,A + B,92.03
T1DiabetesGranada,original,,original,True,3,TAR_2,RMSE,65.42
T1DiabetesGranada,original,,original,True,3,TAR_2,MSE,4279.69
T1DiabetesGranada,original,,original,True,3,TAR_2,MAE,55.14
T1DiabetesGranada,original,,original,True,3,TAR_2,MAPE,0.18
T1DiabetesGranada,original,,original,True,3,ENTIRE,A,68.62
T1DiabetesGranada,original,,original,True,3,ENTIRE,B,26.29
T1DiabetesGranada,original,,original,True,3,ENTIRE,C,0.13
T1DiabetesGranada,original,,original,True,3,ENTIRE,D,4.94
T1DiabetesGranada,original,,original,True,3,ENTIRE,E,0.02
T1DiabetesGranada,original,,original,True,3,ENTIRE,A + B,94.91
T1DiabetesGranada,original,,original,True,3,ENTIRE,RMSE,36.81
T1DiabetesGranada,original,,original,True,3,ENTIRE,MSE,1354.93
T1DiabetesGranada,original,,original,True,3,ENTIRE,MAE,26.74
T1DiabetesGranada,original,,original,True,3,ENTIRE,MAPE,0.18
T1DiabetesGranada,original,,original,True,4,TBR_2,A,15.95
T1DiabetesGranada,original,,original,True,4,TBR_2,B,0.0
T1DiabetesGranada,original,,original,True,4,TBR_2,C,0.0
T1DiabetesGranada,original,,original,True,4,TBR_2,D,83.73
T1DiabetesGranada,original,,original,True,4,TBR_2,E,0.32
T1DiabetesGranada,original,,original,True,4,TBR_2,A + B,15.95
T1DiabetesGranada,original,,original,True,4,TBR_2,RMSE,39.65
T1DiabetesGranada,original,,original,True,4,TBR_2,MSE,1572.37
T1DiabetesGranada,original,,original,True,4,TBR_2,MAE,35.64
T1DiabetesGranada,original,,original,True,4,TBR_2,MAPE,0.74
T1DiabetesGranada,original,,original,True,4,TBR_1,A,9.98
T1DiabetesGranada,original,,original,True,4,TBR_1,B,0.0
T1DiabetesGranada,original,,original,True,4,TBR_1,C,0.0
T1DiabetesGranada,original,,original,True,4,TBR_1,D,89.49
T1DiabetesGranada,original,,original,True,4,TBR_1,E,0.53
T1DiabetesGranada,original,,original,True,4,TBR_1,A + B,9.98
T1DiabetesGranada,original,,original,True,4,TBR_1,RMSE,36.41
T1DiabetesGranada,original,,original,True,4,TBR_1,MSE,1325.64
T1DiabetesGranada,original,,original,True,4,TBR_1,MAE,31.35
T1DiabetesGranada,original,,original,True,4,TBR_1,MAPE,0.51
T1DiabetesGranada,original,,original,True,4,TIR,A,71.76
T1DiabetesGranada,original,,original,True,4,TIR,B,28.01
T1DiabetesGranada,original,,original,True,4,TIR,C,0.23
T1DiabetesGranada,original,,original,True,4,TIR,D,0.0
T1DiabetesGranada,original,,original,True,4,TIR,E,0.0
T1DiabetesGranada,original,,original,True,4,TIR,A + B,99.77
T1DiabetesGranada,original,,original,True,4,TIR,RMSE,26.57
T1DiabetesGranada,original,,original,True,4,TIR,MSE,706.14
T1DiabetesGranada,original,,original,True,4,TIR,MAE,19.36
T1DiabetesGranada,original,,original,True,4,TIR,MAPE,0.16
T1DiabetesGranada,original,,original,True,4,TAR_1,A,70.45
T1DiabetesGranada,original,,original,True,4,TAR_1,B,27.62
T1DiabetesGranada,original,,original,True,4,TAR_1,C,0.04
T1DiabetesGranada,original,,original,True,4,TAR_1,D,1.86
T1DiabetesGranada,original,,original,True,4,TAR_1,E,0.03
T1DiabetesGranada,original,,original,True,4,TAR_1,A + B,98.07
T1DiabetesGranada,original,,original,True,4,TAR_1,RMSE,42.94
T1DiabetesGranada,original,,original,True,4,TAR_1,MSE,1843.86
T1DiabetesGranada,original,,original,True,4,TAR_1,MAE,33.55
T1DiabetesGranada,original,,original,True,4,TAR_1,MAPE,0.16
T1DiabetesGranada,original,,original,True,4,TAR_2,A,62.52
T1DiabetesGranada,original,,original,True,4,TAR_2,B,29.47
T1DiabetesGranada,original,,original,True,4,TAR_2,C,0.01
T1DiabetesGranada,original,,original,True,4,TAR_2,D,8.0
T1DiabetesGranada,original,,original,True,4,TAR_2,E,0.0
T1DiabetesGranada,original,,original,True,4,TAR_2,A + B,91.99
T1DiabetesGranada,original,,original,True,4,TAR_2,RMSE,64.88
T1DiabetesGranada,original,,original,True,4,TAR_2,MSE,4208.9
T1DiabetesGranada,original,,original,True,4,TAR_2,MAE,54.44
T1DiabetesGranada,original,,original,True,4,TAR_2,MAPE,0.18
T1DiabetesGranada,original,,original,True,4,ENTIRE,A,67.63
T1DiabetesGranada,original,,original,True,4,ENTIRE,B,26.81
T1DiabetesGranada,original,,original,True,4,ENTIRE,C,0.15
T1DiabetesGranada,original,,original,True,4,ENTIRE,D,5.38
T1DiabetesGranada,original,,original,True,4,ENTIRE,E,0.03
T1DiabetesGranada,original,,original,True,4,ENTIRE,A + B,94.44
T1DiabetesGranada,original,,original,True,4,ENTIRE,RMSE,37.69
T1DiabetesGranada,original,,original,True,4,ENTIRE,MSE,1420.28
T1DiabetesGranada,original,,original,True,4,ENTIRE,MAE,27.48
T1DiabetesGranada,original,,original,True,4,ENTIRE,MAPE,0.18
T1DiabetesGranada,original,,original,True,5,TBR_2,A,19.64
T1DiabetesGranada,original,,original,True,5,TBR_2,B,0.0
T1DiabetesGranada,original,,original,True,5,TBR_2,C,0.0
T1DiabetesGranada,original,,original,True,5,TBR_2,D,79.96
T1DiabetesGranada,original,,original,True,5,TBR_2,E,0.4
T1DiabetesGranada,original,,original,True,5,TBR_2,A + B,19.64
T1DiabetesGranada,original,,original,True,5,TBR_2,RMSE,41.03
T1DiabetesGranada,original,,original,True,5,TBR_2,MSE,1683.48
T1DiabetesGranada,original,,original,True,5,TBR_2,MAE,36.39
T1DiabetesGranada,original,,original,True,5,TBR_2,MAPE,0.77
T1DiabetesGranada,original,,original,True,5,TBR_1,A,12.07
T1DiabetesGranada,original,,original,True,5,TBR_1,B,0.0
T1DiabetesGranada,original,,original,True,5,TBR_1,C,0.0
T1DiabetesGranada,original,,original,True,5,TBR_1,D,87.34
T1DiabetesGranada,original,,original,True,5,TBR_1,E,0.6
T1DiabetesGranada,original,,original,True,5,TBR_1,A + B,12.07
T1DiabetesGranada,original,,original,True,5,TBR_1,RMSE,37.04
T1DiabetesGranada,original,,original,True,5,TBR_1,MSE,1372.21
T1DiabetesGranada,original,,original,True,5,TBR_1,MAE,31.3
T1DiabetesGranada,original,,original,True,5,TBR_1,MAPE,0.51
T1DiabetesGranada,original,,original,True,5,TIR,A,71.13
T1DiabetesGranada,original,,original,True,5,TIR,B,28.61
T1DiabetesGranada,original,,original,True,5,TIR,C,0.26
T1DiabetesGranada,original,,original,True,5,TIR,D,0.0
T1DiabetesGranada,original,,original,True,5,TIR,E,0.0
T1DiabetesGranada,original,,original,True,5,TIR,A + B,99.74
T1DiabetesGranada,original,,original,True,5,TIR,RMSE,27.21
T1DiabetesGranada,original,,original,True,5,TIR,MSE,740.48
T1DiabetesGranada,original,,original,True,5,TIR,MAE,19.73
T1DiabetesGranada,original,,original,True,5,TIR,MAPE,0.16
T1DiabetesGranada,original,,original,True,5,TAR_1,A,70.12
T1DiabetesGranada,original,,original,True,5,TAR_1,B,28.03
T1DiabetesGranada,original,,original,True,5,TAR_1,C,0.06
T1DiabetesGranada,original,,original,True,5,TAR_1,D,1.76
T1DiabetesGranada,original,,original,True,5,TAR_1,E,0.04
T1DiabetesGranada,original,,original,True,5,TAR_1,A + B,98.15
T1DiabetesGranada,original,,original,True,5,TAR_1,RMSE,43.47
T1DiabetesGranada,original,,original,True,5,TAR_1,MSE,1889.3
T1DiabetesGranada,original,,original,True,5,TAR_1,MAE,34.12
T1DiabetesGranada,original,,original,True,5,TAR_1,MAPE,0.16
T1DiabetesGranada,original,,original,True,5,TAR_2,A,62.16
T1DiabetesGranada,original,,original,True,5,TAR_2,B,29.88
T1DiabetesGranada,original,,original,True,5,TAR_2,C,0.02
T1DiabetesGranada,original,,original,True,5,TAR_2,D,7.94
T1DiabetesGranada,original,,original,True,5,TAR_2,E,0.0
T1DiabetesGranada,original,,original,True,5,TAR_2,A + B,92.04
T1DiabetesGranada,original,,original,True,5,TAR_2,RMSE,66.07
T1DiabetesGranada,original,,original,True,5,TAR_2,MSE,4365.04
T1DiabetesGranada,original,,original,True,5,TAR_2,MAE,55.43
T1DiabetesGranada,original,,original,True,5,TAR_2,MAPE,0.18
T1DiabetesGranada,original,,original,True,5,ENTIRE,A,66.93
T1DiabetesGranada,original,,original,True,5,ENTIRE,B,27.09
T1DiabetesGranada,original,,original,True,5,ENTIRE,C,0.18
T1DiabetesGranada,original,,original,True,5,ENTIRE,D,5.77
T1DiabetesGranada,original,,original,True,5,ENTIRE,E,0.04
T1DiabetesGranada,original,,original,True,5,ENTIRE,A + B,94.02
T1DiabetesGranada,original,,original,True,5,ENTIRE,RMSE,37.55
T1DiabetesGranada,original,,original,True,5,ENTIRE,MSE,1409.85
T1DiabetesGranada,original,,original,True,5,ENTIRE,MAE,27.33
T1DiabetesGranada,original,,original,True,5,ENTIRE,MAPE,0.19
