dataset,condition,dimension,technique,is_original,family_size,family_mechanism,range,metric,mean,std,baseline_mean,delta_abs,delta_pct,improvement_pct
DIATREND,balanced_age_jittering,age,jittering,False,oversampling,guided,TBR_2,A,0.0,0.0,0.0,0.0,,
DIATREND,balanced_age_jittering,age,jittering,False,oversampling,guided,TBR_2,B,0.0,0.0,0.0,0.0,,
DIATREND,balanced_age_jittering,age,jittering,False,oversampling,guided,TBR_2,C,0.0,0.0,0.0,0.0,,
DIATREND,balanced_age_jittering,age,jittering,False,oversampling,guided,TBR_2,D,97.07,1.86,96.53,0.539999999999992,0.5594115818916316,-0.5594115818916316
DIATREND,balanced_age_jittering,age,jittering,False,oversampling,guided,TBR_2,E,2.93,1.86,3.47,-0.54,-15.561959654178676,15.561959654178676
DIATREND,balanced_age_jittering,age,jittering,False,oversampling,guided,TBR_2,A + B,0.0,0.0,0.0,0.0,,
DIATREND,balanced_age_jittering,age,jittering,False,oversampling,guided,TBR_2,RMSE,73.55,7.47,75.28,-1.730000000000004,-2.298087141339006,2.298087141339006
DIATREND,balanced_age_jittering,age,jittering,False,oversampling,guided,TBR_2,MSE,5454.86,1119.55,5710.57,-255.71000000000004,-4.477836713322839,4.477836713322839
DIATREND,balanced_age_jittering,age,jittering,False,oversampling,guided,TBR_2,MAE,69.76,6.99,71.22,-1.4599999999999937,-2.049985959000272,2.049985959000272
DIATREND,balanced_age_jittering,age,jittering,False,oversampling,guided,TBR_2,MAPE,1.54,0.14,1.57,-0.030000000000000027,-1.9108280254777086,1.9108280254777086
DIATREND,balanced_age_jittering,age,jittering,False,oversampling,guided,TBR_1,A,0.03,0.07,0.01,0.019999999999999997,199.99999999999994,199.99999999999994
DIATREND,balanced_age_jittering,age,jittering,False,oversampling,guided,TBR_1,B,0.0,0.0,0.0,0.0,,
DIATREND,balanced_age_jittering,age,jittering,False,oversampling,guided,TBR_1,C,0.0,0.0,0.0,0.0,,
DIATREND,balanced_age_jittering,age,jittering,False,oversampling,guided,TBR_1,D,97.59,1.16,97.11,0.480000000000004,0.4942848316342333,-0.4942848316342333
DIATREND,balanced_age_jittering,age,jittering,False,oversampling,guided,TBR_1,E,2.38,1.19,2.88,-0.5,-17.36111111111111,17.36111111111111
DIATREND,balanced_age_jittering,age,jittering,False,oversampling,guided,TBR_1,A + B,0.03,0.07,0.01,0.019999999999999997,199.99999999999994,199.99999999999994
DIATREND,balanced_age_jittering,age,jittering,False,oversampling,guided,TBR_1,RMSE,58.27,4.45,59.82,-1.5499999999999972,-2.591106653293208,2.591106653293208
DIATREND,balanced_age_jittering,age,jittering,False,oversampling,guided,TBR_1,MSE,3411.36,527.09,3591.41,-180.04999999999973,-5.013351302134809,5.013351302134809
DIATREND,balanced_age_jittering,age,jittering,False,oversampling,guided,TBR_1,MAE,53.98,3.79,55.15,-1.1700000000000017,-2.1214868540344547,2.1214868540344547
DIATREND,balanced_age_jittering,age,jittering,False,oversampling,guided,TBR_1,MAPE,0.86,0.06,0.88,-0.020000000000000018,-2.2727272727272747,2.2727272727272747
DIATREND,balanced_age_jittering,age,jittering,False,oversampling,guided,TIR,A,67.38,2.69,66.2,1.1799999999999926,1.7824773413897168,1.7824773413897168
DIATREND,balanced_age_jittering,age,jittering,False,oversampling,guided,TIR,B,32.08,2.63,33.14,-1.0600000000000023,-3.198551599275806,
DIATREND,balanced_age_jittering,age,jittering,False,oversampling,guided,TIR,C,0.53,0.2,0.66,-0.13,-19.696969696969695,19.696969696969695
DIATREND,balanced_age_jittering,age,jittering,False,oversampling,guided,TIR,D,0.0,0.0,0.0,0.0,,
DIATREND,balanced_age_jittering,age,jittering,False,oversampling,guided,TIR,E,0.0,0.0,0.0,0.0,,
DIATREND,balanced_age_jittering,age,jittering,False,oversampling,guided,TIR,A + B,99.47,0.2,99.34,0.12999999999999545,0.13086370042278583,0.13086370042278583
DIATREND,balanced_age_jittering,age,jittering,False,oversampling,guided,TIR,RMSE,29.51,1.21,30.72,-1.2099999999999973,-3.9388020833333246,3.9388020833333246
DIATREND,balanced_age_jittering,age,jittering,False,oversampling,guided,TIR,MSE,872.27,71.03,944.97,-72.70000000000005,-7.693365926960649,7.693365926960649
DIATREND,balanced_age_jittering,age,jittering,False,oversampling,guided,TIR,MAE,21.88,0.88,22.67,-0.7900000000000027,-3.4847816497574,3.4847816497574
DIATREND,balanced_age_jittering,age,jittering,False,oversampling,guided,TIR,MAPE,0.18,0.01,0.19,-0.010000000000000009,-5.263157894736847,5.263157894736847
DIATREND,balanced_age_jittering,age,jittering,False,oversampling,guided,TAR_1,A,67.68,1.42,70.98,-3.299999999999997,-4.64919695688926,-4.64919695688926
DIATREND,balanced_age_jittering,age,jittering,False,oversampling,guided,TAR_1,B,29.7,1.25,26.82,2.879999999999999,10.738255033557042,
DIATREND,balanced_age_jittering,age,jittering,False,oversampling,guided,TAR_1,C,0.12,0.08,0.1,0.01999999999999999,19.99999999999999,-19.99999999999999
DIATREND,balanced_age_jittering,age,jittering,False,oversampling,guided,TAR_1,D,2.5,0.17,2.11,0.3900000000000001,18.48341232227489,-18.48341232227489
DIATREND,balanced_age_jittering,age,jittering,False,oversampling,guided,TAR_1,E,0.0,0.0,0.0,0.0,,
DIATREND,balanced_age_jittering,age,jittering,False,oversampling,guided,TAR_1,A + B,97.37,0.2,97.79,-0.4200000000000017,-0.4294917680744469,-0.4294917680744469
DIATREND,balanced_age_jittering,age,jittering,False,oversampling,guided,TAR_1,RMSE,44.39,1.06,42.08,2.3100000000000023,5.4895437262357465,-5.4895437262357465
DIATREND,balanced_age_jittering,age,jittering,False,oversampling,guided,TAR_1,MSE,1971.52,93.69,1771.85,199.67000000000007,11.269012613934592,-11.269012613934592
DIATREND,balanced_age_jittering,age,jittering,False,oversampling,guided,TAR_1,MAE,35.34,0.86,32.9,2.440000000000005,7.416413373860198,-7.416413373860198
DIATREND,balanced_age_jittering,age,jittering,False,oversampling,guided,TAR_1,MAPE,0.17,0.0,0.15,0.020000000000000018,13.333333333333346,-13.333333333333346
DIATREND,balanced_age_jittering,age,jittering,False,oversampling,guided,TAR_2,A,52.84,2.46,56.98,-4.1399999999999935,-7.265707265707255,-7.265707265707255
DIATREND,balanced_age_jittering,age,jittering,False,oversampling,guided,TAR_2,B,36.21,1.36,34.13,2.0799999999999983,6.094345150893637,
DIATREND,balanced_age_jittering,age,jittering,False,oversampling,guided,TAR_2,C,0.0,0.0,0.0,0.0,,
DIATREND,balanced_age_jittering,age,jittering,False,oversampling,guided,TAR_2,D,10.94,1.75,8.89,2.049999999999999,23.05961754780651,-23.05961754780651
DIATREND,balanced_age_jittering,age,jittering,False,oversampling,guided,TAR_2,E,0.0,0.0,0.0,0.0,,
DIATREND,balanced_age_jittering,age,jittering,False,oversampling,guided,TAR_2,A + B,89.05,1.75,91.11,-2.0600000000000023,-2.2610031829656485,-2.2610031829656485
DIATREND,balanced_age_jittering,age,jittering,False,oversampling,guided,TAR_2,RMSE,76.43,2.79,72.34,4.090000000000003,5.653856787392871,-5.653856787392871
DIATREND,balanced_age_jittering,age,jittering,False,oversampling,guided,TAR_2,MSE,5847.97,431.77,5246.21,601.7600000000002,11.47037575697504,-11.47037575697504
DIATREND,balanced_age_jittering,age,jittering,False,oversampling,guided,TAR_2,MAE,64.84,2.06,60.55,4.290000000000006,7.085053674649061,-7.085053674649061
DIATREND,balanced_age_jittering,age,jittering,False,oversampling,guided,TAR_2,MAPE,0.21,0.01,0.2,0.009999999999999981,4.99999999999999,-4.99999999999999
DIATREND,balanced_age_jittering,age,jittering,False,oversampling,guided,ENTIRE,A,63.61,2.35,64.65,-1.0400000000000063,-1.6086620262954467,-1.6086620262954467
DIATREND,balanced_age_jittering,age,jittering,False,oversampling,guided,ENTIRE,B,31.57,1.54,30.95,0.620000000000001,2.003231017770601,
DIATREND,balanced_age_jittering,age,jittering,False,oversampling,guided,ENTIRE,C,0.31,0.12,0.36,-0.04999999999999999,-13.888888888888888,13.888888888888888
DIATREND,balanced_age_jittering,age,jittering,False,oversampling,guided,ENTIRE,D,4.47,0.78,3.98,0.48999999999999977,12.311557788944718,-12.311557788944718
DIATREND,balanced_age_jittering,age,jittering,False,oversampling,guided,ENTIRE,E,0.04,0.02,0.05,-0.010000000000000002,-20.000000000000004,20.000000000000004
DIATREND,balanced_age_jittering,age,jittering,False,oversampling,guided,ENTIRE,A + B,95.18,0.85,95.6,-0.4199999999999875,-0.43933054393304133,-0.43933054393304133
DIATREND,balanced_age_jittering,age,jittering,False,oversampling,guided,ENTIRE,RMSE,46.41,2.14,45.05,1.3599999999999994,3.0188679245283008,-3.0188679245283008
DIATREND,balanced_age_jittering,age,jittering,False,oversampling,guided,ENTIRE,MSE,2157.17,199.49,2033.93,123.24000000000001,6.059205577379752,-6.059205577379752
DIATREND,balanced_age_jittering,age,jittering,False,oversampling,guided,ENTIRE,MAE,34.28,1.61,33.25,1.0300000000000011,3.097744360902259,-3.097744360902259
DIATREND,balanced_age_jittering,age,jittering,False,oversampling,guided,ENTIRE,MAPE,0.2,0.01,0.2,0.0,0.0,-0.0
DIATREND,balanced_age_oversampling,age,oversampling,False,oversampling,random,TBR_2,A,0.0,0.0,0.0,0.0,,
DIATREND,balanced_age_oversampling,age,oversampling,False,oversampling,random,TBR_2,B,0.0,0.0,0.0,0.0,,
DIATREND,balanced_age_oversampling,age,oversampling,False,oversampling,random,TBR_2,C,0.0,0.0,0.0,0.0,,
DIATREND,balanced_age_oversampling,age,oversampling,False,oversampling,random,TBR_2,D,97.49,1.65,96.53,0.9599999999999937,0.9945094789184644,-0.9945094789184644
DIATREND,balanced_age_oversampling,age,oversampling,False,oversampling,random,TBR_2,E,2.51,1.65,3.47,-0.9600000000000004,-27.665706051873208,27.665706051873208
DIATREND,balanced_age_oversampling,age,oversampling,False,oversampling,random,TBR_2,A + B,0.0,0.0,0.0,0.0,,
DIATREND,balanced_age_oversampling,age,oversampling,False,oversampling,random,TBR_2,RMSE,73.23,7.0,75.28,-2.049999999999997,-2.7231668437832055,2.7231668437832055
DIATREND,balanced_age_oversampling,age,oversampling,False,oversampling,random,TBR_2,MSE,5401.55,1028.63,5710.57,-309.0199999999995,-5.411368742524818,5.411368742524818
DIATREND,balanced_age_oversampling,age,oversampling,False,oversampling,random,TBR_2,MAE,69.6,6.44,71.22,-1.6200000000000045,-2.2746419545071674,2.2746419545071674
DIATREND,balanced_age_oversampling,age,oversampling,False,oversampling,random,TBR_2,MAPE,1.54,0.13,1.57,-0.030000000000000027,-1.9108280254777086,1.9108280254777086
DIATREND,balanced_age_oversampling,age,oversampling,False,oversampling,random,TBR_1,A,0.07,0.09,0.01,0.060000000000000005,600.0,600.0
DIATREND,balanced_age_oversampling,age,oversampling,False,oversampling,random,TBR_1,B,0.0,0.0,0.0,0.0,,
DIATREND,balanced_age_oversampling,age,oversampling,False,oversampling,random,TBR_1,C,0.0,0.0,0.0,0.0,,
DIATREND,balanced_age_oversampling,age,oversampling,False,oversampling,random,TBR_1,D,97.65,1.14,97.11,0.5400000000000063,0.5560704355885143,-0.5560704355885143
DIATREND,balanced_age_oversampling,age,oversampling,False,oversampling,random,TBR_1,E,2.28,1.15,2.88,-0.6000000000000001,-20.833333333333336,20.833333333333336
DIATREND,balanced_age_oversampling,age,oversampling,False,oversampling,random,TBR_1,A + B,0.07,0.09,0.01,0.060000000000000005,600.0,600.0
DIATREND,balanced_age_oversampling,age,oversampling,False,oversampling,random,TBR_1,RMSE,57.58,4.29,59.82,-2.240000000000002,-3.7445670344366464,3.7445670344366464
DIATREND,balanced_age_oversampling,age,oversampling,False,oversampling,random,TBR_1,MSE,3330.03,497.96,3591.41,-261.37999999999965,-7.277921484876404,7.277921484876404
DIATREND,balanced_age_oversampling,age,oversampling,False,oversampling,random,TBR_1,MAE,53.26,3.43,55.15,-1.8900000000000006,-3.4270172257479614,3.4270172257479614
DIATREND,balanced_age_oversampling,age,oversampling,False,oversampling,random,TBR_1,MAPE,0.85,0.05,0.88,-0.030000000000000027,-3.4090909090909123,3.4090909090909123
DIATREND,balanced_age_oversampling,age,oversampling,False,oversampling,random,TIR,A,68.11,2.01,66.2,1.9099999999999966,2.885196374622351,2.885196374622351
DIATREND,balanced_age_oversampling,age,oversampling,False,oversampling,random,TIR,B,31.36,1.94,33.14,-1.7800000000000011,-5.371152685576346,
DIATREND,balanced_age_oversampling,age,oversampling,False,oversampling,random,TIR,C,0.53,0.19,0.66,-0.13,-19.696969696969695,19.696969696969695
DIATREND,balanced_age_oversampling,age,oversampling,False,oversampling,random,TIR,D,0.0,0.0,0.0,0.0,,
DIATREND,balanced_age_oversampling,age,oversampling,False,oversampling,random,TIR,E,0.0,0.0,0.0,0.0,,
DIATREND,balanced_age_oversampling,age,oversampling,False,oversampling,random,TIR,A + B,99.47,0.19,99.34,0.12999999999999545,0.13086370042278583,0.13086370042278583
DIATREND,balanced_age_oversampling,age,oversampling,False,oversampling,random,TIR,RMSE,29.36,1.06,30.72,-1.3599999999999994,-4.427083333333331,4.427083333333331
DIATREND,balanced_age_oversampling,age,oversampling,False,oversampling,random,TIR,MSE,862.82,62.16,944.97,-82.14999999999998,-8.69339767400023,8.69339767400023
DIATREND,balanced_age_oversampling,age,oversampling,False,oversampling,random,TIR,MAE,21.73,0.59,22.67,-0.9400000000000013,-4.1464490516100625,4.1464490516100625
DIATREND,balanced_age_oversampling,age,oversampling,False,oversampling,random,TIR,MAPE,0.18,0.01,0.19,-0.010000000000000009,-5.263157894736847,5.263157894736847
DIATREND,balanced_age_oversampling,age,oversampling,False,oversampling,random,TAR_1,A,67.03,1.76,70.98,-3.950000000000003,-5.564947872640184,-5.564947872640184
DIATREND,balanced_age_oversampling,age,oversampling,False,oversampling,random,TAR_1,B,30.33,1.6,26.82,3.509999999999998,13.087248322147643,
DIATREND,balanced_age_oversampling,age,oversampling,False,oversampling,random,TAR_1,C,0.16,0.1,0.1,0.06,60.0,-60.0
DIATREND,balanced_age_oversampling,age,oversampling,False,oversampling,random,TAR_1,D,2.48,0.22,2.11,0.3700000000000001,17.535545023696688,-17.535545023696688
DIATREND,balanced_age_oversampling,age,oversampling,False,oversampling,random,TAR_1,E,0.0,0.0,0.0,0.0,,
DIATREND,balanced_age_oversampling,age,oversampling,False,oversampling,random,TAR_1,A + B,97.36,0.23,97.79,-0.4300000000000068,-0.4397177625524152,-0.4397177625524152
DIATREND,balanced_age_oversampling,age,oversampling,False,oversampling,random,TAR_1,RMSE,44.71,1.16,42.08,2.6300000000000026,6.250000000000007,-6.250000000000007
DIATREND,balanced_age_oversampling,age,oversampling,False,oversampling,random,TAR_1,MSE,1999.86,104.39,1771.85,228.01,12.86847080734825,-12.86847080734825
DIATREND,balanced_age_oversampling,age,oversampling,False,oversampling,random,TAR_1,MAE,35.81,0.9,32.9,2.9100000000000037,8.844984802431624,-8.844984802431624
DIATREND,balanced_age_oversampling,age,oversampling,False,oversampling,random,TAR_1,MAPE,0.17,0.0,0.15,0.020000000000000018,13.333333333333346,-13.333333333333346
DIATREND,balanced_age_oversampling,age,oversampling,False,oversampling,random,TAR_2,A,54.17,2.45,56.98,-2.809999999999995,-4.931554931554923,-4.931554931554923
DIATREND,balanced_age_oversampling,age,oversampling,False,oversampling,random,TAR_2,B,35.25,1.85,34.13,1.1199999999999974,3.2815704658657996,
DIATREND,balanced_age_oversampling,age,oversampling,False,oversampling,random,TAR_2,C,0.0,0.0,0.0,0.0,,
DIATREND,balanced_age_oversampling,age,oversampling,False,oversampling,random,TAR_2,D,10.58,1.39,8.89,1.6899999999999995,19.010123734533177,-19.010123734533177
DIATREND,balanced_age_oversampling,age,oversampling,False,oversampling,random,TAR_2,E,0.0,0.0,0.0,0.0,,
DIATREND,balanced_age_oversampling,age,oversampling,False,oversampling,random,TAR_2,A + B,89.42,1.39,91.11,-1.6899999999999977,-1.8549006695203576,-1.8549006695203576
DIATREND,balanced_age_oversampling,age,oversampling,False,oversampling,random,TAR_2,RMSE,75.06,3.05,72.34,2.719999999999999,3.760022117777161,-3.760022117777161
DIATREND,balanced_age_oversampling,age,oversampling,False,oversampling,random,TAR_2,MSE,5640.86,463.66,5246.21,394.64999999999964,7.522573438730047,-7.522573438730047
DIATREND,balanced_age_oversampling,age,oversampling,False,oversampling,random,TAR_2,MAE,63.36,2.57,60.55,2.8100000000000023,4.640792733278286,-4.640792733278286
DIATREND,balanced_age_oversampling,age,oversampling,False,oversampling,random,TAR_2,MAPE,0.21,0.01,0.2,0.009999999999999981,4.99999999999999,-4.99999999999999
DIATREND,balanced_age_oversampling,age,oversampling,False,oversampling,random,ENTIRE,A,64.02,2.1,64.65,-0.6300000000000097,-0.9744779582366738,-0.9744779582366738
DIATREND,balanced_age_oversampling,age,oversampling,False,oversampling,random,ENTIRE,B,31.21,1.29,30.95,0.26000000000000156,0.840064620355417,
DIATREND,balanced_age_oversampling,age,oversampling,False,oversampling,random,ENTIRE,C,0.31,0.11,0.36,-0.04999999999999999,-13.888888888888888,13.888888888888888
DIATREND,balanced_age_oversampling,age,oversampling,False,oversampling,random,ENTIRE,D,4.41,0.81,3.98,0.43000000000000016,10.804020100502516,-10.804020100502516
DIATREND,balanced_age_oversampling,age,oversampling,False,oversampling,random,ENTIRE,E,0.04,0.02,0.05,-0.010000000000000002,-20.000000000000004,20.000000000000004
DIATREND,balanced_age_oversampling,age,oversampling,False,oversampling,random,ENTIRE,A + B,95.23,0.85,95.6,-0.36999999999999034,-0.3870292887029188,-0.3870292887029188
DIATREND,balanced_age_oversampling,age,oversampling,False,oversampling,random,ENTIRE,RMSE,46.03,2.17,45.05,0.980000000000004,2.1753607103218737,-2.1753607103218737
DIATREND,balanced_age_oversampling,age,oversampling,False,oversampling,random,ENTIRE,MSE,2122.61,201.2,2033.93,88.68000000000006,4.360032056167127,-4.360032056167127
DIATREND,balanced_age_oversampling,age,oversampling,False,oversampling,random,ENTIRE,MAE,34.07,1.57,33.25,0.8200000000000003,2.4661654135338353,-2.4661654135338353
DIATREND,balanced_age_oversampling,age,oversampling,False,oversampling,random,ENTIRE,MAPE,0.2,0.01,0.2,0.0,0.0,-0.0
DIATREND,balanced_age_oversampling_tomek,age,oversampling_tomek,False,same_size,random+guided,TBR_2,A,0.0,0.0,0.0,0.0,,
DIATREND,balanced_age_oversampling_tomek,age,oversampling_tomek,False,same_size,random+guided,TBR_2,B,0.0,0.0,0.0,0.0,,
DIATREND,balanced_age_oversampling_tomek,age,oversampling_tomek,False,same_size,random+guided,TBR_2,C,0.0,0.0,0.0,0.0,,
DIATREND,balanced_age_oversampling_tomek,age,oversampling_tomek,False,same_size,random+guided,TBR_2,D,97.08,2.0,96.53,0.5499999999999972,0.569771055630371,-0.569771055630371
DIATREND,balanced_age_oversampling_tomek,age,oversampling_tomek,False,same_size,random+guided,TBR_2,E,2.92,2.0,3.47,-0.5500000000000003,-15.850144092219026,15.850144092219026
DIATREND,balanced_age_oversampling_tomek,age,oversampling_tomek,False,same_size,random+guided,TBR_2,A + B,0.0,0.0,0.0,0.0,,
DIATREND,balanced_age_oversampling_tomek,age,oversampling_tomek,False,same_size,random+guided,TBR_2,RMSE,73.29,8.13,75.28,-1.9899999999999949,-2.6434643995749134,2.6434643995749134
DIATREND,balanced_age_oversampling_tomek,age,oversampling_tomek,False,same_size,random+guided,TBR_2,MSE,5424.61,1204.9,5710.57,-285.96000000000004,-5.007556163395249,5.007556163395249
DIATREND,balanced_age_oversampling_tomek,age,oversampling_tomek,False,same_size,random+guided,TBR_2,MAE,69.42,7.55,71.22,-1.7999999999999972,-2.527379949452397,2.527379949452397
DIATREND,balanced_age_oversampling_tomek,age,oversampling_tomek,False,same_size,random+guided,TBR_2,MAPE,1.53,0.15,1.57,-0.040000000000000036,-2.5477707006369448,2.5477707006369448
DIATREND,balanced_age_oversampling_tomek,age,oversampling_tomek,False,same_size,random+guided,TBR_1,A,0.06,0.08,0.01,0.049999999999999996,499.9999999999999,499.9999999999999
DIATREND,balanced_age_oversampling_tomek,age,oversampling_tomek,False,same_size,random+guided,TBR_1,B,0.0,0.0,0.0,0.0,,
DIATREND,balanced_age_oversampling_tomek,age,oversampling_tomek,False,same_size,random+guided,TBR_1,C,0.0,0.0,0.0,0.0,,
DIATREND,balanced_age_oversampling_tomek,age,oversampling_tomek,False,same_size,random+guided,TBR_1,D,97.41,1.25,97.11,0.29999999999999716,0.30892801977139034,-0.30892801977139034
DIATREND,balanced_age_oversampling_tomek,age,oversampling_tomek,False,same_size,random+guided,TBR_1,E,2.52,1.3,2.88,-0.3599999999999999,-12.499999999999996,12.499999999999996
DIATREND,balanced_age_oversampling_tomek,age,oversampling_tomek,False,same_size,random+guided,TBR_1,A + B,0.06,0.08,0.01,0.049999999999999996,499.9999999999999,499.9999999999999
DIATREND,balanced_age_oversampling_tomek,age,oversampling_tomek,False,same_size,random+guided,TBR_1,RMSE,57.91,4.98,59.82,-1.9100000000000037,-3.1929120695419653,3.1929120695419653
DIATREND,balanced_age_oversampling_tomek,age,oversampling_tomek,False,same_size,random+guided,TBR_1,MSE,3373.08,583.72,3591.41,-218.32999999999993,-6.079227935546204,6.079227935546204
DIATREND,balanced_age_oversampling_tomek,age,oversampling_tomek,False,same_size,random+guided,TBR_1,MAE,53.39,4.14,55.15,-1.759999999999998,-3.1912964641885733,3.1912964641885733
DIATREND,balanced_age_oversampling_tomek,age,oversampling_tomek,False,same_size,random+guided,TBR_1,MAPE,0.86,0.06,0.88,-0.020000000000000018,-2.2727272727272747,2.2727272727272747
DIATREND,balanced_age_oversampling_tomek,age,oversampling_tomek,False,same_size,random+guided,TIR,A,67.59,1.95,66.2,1.3900000000000006,2.0996978851963752,2.0996978851963752
DIATREND,balanced_age_oversampling_tomek,age,oversampling_tomek,False,same_size,random+guided,TIR,B,31.82,1.84,33.14,-1.3200000000000003,-3.983101991550997,
DIATREND,balanced_age_oversampling_tomek,age,oversampling_tomek,False,same_size,random+guided,TIR,C,0.58,0.25,0.66,-0.08000000000000007,-12.121212121212132,12.121212121212132
DIATREND,balanced_age_oversampling_tomek,age,oversampling_tomek,False,same_size,random+guided,TIR,D,0.0,0.0,0.0,0.0,,
DIATREND,balanced_age_oversampling_tomek,age,oversampling_tomek,False,same_size,random+guided,TIR,E,0.0,0.0,0.0,0.0,,
DIATREND,balanced_age_oversampling_tomek,age,oversampling_tomek,False,same_size,random+guided,TIR,A + B,99.42,0.25,99.34,0.0799999999999983,0.08053150795248469,0.08053150795248469
DIATREND,balanced_age_oversampling_tomek,age,oversampling_tomek,False,same_size,random+guided,TIR,RMSE,29.82,1.45,30.72,-0.8999999999999986,-2.9296874999999956,2.9296874999999956
DIATREND,balanced_age_oversampling_tomek,age,oversampling_tomek,False,same_size,random+guided,TIR,MSE,890.97,86.13,944.97,-54.0,-5.714467125940506,5.714467125940506
DIATREND,balanced_age_oversampling_tomek,age,oversampling_tomek,False,same_size,random+guided,TIR,MAE,21.99,0.84,22.67,-0.6800000000000033,-2.999558888398779,2.999558888398779
DIATREND,balanced_age_oversampling_tomek,age,oversampling_tomek,False,same_size,random+guided,TIR,MAPE,0.18,0.01,0.19,-0.010000000000000009,-5.263157894736847,5.263157894736847
DIATREND,balanced_age_oversampling_tomek,age,oversampling_tomek,False,same_size,random+guided,TAR_1,A,68.86,1.13,70.98,-2.1200000000000045,-2.9867568329106855,-2.9867568329106855
DIATREND,balanced_age_oversampling_tomek,age,oversampling_tomek,False,same_size,random+guided,TAR_1,B,28.68,1.0,26.82,1.8599999999999994,6.935123042505591,
DIATREND,balanced_age_oversampling_tomek,age,oversampling_tomek,False,same_size,random+guided,TAR_1,C,0.14,0.09,0.1,0.04000000000000001,40.00000000000001,-40.00000000000001
DIATREND,balanced_age_oversampling_tomek,age,oversampling_tomek,False,same_size,random+guided,TAR_1,D,2.31,0.14,2.11,0.20000000000000018,9.478672985782,-9.478672985782
DIATREND,balanced_age_oversampling_tomek,age,oversampling_tomek,False,same_size,random+guided,TAR_1,E,0.0,0.0,0.0,0.0,,
DIATREND,balanced_age_oversampling_tomek,age,oversampling_tomek,False,same_size,random+guided,TAR_1,A + B,97.55,0.17,97.79,-0.2400000000000091,-0.24542386747112085,-0.24542386747112085
DIATREND,balanced_age_oversampling_tomek,age,oversampling_tomek,False,same_size,random+guided,TAR_1,RMSE,43.62,1.1,42.08,1.5399999999999991,3.6596958174904923,-3.6596958174904923
DIATREND,balanced_age_oversampling_tomek,age,oversampling_tomek,False,same_size,random+guided,TAR_1,MSE,1903.53,96.4,1771.85,131.68000000000006,7.431780342579794,-7.431780342579794
DIATREND,balanced_age_oversampling_tomek,age,oversampling_tomek,False,same_size,random+guided,TAR_1,MAE,34.5,0.73,32.9,1.6000000000000014,4.863221884498485,-4.863221884498485
DIATREND,balanced_age_oversampling_tomek,age,oversampling_tomek,False,same_size,random+guided,TAR_1,MAPE,0.16,0.0,0.15,0.010000000000000009,6.666666666666673,-6.666666666666673
DIATREND,balanced_age_oversampling_tomek,age,oversampling_tomek,False,same_size,random+guided,TAR_2,A,56.19,1.22,56.98,-0.7899999999999991,-1.386451386451385,-1.386451386451385
DIATREND,balanced_age_oversampling_tomek,age,oversampling_tomek,False,same_size,random+guided,TAR_2,B,34.04,1.36,34.13,-0.09000000000000341,-0.2636976267213695,
DIATREND,balanced_age_oversampling_tomek,age,oversampling_tomek,False,same_size,random+guided,TAR_2,C,0.0,0.0,0.0,0.0,,
DIATREND,balanced_age_oversampling_tomek,age,oversampling_tomek,False,same_size,random+guided,TAR_2,D,9.77,1.2,8.89,0.879999999999999,9.898762654668154,-9.898762654668154
DIATREND,balanced_age_oversampling_tomek,age,oversampling_tomek,False,same_size,random+guided,TAR_2,E,0.0,0.0,0.0,0.0,,
DIATREND,balanced_age_oversampling_tomek,age,oversampling_tomek,False,same_size,random+guided,TAR_2,A + B,90.23,1.2,91.11,-0.8799999999999955,-0.9658654373833777,-0.9658654373833777
DIATREND,balanced_age_oversampling_tomek,age,oversampling_tomek,False,same_size,random+guided,TAR_2,RMSE,73.5,3.05,72.34,1.1599999999999966,1.6035388443461382,-1.6035388443461382
DIATREND,balanced_age_oversampling_tomek,age,oversampling_tomek,False,same_size,random+guided,TAR_2,MSE,5410.16,457.59,5246.21,163.94999999999982,3.1251131769410647,-3.1251131769410647
DIATREND,balanced_age_oversampling_tomek,age,oversampling_tomek,False,same_size,random+guided,TAR_2,MAE,61.74,2.31,60.55,1.1900000000000048,1.9653179190751526,-1.9653179190751526
DIATREND,balanced_age_oversampling_tomek,age,oversampling_tomek,False,same_size,random+guided,TAR_2,MAPE,0.2,0.0,0.2,0.0,0.0,-0.0
DIATREND,balanced_age_oversampling_tomek,age,oversampling_tomek,False,same_size,random+guided,ENTIRE,A,64.66,1.89,64.65,0.009999999999990905,0.015467904098980518,0.015467904098980518
DIATREND,balanced_age_oversampling_tomek,age,oversampling_tomek,False,same_size,random+guided,ENTIRE,B,30.75,1.16,30.95,-0.1999999999999993,-0.6462035541195453,
DIATREND,balanced_age_oversampling_tomek,age,oversampling_tomek,False,same_size,random+guided,ENTIRE,C,0.34,0.15,0.36,-0.019999999999999962,-5.555555555555546,5.555555555555546
DIATREND,balanced_age_oversampling_tomek,age,oversampling_tomek,False,same_size,random+guided,ENTIRE,D,4.21,0.77,3.98,0.22999999999999998,5.7788944723618085,-5.7788944723618085
DIATREND,balanced_age_oversampling_tomek,age,oversampling_tomek,False,same_size,random+guided,ENTIRE,E,0.04,0.02,0.05,-0.010000000000000002,-20.000000000000004,20.000000000000004
DIATREND,balanced_age_oversampling_tomek,age,oversampling_tomek,False,same_size,random+guided,ENTIRE,A + B,95.41,0.82,95.6,-0.18999999999999773,-0.19874476987447465,-0.19874476987447465
DIATREND,balanced_age_oversampling_tomek,age,oversampling_tomek,False,same_size,random+guided,ENTIRE,RMSE,45.43,2.06,45.05,0.38000000000000256,0.8435072142064429,-0.8435072142064429
DIATREND,balanced_age_oversampling_tomek,age,oversampling_tomek,False,same_size,random+guided,ENTIRE,MSE,2066.95,189.44,2033.93,33.019999999999754,1.6234580344456178,-1.6234580344456178
DIATREND,balanced_age_oversampling_tomek,age,oversampling_tomek,False,same_size,random+guided,ENTIRE,MAE,33.52,1.44,33.25,0.2700000000000031,0.8120300751879793,-0.8120300751879793
DIATREND,balanced_age_oversampling_tomek,age,oversampling_tomek,False,same_size,random+guided,ENTIRE,MAPE,0.19,0.01,0.2,-0.010000000000000009,-5.000000000000004,5.000000000000004
DIATREND,balanced_age_patient_aware_undersampling,age,patient_aware_undersampling,False,undersampling,guided,TBR_2,A,0.0,0.0,0.0,0.0,,
DIATREND,balanced_age_patient_aware_undersampling,age,patient_aware_undersampling,False,undersampling,guided,TBR_2,B,0.0,0.0,0.0,0.0,,
DIATREND,balanced_age_patient_aware_undersampling,age,patient_aware_undersampling,False,undersampling,guided,TBR_2,C,0.0,0.0,0.0,0.0,,
DIATREND,balanced_age_patient_aware_undersampling,age,patient_aware_undersampling,False,undersampling,guided,TBR_2,D,95.82,3.57,96.53,-0.710000000000008,-0.7355226354501274,0.7355226354501274
DIATREND,balanced_age_patient_aware_undersampling,age,patient_aware_undersampling,False,undersampling,guided,TBR_2,E,4.18,3.57,3.47,0.7099999999999995,20.461095100864537,-20.461095100864537
DIATREND,balanced_age_patient_aware_undersampling,age,patient_aware_undersampling,False,undersampling,guided,TBR_2,A + B,0.0,0.0,0.0,0.0,,
DIATREND,balanced_age_patient_aware_undersampling,age,patient_aware_undersampling,False,undersampling,guided,TBR_2,RMSE,79.66,7.36,75.28,4.3799999999999955,5.818278427205095,-5.818278427205095
DIATREND,balanced_age_patient_aware_undersampling,age,patient_aware_undersampling,False,undersampling,guided,TBR_2,MSE,6389.28,1208.12,5710.57,678.71,11.885153320946946,-11.885153320946946
DIATREND,balanced_age_patient_aware_undersampling,age,patient_aware_undersampling,False,undersampling,guided,TBR_2,MAE,76.39,5.88,71.22,5.170000000000002,7.259196854816065,-7.259196854816065
DIATREND,balanced_age_patient_aware_undersampling,age,patient_aware_undersampling,False,undersampling,guided,TBR_2,MAPE,1.69,0.12,1.57,0.11999999999999988,7.643312101910821,-7.643312101910821
DIATREND,balanced_age_patient_aware_undersampling,age,patient_aware_undersampling,False,undersampling,guided,TBR_1,A,0.0,0.0,0.01,-0.01,-100.0,-100.0
DIATREND,balanced_age_patient_aware_undersampling,age,patient_aware_undersampling,False,undersampling,guided,TBR_1,B,0.0,0.0,0.0,0.0,,
DIATREND,balanced_age_patient_aware_undersampling,age,patient_aware_undersampling,False,undersampling,guided,TBR_1,C,0.0,0.0,0.0,0.0,,
DIATREND,balanced_age_patient_aware_undersampling,age,patient_aware_undersampling,False,undersampling,guided,TBR_1,D,96.7,1.98,97.11,-0.4099999999999966,-0.42220162702090064,0.42220162702090064
DIATREND,balanced_age_patient_aware_undersampling,age,patient_aware_undersampling,False,undersampling,guided,TBR_1,E,3.3,1.98,2.88,0.41999999999999993,14.583333333333332,-14.583333333333332
DIATREND,balanced_age_patient_aware_undersampling,age,patient_aware_undersampling,False,undersampling,guided,TBR_1,A + B,0.0,0.0,0.01,-0.01,-100.0,-100.0
DIATREND,balanced_age_patient_aware_undersampling,age,patient_aware_undersampling,False,undersampling,guided,TBR_1,RMSE,62.45,4.66,59.82,2.6300000000000026,4.3965229020394565,-4.3965229020394565
DIATREND,balanced_age_patient_aware_undersampling,age,patient_aware_undersampling,False,undersampling,guided,TBR_1,MSE,3917.82,600.46,3591.41,326.4100000000003,9.088630927685792,-9.088630927685792
DIATREND,balanced_age_patient_aware_undersampling,age,patient_aware_undersampling,False,undersampling,guided,TBR_1,MAE,58.74,3.61,55.15,3.5900000000000034,6.509519492293752,-6.509519492293752
DIATREND,balanced_age_patient_aware_undersampling,age,patient_aware_undersampling,False,undersampling,guided,TBR_1,MAPE,0.94,0.06,0.88,0.05999999999999994,6.818181818181812,-6.818181818181812
DIATREND,balanced_age_patient_aware_undersampling,age,patient_aware_undersampling,False,undersampling,guided,TIR,A,65.91,2.53,66.2,-0.29000000000000625,-0.43806646525680704,-0.43806646525680704
DIATREND,balanced_age_patient_aware_undersampling,age,patient_aware_undersampling,False,undersampling,guided,TIR,B,33.51,2.43,33.14,0.36999999999999744,1.1164755582377714,
DIATREND,balanced_age_patient_aware_undersampling,age,patient_aware_undersampling,False,undersampling,guided,TIR,C,0.57,0.26,0.66,-0.09000000000000008,-13.636363636363647,13.636363636363647
DIATREND,balanced_age_patient_aware_undersampling,age,patient_aware_undersampling,False,undersampling,guided,TIR,D,0.0,0.0,0.0,0.0,,
DIATREND,balanced_age_patient_aware_undersampling,age,patient_aware_undersampling,False,undersampling,guided,TIR,E,0.0,0.0,0.0,0.0,,
DIATREND,balanced_age_patient_aware_undersampling,age,patient_aware_undersampling,False,undersampling,guided,TIR,A + B,99.42,0.26,99.34,0.0799999999999983,0.08053150795248469,0.08053150795248469
DIATREND,balanced_age_patient_aware_undersampling,age,patient_aware_undersampling,False,undersampling,guided,TIR,RMSE,30.17,1.4,30.72,-0.5499999999999972,-1.7903645833333242,1.7903645833333242
DIATREND,balanced_age_patient_aware_undersampling,age,patient_aware_undersampling,False,undersampling,guided,TIR,MSE,911.86,84.85,944.97,-33.110000000000014,-3.503814935923893,3.503814935923893
DIATREND,balanced_age_patient_aware_undersampling,age,patient_aware_undersampling,False,undersampling,guided,TIR,MAE,22.61,0.83,22.67,-0.060000000000002274,-0.2646669607410775,0.2646669607410775
DIATREND,balanced_age_patient_aware_undersampling,age,patient_aware_undersampling,False,undersampling,guided,TIR,MAPE,0.19,0.01,0.19,0.0,0.0,-0.0
DIATREND,balanced_age_patient_aware_undersampling,age,patient_aware_undersampling,False,undersampling,guided,TAR_1,A,68.66,1.64,70.98,-2.3200000000000074,-3.268526345449432,-3.268526345449432
DIATREND,balanced_age_patient_aware_undersampling,age,patient_aware_undersampling,False,undersampling,guided,TAR_1,B,28.95,1.46,26.82,2.129999999999999,7.9418344519015625,
DIATREND,balanced_age_patient_aware_undersampling,age,patient_aware_undersampling,False,undersampling,guided,TAR_1,C,0.0,0.0,0.1,-0.1,-100.0,100.0
DIATREND,balanced_age_patient_aware_undersampling,age,patient_aware_undersampling,False,undersampling,guided,TAR_1,D,2.39,0.21,2.11,0.28000000000000025,13.2701421800948,-13.2701421800948
DIATREND,balanced_age_patient_aware_undersampling,age,patient_aware_undersampling,False,undersampling,guided,TAR_1,E,0.0,0.0,0.0,0.0,,
DIATREND,balanced_age_patient_aware_undersampling,age,patient_aware_undersampling,False,undersampling,guided,TAR_1,A + B,97.61,0.21,97.79,-0.18000000000000682,-0.18406790060334063,-0.18406790060334063
DIATREND,balanced_age_patient_aware_undersampling,age,patient_aware_undersampling,False,undersampling,guided,TAR_1,RMSE,43.26,1.16,42.08,1.1799999999999997,2.804182509505703,-2.804182509505703
DIATREND,balanced_age_patient_aware_undersampling,age,patient_aware_undersampling,False,undersampling,guided,TAR_1,MSE,1872.23,101.0,1771.85,100.38000000000011,5.665265118379102,-5.665265118379102
DIATREND,balanced_age_patient_aware_undersampling,age,patient_aware_undersampling,False,undersampling,guided,TAR_1,MAE,34.69,0.84,32.9,1.7899999999999991,5.440729483282673,-5.440729483282673
DIATREND,balanced_age_patient_aware_undersampling,age,patient_aware_undersampling,False,undersampling,guided,TAR_1,MAPE,0.16,0.0,0.15,0.010000000000000009,6.666666666666673,-6.666666666666673
DIATREND,balanced_age_patient_aware_undersampling,age,patient_aware_undersampling,False,undersampling,guided,TAR_2,A,43.91,3.28,56.98,-13.07,-22.93787293787294,-22.93787293787294
DIATREND,balanced_age_patient_aware_undersampling,age,patient_aware_undersampling,False,undersampling,guided,TAR_2,B,45.9,3.99,34.13,11.769999999999996,34.48578962789334,
DIATREND,balanced_age_patient_aware_undersampling,age,patient_aware_undersampling,False,undersampling,guided,TAR_2,C,0.0,0.0,0.0,0.0,,
DIATREND,balanced_age_patient_aware_undersampling,age,patient_aware_undersampling,False,undersampling,guided,TAR_2,D,10.2,1.16,8.89,1.3099999999999987,14.735658042744642,-14.735658042744642
DIATREND,balanced_age_patient_aware_undersampling,age,patient_aware_undersampling,False,undersampling,guided,TAR_2,E,0.0,0.0,0.0,0.0,,
DIATREND,balanced_age_patient_aware_undersampling,age,patient_aware_undersampling,False,undersampling,guided,TAR_2,A + B,89.8,1.16,91.11,-1.3100000000000023,-1.4378224124684473,-1.4378224124684473
DIATREND,balanced_age_patient_aware_undersampling,age,patient_aware_undersampling,False,undersampling,guided,TAR_2,RMSE,81.89,5.36,72.34,9.549999999999997,13.201548244401435,-13.201548244401435
DIATREND,balanced_age_patient_aware_undersampling,age,patient_aware_undersampling,False,undersampling,guided,TAR_2,MSE,6729.02,906.82,5246.21,1482.8100000000004,28.264404207990157,-28.264404207990157
DIATREND,balanced_age_patient_aware_undersampling,age,patient_aware_undersampling,False,undersampling,guided,TAR_2,MAE,71.01,4.85,60.55,10.460000000000008,17.274979355904225,-17.274979355904225
DIATREND,balanced_age_patient_aware_undersampling,age,patient_aware_undersampling,False,undersampling,guided,TAR_2,MAPE,0.23,0.01,0.2,0.03,15.0,-15.0
DIATREND,balanced_age_patient_aware_undersampling,age,patient_aware_undersampling,False,undersampling,guided,ENTIRE,A,61.41,3.02,64.65,-3.240000000000009,-5.01160092807426,-5.01160092807426
DIATREND,balanced_age_patient_aware_undersampling,age,patient_aware_undersampling,False,undersampling,guided,ENTIRE,B,33.94,2.2,30.95,2.9899999999999984,9.660743134087232,
DIATREND,balanced_age_patient_aware_undersampling,age,patient_aware_undersampling,False,undersampling,guided,ENTIRE,C,0.29,0.14,0.36,-0.07,-19.444444444444446,19.444444444444446
DIATREND,balanced_age_patient_aware_undersampling,age,patient_aware_undersampling,False,undersampling,guided,ENTIRE,D,4.3,0.83,3.98,0.31999999999999984,8.040201005025121,-8.040201005025121
DIATREND,balanced_age_patient_aware_undersampling,age,patient_aware_undersampling,False,undersampling,guided,ENTIRE,E,0.06,0.04,0.05,0.009999999999999995,19.99999999999999,-19.99999999999999
DIATREND,balanced_age_patient_aware_undersampling,age,patient_aware_undersampling,False,undersampling,guided,ENTIRE,A + B,95.35,0.85,95.6,-0.25,-0.26150627615062766,-0.26150627615062766
DIATREND,balanced_age_patient_aware_undersampling,age,patient_aware_undersampling,False,undersampling,guided,ENTIRE,RMSE,48.22,3.09,45.05,3.1700000000000017,7.036625971143179,-7.036625971143179
DIATREND,balanced_age_patient_aware_undersampling,age,patient_aware_undersampling,False,undersampling,guided,ENTIRE,MSE,2332.38,302.76,2033.93,298.45000000000005,14.673563003643194,-14.673563003643194
DIATREND,balanced_age_patient_aware_undersampling,age,patient_aware_undersampling,False,undersampling,guided,ENTIRE,MAE,35.76,2.18,33.25,2.509999999999998,7.548872180451122,-7.548872180451122
DIATREND,balanced_age_patient_aware_undersampling,age,patient_aware_undersampling,False,undersampling,guided,ENTIRE,MAPE,0.21,0.01,0.2,0.009999999999999981,4.99999999999999,-4.99999999999999
DIATREND,balanced_age_smote,age,smote,False,oversampling,guided,TBR_2,A,0.0,0.0,0.0,0.0,,
DIATREND,balanced_age_smote,age,smote,False,oversampling,guided,TBR_2,B,0.0,0.0,0.0,0.0,,
DIATREND,balanced_age_smote,age,smote,False,oversampling,guided,TBR_2,C,0.0,0.0,0.0,0.0,,
DIATREND,balanced_age_smote,age,smote,False,oversampling,guided,TBR_2,D,97.32,1.49,96.53,0.789999999999992,0.8183984253599834,-0.8183984253599834
DIATREND,balanced_age_smote,age,smote,False,oversampling,guided,TBR_2,E,2.68,1.49,3.47,-0.79,-22.76657060518732,22.76657060518732
DIATREND,balanced_age_smote,age,smote,False,oversampling,guided,TBR_2,A + B,0.0,0.0,0.0,0.0,,
DIATREND,balanced_age_smote,age,smote,False,oversampling,guided,TBR_2,RMSE,72.71,6.82,75.28,-2.5700000000000074,-3.4139213602550575,3.4139213602550575
DIATREND,balanced_age_smote,age,smote,False,oversampling,guided,TBR_2,MSE,5324.19,999.03,5710.57,-386.3800000000001,-6.766049623767858,6.766049623767858
DIATREND,balanced_age_smote,age,smote,False,oversampling,guided,TBR_2,MAE,69.04,5.98,71.22,-2.1799999999999926,-3.060937938781231,3.060937938781231
DIATREND,balanced_age_smote,age,smote,False,oversampling,guided,TBR_2,MAPE,1.52,0.12,1.57,-0.050000000000000044,-3.184713375796181,3.184713375796181
DIATREND,balanced_age_smote,age,smote,False,oversampling,guided,TBR_1,A,0.01,0.03,0.01,0.0,0.0,0.0
DIATREND,balanced_age_smote,age,smote,False,oversampling,guided,TBR_1,B,0.0,0.0,0.0,0.0,,
DIATREND,balanced_age_smote,age,smote,False,oversampling,guided,TBR_1,C,0.0,0.0,0.0,0.0,,
DIATREND,balanced_age_smote,age,smote,False,oversampling,guided,TBR_1,D,97.67,1.1,97.11,0.5600000000000023,0.5766656369066031,-0.5766656369066031
DIATREND,balanced_age_smote,age,smote,False,oversampling,guided,TBR_1,E,2.32,1.09,2.88,-0.56,-19.444444444444446,19.444444444444446
DIATREND,balanced_age_smote,age,smote,False,oversampling,guided,TBR_1,A + B,0.01,0.03,0.01,0.0,0.0,0.0
DIATREND,balanced_age_smote,age,smote,False,oversampling,guided,TBR_1,RMSE,56.82,4.41,59.82,-3.0,-5.015045135406218,5.015045135406218
DIATREND,balanced_age_smote,age,smote,False,oversampling,guided,TBR_1,MSE,3244.52,504.18,3591.41,-346.8899999999999,-9.65888049540431,9.65888049540431
DIATREND,balanced_age_smote,age,smote,False,oversampling,guided,TBR_1,MAE,52.23,3.4,55.15,-2.9200000000000017,-5.294650951949233,5.294650951949233
DIATREND,balanced_age_smote,age,smote,False,oversampling,guided,TBR_1,MAPE,0.84,0.05,0.88,-0.040000000000000036,-4.545454545454549,4.545454545454549
DIATREND,balanced_age_smote,age,smote,False,oversampling,guided,TIR,A,68.01,1.89,66.2,1.8100000000000023,2.7341389728096708,2.7341389728096708
DIATREND,balanced_age_smote,age,smote,False,oversampling,guided,TIR,B,31.44,1.82,33.14,-1.6999999999999993,-5.129752564876281,
DIATREND,balanced_age_smote,age,smote,False,oversampling,guided,TIR,C,0.55,0.19,0.66,-0.10999999999999999,-16.666666666666664,16.666666666666664
DIATREND,balanced_age_smote,age,smote,False,oversampling,guided,TIR,D,0.0,0.0,0.0,0.0,,
DIATREND,balanced_age_smote,age,smote,False,oversampling,guided,TIR,E,0.0,0.0,0.0,0.0,,
DIATREND,balanced_age_smote,age,smote,False,oversampling,guided,TIR,A + B,99.45,0.19,99.34,0.10999999999999943,0.11073082343466825,0.11073082343466825
DIATREND,balanced_age_smote,age,smote,False,oversampling,guided,TIR,RMSE,29.6,1.14,30.72,-1.1199999999999974,-3.645833333333325,3.645833333333325
DIATREND,balanced_age_smote,age,smote,False,oversampling,guided,TIR,MSE,877.5,67.09,944.97,-67.47000000000003,-7.13990920346678,7.13990920346678
DIATREND,balanced_age_smote,age,smote,False,oversampling,guided,TIR,MAE,21.83,0.67,22.67,-0.8400000000000034,-3.7053374503749597,3.7053374503749597
DIATREND,balanced_age_smote,age,smote,False,oversampling,guided,TIR,MAPE,0.18,0.01,0.19,-0.010000000000000009,-5.263157894736847,5.263157894736847
DIATREND,balanced_age_smote,age,smote,False,oversampling,guided,TAR_1,A,67.59,1.98,70.98,-3.3900000000000006,-4.7759932375317,-4.7759932375317
DIATREND,balanced_age_smote,age,smote,False,oversampling,guided,TAR_1,B,29.82,1.77,26.82,3.0,11.185682326621924,
DIATREND,balanced_age_smote,age,smote,False,oversampling,guided,TAR_1,C,0.16,0.1,0.1,0.06,60.0,-60.0
DIATREND,balanced_age_smote,age,smote,False,oversampling,guided,TAR_1,D,2.44,0.22,2.11,0.33000000000000007,15.639810426540288,-15.639810426540288
DIATREND,balanced_age_smote,age,smote,False,oversampling,guided,TAR_1,E,0.0,0.0,0.0,0.0,,
DIATREND,balanced_age_smote,age,smote,False,oversampling,guided,TAR_1,A + B,97.4,0.25,97.79,-0.39000000000000057,-0.39881378464055683,-0.39881378464055683
DIATREND,balanced_age_smote,age,smote,False,oversampling,guided,TAR_1,RMSE,44.46,1.39,42.08,2.3800000000000026,5.655893536121679,-5.655893536121679
DIATREND,balanced_age_smote,age,smote,False,oversampling,guided,TAR_1,MSE,1977.87,124.93,1771.85,206.01999999999998,11.62739509552163,-11.62739509552163
DIATREND,balanced_age_smote,age,smote,False,oversampling,guided,TAR_1,MAE,35.43,1.2,32.9,2.530000000000001,7.689969604863226,-7.689969604863226
DIATREND,balanced_age_smote,age,smote,False,oversampling,guided,TAR_1,MAPE,0.17,0.01,0.15,0.020000000000000018,13.333333333333346,-13.333333333333346
DIATREND,balanced_age_smote,age,smote,False,oversampling,guided,TAR_2,A,55.02,1.59,56.98,-1.9599999999999937,-3.4398034398034287,-3.4398034398034287
DIATREND,balanced_age_smote,age,smote,False,oversampling,guided,TAR_2,B,34.71,1.08,34.13,0.5799999999999983,1.699384705537645,
DIATREND,balanced_age_smote,age,smote,False,oversampling,guided,TAR_2,C,0.0,0.0,0.0,0.0,,
DIATREND,balanced_age_smote,age,smote,False,oversampling,guided,TAR_2,D,10.27,1.21,8.89,1.379999999999999,15.523059617547794,-15.523059617547794
DIATREND,balanced_age_smote,age,smote,False,oversampling,guided,TAR_2,E,0.0,0.0,0.0,0.0,,
DIATREND,balanced_age_smote,age,smote,False,oversampling,guided,TAR_2,A + B,89.73,1.22,91.11,-1.3799999999999955,-1.5146526177148452,-1.5146526177148452
DIATREND,balanced_age_smote,age,smote,False,oversampling,guided,TAR_2,RMSE,74.3,2.97,72.34,1.9599999999999937,2.7094277025158884,-2.7094277025158884
DIATREND,balanced_age_smote,age,smote,False,oversampling,guided,TAR_2,MSE,5528.05,450.54,5246.21,281.84000000000015,5.372259211888204,-5.372259211888204
DIATREND,balanced_age_smote,age,smote,False,oversampling,guided,TAR_2,MAE,62.52,2.25,60.55,1.970000000000006,3.2535094962840723,-3.2535094962840723
DIATREND,balanced_age_smote,age,smote,False,oversampling,guided,TAR_2,MAPE,0.2,0.0,0.2,0.0,0.0,-0.0
DIATREND,balanced_age_smote,age,smote,False,oversampling,guided,ENTIRE,A,64.29,2.16,64.65,-0.35999999999999943,-0.5568445475638042,-0.5568445475638042
DIATREND,balanced_age_smote,age,smote,False,oversampling,guided,ENTIRE,B,31.0,1.33,30.95,0.05000000000000071,0.16155088852988922,
DIATREND,balanced_age_smote,age,smote,False,oversampling,guided,ENTIRE,C,0.33,0.12,0.36,-0.02999999999999997,-8.333333333333325,8.333333333333325
DIATREND,balanced_age_smote,age,smote,False,oversampling,guided,ENTIRE,D,4.34,0.83,3.98,0.3599999999999999,9.045226130653264,-9.045226130653264
DIATREND,balanced_age_smote,age,smote,False,oversampling,guided,ENTIRE,E,0.04,0.02,0.05,-0.010000000000000002,-20.000000000000004,20.000000000000004
DIATREND,balanced_age_smote,age,smote,False,oversampling,guided,ENTIRE,A + B,95.29,0.88,95.6,-0.30999999999998806,-0.3242677824267658,-0.3242677824267658
DIATREND,balanced_age_smote,age,smote,False,oversampling,guided,ENTIRE,RMSE,45.8,2.16,45.05,0.75,1.6648168701442843,-1.6648168701442843
DIATREND,balanced_age_smote,age,smote,False,oversampling,guided,ENTIRE,MSE,2101.21,199.97,2033.93,67.27999999999997,3.307881785508841,-3.307881785508841
DIATREND,balanced_age_smote,age,smote,False,oversampling,guided,ENTIRE,MAE,33.83,1.6,33.25,0.5799999999999983,1.7443609022556341,-1.7443609022556341
DIATREND,balanced_age_smote,age,smote,False,oversampling,guided,ENTIRE,MAPE,0.19,0.01,0.2,-0.010000000000000009,-5.000000000000004,5.000000000000004
DIATREND,balanced_age_smote_tomek,age,smote_tomek,False,same_size,guided,TBR_2,A,0.0,0.0,0.0,0.0,,
DIATREND,balanced_age_smote_tomek,age,smote_tomek,False,same_size,guided,TBR_2,B,0.0,0.0,0.0,0.0,,
DIATREND,balanced_age_smote_tomek,age,smote_tomek,False,same_size,guided,TBR_2,C,0.0,0.0,0.0,0.0,,
DIATREND,balanced_age_smote_tomek,age,smote_tomek,False,same_size,guided,TBR_2,D,97.3,1.74,96.53,0.769999999999996,0.7976794778825194,-0.7976794778825194
DIATREND,balanced_age_smote_tomek,age,smote_tomek,False,same_size,guided,TBR_2,E,2.7,1.74,3.47,-0.77,-22.190201729106626,22.190201729106626
DIATREND,balanced_age_smote_tomek,age,smote_tomek,False,same_size,guided,TBR_2,A + B,0.0,0.0,0.0,0.0,,
DIATREND,balanced_age_smote_tomek,age,smote_tomek,False,same_size,guided,TBR_2,RMSE,73.35,7.28,75.28,-1.9300000000000068,-2.56376195536664,2.56376195536664
DIATREND,balanced_age_smote_tomek,age,smote_tomek,False,same_size,guided,TBR_2,MSE,5422.5,1075.35,5710.57,-288.0699999999997,-5.044505189499468,5.044505189499468
DIATREND,balanced_age_smote_tomek,age,smote_tomek,False,same_size,guided,TBR_2,MAE,69.72,6.39,71.22,-1.5,-2.1061499578770007,2.1061499578770007
DIATREND,balanced_age_smote_tomek,age,smote_tomek,False,same_size,guided,TBR_2,MAPE,1.54,0.13,1.57,-0.030000000000000027,-1.9108280254777086,1.9108280254777086
DIATREND,balanced_age_smote_tomek,age,smote_tomek,False,same_size,guided,TBR_1,A,0.01,0.01,0.01,0.0,0.0,0.0
DIATREND,balanced_age_smote_tomek,age,smote_tomek,False,same_size,guided,TBR_1,B,0.0,0.0,0.0,0.0,,
DIATREND,balanced_age_smote_tomek,age,smote_tomek,False,same_size,guided,TBR_1,C,0.0,0.0,0.0,0.0,,
DIATREND,balanced_age_smote_tomek,age,smote_tomek,False,same_size,guided,TBR_1,D,97.61,1.18,97.11,0.5,0.5148800329523221,-0.5148800329523221
DIATREND,balanced_age_smote_tomek,age,smote_tomek,False,same_size,guided,TBR_1,E,2.39,1.18,2.88,-0.48999999999999977,-17.013888888888882,17.013888888888882
DIATREND,balanced_age_smote_tomek,age,smote_tomek,False,same_size,guided,TBR_1,A + B,0.01,0.01,0.01,0.0,0.0,0.0
DIATREND,balanced_age_smote_tomek,age,smote_tomek,False,same_size,guided,TBR_1,RMSE,57.41,4.78,59.82,-2.4100000000000037,-4.028752925443002,4.028752925443002
DIATREND,balanced_age_smote_tomek,age,smote_tomek,False,same_size,guided,TBR_1,MSE,3314.58,553.53,3591.41,-276.8299999999999,-7.708114640210946,7.708114640210946
DIATREND,balanced_age_smote_tomek,age,smote_tomek,False,same_size,guided,TBR_1,MAE,52.92,3.82,55.15,-2.229999999999997,-4.0435176790571115,4.0435176790571115
DIATREND,balanced_age_smote_tomek,age,smote_tomek,False,same_size,guided,TBR_1,MAPE,0.85,0.06,0.88,-0.030000000000000027,-3.4090909090909123,3.4090909090909123
DIATREND,balanced_age_smote_tomek,age,smote_tomek,False,same_size,guided,TIR,A,67.87,1.72,66.2,1.6700000000000017,2.5226586102719057,2.5226586102719057
DIATREND,balanced_age_smote_tomek,age,smote_tomek,False,same_size,guided,TIR,B,31.56,1.64,33.14,-1.5800000000000018,-4.7676523838261975,
DIATREND,balanced_age_smote_tomek,age,smote_tomek,False,same_size,guided,TIR,C,0.57,0.22,0.66,-0.09000000000000008,-13.636363636363647,13.636363636363647
DIATREND,balanced_age_smote_tomek,age,smote_tomek,False,same_size,guided,TIR,D,0.0,0.0,0.0,0.0,,
DIATREND,balanced_age_smote_tomek,age,smote_tomek,False,same_size,guided,TIR,E,0.0,0.0,0.0,0.0,,
DIATREND,balanced_age_smote_tomek,age,smote_tomek,False,same_size,guided,TIR,A + B,99.43,0.22,99.34,0.09000000000000341,0.09059794644655064,0.09059794644655064
DIATREND,balanced_age_smote_tomek,age,smote_tomek,False,same_size,guided,TIR,RMSE,29.7,1.2,30.72,-1.0199999999999996,-3.3203124999999987,3.3203124999999987
DIATREND,balanced_age_smote_tomek,age,smote_tomek,False,same_size,guided,TIR,MSE,883.49,70.73,944.97,-61.48000000000002,-6.506026646348563,6.506026646348563
DIATREND,balanced_age_smote_tomek,age,smote_tomek,False,same_size,guided,TIR,MAE,21.91,0.66,22.67,-0.7600000000000016,-3.3524481693868617,3.3524481693868617
DIATREND,balanced_age_smote_tomek,age,smote_tomek,False,same_size,guided,TIR,MAPE,0.18,0.01,0.19,-0.010000000000000009,-5.263157894736847,5.263157894736847
DIATREND,balanced_age_smote_tomek,age,smote_tomek,False,same_size,guided,TAR_1,A,67.44,1.63,70.98,-3.5400000000000063,-4.987320371935764,-4.987320371935764
DIATREND,balanced_age_smote_tomek,age,smote_tomek,False,same_size,guided,TAR_1,B,29.97,1.48,26.82,3.1499999999999986,11.744966442953015,
DIATREND,balanced_age_smote_tomek,age,smote_tomek,False,same_size,guided,TAR_1,C,0.16,0.1,0.1,0.06,60.0,-60.0
DIATREND,balanced_age_smote_tomek,age,smote_tomek,False,same_size,guided,TAR_1,D,2.43,0.17,2.11,0.3200000000000003,15.1658767772512,-15.1658767772512
DIATREND,balanced_age_smote_tomek,age,smote_tomek,False,same_size,guided,TAR_1,E,0.0,0.0,0.0,0.0,,
DIATREND,balanced_age_smote_tomek,age,smote_tomek,False,same_size,guided,TAR_1,A + B,97.4,0.2,97.79,-0.39000000000000057,-0.39881378464055683,-0.39881378464055683
DIATREND,balanced_age_smote_tomek,age,smote_tomek,False,same_size,guided,TAR_1,RMSE,44.53,1.25,42.08,2.450000000000003,5.822243346007611,-5.822243346007611
DIATREND,balanced_age_smote_tomek,age,smote_tomek,False,same_size,guided,TAR_1,MSE,1984.17,111.62,1771.85,212.32000000000016,11.982955667804847,-11.982955667804847
DIATREND,balanced_age_smote_tomek,age,smote_tomek,False,same_size,guided,TAR_1,MAE,35.51,0.95,32.9,2.6099999999999994,7.933130699088145,-7.933130699088145
DIATREND,balanced_age_smote_tomek,age,smote_tomek,False,same_size,guided,TAR_1,MAPE,0.17,0.0,0.15,0.020000000000000018,13.333333333333346,-13.333333333333346
DIATREND,balanced_age_smote_tomek,age,smote_tomek,False,same_size,guided,TAR_2,A,55.38,1.37,56.98,-1.5999999999999943,-2.808002808002798,-2.808002808002798
DIATREND,balanced_age_smote_tomek,age,smote_tomek,False,same_size,guided,TAR_2,B,34.36,0.71,34.13,0.22999999999999687,0.6738939349545763,
DIATREND,balanced_age_smote_tomek,age,smote_tomek,False,same_size,guided,TAR_2,C,0.0,0.0,0.0,0.0,,
DIATREND,balanced_age_smote_tomek,age,smote_tomek,False,same_size,guided,TAR_2,D,10.27,1.33,8.89,1.379999999999999,15.523059617547794,-15.523059617547794
DIATREND,balanced_age_smote_tomek,age,smote_tomek,False,same_size,guided,TAR_2,E,0.0,0.0,0.0,0.0,,
DIATREND,balanced_age_smote_tomek,age,smote_tomek,False,same_size,guided,TAR_2,A + B,89.73,1.33,91.11,-1.3799999999999955,-1.5146526177148452,-1.5146526177148452
DIATREND,balanced_age_smote_tomek,age,smote_tomek,False,same_size,guided,TAR_2,RMSE,74.12,2.93,72.34,1.7800000000000011,2.460602709427704,-2.460602709427704
DIATREND,balanced_age_smote_tomek,age,smote_tomek,False,same_size,guided,TAR_2,MSE,5500.65,443.96,5246.21,254.4399999999996,4.849977412265228,-4.849977412265228
DIATREND,balanced_age_smote_tomek,age,smote_tomek,False,same_size,guided,TAR_2,MAE,62.25,2.19,60.55,1.7000000000000028,2.8075970272502113,-2.8075970272502113
DIATREND,balanced_age_smote_tomek,age,smote_tomek,False,same_size,guided,TAR_2,MAPE,0.2,0.0,0.2,0.0,0.0,-0.0
DIATREND,balanced_age_smote_tomek,age,smote_tomek,False,same_size,guided,ENTIRE,A,64.24,1.86,64.65,-0.4100000000000108,-0.6341840680587947,-0.6341840680587947
DIATREND,balanced_age_smote_tomek,age,smote_tomek,False,same_size,guided,ENTIRE,B,31.04,1.06,30.95,0.08999999999999986,0.290791599353796,
DIATREND,balanced_age_smote_tomek,age,smote_tomek,False,same_size,guided,ENTIRE,C,0.34,0.13,0.36,-0.019999999999999962,-5.555555555555546,5.555555555555546
DIATREND,balanced_age_smote_tomek,age,smote_tomek,False,same_size,guided,ENTIRE,D,4.34,0.78,3.98,0.3599999999999999,9.045226130653264,-9.045226130653264
DIATREND,balanced_age_smote_tomek,age,smote_tomek,False,same_size,guided,ENTIRE,E,0.04,0.02,0.05,-0.010000000000000002,-20.000000000000004,20.000000000000004
DIATREND,balanced_age_smote_tomek,age,smote_tomek,False,same_size,guided,ENTIRE,A + B,95.29,0.84,95.6,-0.30999999999998806,-0.3242677824267658,-0.3242677824267658
DIATREND,balanced_age_smote_tomek,age,smote_tomek,False,same_size,guided,ENTIRE,RMSE,45.81,2.07,45.05,0.7600000000000051,1.6870144284128858,-1.6870144284128858
DIATREND,balanced_age_smote_tomek,age,smote_tomek,False,same_size,guided,ENTIRE,MSE,2101.83,190.79,2033.93,67.89999999999986,3.338364643817627,-3.338364643817627
DIATREND,balanced_age_smote_tomek,age,smote_tomek,False,same_size,guided,ENTIRE,MAE,33.86,1.4,33.25,0.6099999999999994,1.8345864661654117,-1.8345864661654117
DIATREND,balanced_age_smote_tomek,age,smote_tomek,False,same_size,guided,ENTIRE,MAPE,0.2,0.01,0.2,0.0,0.0,-0.0
DIATREND,balanced_age_tomek_links,age,tomek_links,False,undersampling,guided,TBR_2,A,0.08,0.17,0.0,0.08,,
DIATREND,balanced_age_tomek_links,age,tomek_links,False,undersampling,guided,TBR_2,B,0.0,0.0,0.0,0.0,,
DIATREND,balanced_age_tomek_links,age,tomek_links,False,undersampling,guided,TBR_2,C,0.0,0.0,0.0,0.0,,
DIATREND,balanced_age_tomek_links,age,tomek_links,False,undersampling,guided,TBR_2,D,96.97,1.67,96.53,0.4399999999999977,0.4558168445042968,-0.4558168445042968
DIATREND,balanced_age_tomek_links,age,tomek_links,False,undersampling,guided,TBR_2,E,2.95,1.54,3.47,-0.52,-14.985590778097983,14.985590778097983
DIATREND,balanced_age_tomek_links,age,tomek_links,False,undersampling,guided,TBR_2,A + B,0.08,0.17,0.0,0.08,,
DIATREND,balanced_age_tomek_links,age,tomek_links,False,undersampling,guided,TBR_2,RMSE,73.88,7.36,75.28,-1.4000000000000057,-1.8597236981934187,1.8597236981934187
DIATREND,balanced_age_tomek_links,age,tomek_links,False,undersampling,guided,TBR_2,MSE,5501.85,1103.6,5710.57,-208.71999999999935,-3.6549766485657185,3.6549766485657185
DIATREND,balanced_age_tomek_links,age,tomek_links,False,undersampling,guided,TBR_2,MAE,69.55,6.76,71.22,-1.6700000000000017,-2.344846953103063,2.344846953103063
DIATREND,balanced_age_tomek_links,age,tomek_links,False,undersampling,guided,TBR_2,MAPE,1.53,0.14,1.57,-0.040000000000000036,-2.5477707006369448,2.5477707006369448
DIATREND,balanced_age_tomek_links,age,tomek_links,False,undersampling,guided,TBR_1,A,0.13,0.23,0.01,0.12000000000000001,1200.0,1200.0
DIATREND,balanced_age_tomek_links,age,tomek_links,False,undersampling,guided,TBR_1,B,0.0,0.0,0.0,0.0,,
DIATREND,balanced_age_tomek_links,age,tomek_links,False,undersampling,guided,TBR_1,C,0.0,0.0,0.0,0.0,,
DIATREND,balanced_age_tomek_links,age,tomek_links,False,undersampling,guided,TBR_1,D,97.24,1.31,97.11,0.12999999999999545,0.13386880856759906,-0.13386880856759906
DIATREND,balanced_age_tomek_links,age,tomek_links,False,undersampling,guided,TBR_1,E,2.62,1.12,2.88,-0.2599999999999998,-9.027777777777771,9.027777777777771
DIATREND,balanced_age_tomek_links,age,tomek_links,False,undersampling,guided,TBR_1,A + B,0.13,0.23,0.01,0.12000000000000001,1200.0,1200.0
DIATREND,balanced_age_tomek_links,age,tomek_links,False,undersampling,guided,TBR_1,RMSE,59.1,3.97,59.82,-0.7199999999999989,-1.2036108324974906,1.2036108324974906
DIATREND,balanced_age_tomek_links,age,tomek_links,False,undersampling,guided,TBR_1,MSE,3506.01,474.88,3591.41,-85.39999999999964,-2.377896146638775,2.377896146638775
DIATREND,balanced_age_tomek_links,age,tomek_links,False,undersampling,guided,TBR_1,MAE,54.31,3.06,55.15,-0.8399999999999963,-1.5231187669990867,1.5231187669990867
DIATREND,balanced_age_tomek_links,age,tomek_links,False,undersampling,guided,TBR_1,MAPE,0.87,0.05,0.88,-0.010000000000000009,-1.1363636363636374,1.1363636363636374
DIATREND,balanced_age_tomek_links,age,tomek_links,False,undersampling,guided,TIR,A,66.63,2.08,66.2,0.4299999999999926,0.6495468277945508,0.6495468277945508
DIATREND,balanced_age_tomek_links,age,tomek_links,False,undersampling,guided,TIR,B,32.76,2.06,33.14,-0.38000000000000256,-1.1466505733252943,
DIATREND,balanced_age_tomek_links,age,tomek_links,False,undersampling,guided,TIR,C,0.62,0.21,0.66,-0.040000000000000036,-6.060606060606066,6.060606060606066
DIATREND,balanced_age_tomek_links,age,tomek_links,False,undersampling,guided,TIR,D,0.0,0.0,0.0,0.0,,
DIATREND,balanced_age_tomek_links,age,tomek_links,False,undersampling,guided,TIR,E,0.0,0.0,0.0,0.0,,
DIATREND,balanced_age_tomek_links,age,tomek_links,False,undersampling,guided,TIR,A + B,99.39,0.21,99.34,0.04999999999999716,0.05033219247030115,0.05033219247030115
DIATREND,balanced_age_tomek_links,age,tomek_links,False,undersampling,guided,TIR,RMSE,30.49,1.11,30.72,-0.23000000000000043,-0.7486979166666681,0.7486979166666681
DIATREND,balanced_age_tomek_links,age,tomek_links,False,undersampling,guided,TIR,MSE,930.52,67.17,944.97,-14.450000000000045,-1.5291490735155662,1.5291490735155662
DIATREND,balanced_age_tomek_links,age,tomek_links,False,undersampling,guided,TIR,MAE,22.49,0.69,22.67,-0.18000000000000327,-0.7940008822232167,0.7940008822232167
DIATREND,balanced_age_tomek_links,age,tomek_links,False,undersampling,guided,TIR,MAPE,0.19,0.01,0.19,0.0,0.0,-0.0
DIATREND,balanced_age_tomek_links,age,tomek_links,False,undersampling,guided,TAR_1,A,71.27,1.79,70.98,0.28999999999999204,0.40856579318116654,0.40856579318116654
DIATREND,balanced_age_tomek_links,age,tomek_links,False,undersampling,guided,TAR_1,B,26.51,1.61,26.82,-0.3099999999999987,-1.1558538404175942,
DIATREND,balanced_age_tomek_links,age,tomek_links,False,undersampling,guided,TAR_1,C,0.13,0.09,0.1,0.03,30.0,-30.0
DIATREND,balanced_age_tomek_links,age,tomek_links,False,undersampling,guided,TAR_1,D,2.08,0.2,2.11,-0.029999999999999805,-1.4218009478672893,1.4218009478672893
DIATREND,balanced_age_tomek_links,age,tomek_links,False,undersampling,guided,TAR_1,E,0.0,0.0,0.0,0.0,,
DIATREND,balanced_age_tomek_links,age,tomek_links,False,undersampling,guided,TAR_1,A + B,97.78,0.22,97.79,-0.010000000000005116,-0.010225994477968212,-0.010225994477968212
DIATREND,balanced_age_tomek_links,age,tomek_links,False,undersampling,guided,TAR_1,RMSE,42.01,1.45,42.08,-0.07000000000000028,-0.16634980988593223,0.16634980988593223
DIATREND,balanced_age_tomek_links,age,tomek_links,False,undersampling,guided,TAR_1,MSE,1766.63,122.95,1771.85,-5.2199999999998,-0.29460733132036004,0.29460733132036004
DIATREND,balanced_age_tomek_links,age,tomek_links,False,undersampling,guided,TAR_1,MAE,32.67,1.15,32.9,-0.22999999999999687,-0.699088145896647,0.699088145896647
DIATREND,balanced_age_tomek_links,age,tomek_links,False,undersampling,guided,TAR_1,MAPE,0.15,0.01,0.15,0.0,0.0,-0.0
DIATREND,balanced_age_tomek_links,age,tomek_links,False,undersampling,guided,TAR_2,A,58.0,1.46,56.98,1.0200000000000031,1.7901017901017957,1.7901017901017957
DIATREND,balanced_age_tomek_links,age,tomek_links,False,undersampling,guided,TAR_2,B,33.2,1.6,34.13,-0.9299999999999997,-2.724875476120714,
DIATREND,balanced_age_tomek_links,age,tomek_links,False,undersampling,guided,TAR_2,C,0.0,0.0,0.0,0.0,,
DIATREND,balanced_age_tomek_links,age,tomek_links,False,undersampling,guided,TAR_2,D,8.8,1.28,8.89,-0.08999999999999986,-1.0123734533183335,1.0123734533183335
DIATREND,balanced_age_tomek_links,age,tomek_links,False,undersampling,guided,TAR_2,E,0.0,0.0,0.0,0.0,,
DIATREND,balanced_age_tomek_links,age,tomek_links,False,undersampling,guided,TAR_2,A + B,91.21,1.29,91.11,0.09999999999999432,0.10975743606628724,0.10975743606628724
DIATREND,balanced_age_tomek_links,age,tomek_links,False,undersampling,guided,TAR_2,RMSE,72.1,3.07,72.34,-0.2400000000000091,-0.33176665745093875,0.33176665745093875
DIATREND,balanced_age_tomek_links,age,tomek_links,False,undersampling,guided,TAR_2,MSE,5205.89,451.88,5246.21,-40.31999999999971,-0.7685548233867823,0.7685548233867823
DIATREND,balanced_age_tomek_links,age,tomek_links,False,undersampling,guided,TAR_2,MAE,60.41,2.5,60.55,-0.14000000000000057,-0.2312138728323709,0.2312138728323709
DIATREND,balanced_age_tomek_links,age,tomek_links,False,undersampling,guided,TAR_2,MAPE,0.2,0.0,0.2,0.0,0.0,-0.0
DIATREND,balanced_age_tomek_links,age,tomek_links,False,undersampling,guided,ENTIRE,A,65.18,2.29,64.65,0.5300000000000011,0.8197989172467147,0.8197989172467147
DIATREND,balanced_age_tomek_links,age,tomek_links,False,undersampling,guided,ENTIRE,B,30.46,1.55,30.95,-0.48999999999999844,-1.5831987075928866,
DIATREND,balanced_age_tomek_links,age,tomek_links,False,undersampling,guided,ENTIRE,C,0.35,0.12,0.36,-0.010000000000000009,-2.7777777777777803,2.7777777777777803
DIATREND,balanced_age_tomek_links,age,tomek_links,False,undersampling,guided,ENTIRE,D,3.96,0.79,3.98,-0.020000000000000018,-0.5025125628140708,0.5025125628140708
DIATREND,balanced_age_tomek_links,age,tomek_links,False,undersampling,guided,ENTIRE,E,0.05,0.02,0.05,0.0,0.0,-0.0
DIATREND,balanced_age_tomek_links,age,tomek_links,False,undersampling,guided,ENTIRE,A + B,95.64,0.84,95.6,0.04000000000000625,0.04184100418410696,0.04184100418410696
DIATREND,balanced_age_tomek_links,age,tomek_links,False,undersampling,guided,ENTIRE,RMSE,44.83,2.23,45.05,-0.21999999999999886,-0.4883462819089875,0.4883462819089875
DIATREND,balanced_age_tomek_links,age,tomek_links,False,undersampling,guided,ENTIRE,MSE,2013.55,201.66,2033.93,-20.38000000000011,-1.002001052150276,1.002001052150276
DIATREND,balanced_age_tomek_links,age,tomek_links,False,undersampling,guided,ENTIRE,MAE,33.03,1.7,33.25,-0.21999999999999886,-0.6616541353383424,0.6616541353383424
DIATREND,balanced_age_tomek_links,age,tomek_links,False,undersampling,guided,ENTIRE,MAPE,0.19,0.01,0.2,-0.010000000000000009,-5.000000000000004,5.000000000000004
DIATREND,balanced_age_undersampling,age,undersampling,False,undersampling,random,TBR_2,A,0.0,0.0,0.0,0.0,,
DIATREND,balanced_age_undersampling,age,undersampling,False,undersampling,random,TBR_2,B,0.0,0.0,0.0,0.0,,
DIATREND,balanced_age_undersampling,age,undersampling,False,undersampling,random,TBR_2,C,0.0,0.0,0.0,0.0,,
DIATREND,balanced_age_undersampling,age,undersampling,False,undersampling,random,TBR_2,D,95.85,3.3,96.53,-0.6800000000000068,-0.704444214233924,0.704444214233924
DIATREND,balanced_age_undersampling,age,undersampling,False,undersampling,random,TBR_2,E,4.15,3.3,3.47,0.6800000000000002,19.59654178674352,-19.59654178674352
DIATREND,balanced_age_undersampling,age,undersampling,False,undersampling,random,TBR_2,A + B,0.0,0.0,0.0,0.0,,
DIATREND,balanced_age_undersampling,age,undersampling,False,undersampling,random,TBR_2,RMSE,78.96,7.05,75.28,3.6799999999999926,4.8884165781083855,-4.8884165781083855
DIATREND,balanced_age_undersampling,age,undersampling,False,undersampling,random,TBR_2,MSE,6273.92,1140.87,5710.57,563.3500000000004,9.865039742092302,-9.865039742092302
DIATREND,balanced_age_undersampling,age,undersampling,False,undersampling,random,TBR_2,MAE,75.43,5.57,71.22,4.210000000000008,5.911260881774794,-5.911260881774794
DIATREND,balanced_age_undersampling,age,undersampling,False,undersampling,random,TBR_2,MAPE,1.66,0.11,1.57,0.08999999999999986,5.732484076433112,-5.732484076433112
DIATREND,balanced_age_undersampling,age,undersampling,False,undersampling,random,TBR_1,A,0.0,0.0,0.01,-0.01,-100.0,-100.0
DIATREND,balanced_age_undersampling,age,undersampling,False,undersampling,random,TBR_1,B,0.0,0.0,0.0,0.0,,
DIATREND,balanced_age_undersampling,age,undersampling,False,undersampling,random,TBR_1,C,0.0,0.0,0.0,0.0,,
DIATREND,balanced_age_undersampling,age,undersampling,False,undersampling,random,TBR_1,D,96.62,1.75,97.11,-0.4899999999999949,-0.5045824322932704,0.5045824322932704
DIATREND,balanced_age_undersampling,age,undersampling,False,undersampling,random,TBR_1,E,3.38,1.75,2.88,0.5,17.36111111111111,-17.36111111111111
DIATREND,balanced_age_undersampling,age,undersampling,False,undersampling,random,TBR_1,A + B,0.0,0.0,0.01,-0.01,-100.0,-100.0
DIATREND,balanced_age_undersampling,age,undersampling,False,undersampling,random,TBR_1,RMSE,62.04,4.19,59.82,2.219999999999999,3.7111334002006,-3.7111334002006
DIATREND,balanced_age_undersampling,age,undersampling,False,undersampling,random,TBR_1,MSE,3863.43,534.5,3591.41,272.02,7.5741839556051795,-7.5741839556051795
DIATREND,balanced_age_undersampling,age,undersampling,False,undersampling,random,TBR_1,MAE,58.02,3.16,55.15,2.8700000000000045,5.203989120580244,-5.203989120580244
DIATREND,balanced_age_undersampling,age,undersampling,False,undersampling,random,TBR_1,MAPE,0.93,0.05,0.88,0.050000000000000044,5.681818181818187,-5.681818181818187
DIATREND,balanced_age_undersampling,age,undersampling,False,undersampling,random,TIR,A,65.88,2.69,66.2,-0.3200000000000074,-0.4833836858006153,-0.4833836858006153
DIATREND,balanced_age_undersampling,age,undersampling,False,undersampling,random,TIR,B,33.48,2.55,33.14,0.3399999999999963,1.0259505129752453,
DIATREND,balanced_age_undersampling,age,undersampling,False,undersampling,random,TIR,C,0.64,0.29,0.66,-0.020000000000000018,-3.030303030303033,3.030303030303033
DIATREND,balanced_age_undersampling,age,undersampling,False,undersampling,random,TIR,D,0.0,0.0,0.0,0.0,,
DIATREND,balanced_age_undersampling,age,undersampling,False,undersampling,random,TIR,E,0.0,0.0,0.0,0.0,,
DIATREND,balanced_age_undersampling,age,undersampling,False,undersampling,random,TIR,A + B,99.36,0.29,99.34,0.01999999999999602,0.0201328769881176,0.0201328769881176
DIATREND,balanced_age_undersampling,age,undersampling,False,undersampling,random,TIR,RMSE,30.56,1.46,30.72,-0.16000000000000014,-0.5208333333333338,0.5208333333333338
DIATREND,balanced_age_undersampling,age,undersampling,False,undersampling,random,TIR,MSE,935.32,88.89,944.97,-9.649999999999977,-1.021196440098625,1.021196440098625
DIATREND,balanced_age_undersampling,age,undersampling,False,undersampling,random,TIR,MAE,22.73,0.9,22.67,0.05999999999999872,0.26466696074106183,-0.26466696074106183
DIATREND,balanced_age_undersampling,age,undersampling,False,undersampling,random,TIR,MAPE,0.19,0.01,0.19,0.0,0.0,-0.0
DIATREND,balanced_age_undersampling,age,undersampling,False,undersampling,random,TAR_1,A,69.56,2.16,70.98,-1.4200000000000017,-2.0005635390250798,-2.0005635390250798
DIATREND,balanced_age_undersampling,age,undersampling,False,undersampling,random,TAR_1,B,28.14,1.93,26.82,1.3200000000000003,4.921700223713647,
DIATREND,balanced_age_undersampling,age,undersampling,False,undersampling,random,TAR_1,C,0.0,0.0,0.1,-0.1,-100.0,100.0
DIATREND,balanced_age_undersampling,age,undersampling,False,undersampling,random,TAR_1,D,2.3,0.24,2.11,0.18999999999999995,9.00473933649289,-9.00473933649289
DIATREND,balanced_age_undersampling,age,undersampling,False,undersampling,random,TAR_1,E,0.0,0.0,0.0,0.0,,
DIATREND,balanced_age_undersampling,age,undersampling,False,undersampling,random,TAR_1,A + B,97.7,0.24,97.79,-0.09000000000000341,-0.09203395030167032,-0.09203395030167032
DIATREND,balanced_age_undersampling,age,undersampling,False,undersampling,random,TAR_1,RMSE,42.9,1.6,42.08,0.8200000000000003,1.9486692015209133,-1.9486692015209133
DIATREND,balanced_age_undersampling,age,undersampling,False,undersampling,random,TAR_1,MSE,1842.85,138.53,1771.85,71.0,4.007111211445665,-4.007111211445665
DIATREND,balanced_age_undersampling,age,undersampling,False,undersampling,random,TAR_1,MAE,34.02,1.22,32.9,1.1200000000000045,3.40425531914895,-3.40425531914895
DIATREND,balanced_age_undersampling,age,undersampling,False,undersampling,random,TAR_1,MAPE,0.16,0.01,0.15,0.010000000000000009,6.666666666666673,-6.666666666666673
DIATREND,balanced_age_undersampling,age,undersampling,False,undersampling,random,TAR_2,A,46.19,2.23,56.98,-10.79,-18.936468936468938,-18.936468936468938
DIATREND,balanced_age_undersampling,age,undersampling,False,undersampling,random,TAR_2,B,43.94,2.93,34.13,9.809999999999995,28.743041312628172,
DIATREND,balanced_age_undersampling,age,undersampling,False,undersampling,random,TAR_2,C,0.0,0.0,0.0,0.0,,
DIATREND,balanced_age_undersampling,age,undersampling,False,undersampling,random,TAR_2,D,9.86,1.35,8.89,0.9699999999999989,10.911136107986488,-10.911136107986488
DIATREND,balanced_age_undersampling,age,undersampling,False,undersampling,random,TAR_2,E,0.0,0.0,0.0,0.0,,
DIATREND,balanced_age_undersampling,age,undersampling,False,undersampling,random,TAR_2,A + B,90.13,1.35,91.11,-0.980000000000004,-1.0756228734496807,-1.0756228734496807
DIATREND,balanced_age_undersampling,age,undersampling,False,undersampling,random,TAR_2,RMSE,80.44,4.79,72.34,8.099999999999994,11.19712468896875,-11.19712468896875
DIATREND,balanced_age_undersampling,age,undersampling,False,undersampling,random,TAR_2,MSE,6488.55,795.07,5246.21,1242.3400000000001,23.680714268014434,-23.680714268014434
DIATREND,balanced_age_undersampling,age,undersampling,False,undersampling,random,TAR_2,MAE,69.24,4.03,60.55,8.689999999999998,14.351775392237817,-14.351775392237817
DIATREND,balanced_age_undersampling,age,undersampling,False,undersampling,random,TAR_2,MAPE,0.22,0.01,0.2,0.01999999999999999,9.999999999999995,-9.999999999999995
DIATREND,balanced_age_undersampling,age,undersampling,False,undersampling,random,ENTIRE,A,62.1,2.93,64.65,-2.5500000000000043,-3.9443155452436254,-3.9443155452436254
DIATREND,balanced_age_undersampling,age,undersampling,False,undersampling,random,ENTIRE,B,33.29,2.06,30.95,2.34,7.560581583198707,
DIATREND,balanced_age_undersampling,age,undersampling,False,undersampling,random,ENTIRE,C,0.33,0.16,0.36,-0.02999999999999997,-8.333333333333325,8.333333333333325
DIATREND,balanced_age_undersampling,age,undersampling,False,undersampling,random,ENTIRE,D,4.21,0.87,3.98,0.22999999999999998,5.7788944723618085,-5.7788944723618085
DIATREND,balanced_age_undersampling,age,undersampling,False,undersampling,random,ENTIRE,E,0.06,0.04,0.05,0.009999999999999995,19.99999999999999,-19.99999999999999
DIATREND,balanced_age_undersampling,age,undersampling,False,undersampling,random,ENTIRE,A + B,95.4,0.92,95.6,-0.19999999999998863,-0.2092050209204902,-0.2092050209204902
DIATREND,balanced_age_undersampling,age,undersampling,False,undersampling,random,ENTIRE,RMSE,47.76,2.86,45.05,2.710000000000001,6.015538290788015,-6.015538290788015
DIATREND,balanced_age_undersampling,age,undersampling,False,undersampling,random,ENTIRE,MSE,2287.49,279.11,2033.93,253.55999999999972,12.46650573028569,-12.46650573028569
DIATREND,balanced_age_undersampling,age,undersampling,False,undersampling,random,ENTIRE,MAE,35.27,2.06,33.25,2.020000000000003,6.075187969924822,-6.075187969924822
DIATREND,balanced_age_undersampling,age,undersampling,False,undersampling,random,ENTIRE,MAPE,0.2,0.01,0.2,0.0,0.0,-0.0
DIATREND,balanced_age_undersampling_oversampling,age,undersampling_oversampling,False,same_size,random,TBR_2,A,0.0,0.0,0.0,0.0,,
DIATREND,balanced_age_undersampling_oversampling,age,undersampling_oversampling,False,same_size,random,TBR_2,B,0.0,0.0,0.0,0.0,,
DIATREND,balanced_age_undersampling_oversampling,age,undersampling_oversampling,False,same_size,random,TBR_2,C,0.0,0.0,0.0,0.0,,
DIATREND,balanced_age_undersampling_oversampling,age,undersampling_oversampling,False,same_size,random,TBR_2,D,97.16,1.78,96.53,0.6299999999999955,0.6526468455402419,-0.6526468455402419
DIATREND,balanced_age_undersampling_oversampling,age,undersampling_oversampling,False,same_size,random,TBR_2,E,2.84,1.78,3.47,-0.6300000000000003,-18.155619596541793,18.155619596541793
DIATREND,balanced_age_undersampling_oversampling,age,undersampling_oversampling,False,same_size,random,TBR_2,A + B,0.0,0.0,0.0,0.0,,
DIATREND,balanced_age_undersampling_oversampling,age,undersampling_oversampling,False,same_size,random,TBR_2,RMSE,74.11,6.32,75.28,-1.1700000000000017,-1.5541976620616387,1.5541976620616387
DIATREND,balanced_age_undersampling_oversampling,age,undersampling_oversampling,False,same_size,random,TBR_2,MSE,5524.15,940.92,5710.57,-186.42000000000007,-3.264472723388385,3.264472723388385
DIATREND,balanced_age_undersampling_oversampling,age,undersampling_oversampling,False,same_size,random,TBR_2,MAE,70.64,5.6,71.22,-0.5799999999999983,-0.8143779837124379,0.8143779837124379
DIATREND,balanced_age_undersampling_oversampling,age,undersampling_oversampling,False,same_size,random,TBR_2,MAPE,1.56,0.11,1.57,-0.010000000000000009,-0.6369426751592362,0.6369426751592362
DIATREND,balanced_age_undersampling_oversampling,age,undersampling_oversampling,False,same_size,random,TBR_1,A,0.0,0.0,0.01,-0.01,-100.0,-100.0
DIATREND,balanced_age_undersampling_oversampling,age,undersampling_oversampling,False,same_size,random,TBR_1,B,0.0,0.0,0.0,0.0,,
DIATREND,balanced_age_undersampling_oversampling,age,undersampling_oversampling,False,same_size,random,TBR_1,C,0.0,0.0,0.0,0.0,,
DIATREND,balanced_age_undersampling_oversampling,age,undersampling_oversampling,False,same_size,random,TBR_1,D,97.58,1.11,97.11,0.46999999999999886,0.48398723097518165,-0.48398723097518165
DIATREND,balanced_age_undersampling_oversampling,age,undersampling_oversampling,False,same_size,random,TBR_1,E,2.42,1.11,2.88,-0.45999999999999996,-15.972222222222221,15.972222222222221
DIATREND,balanced_age_undersampling_oversampling,age,undersampling_oversampling,False,same_size,random,TBR_1,A + B,0.0,0.0,0.01,-0.01,-100.0,-100.0
DIATREND,balanced_age_undersampling_oversampling,age,undersampling_oversampling,False,same_size,random,TBR_1,RMSE,58.54,3.5,59.82,-1.2800000000000011,-2.1397525911066553,2.1397525911066553
DIATREND,balanced_age_undersampling_oversampling,age,undersampling_oversampling,False,same_size,random,TBR_1,MSE,3436.82,414.4,3591.41,-154.5899999999997,-4.304437532890973,4.304437532890973
DIATREND,balanced_age_undersampling_oversampling,age,undersampling_oversampling,False,same_size,random,TBR_1,MAE,54.42,2.45,55.15,-0.7299999999999969,-1.3236627379873018,1.3236627379873018
DIATREND,balanced_age_undersampling_oversampling,age,undersampling_oversampling,False,same_size,random,TBR_1,MAPE,0.87,0.04,0.88,-0.010000000000000009,-1.1363636363636374,1.1363636363636374
DIATREND,balanced_age_undersampling_oversampling,age,undersampling_oversampling,False,same_size,random,TIR,A,67.65,2.33,66.2,1.4500000000000028,2.1903323262839924,2.1903323262839924
DIATREND,balanced_age_undersampling_oversampling,age,undersampling_oversampling,False,same_size,random,TIR,B,31.8,2.27,33.14,-1.3399999999999999,-4.04345202172601,
DIATREND,balanced_age_undersampling_oversampling,age,undersampling_oversampling,False,same_size,random,TIR,C,0.55,0.2,0.66,-0.10999999999999999,-16.666666666666664,16.666666666666664
DIATREND,balanced_age_undersampling_oversampling,age,undersampling_oversampling,False,same_size,random,TIR,D,0.0,0.0,0.0,0.0,,
DIATREND,balanced_age_undersampling_oversampling,age,undersampling_oversampling,False,same_size,random,TIR,E,0.0,0.0,0.0,0.0,,
DIATREND,balanced_age_undersampling_oversampling,age,undersampling_oversampling,False,same_size,random,TIR,A + B,99.45,0.2,99.34,0.10999999999999943,0.11073082343466825,0.11073082343466825
DIATREND,balanced_age_undersampling_oversampling,age,undersampling_oversampling,False,same_size,random,TIR,RMSE,29.6,1.21,30.72,-1.1199999999999974,-3.645833333333325,3.645833333333325
DIATREND,balanced_age_undersampling_oversampling,age,undersampling_oversampling,False,same_size,random,TIR,MSE,877.11,70.76,944.97,-67.86000000000001,-7.181180354931904,7.181180354931904
DIATREND,balanced_age_undersampling_oversampling,age,undersampling_oversampling,False,same_size,random,TIR,MAE,21.91,0.76,22.67,-0.7600000000000016,-3.3524481693868617,3.3524481693868617
DIATREND,balanced_age_undersampling_oversampling,age,undersampling_oversampling,False,same_size,random,TIR,MAPE,0.18,0.01,0.19,-0.010000000000000009,-5.263157894736847,5.263157894736847
DIATREND,balanced_age_undersampling_oversampling,age,undersampling_oversampling,False,same_size,random,TAR_1,A,67.65,1.54,70.98,-3.3299999999999983,-4.691462383770073,-4.691462383770073
DIATREND,balanced_age_undersampling_oversampling,age,undersampling_oversampling,False,same_size,random,TAR_1,B,29.78,1.41,26.82,2.960000000000001,11.036539895600301,
DIATREND,balanced_age_undersampling_oversampling,age,undersampling_oversampling,False,same_size,random,TAR_1,C,0.15,0.1,0.1,0.04999999999999999,49.999999999999986,-49.999999999999986
DIATREND,balanced_age_undersampling_oversampling,age,undersampling_oversampling,False,same_size,random,TAR_1,D,2.43,0.17,2.11,0.3200000000000003,15.1658767772512,-15.1658767772512
DIATREND,balanced_age_undersampling_oversampling,age,undersampling_oversampling,False,same_size,random,TAR_1,E,0.0,0.0,0.0,0.0,,
DIATREND,balanced_age_undersampling_oversampling,age,undersampling_oversampling,False,same_size,random,TAR_1,A + B,97.43,0.19,97.79,-0.35999999999999943,-0.3681358012066668,-0.3681358012066668
DIATREND,balanced_age_undersampling_oversampling,age,undersampling_oversampling,False,same_size,random,TAR_1,RMSE,44.32,0.93,42.08,2.240000000000002,5.323193916349815,-5.323193916349815
DIATREND,balanced_age_undersampling_oversampling,age,undersampling_oversampling,False,same_size,random,TAR_1,MSE,1964.76,83.44,1771.85,192.91000000000008,10.887490476056104,-10.887490476056104
DIATREND,balanced_age_undersampling_oversampling,age,undersampling_oversampling,False,same_size,random,TAR_1,MAE,35.38,0.79,32.9,2.480000000000004,7.5379939209726565,-7.5379939209726565
DIATREND,balanced_age_undersampling_oversampling,age,undersampling_oversampling,False,same_size,random,TAR_1,MAPE,0.17,0.0,0.15,0.020000000000000018,13.333333333333346,-13.333333333333346
DIATREND,balanced_age_undersampling_oversampling,age,undersampling_oversampling,False,same_size,random,TAR_2,A,54.49,1.81,56.98,-2.489999999999995,-4.369954369954361,-4.369954369954361
DIATREND,balanced_age_undersampling_oversampling,age,undersampling_oversampling,False,same_size,random,TAR_2,B,35.23,1.59,34.13,1.0999999999999943,3.2229709932610437,
DIATREND,balanced_age_undersampling_oversampling,age,undersampling_oversampling,False,same_size,random,TAR_2,C,0.0,0.0,0.0,0.0,,
DIATREND,balanced_age_undersampling_oversampling,age,undersampling_oversampling,False,same_size,random,TAR_2,D,10.28,1.11,8.89,1.3899999999999988,15.635545556805386,-15.635545556805386
DIATREND,balanced_age_undersampling_oversampling,age,undersampling_oversampling,False,same_size,random,TAR_2,E,0.0,0.0,0.0,0.0,,
DIATREND,balanced_age_undersampling_oversampling,age,undersampling_oversampling,False,same_size,random,TAR_2,A + B,89.72,1.11,91.11,-1.3900000000000006,-1.52562836132148,-1.52562836132148
DIATREND,balanced_age_undersampling_oversampling,age,undersampling_oversampling,False,same_size,random,TAR_2,RMSE,74.71,2.89,72.34,2.3699999999999903,3.2761957423278822,-3.2761957423278822
DIATREND,balanced_age_undersampling_oversampling,age,undersampling_oversampling,False,same_size,random,TAR_2,MSE,5588.96,439.66,5246.21,342.75,6.533287840174144,-6.533287840174144
DIATREND,balanced_age_undersampling_oversampling,age,undersampling_oversampling,False,same_size,random,TAR_2,MAE,62.99,2.32,60.55,2.440000000000005,4.029727497935599,-4.029727497935599
DIATREND,balanced_age_undersampling_oversampling,age,undersampling_oversampling,False,same_size,random,TAR_2,MAPE,0.21,0.0,0.2,0.009999999999999981,4.99999999999999,-4.99999999999999
DIATREND,balanced_age_undersampling_oversampling,age,undersampling_oversampling,False,same_size,random,ENTIRE,A,64.04,2.25,64.65,-0.6099999999999994,-0.9435421500386688,-0.9435421500386688
DIATREND,balanced_age_undersampling_oversampling,age,undersampling_oversampling,False,same_size,random,ENTIRE,B,31.26,1.45,30.95,0.3100000000000023,1.0016155088853063,
DIATREND,balanced_age_undersampling_oversampling,age,undersampling_oversampling,False,same_size,random,ENTIRE,C,0.32,0.12,0.36,-0.03999999999999998,-11.111111111111107,11.111111111111107
DIATREND,balanced_age_undersampling_oversampling,age,undersampling_oversampling,False,same_size,random,ENTIRE,D,4.34,0.79,3.98,0.3599999999999999,9.045226130653264,-9.045226130653264
DIATREND,balanced_age_undersampling_oversampling,age,undersampling_oversampling,False,same_size,random,ENTIRE,E,0.04,0.02,0.05,-0.010000000000000002,-20.000000000000004,20.000000000000004
DIATREND,balanced_age_undersampling_oversampling,age,undersampling_oversampling,False,same_size,random,ENTIRE,A + B,95.3,0.84,95.6,-0.29999999999999716,-0.3138075313807502,-0.3138075313807502
DIATREND,balanced_age_undersampling_oversampling,age,undersampling_oversampling,False,same_size,random,ENTIRE,RMSE,45.92,2.15,45.05,0.8700000000000045,1.93118756936738,-1.93118756936738
DIATREND,balanced_age_undersampling_oversampling,age,undersampling_oversampling,False,same_size,random,ENTIRE,MSE,2112.49,199.24,2033.93,78.55999999999972,3.8624731431268393,-3.8624731431268393
DIATREND,balanced_age_undersampling_oversampling,age,undersampling_oversampling,False,same_size,random,ENTIRE,MAE,33.99,1.6,33.25,0.740000000000002,2.225563909774442,-2.225563909774442
DIATREND,balanced_age_undersampling_oversampling,age,undersampling_oversampling,False,same_size,random,ENTIRE,MAPE,0.2,0.01,0.2,0.0,0.0,-0.0
DIATREND,balanced_age_undersampling_smote,age,undersampling_smote,False,same_size,random+guided,TBR_2,A,0.0,0.0,0.0,0.0,,
DIATREND,balanced_age_undersampling_smote,age,undersampling_smote,False,same_size,random+guided,TBR_2,B,0.0,0.0,0.0,0.0,,
DIATREND,balanced_age_undersampling_smote,age,undersampling_smote,False,same_size,random+guided,TBR_2,C,0.0,0.0,0.0,0.0,,
DIATREND,balanced_age_undersampling_smote,age,undersampling_smote,False,same_size,random+guided,TBR_2,D,97.1,1.83,96.53,0.5699999999999932,0.5904900031078351,-0.5904900031078351
DIATREND,balanced_age_undersampling_smote,age,undersampling_smote,False,same_size,random+guided,TBR_2,E,2.9,1.83,3.47,-0.5700000000000003,-16.42651296829972,16.42651296829972
DIATREND,balanced_age_undersampling_smote,age,undersampling_smote,False,same_size,random+guided,TBR_2,A + B,0.0,0.0,0.0,0.0,,
DIATREND,balanced_age_undersampling_smote,age,undersampling_smote,False,same_size,random+guided,TBR_2,RMSE,73.88,7.09,75.28,-1.4000000000000057,-1.8597236981934187,1.8597236981934187
DIATREND,balanced_age_undersampling_smote,age,undersampling_smote,False,same_size,random+guided,TBR_2,MSE,5497.88,1030.11,5710.57,-212.6899999999996,-3.724496854079358,3.724496854079358
DIATREND,balanced_age_undersampling_smote,age,undersampling_smote,False,same_size,random+guided,TBR_2,MAE,70.23,6.34,71.22,-0.9899999999999949,-1.3900589721988135,1.3900589721988135
DIATREND,balanced_age_undersampling_smote,age,undersampling_smote,False,same_size,random+guided,TBR_2,MAPE,1.55,0.13,1.57,-0.020000000000000018,-1.2738853503184724,1.2738853503184724
DIATREND,balanced_age_undersampling_smote,age,undersampling_smote,False,same_size,random+guided,TBR_1,A,0.0,0.0,0.01,-0.01,-100.0,-100.0
DIATREND,balanced_age_undersampling_smote,age,undersampling_smote,False,same_size,random+guided,TBR_1,B,0.0,0.0,0.0,0.0,,
DIATREND,balanced_age_undersampling_smote,age,undersampling_smote,False,same_size,random+guided,TBR_1,C,0.0,0.0,0.0,0.0,,
DIATREND,balanced_age_undersampling_smote,age,undersampling_smote,False,same_size,random+guided,TBR_1,D,97.53,1.12,97.11,0.4200000000000017,0.4324992276799523,-0.4324992276799523
DIATREND,balanced_age_undersampling_smote,age,undersampling_smote,False,same_size,random+guided,TBR_1,E,2.47,1.12,2.88,-0.4099999999999997,-14.236111111111102,14.236111111111102
DIATREND,balanced_age_undersampling_smote,age,undersampling_smote,False,same_size,random+guided,TBR_1,A + B,0.0,0.0,0.01,-0.01,-100.0,-100.0
DIATREND,balanced_age_undersampling_smote,age,undersampling_smote,False,same_size,random+guided,TBR_1,RMSE,57.64,4.37,59.82,-2.1799999999999997,-3.6442661317285188,3.6442661317285188
DIATREND,balanced_age_undersampling_smote,age,undersampling_smote,False,same_size,random+guided,TBR_1,MSE,3337.12,496.74,3591.41,-254.28999999999996,-7.080505985114481,7.080505985114481
DIATREND,balanced_age_undersampling_smote,age,undersampling_smote,False,same_size,random+guided,TBR_1,MAE,53.15,3.59,55.15,-2.0,-3.626473254759746,3.626473254759746
DIATREND,balanced_age_undersampling_smote,age,undersampling_smote,False,same_size,random+guided,TBR_1,MAPE,0.85,0.06,0.88,-0.030000000000000027,-3.4090909090909123,3.4090909090909123
DIATREND,balanced_age_undersampling_smote,age,undersampling_smote,False,same_size,random+guided,TIR,A,67.97,1.55,66.2,1.769999999999996,2.673716012084586,2.673716012084586
DIATREND,balanced_age_undersampling_smote,age,undersampling_smote,False,same_size,random+guided,TIR,B,31.45,1.54,33.14,-1.6900000000000013,-5.099577549788779,
DIATREND,balanced_age_undersampling_smote,age,undersampling_smote,False,same_size,random+guided,TIR,C,0.57,0.2,0.66,-0.09000000000000008,-13.636363636363647,13.636363636363647
DIATREND,balanced_age_undersampling_smote,age,undersampling_smote,False,same_size,random+guided,TIR,D,0.0,0.0,0.0,0.0,,
DIATREND,balanced_age_undersampling_smote,age,undersampling_smote,False,same_size,random+guided,TIR,E,0.0,0.0,0.0,0.0,,
DIATREND,balanced_age_undersampling_smote,age,undersampling_smote,False,same_size,random+guided,TIR,A + B,99.43,0.2,99.34,0.09000000000000341,0.09059794644655064,0.09059794644655064
DIATREND,balanced_age_undersampling_smote,age,undersampling_smote,False,same_size,random+guided,TIR,RMSE,29.76,1.06,30.72,-0.9599999999999973,-3.124999999999991,3.124999999999991
DIATREND,balanced_age_undersampling_smote,age,undersampling_smote,False,same_size,random+guided,TIR,MSE,886.45,62.68,944.97,-58.51999999999998,-6.192789189074784,6.192789189074784
DIATREND,balanced_age_undersampling_smote,age,undersampling_smote,False,same_size,random+guided,TIR,MAE,21.93,0.52,22.67,-0.740000000000002,-3.264225849139841,3.264225849139841
DIATREND,balanced_age_undersampling_smote,age,undersampling_smote,False,same_size,random+guided,TIR,MAPE,0.18,0.01,0.19,-0.010000000000000009,-5.263157894736847,5.263157894736847
DIATREND,balanced_age_undersampling_smote,age,undersampling_smote,False,same_size,random+guided,TAR_1,A,67.28,1.56,70.98,-3.700000000000003,-5.2127359819667545,-5.2127359819667545
DIATREND,balanced_age_undersampling_smote,age,undersampling_smote,False,same_size,random+guided,TAR_1,B,30.16,1.39,26.82,3.34,12.45339299030574,
DIATREND,balanced_age_undersampling_smote,age,undersampling_smote,False,same_size,random+guided,TAR_1,C,0.14,0.05,0.1,0.04000000000000001,40.00000000000001,-40.00000000000001
DIATREND,balanced_age_undersampling_smote,age,undersampling_smote,False,same_size,random+guided,TAR_1,D,2.43,0.18,2.11,0.3200000000000003,15.1658767772512,-15.1658767772512
DIATREND,balanced_age_undersampling_smote,age,undersampling_smote,False,same_size,random+guided,TAR_1,E,0.0,0.0,0.0,0.0,,
DIATREND,balanced_age_undersampling_smote,age,undersampling_smote,False,same_size,random+guided,TAR_1,A + B,97.44,0.2,97.79,-0.3500000000000085,-0.35790980672871303,-0.35790980672871303
DIATREND,balanced_age_undersampling_smote,age,undersampling_smote,False,same_size,random+guided,TAR_1,RMSE,44.63,1.13,42.08,2.5500000000000043,6.059885931558946,-6.059885931558946
DIATREND,balanced_age_undersampling_smote,age,undersampling_smote,False,same_size,random+guided,TAR_1,MSE,1992.89,100.85,1771.85,221.0400000000002,12.475096650393667,-12.475096650393667
DIATREND,balanced_age_undersampling_smote,age,undersampling_smote,False,same_size,random+guided,TAR_1,MAE,35.54,0.92,32.9,2.6400000000000006,8.024316109422495,-8.024316109422495
DIATREND,balanced_age_undersampling_smote,age,undersampling_smote,False,same_size,random+guided,TAR_1,MAPE,0.17,0.0,0.15,0.020000000000000018,13.333333333333346,-13.333333333333346
DIATREND,balanced_age_undersampling_smote,age,undersampling_smote,False,same_size,random+guided,TAR_2,A,55.13,1.51,56.98,-1.8499999999999943,-3.2467532467532365,-3.2467532467532365
DIATREND,balanced_age_undersampling_smote,age,undersampling_smote,False,same_size,random+guided,TAR_2,B,34.61,1.53,34.13,0.4799999999999969,1.4063873425139082,
DIATREND,balanced_age_undersampling_smote,age,undersampling_smote,False,same_size,random+guided,TAR_2,C,0.0,0.0,0.0,0.0,,
DIATREND,balanced_age_undersampling_smote,age,undersampling_smote,False,same_size,random+guided,TAR_2,D,10.26,1.46,8.89,1.3699999999999992,15.410573678290204,-15.410573678290204
DIATREND,balanced_age_undersampling_smote,age,undersampling_smote,False,same_size,random+guided,TAR_2,E,0.0,0.0,0.0,0.0,,
DIATREND,balanced_age_undersampling_smote,age,undersampling_smote,False,same_size,random+guided,TAR_2,A + B,89.74,1.46,91.11,-1.3700000000000045,-1.5036768741082258,-1.5036768741082258
DIATREND,balanced_age_undersampling_smote,age,undersampling_smote,False,same_size,random+guided,TAR_2,RMSE,74.4,3.57,72.34,2.0600000000000023,2.8476638097871194,-2.8476638097871194
DIATREND,balanced_age_undersampling_smote,age,undersampling_smote,False,same_size,random+guided,TAR_2,MSE,5544.88,546.87,5246.21,298.6700000000001,5.693062229685813,-5.693062229685813
DIATREND,balanced_age_undersampling_smote,age,undersampling_smote,False,same_size,random+guided,TAR_2,MAE,62.53,3.04,60.55,1.980000000000004,3.2700247729149527,-3.2700247729149527
DIATREND,balanced_age_undersampling_smote,age,undersampling_smote,False,same_size,random+guided,TAR_2,MAPE,0.2,0.01,0.2,0.0,0.0,-0.0
DIATREND,balanced_age_undersampling_smote,age,undersampling_smote,False,same_size,random+guided,ENTIRE,A,64.18,1.89,64.65,-0.46999999999999886,-0.7269914926527437,-0.7269914926527437
DIATREND,balanced_age_undersampling_smote,age,undersampling_smote,False,same_size,random+guided,ENTIRE,B,31.11,1.12,30.95,0.16000000000000014,0.5169628432956386,
DIATREND,balanced_age_undersampling_smote,age,undersampling_smote,False,same_size,random+guided,ENTIRE,C,0.33,0.11,0.36,-0.02999999999999997,-8.333333333333325,8.333333333333325
DIATREND,balanced_age_undersampling_smote,age,undersampling_smote,False,same_size,random+guided,ENTIRE,D,4.33,0.76,3.98,0.3500000000000001,8.793969849246233,-8.793969849246233
DIATREND,balanced_age_undersampling_smote,age,undersampling_smote,False,same_size,random+guided,ENTIRE,E,0.04,0.02,0.05,-0.010000000000000002,-20.000000000000004,20.000000000000004
DIATREND,balanced_age_undersampling_smote,age,undersampling_smote,False,same_size,random+guided,ENTIRE,A + B,95.3,0.81,95.6,-0.29999999999999716,-0.3138075313807502,-0.3138075313807502
DIATREND,balanced_age_undersampling_smote,age,undersampling_smote,False,same_size,random+guided,ENTIRE,RMSE,45.97,2.17,45.05,0.9200000000000017,2.042175360710326,-2.042175360710326
DIATREND,balanced_age_undersampling_smote,age,undersampling_smote,False,same_size,random+guided,ENTIRE,MSE,2116.83,201.32,2033.93,82.89999999999986,4.075853151288386,-4.075853151288386
DIATREND,balanced_age_undersampling_smote,age,undersampling_smote,False,same_size,random+guided,ENTIRE,MAE,33.96,1.48,33.25,0.7100000000000009,2.135338345864664,-2.135338345864664
DIATREND,balanced_age_undersampling_smote,age,undersampling_smote,False,same_size,random+guided,ENTIRE,MAPE,0.2,0.01,0.2,0.0,0.0,-0.0
DIATREND,balanced_sex_jittering,sex,jittering,False,oversampling,guided,TBR_2,A,0.0,0.0,0.0,0.0,,
DIATREND,balanced_sex_jittering,sex,jittering,False,oversampling,guided,TBR_2,B,0.0,0.0,0.0,0.0,,
DIATREND,balanced_sex_jittering,sex,jittering,False,oversampling,guided,TBR_2,C,0.0,0.0,0.0,0.0,,
DIATREND,balanced_sex_jittering,sex,jittering,False,oversampling,guided,TBR_2,D,96.72,1.98,96.53,0.18999999999999773,0.19683000103594503,-0.19683000103594503
DIATREND,balanced_sex_jittering,sex,jittering,False,oversampling,guided,TBR_2,E,3.28,1.98,3.47,-0.1900000000000004,-5.475504322766581,5.475504322766581
DIATREND,balanced_sex_jittering,sex,jittering,False,oversampling,guided,TBR_2,A + B,0.0,0.0,0.0,0.0,,
DIATREND,balanced_sex_jittering,sex,jittering,False,oversampling,guided,TBR_2,RMSE,75.15,7.34,75.28,-0.12999999999999545,-0.17268862911795357,0.17268862911795357
DIATREND,balanced_sex_jittering,sex,jittering,False,oversampling,guided,TBR_2,MSE,5690.96,1112.82,5710.57,-19.609999999999673,-0.34339829474114975,0.34339829474114975
DIATREND,balanced_sex_jittering,sex,jittering,False,oversampling,guided,TBR_2,MAE,71.12,6.44,71.22,-0.09999999999999432,-0.14040999719179206,0.14040999719179206
DIATREND,balanced_sex_jittering,sex,jittering,False,oversampling,guided,TBR_2,MAPE,1.57,0.13,1.57,0.0,0.0,-0.0
DIATREND,balanced_sex_jittering,sex,jittering,False,oversampling,guided,TBR_1,A,0.04,0.06,0.01,0.03,300.0,300.0
DIATREND,balanced_sex_jittering,sex,jittering,False,oversampling,guided,TBR_1,B,0.0,0.0,0.0,0.0,,
DIATREND,balanced_sex_jittering,sex,jittering,False,oversampling,guided,TBR_1,C,0.0,0.0,0.0,0.0,,
DIATREND,balanced_sex_jittering,sex,jittering,False,oversampling,guided,TBR_1,D,97.22,1.24,97.11,0.10999999999999943,0.11327360724951029,-0.11327360724951029
DIATREND,balanced_sex_jittering,sex,jittering,False,oversampling,guided,TBR_1,E,2.74,1.23,2.88,-0.13999999999999968,-4.8611111111111,4.8611111111111
DIATREND,balanced_sex_jittering,sex,jittering,False,oversampling,guided,TBR_1,A + B,0.04,0.06,0.01,0.03,300.0,300.0
DIATREND,balanced_sex_jittering,sex,jittering,False,oversampling,guided,TBR_1,RMSE,59.42,4.26,59.82,-0.3999999999999986,-0.6686726847208267,0.6686726847208267
DIATREND,balanced_sex_jittering,sex,jittering,False,oversampling,guided,TBR_1,MSE,3544.83,507.12,3591.41,-46.57999999999993,-1.296983635953565,1.296983635953565
DIATREND,balanced_sex_jittering,sex,jittering,False,oversampling,guided,TBR_1,MAE,54.74,3.27,55.15,-0.4099999999999966,-0.7434270172257418,0.7434270172257418
DIATREND,balanced_sex_jittering,sex,jittering,False,oversampling,guided,TBR_1,MAPE,0.88,0.05,0.88,0.0,0.0,-0.0
DIATREND,balanced_sex_jittering,sex,jittering,False,oversampling,guided,TIR,A,67.11,2.2,66.2,0.9099999999999966,1.374622356495463,1.374622356495463
DIATREND,balanced_sex_jittering,sex,jittering,False,oversampling,guided,TIR,B,32.25,2.13,33.14,-0.8900000000000006,-2.685576342788173,
DIATREND,balanced_sex_jittering,sex,jittering,False,oversampling,guided,TIR,C,0.64,0.22,0.66,-0.020000000000000018,-3.030303030303033,3.030303030303033
DIATREND,balanced_sex_jittering,sex,jittering,False,oversampling,guided,TIR,D,0.0,0.0,0.0,0.0,,
DIATREND,balanced_sex_jittering,sex,jittering,False,oversampling,guided,TIR,E,0.0,0.0,0.0,0.0,,
DIATREND,balanced_sex_jittering,sex,jittering,False,oversampling,guided,TIR,A + B,99.36,0.23,99.34,0.01999999999999602,0.0201328769881176,0.0201328769881176
DIATREND,balanced_sex_jittering,sex,jittering,False,oversampling,guided,TIR,RMSE,30.22,1.16,30.72,-0.5,-1.6276041666666667,1.6276041666666667
DIATREND,balanced_sex_jittering,sex,jittering,False,oversampling,guided,TIR,MSE,914.55,69.71,944.97,-30.420000000000073,-3.2191498142798256,3.2191498142798256
DIATREND,balanced_sex_jittering,sex,jittering,False,oversampling,guided,TIR,MAE,22.23,0.72,22.67,-0.4400000000000013,-1.9408910454345003,1.9408910454345003
DIATREND,balanced_sex_jittering,sex,jittering,False,oversampling,guided,TIR,MAPE,0.19,0.01,0.19,0.0,0.0,-0.0
DIATREND,balanced_sex_jittering,sex,jittering,False,oversampling,guided,TAR_1,A,70.21,2.01,70.98,-0.7700000000000102,-1.0848126232741762,-1.0848126232741762
DIATREND,balanced_sex_jittering,sex,jittering,False,oversampling,guided,TAR_1,B,27.47,1.81,26.82,0.6499999999999986,2.4235645041014116,
DIATREND,balanced_sex_jittering,sex,jittering,False,oversampling,guided,TAR_1,C,0.13,0.09,0.1,0.03,30.0,-30.0
DIATREND,balanced_sex_jittering,sex,jittering,False,oversampling,guided,TAR_1,D,2.2,0.2,2.11,0.0900000000000003,4.265402843601911,-4.265402843601911
DIATREND,balanced_sex_jittering,sex,jittering,False,oversampling,guided,TAR_1,E,0.0,0.0,0.0,0.0,,
DIATREND,balanced_sex_jittering,sex,jittering,False,oversampling,guided,TAR_1,A + B,97.68,0.24,97.79,-0.10999999999999943,-0.1124859392575922,-0.1124859392575922
DIATREND,balanced_sex_jittering,sex,jittering,False,oversampling,guided,TAR_1,RMSE,42.75,1.47,42.08,0.6700000000000017,1.5922053231939206,-1.5922053231939206
DIATREND,balanced_sex_jittering,sex,jittering,False,oversampling,guided,TAR_1,MSE,1829.12,125.41,1771.85,57.26999999999998,3.2322149166125795,-3.2322149166125795
DIATREND,balanced_sex_jittering,sex,jittering,False,oversampling,guided,TAR_1,MAE,33.59,1.14,32.9,0.6900000000000048,2.0972644376899843,-2.0972644376899843
DIATREND,balanced_sex_jittering,sex,jittering,False,oversampling,guided,TAR_1,MAPE,0.16,0.01,0.15,0.010000000000000009,6.666666666666673,-6.666666666666673
DIATREND,balanced_sex_jittering,sex,jittering,False,oversampling,guided,TAR_2,A,56.54,0.83,56.98,-0.4399999999999977,-0.7722007722007682,-0.7722007722007682
DIATREND,balanced_sex_jittering,sex,jittering,False,oversampling,guided,TAR_2,B,34.04,1.51,34.13,-0.09000000000000341,-0.2636976267213695,
DIATREND,balanced_sex_jittering,sex,jittering,False,oversampling,guided,TAR_2,C,0.0,0.0,0.0,0.0,,
DIATREND,balanced_sex_jittering,sex,jittering,False,oversampling,guided,TAR_2,D,9.43,1.46,8.89,0.5399999999999991,6.0742407199100015,-6.0742407199100015
DIATREND,balanced_sex_jittering,sex,jittering,False,oversampling,guided,TAR_2,E,0.0,0.0,0.0,0.0,,
DIATREND,balanced_sex_jittering,sex,jittering,False,oversampling,guided,TAR_2,A + B,90.57,1.46,91.11,-0.5400000000000063,-0.5926901547579917,-0.5926901547579917
DIATREND,balanced_sex_jittering,sex,jittering,False,oversampling,guided,TAR_2,RMSE,73.41,2.73,72.34,1.0699999999999932,1.4791263478020364,-1.4791263478020364
DIATREND,balanced_sex_jittering,sex,jittering,False,oversampling,guided,TAR_2,MSE,5394.59,409.7,5246.21,148.3800000000001,2.8283274973742967,-2.8283274973742967
DIATREND,balanced_sex_jittering,sex,jittering,False,oversampling,guided,TAR_2,MAE,61.77,2.1,60.55,1.220000000000006,2.014863748967805,-2.014863748967805
DIATREND,balanced_sex_jittering,sex,jittering,False,oversampling,guided,TAR_2,MAPE,0.2,0.0,0.2,0.0,0.0,-0.0
DIATREND,balanced_sex_jittering,sex,jittering,False,oversampling,guided,ENTIRE,A,64.86,2.2,64.65,0.20999999999999375,0.3248259860788766,0.3248259860788766
DIATREND,balanced_sex_jittering,sex,jittering,False,oversampling,guided,ENTIRE,B,30.63,1.39,30.95,-0.3200000000000003,-1.0339256865912771,
DIATREND,balanced_sex_jittering,sex,jittering,False,oversampling,guided,ENTIRE,C,0.36,0.13,0.36,0.0,0.0,-0.0
DIATREND,balanced_sex_jittering,sex,jittering,False,oversampling,guided,ENTIRE,D,4.11,0.79,3.98,0.13000000000000034,3.266331658291466,-3.266331658291466
DIATREND,balanced_sex_jittering,sex,jittering,False,oversampling,guided,ENTIRE,E,0.05,0.02,0.05,0.0,0.0,-0.0
DIATREND,balanced_sex_jittering,sex,jittering,False,oversampling,guided,ENTIRE,A + B,95.48,0.87,95.6,-0.11999999999999034,-0.12552301255229115,-0.12552301255229115
DIATREND,balanced_sex_jittering,sex,jittering,False,oversampling,guided,ENTIRE,RMSE,45.33,2.17,45.05,0.28000000000000114,0.6215316315205354,-0.6215316315205354
DIATREND,balanced_sex_jittering,sex,jittering,False,oversampling,guided,ENTIRE,MSE,2058.34,198.49,2033.93,24.410000000000082,1.2001396311574184,-1.2001396311574184
DIATREND,balanced_sex_jittering,sex,jittering,False,oversampling,guided,ENTIRE,MAE,33.42,1.64,33.25,0.1700000000000017,0.5112781954887269,-0.5112781954887269
DIATREND,balanced_sex_jittering,sex,jittering,False,oversampling,guided,ENTIRE,MAPE,0.2,0.01,0.2,0.0,0.0,-0.0
DIATREND,balanced_sex_oversampling,sex,oversampling,False,oversampling,random,TBR_2,A,0.18,0.4,0.0,0.18,,
DIATREND,balanced_sex_oversampling,sex,oversampling,False,oversampling,random,TBR_2,B,0.0,0.0,0.0,0.0,,
DIATREND,balanced_sex_oversampling,sex,oversampling,False,oversampling,random,TBR_2,C,0.0,0.0,0.0,0.0,,
DIATREND,balanced_sex_oversampling,sex,oversampling,False,oversampling,random,TBR_2,D,96.93,1.53,96.53,0.4000000000000057,0.41437894954936877,-0.41437894954936877
DIATREND,balanced_sex_oversampling,sex,oversampling,False,oversampling,random,TBR_2,E,2.9,1.61,3.47,-0.5700000000000003,-16.42651296829972,16.42651296829972
DIATREND,balanced_sex_oversampling,sex,oversampling,False,oversampling,random,TBR_2,A + B,0.18,0.4,0.0,0.18,,
DIATREND,balanced_sex_oversampling,sex,oversampling,False,oversampling,random,TBR_2,RMSE,74.38,6.62,75.28,-0.9000000000000057,-1.1955366631243434,1.1955366631243434
DIATREND,balanced_sex_oversampling,sex,oversampling,False,oversampling,random,TBR_2,MSE,5567.0,994.98,5710.57,-143.5699999999997,-2.5141097998973785,2.5141097998973785
DIATREND,balanced_sex_oversampling,sex,oversampling,False,oversampling,random,TBR_2,MAE,69.82,6.29,71.22,-1.4000000000000057,-1.9657399606852088,1.9657399606852088
DIATREND,balanced_sex_oversampling,sex,oversampling,False,oversampling,random,TBR_2,MAPE,1.54,0.13,1.57,-0.030000000000000027,-1.9108280254777086,1.9108280254777086
DIATREND,balanced_sex_oversampling,sex,oversampling,False,oversampling,random,TBR_1,A,0.28,0.24,0.01,0.27,2700.0,2700.0
DIATREND,balanced_sex_oversampling,sex,oversampling,False,oversampling,random,TBR_1,B,0.0,0.0,0.0,0.0,,
DIATREND,balanced_sex_oversampling,sex,oversampling,False,oversampling,random,TBR_1,C,0.0,0.0,0.0,0.0,,
DIATREND,balanced_sex_oversampling,sex,oversampling,False,oversampling,random,TBR_1,D,97.16,0.94,97.11,0.04999999999999716,0.05148800329522928,-0.05148800329522928
DIATREND,balanced_sex_oversampling,sex,oversampling,False,oversampling,random,TBR_1,E,2.56,1.12,2.88,-0.31999999999999984,-11.111111111111107,11.111111111111107
DIATREND,balanced_sex_oversampling,sex,oversampling,False,oversampling,random,TBR_1,A + B,0.28,0.24,0.01,0.27,2700.0,2700.0
DIATREND,balanced_sex_oversampling,sex,oversampling,False,oversampling,random,TBR_1,RMSE,59.45,3.27,59.82,-0.36999999999999744,-0.6185222333667627,0.6185222333667627
DIATREND,balanced_sex_oversampling,sex,oversampling,False,oversampling,random,TBR_1,MSE,3543.29,390.37,3591.41,-48.11999999999989,-1.3398637304011485,1.3398637304011485
DIATREND,balanced_sex_oversampling,sex,oversampling,False,oversampling,random,TBR_1,MAE,54.62,2.35,55.15,-0.5300000000000011,-0.9610154125113348,0.9610154125113348
DIATREND,balanced_sex_oversampling,sex,oversampling,False,oversampling,random,TBR_1,MAPE,0.87,0.04,0.88,-0.010000000000000009,-1.1363636363636374,1.1363636363636374
DIATREND,balanced_sex_oversampling,sex,oversampling,False,oversampling,random,TIR,A,67.05,2.13,66.2,0.8499999999999943,1.2839879154078464,1.2839879154078464
DIATREND,balanced_sex_oversampling,sex,oversampling,False,oversampling,random,TIR,B,32.34,2.1,33.14,-0.7999999999999972,-2.4140012070005947,
DIATREND,balanced_sex_oversampling,sex,oversampling,False,oversampling,random,TIR,C,0.61,0.2,0.66,-0.050000000000000044,-7.5757575757575815,7.5757575757575815
DIATREND,balanced_sex_oversampling,sex,oversampling,False,oversampling,random,TIR,D,0.0,0.0,0.0,0.0,,
DIATREND,balanced_sex_oversampling,sex,oversampling,False,oversampling,random,TIR,E,0.0,0.0,0.0,0.0,,
DIATREND,balanced_sex_oversampling,sex,oversampling,False,oversampling,random,TIR,A + B,99.39,0.2,99.34,0.04999999999999716,0.05033219247030115,0.05033219247030115
DIATREND,balanced_sex_oversampling,sex,oversampling,False,oversampling,random,TIR,RMSE,30.28,1.01,30.72,-0.4399999999999977,-1.4322916666666594,1.4322916666666594
DIATREND,balanced_sex_oversampling,sex,oversampling,False,oversampling,random,TIR,MSE,917.66,60.56,944.97,-27.31000000000006,-2.8900388372117694,2.8900388372117694
DIATREND,balanced_sex_oversampling,sex,oversampling,False,oversampling,random,TIR,MAE,22.32,0.64,22.67,-0.3500000000000014,-1.5438906043229,1.5438906043229
DIATREND,balanced_sex_oversampling,sex,oversampling,False,oversampling,random,TIR,MAPE,0.19,0.01,0.19,0.0,0.0,-0.0
DIATREND,balanced_sex_oversampling,sex,oversampling,False,oversampling,random,TAR_1,A,70.09,1.6,70.98,-0.8900000000000006,-1.2538743307974085,-1.2538743307974085
DIATREND,balanced_sex_oversampling,sex,oversampling,False,oversampling,random,TAR_1,B,27.58,1.46,26.82,0.759999999999998,2.83370618941088,
DIATREND,balanced_sex_oversampling,sex,oversampling,False,oversampling,random,TAR_1,C,0.14,0.08,0.1,0.04000000000000001,40.00000000000001,-40.00000000000001
DIATREND,balanced_sex_oversampling,sex,oversampling,False,oversampling,random,TAR_1,D,2.18,0.16,2.11,0.07000000000000028,3.31753554502371,-3.31753554502371
DIATREND,balanced_sex_oversampling,sex,oversampling,False,oversampling,random,TAR_1,E,0.0,0.0,0.0,0.0,,
DIATREND,balanced_sex_oversampling,sex,oversampling,False,oversampling,random,TAR_1,A + B,97.68,0.17,97.79,-0.10999999999999943,-0.1124859392575922,-0.1124859392575922
DIATREND,balanced_sex_oversampling,sex,oversampling,False,oversampling,random,TAR_1,RMSE,42.64,1.21,42.08,0.5600000000000023,1.3307984790874579,-1.3307984790874579
DIATREND,balanced_sex_oversampling,sex,oversampling,False,oversampling,random,TAR_1,MSE,1819.77,102.67,1771.85,47.92000000000007,2.704517876795444,-2.704517876795444
DIATREND,balanced_sex_oversampling,sex,oversampling,False,oversampling,random,TAR_1,MAE,33.53,0.93,32.9,0.6300000000000026,1.9148936170212845,-1.9148936170212845
DIATREND,balanced_sex_oversampling,sex,oversampling,False,oversampling,random,TAR_1,MAPE,0.16,0.0,0.15,0.010000000000000009,6.666666666666673,-6.666666666666673
DIATREND,balanced_sex_oversampling,sex,oversampling,False,oversampling,random,TAR_2,A,57.95,1.43,56.98,0.970000000000006,1.7023517023517127,1.7023517023517127
DIATREND,balanced_sex_oversampling,sex,oversampling,False,oversampling,random,TAR_2,B,32.8,1.42,34.13,-1.3300000000000054,-3.896864928215662,
DIATREND,balanced_sex_oversampling,sex,oversampling,False,oversampling,random,TAR_2,C,0.0,0.0,0.0,0.0,,
DIATREND,balanced_sex_oversampling,sex,oversampling,False,oversampling,random,TAR_2,D,9.25,1.42,8.89,0.35999999999999943,4.049493813273334,-4.049493813273334
DIATREND,balanced_sex_oversampling,sex,oversampling,False,oversampling,random,TAR_2,E,0.0,0.0,0.0,0.0,,
DIATREND,balanced_sex_oversampling,sex,oversampling,False,oversampling,random,TAR_2,A + B,90.75,1.42,91.11,-0.35999999999999943,-0.3951267698386559,-0.3951267698386559
DIATREND,balanced_sex_oversampling,sex,oversampling,False,oversampling,random,TAR_2,RMSE,72.27,2.89,72.34,-0.07000000000000739,-0.09676527508986368,0.09676527508986368
DIATREND,balanced_sex_oversampling,sex,oversampling,False,oversampling,random,TAR_2,MSE,5229.62,425.95,5246.21,-16.590000000000146,-0.3162282867060248,0.3162282867060248
DIATREND,balanced_sex_oversampling,sex,oversampling,False,oversampling,random,TAR_2,MAE,60.45,2.3,60.55,-0.09999999999999432,-0.1651527663088263,0.1651527663088263
DIATREND,balanced_sex_oversampling,sex,oversampling,False,oversampling,random,TAR_2,MAPE,0.2,0.0,0.2,0.0,0.0,-0.0
DIATREND,balanced_sex_oversampling,sex,oversampling,False,oversampling,random,ENTIRE,A,65.04,2.1,64.65,0.39000000000000057,0.6032482598607897,0.6032482598607897
DIATREND,balanced_sex_oversampling,sex,oversampling,False,oversampling,random,ENTIRE,B,30.49,1.33,30.95,-0.46000000000000085,-1.4862681744749624,
DIATREND,balanced_sex_oversampling,sex,oversampling,False,oversampling,random,ENTIRE,C,0.35,0.12,0.36,-0.010000000000000009,-2.7777777777777803,2.7777777777777803
DIATREND,balanced_sex_oversampling,sex,oversampling,False,oversampling,random,ENTIRE,D,4.07,0.76,3.98,0.0900000000000003,2.2613065326633244,-2.2613065326633244
DIATREND,balanced_sex_oversampling,sex,oversampling,False,oversampling,random,ENTIRE,E,0.04,0.02,0.05,-0.010000000000000002,-20.000000000000004,20.000000000000004
DIATREND,balanced_sex_oversampling,sex,oversampling,False,oversampling,random,ENTIRE,A + B,95.54,0.82,95.6,-0.05999999999998806,-0.06276150627613815,-0.06276150627613815
DIATREND,balanced_sex_oversampling,sex,oversampling,False,oversampling,random,ENTIRE,RMSE,44.99,2.1,45.05,-0.05999999999999517,-0.133185349611532,0.133185349611532
DIATREND,balanced_sex_oversampling,sex,oversampling,False,oversampling,random,ENTIRE,MSE,2027.54,190.02,2033.93,-6.3900000000001,-0.3141701041825481,0.3141701041825481
DIATREND,balanced_sex_oversampling,sex,oversampling,False,oversampling,random,ENTIRE,MAE,33.21,1.57,33.25,-0.03999999999999915,-0.12030075187969669,0.12030075187969669
DIATREND,balanced_sex_oversampling,sex,oversampling,False,oversampling,random,ENTIRE,MAPE,0.19,0.01,0.2,-0.010000000000000009,-5.000000000000004,5.000000000000004
DIATREND,balanced_sex_oversampling_tomek,sex,oversampling_tomek,False,same_size,random+guided,TBR_2,A,0.0,0.0,0.0,0.0,,
DIATREND,balanced_sex_oversampling_tomek,sex,oversampling_tomek,False,same_size,random+guided,TBR_2,B,0.0,0.0,0.0,0.0,,
DIATREND,balanced_sex_oversampling_tomek,sex,oversampling_tomek,False,same_size,random+guided,TBR_2,C,0.0,0.0,0.0,0.0,,
DIATREND,balanced_sex_oversampling_tomek,sex,oversampling_tomek,False,same_size,random+guided,TBR_2,D,96.96,1.49,96.53,0.4299999999999926,0.44545737076555747,-0.44545737076555747
DIATREND,balanced_sex_oversampling_tomek,sex,oversampling_tomek,False,same_size,random+guided,TBR_2,E,3.04,1.49,3.47,-0.43000000000000016,-12.391930835734874,12.391930835734874
DIATREND,balanced_sex_oversampling_tomek,sex,oversampling_tomek,False,same_size,random+guided,TBR_2,A + B,0.0,0.0,0.0,0.0,,
DIATREND,balanced_sex_oversampling_tomek,sex,oversampling_tomek,False,same_size,random+guided,TBR_2,RMSE,75.45,5.41,75.28,0.1700000000000017,0.22582359192348792,-0.22582359192348792
DIATREND,balanced_sex_oversampling_tomek,sex,oversampling_tomek,False,same_size,random+guided,TBR_2,MSE,5716.61,823.05,5710.57,6.039999999999964,0.10576877614668874,-0.10576877614668874
DIATREND,balanced_sex_oversampling_tomek,sex,oversampling_tomek,False,same_size,random+guided,TBR_2,MAE,71.82,4.25,71.22,0.5999999999999943,0.8424599831507923,-0.8424599831507923
DIATREND,balanced_sex_oversampling_tomek,sex,oversampling_tomek,False,same_size,random+guided,TBR_2,MAPE,1.59,0.08,1.57,0.020000000000000018,1.2738853503184724,-1.2738853503184724
DIATREND,balanced_sex_oversampling_tomek,sex,oversampling_tomek,False,same_size,random+guided,TBR_1,A,0.0,0.01,0.01,-0.01,-100.0,-100.0
DIATREND,balanced_sex_oversampling_tomek,sex,oversampling_tomek,False,same_size,random+guided,TBR_1,B,0.0,0.0,0.0,0.0,,
DIATREND,balanced_sex_oversampling_tomek,sex,oversampling_tomek,False,same_size,random+guided,TBR_1,C,0.0,0.0,0.0,0.0,,
DIATREND,balanced_sex_oversampling_tomek,sex,oversampling_tomek,False,same_size,random+guided,TBR_1,D,97.29,1.0,97.11,0.18000000000000682,0.18535681186284297,-0.18535681186284297
DIATREND,balanced_sex_oversampling_tomek,sex,oversampling_tomek,False,same_size,random+guided,TBR_1,E,2.71,0.99,2.88,-0.16999999999999993,-5.902777777777776,5.902777777777776
DIATREND,balanced_sex_oversampling_tomek,sex,oversampling_tomek,False,same_size,random+guided,TBR_1,A + B,0.0,0.01,0.01,-0.01,-100.0,-100.0
DIATREND,balanced_sex_oversampling_tomek,sex,oversampling_tomek,False,same_size,random+guided,TBR_1,RMSE,59.8,2.74,59.82,-0.020000000000003126,-0.03343363423604668,0.03343363423604668
DIATREND,balanced_sex_oversampling_tomek,sex,oversampling_tomek,False,same_size,random+guided,TBR_1,MSE,3582.64,329.7,3591.41,-8.769999999999982,-0.24419378461384197,0.24419378461384197
DIATREND,balanced_sex_oversampling_tomek,sex,oversampling_tomek,False,same_size,random+guided,TBR_1,MAE,55.46,1.72,55.15,0.3100000000000023,0.5621033544877648,-0.5621033544877648
DIATREND,balanced_sex_oversampling_tomek,sex,oversampling_tomek,False,same_size,random+guided,TBR_1,MAPE,0.89,0.02,0.88,0.010000000000000009,1.1363636363636374,-1.1363636363636374
DIATREND,balanced_sex_oversampling_tomek,sex,oversampling_tomek,False,same_size,random+guided,TIR,A,66.23,2.79,66.2,0.030000000000001137,0.04531722054380836,0.04531722054380836
DIATREND,balanced_sex_oversampling_tomek,sex,oversampling_tomek,False,same_size,random+guided,TIR,B,33.12,2.74,33.14,-0.020000000000003126,-0.06035003017502452,
DIATREND,balanced_sex_oversampling_tomek,sex,oversampling_tomek,False,same_size,random+guided,TIR,C,0.65,0.21,0.66,-0.010000000000000009,-1.5151515151515165,1.5151515151515165
DIATREND,balanced_sex_oversampling_tomek,sex,oversampling_tomek,False,same_size,random+guided,TIR,D,0.0,0.0,0.0,0.0,,
DIATREND,balanced_sex_oversampling_tomek,sex,oversampling_tomek,False,same_size,random+guided,TIR,E,0.0,0.0,0.0,0.0,,
DIATREND,balanced_sex_oversampling_tomek,sex,oversampling_tomek,False,same_size,random+guided,TIR,A + B,99.35,0.21,99.34,0.009999999999990905,0.010066438494051646,0.010066438494051646
DIATREND,balanced_sex_oversampling_tomek,sex,oversampling_tomek,False,same_size,random+guided,TIR,RMSE,30.59,1.11,30.72,-0.129999999999999,-0.4231770833333301,0.4231770833333301
DIATREND,balanced_sex_oversampling_tomek,sex,oversampling_tomek,False,same_size,random+guided,TIR,MSE,936.64,67.46,944.97,-8.330000000000041,-0.8815094659089748,0.8815094659089748
DIATREND,balanced_sex_oversampling_tomek,sex,oversampling_tomek,False,same_size,random+guided,TIR,MAE,22.61,0.81,22.67,-0.060000000000002274,-0.2646669607410775,0.2646669607410775
DIATREND,balanced_sex_oversampling_tomek,sex,oversampling_tomek,False,same_size,random+guided,TIR,MAPE,0.19,0.01,0.19,0.0,0.0,-0.0
DIATREND,balanced_sex_oversampling_tomek,sex,oversampling_tomek,False,same_size,random+guided,TAR_1,A,70.37,1.96,70.98,-0.6099999999999994,-0.8593970132431662,-0.8593970132431662
DIATREND,balanced_sex_oversampling_tomek,sex,oversampling_tomek,False,same_size,random+guided,TAR_1,B,27.37,1.76,26.82,0.5500000000000007,2.0507084265473554,
DIATREND,balanced_sex_oversampling_tomek,sex,oversampling_tomek,False,same_size,random+guided,TAR_1,C,0.11,0.06,0.1,0.009999999999999995,9.999999999999995,-9.999999999999995
DIATREND,balanced_sex_oversampling_tomek,sex,oversampling_tomek,False,same_size,random+guided,TAR_1,D,2.15,0.19,2.11,0.040000000000000036,1.8957345971564,-1.8957345971564
DIATREND,balanced_sex_oversampling_tomek,sex,oversampling_tomek,False,same_size,random+guided,TAR_1,E,0.0,0.0,0.0,0.0,,
DIATREND,balanced_sex_oversampling_tomek,sex,oversampling_tomek,False,same_size,random+guided,TAR_1,A + B,97.74,0.2,97.79,-0.05000000000001137,-0.051129972389826535,-0.051129972389826535
DIATREND,balanced_sex_oversampling_tomek,sex,oversampling_tomek,False,same_size,random+guided,TAR_1,RMSE,42.51,1.56,42.08,0.4299999999999997,1.0218631178707218,-1.0218631178707218
DIATREND,balanced_sex_oversampling_tomek,sex,oversampling_tomek,False,same_size,random+guided,TAR_1,MSE,1809.15,132.64,1771.85,37.30000000000018,2.105144340660902,-2.105144340660902
DIATREND,balanced_sex_oversampling_tomek,sex,oversampling_tomek,False,same_size,random+guided,TAR_1,MAE,33.31,1.2,32.9,0.4100000000000037,1.2462006079027468,-1.2462006079027468
DIATREND,balanced_sex_oversampling_tomek,sex,oversampling_tomek,False,same_size,random+guided,TAR_1,MAPE,0.16,0.01,0.15,0.010000000000000009,6.666666666666673,-6.666666666666673
DIATREND,balanced_sex_oversampling_tomek,sex,oversampling_tomek,False,same_size,random+guided,TAR_2,A,57.37,0.75,56.98,0.39000000000000057,0.6844506844506856,0.6844506844506856
DIATREND,balanced_sex_oversampling_tomek,sex,oversampling_tomek,False,same_size,random+guided,TAR_2,B,33.55,1.3,34.13,-0.5800000000000054,-1.6993847055376659,
DIATREND,balanced_sex_oversampling_tomek,sex,oversampling_tomek,False,same_size,random+guided,TAR_2,C,0.0,0.0,0.0,0.0,,
DIATREND,balanced_sex_oversampling_tomek,sex,oversampling_tomek,False,same_size,random+guided,TAR_2,D,9.08,1.54,8.89,0.1899999999999995,2.1372328458942573,-2.1372328458942573
DIATREND,balanced_sex_oversampling_tomek,sex,oversampling_tomek,False,same_size,random+guided,TAR_2,E,0.0,0.0,0.0,0.0,,
DIATREND,balanced_sex_oversampling_tomek,sex,oversampling_tomek,False,same_size,random+guided,TAR_2,A + B,90.92,1.53,91.11,-0.18999999999999773,-0.20853912852595516,-0.20853912852595516
DIATREND,balanced_sex_oversampling_tomek,sex,oversampling_tomek,False,same_size,random+guided,TAR_2,RMSE,72.51,2.7,72.34,0.1700000000000017,0.23500138236107504,-0.23500138236107504
DIATREND,balanced_sex_oversampling_tomek,sex,oversampling_tomek,False,same_size,random+guided,TAR_2,MSE,5264.22,398.98,5246.21,18.01000000000022,0.3432954456645887,-0.3432954456645887
DIATREND,balanced_sex_oversampling_tomek,sex,oversampling_tomek,False,same_size,random+guided,TAR_2,MAE,60.73,1.89,60.55,0.17999999999999972,0.29727497935590375,-0.29727497935590375
DIATREND,balanced_sex_oversampling_tomek,sex,oversampling_tomek,False,same_size,random+guided,TAR_2,MAPE,0.2,0.0,0.2,0.0,0.0,-0.0
DIATREND,balanced_sex_oversampling_tomek,sex,oversampling_tomek,False,same_size,random+guided,ENTIRE,A,64.6,2.3,64.65,-0.05000000000001137,-0.07733952049499052,-0.07733952049499052
DIATREND,balanced_sex_oversampling_tomek,sex,oversampling_tomek,False,same_size,random+guided,ENTIRE,B,30.96,1.55,30.95,0.010000000000001563,0.032310177705982435,
DIATREND,balanced_sex_oversampling_tomek,sex,oversampling_tomek,False,same_size,random+guided,ENTIRE,C,0.36,0.13,0.36,0.0,0.0,-0.0
DIATREND,balanced_sex_oversampling_tomek,sex,oversampling_tomek,False,same_size,random+guided,ENTIRE,D,4.03,0.74,3.98,0.050000000000000266,1.2562814070351824,-1.2562814070351824
DIATREND,balanced_sex_oversampling_tomek,sex,oversampling_tomek,False,same_size,random+guided,ENTIRE,E,0.05,0.02,0.05,0.0,0.0,-0.0
DIATREND,balanced_sex_oversampling_tomek,sex,oversampling_tomek,False,same_size,random+guided,ENTIRE,A + B,95.56,0.81,95.6,-0.03999999999999204,-0.0418410041840921,-0.0418410041840921
DIATREND,balanced_sex_oversampling_tomek,sex,oversampling_tomek,False,same_size,random+guided,ENTIRE,RMSE,45.15,2.15,45.05,0.10000000000000142,0.22197558268590772,-0.22197558268590772
DIATREND,balanced_sex_oversampling_tomek,sex,oversampling_tomek,False,same_size,random+guided,ENTIRE,MSE,2042.03,196.17,2033.93,8.099999999999909,0.3982437940342052,-0.3982437940342052
DIATREND,balanced_sex_oversampling_tomek,sex,oversampling_tomek,False,same_size,random+guided,ENTIRE,MAE,33.37,1.65,33.25,0.11999999999999744,0.36090225563909006,-0.36090225563909006
DIATREND,balanced_sex_oversampling_tomek,sex,oversampling_tomek,False,same_size,random+guided,ENTIRE,MAPE,0.2,0.01,0.2,0.0,0.0,-0.0
DIATREND,balanced_sex_patient_aware_undersampling,sex,patient_aware_undersampling,False,undersampling,guided,TBR_2,A,0.0,0.0,0.0,0.0,,
DIATREND,balanced_sex_patient_aware_undersampling,sex,patient_aware_undersampling,False,undersampling,guided,TBR_2,B,0.0,0.0,0.0,0.0,,
DIATREND,balanced_sex_patient_aware_undersampling,sex,patient_aware_undersampling,False,undersampling,guided,TBR_2,C,0.0,0.0,0.0,0.0,,
DIATREND,balanced_sex_patient_aware_undersampling,sex,patient_aware_undersampling,False,undersampling,guided,TBR_2,D,96.95,1.68,96.53,0.4200000000000017,0.43509789702683277,-0.43509789702683277
DIATREND,balanced_sex_patient_aware_undersampling,sex,patient_aware_undersampling,False,undersampling,guided,TBR_2,E,3.05,1.68,3.47,-0.4200000000000004,-12.103746397694534,12.103746397694534
DIATREND,balanced_sex_patient_aware_undersampling,sex,patient_aware_undersampling,False,undersampling,guided,TBR_2,A + B,0.0,0.0,0.0,0.0,,
DIATREND,balanced_sex_patient_aware_undersampling,sex,patient_aware_undersampling,False,undersampling,guided,TBR_2,RMSE,76.12,6.01,75.28,0.8400000000000034,1.1158342189160513,-1.1158342189160513
DIATREND,balanced_sex_patient_aware_undersampling,sex,patient_aware_undersampling,False,undersampling,guided,TBR_2,MSE,5823.79,913.35,5710.57,113.22000000000025,1.982639211147053,-1.982639211147053
DIATREND,balanced_sex_patient_aware_undersampling,sex,patient_aware_undersampling,False,undersampling,guided,TBR_2,MAE,72.87,5.11,71.22,1.6500000000000057,2.316764953664709,-2.316764953664709
DIATREND,balanced_sex_patient_aware_undersampling,sex,patient_aware_undersampling,False,undersampling,guided,TBR_2,MAPE,1.61,0.1,1.57,0.040000000000000036,2.5477707006369448,-2.5477707006369448
DIATREND,balanced_sex_patient_aware_undersampling,sex,patient_aware_undersampling,False,undersampling,guided,TBR_1,A,0.0,0.0,0.01,-0.01,-100.0,-100.0
DIATREND,balanced_sex_patient_aware_undersampling,sex,patient_aware_undersampling,False,undersampling,guided,TBR_1,B,0.0,0.0,0.0,0.0,,
DIATREND,balanced_sex_patient_aware_undersampling,sex,patient_aware_undersampling,False,undersampling,guided,TBR_1,C,0.0,0.0,0.0,0.0,,
DIATREND,balanced_sex_patient_aware_undersampling,sex,patient_aware_undersampling,False,undersampling,guided,TBR_1,D,97.37,1.13,97.11,0.2600000000000051,0.26773761713521277,-0.26773761713521277
DIATREND,balanced_sex_patient_aware_undersampling,sex,patient_aware_undersampling,False,undersampling,guided,TBR_1,E,2.63,1.13,2.88,-0.25,-8.680555555555555,8.680555555555555
DIATREND,balanced_sex_patient_aware_undersampling,sex,patient_aware_undersampling,False,undersampling,guided,TBR_1,A + B,0.0,0.0,0.01,-0.01,-100.0,-100.0
DIATREND,balanced_sex_patient_aware_undersampling,sex,patient_aware_undersampling,False,undersampling,guided,TBR_1,RMSE,60.17,3.69,59.82,0.3500000000000014,0.5850885991307279,-0.5850885991307279
DIATREND,balanced_sex_patient_aware_undersampling,sex,patient_aware_undersampling,False,undersampling,guided,TBR_1,MSE,3631.29,441.89,3591.41,39.88000000000011,1.1104273808894032,-1.1104273808894032
DIATREND,balanced_sex_patient_aware_undersampling,sex,patient_aware_undersampling,False,undersampling,guided,TBR_1,MAE,56.18,2.88,55.15,1.0300000000000011,1.8676337262012714,-1.8676337262012714
DIATREND,balanced_sex_patient_aware_undersampling,sex,patient_aware_undersampling,False,undersampling,guided,TBR_1,MAPE,0.9,0.04,0.88,0.020000000000000018,2.2727272727272747,-2.2727272727272747
DIATREND,balanced_sex_patient_aware_undersampling,sex,patient_aware_undersampling,False,undersampling,guided,TIR,A,66.82,2.24,66.2,0.6199999999999903,0.936555891238656,0.936555891238656
DIATREND,balanced_sex_patient_aware_undersampling,sex,patient_aware_undersampling,False,undersampling,guided,TIR,B,32.57,2.18,33.14,-0.5700000000000003,-1.719975859987931,
DIATREND,balanced_sex_patient_aware_undersampling,sex,patient_aware_undersampling,False,undersampling,guided,TIR,C,0.62,0.21,0.66,-0.040000000000000036,-6.060606060606066,6.060606060606066
DIATREND,balanced_sex_patient_aware_undersampling,sex,patient_aware_undersampling,False,undersampling,guided,TIR,D,0.0,0.0,0.0,0.0,,
DIATREND,balanced_sex_patient_aware_undersampling,sex,patient_aware_undersampling,False,undersampling,guided,TIR,E,0.0,0.0,0.0,0.0,,
DIATREND,balanced_sex_patient_aware_undersampling,sex,patient_aware_undersampling,False,undersampling,guided,TIR,A + B,99.38,0.21,99.34,0.03999999999999204,0.0402657539762352,0.0402657539762352
DIATREND,balanced_sex_patient_aware_undersampling,sex,patient_aware_undersampling,False,undersampling,guided,TIR,RMSE,30.17,1.21,30.72,-0.5499999999999972,-1.7903645833333242,1.7903645833333242
DIATREND,balanced_sex_patient_aware_undersampling,sex,patient_aware_undersampling,False,undersampling,guided,TIR,MSE,911.24,72.24,944.97,-33.73000000000002,-3.5694254844069144,3.5694254844069144
DIATREND,balanced_sex_patient_aware_undersampling,sex,patient_aware_undersampling,False,undersampling,guided,TIR,MAE,22.3,0.74,22.67,-0.370000000000001,-1.6321129245699204,1.6321129245699204
DIATREND,balanced_sex_patient_aware_undersampling,sex,patient_aware_undersampling,False,undersampling,guided,TIR,MAPE,0.19,0.01,0.19,0.0,0.0,-0.0
DIATREND,balanced_sex_patient_aware_undersampling,sex,patient_aware_undersampling,False,undersampling,guided,TAR_1,A,69.63,1.43,70.98,-1.3500000000000085,-1.901944209636529,-1.901944209636529
DIATREND,balanced_sex_patient_aware_undersampling,sex,patient_aware_undersampling,False,undersampling,guided,TAR_1,B,28.02,1.31,26.82,1.1999999999999993,4.474272930648767,
DIATREND,balanced_sex_patient_aware_undersampling,sex,patient_aware_undersampling,False,undersampling,guided,TAR_1,C,0.13,0.07,0.1,0.03,30.0,-30.0
DIATREND,balanced_sex_patient_aware_undersampling,sex,patient_aware_undersampling,False,undersampling,guided,TAR_1,D,2.22,0.14,2.11,0.11000000000000032,5.213270142180111,-5.213270142180111
DIATREND,balanced_sex_patient_aware_undersampling,sex,patient_aware_undersampling,False,undersampling,guided,TAR_1,E,0.0,0.0,0.0,0.0,,
DIATREND,balanced_sex_patient_aware_undersampling,sex,patient_aware_undersampling,False,undersampling,guided,TAR_1,A + B,97.65,0.14,97.79,-0.14000000000000057,-0.14316392269148231,-0.14316392269148231
DIATREND,balanced_sex_patient_aware_undersampling,sex,patient_aware_undersampling,False,undersampling,guided,TAR_1,RMSE,42.92,0.98,42.08,0.8400000000000034,1.9961977186311868,-1.9961977186311868
DIATREND,balanced_sex_patient_aware_undersampling,sex,patient_aware_undersampling,False,undersampling,guided,TAR_1,MSE,1842.48,84.25,1771.85,70.63000000000011,3.9862290825972915,-3.9862290825972915
DIATREND,balanced_sex_patient_aware_undersampling,sex,patient_aware_undersampling,False,undersampling,guided,TAR_1,MAE,33.87,0.82,32.9,0.9699999999999989,2.9483282674772,-2.9483282674772
DIATREND,balanced_sex_patient_aware_undersampling,sex,patient_aware_undersampling,False,undersampling,guided,TAR_1,MAPE,0.16,0.0,0.15,0.010000000000000009,6.666666666666673,-6.666666666666673
DIATREND,balanced_sex_patient_aware_undersampling,sex,patient_aware_undersampling,False,undersampling,guided,TAR_2,A,57.03,1.15,56.98,0.05000000000000426,0.08775008775009524,0.08775008775009524
DIATREND,balanced_sex_patient_aware_undersampling,sex,patient_aware_undersampling,False,undersampling,guided,TAR_2,B,33.55,1.54,34.13,-0.5800000000000054,-1.6993847055376659,
DIATREND,balanced_sex_patient_aware_undersampling,sex,patient_aware_undersampling,False,undersampling,guided,TAR_2,C,0.0,0.0,0.0,0.0,,
DIATREND,balanced_sex_patient_aware_undersampling,sex,patient_aware_undersampling,False,undersampling,guided,TAR_2,D,9.41,1.42,8.89,0.5199999999999996,5.84926884139482,-5.84926884139482
DIATREND,balanced_sex_patient_aware_undersampling,sex,patient_aware_undersampling,False,undersampling,guided,TAR_2,E,0.0,0.0,0.0,0.0,,
DIATREND,balanced_sex_patient_aware_undersampling,sex,patient_aware_undersampling,False,undersampling,guided,TAR_2,A + B,90.58,1.42,91.11,-0.5300000000000011,-0.5817144111513567,-0.5817144111513567
DIATREND,balanced_sex_patient_aware_undersampling,sex,patient_aware_undersampling,False,undersampling,guided,TAR_2,RMSE,72.98,2.55,72.34,0.6400000000000006,0.8847110865358039,-0.8847110865358039
DIATREND,balanced_sex_patient_aware_undersampling,sex,patient_aware_undersampling,False,undersampling,guided,TAR_2,MSE,5331.24,378.85,5246.21,85.02999999999975,1.620789102990535,-1.620789102990535
DIATREND,balanced_sex_patient_aware_undersampling,sex,patient_aware_undersampling,False,undersampling,guided,TAR_2,MAE,61.26,1.99,60.55,0.7100000000000009,1.1725846407927347,-1.1725846407927347
DIATREND,balanced_sex_patient_aware_undersampling,sex,patient_aware_undersampling,False,undersampling,guided,TAR_2,MAPE,0.2,0.0,0.2,0.0,0.0,-0.0
DIATREND,balanced_sex_patient_aware_undersampling,sex,patient_aware_undersampling,False,undersampling,guided,ENTIRE,A,64.62,1.95,64.65,-0.030000000000001137,-0.04640371229698551,-0.04640371229698551
DIATREND,balanced_sex_patient_aware_undersampling,sex,patient_aware_undersampling,False,undersampling,guided,ENTIRE,B,30.87,1.26,30.95,-0.0799999999999983,-0.25848142164781357,
DIATREND,balanced_sex_patient_aware_undersampling,sex,patient_aware_undersampling,False,undersampling,guided,ENTIRE,C,0.35,0.13,0.36,-0.010000000000000009,-2.7777777777777803,2.7777777777777803
DIATREND,balanced_sex_patient_aware_undersampling,sex,patient_aware_undersampling,False,undersampling,guided,ENTIRE,D,4.11,0.71,3.98,0.13000000000000034,3.266331658291466,-3.266331658291466
DIATREND,balanced_sex_patient_aware_undersampling,sex,patient_aware_undersampling,False,undersampling,guided,ENTIRE,E,0.05,0.02,0.05,0.0,0.0,-0.0
DIATREND,balanced_sex_patient_aware_undersampling,sex,patient_aware_undersampling,False,undersampling,guided,ENTIRE,A + B,95.49,0.77,95.6,-0.10999999999999943,-0.11506276150627558,-0.11506276150627558
DIATREND,balanced_sex_patient_aware_undersampling,sex,patient_aware_undersampling,False,undersampling,guided,ENTIRE,RMSE,45.26,1.98,45.05,0.21000000000000085,0.4661487236404015,-0.4661487236404015
DIATREND,balanced_sex_patient_aware_undersampling,sex,patient_aware_undersampling,False,undersampling,guided,ENTIRE,MSE,2051.64,180.72,2033.93,17.70999999999981,0.8707280978204662,-0.8707280978204662
DIATREND,balanced_sex_patient_aware_undersampling,sex,patient_aware_undersampling,False,undersampling,guided,ENTIRE,MAE,33.49,1.46,33.25,0.240000000000002,0.7218045112782014,-0.7218045112782014
DIATREND,balanced_sex_patient_aware_undersampling,sex,patient_aware_undersampling,False,undersampling,guided,ENTIRE,MAPE,0.2,0.01,0.2,0.0,0.0,-0.0
DIATREND,balanced_sex_smote,sex,smote,False,oversampling,guided,TBR_2,A,0.0,0.0,0.0,0.0,,
DIATREND,balanced_sex_smote,sex,smote,False,oversampling,guided,TBR_2,B,0.0,0.0,0.0,0.0,,
DIATREND,balanced_sex_smote,sex,smote,False,oversampling,guided,TBR_2,C,0.0,0.0,0.0,0.0,,
DIATREND,balanced_sex_smote,sex,smote,False,oversampling,guided,TBR_2,D,97.07,1.54,96.53,0.539999999999992,0.5594115818916316,-0.5594115818916316
DIATREND,balanced_sex_smote,sex,smote,False,oversampling,guided,TBR_2,E,2.93,1.54,3.47,-0.54,-15.561959654178676,15.561959654178676
DIATREND,balanced_sex_smote,sex,smote,False,oversampling,guided,TBR_2,A + B,0.0,0.0,0.0,0.0,,
DIATREND,balanced_sex_smote,sex,smote,False,oversampling,guided,TBR_2,RMSE,74.32,6.6,75.28,-0.960000000000008,-1.2752391073326355,1.2752391073326355
DIATREND,balanced_sex_smote,sex,smote,False,oversampling,guided,TBR_2,MSE,5557.56,985.25,5710.57,-153.0099999999993,-2.6794172910935217,2.6794172910935217
DIATREND,balanced_sex_smote,sex,smote,False,oversampling,guided,TBR_2,MAE,70.07,5.93,71.22,-1.1500000000000057,-1.6147149677057087,1.6147149677057087
DIATREND,balanced_sex_smote,sex,smote,False,oversampling,guided,TBR_2,MAPE,1.55,0.12,1.57,-0.020000000000000018,-1.2738853503184724,1.2738853503184724
DIATREND,balanced_sex_smote,sex,smote,False,oversampling,guided,TBR_1,A,0.04,0.04,0.01,0.03,300.0,300.0
DIATREND,balanced_sex_smote,sex,smote,False,oversampling,guided,TBR_1,B,0.0,0.0,0.0,0.0,,
DIATREND,balanced_sex_smote,sex,smote,False,oversampling,guided,TBR_1,C,0.0,0.0,0.0,0.0,,
DIATREND,balanced_sex_smote,sex,smote,False,oversampling,guided,TBR_1,D,97.38,1.05,97.11,0.269999999999996,0.27803521779424983,-0.27803521779424983
DIATREND,balanced_sex_smote,sex,smote,False,oversampling,guided,TBR_1,E,2.59,1.04,2.88,-0.29000000000000004,-10.069444444444446,10.069444444444446
DIATREND,balanced_sex_smote,sex,smote,False,oversampling,guided,TBR_1,A + B,0.04,0.04,0.01,0.03,300.0,300.0
DIATREND,balanced_sex_smote,sex,smote,False,oversampling,guided,TBR_1,RMSE,59.24,3.79,59.82,-0.5799999999999983,-0.9695753928451993,0.9695753928451993
DIATREND,balanced_sex_smote,sex,smote,False,oversampling,guided,TBR_1,MSE,3521.04,444.98,3591.41,-70.36999999999989,-1.9593975625172257,1.9593975625172257
DIATREND,balanced_sex_smote,sex,smote,False,oversampling,guided,TBR_1,MAE,54.43,2.97,55.15,-0.7199999999999989,-1.3055303717135065,1.3055303717135065
DIATREND,balanced_sex_smote,sex,smote,False,oversampling,guided,TBR_1,MAPE,0.87,0.05,0.88,-0.010000000000000009,-1.1363636363636374,1.1363636363636374
DIATREND,balanced_sex_smote,sex,smote,False,oversampling,guided,TIR,A,67.1,1.71,66.2,0.8999999999999915,1.3595166163141865,1.3595166163141865
DIATREND,balanced_sex_smote,sex,smote,False,oversampling,guided,TIR,B,32.28,1.72,33.14,-0.8599999999999994,-2.595051297525647,
DIATREND,balanced_sex_smote,sex,smote,False,oversampling,guided,TIR,C,0.62,0.19,0.66,-0.040000000000000036,-6.060606060606066,6.060606060606066
DIATREND,balanced_sex_smote,sex,smote,False,oversampling,guided,TIR,D,0.0,0.0,0.0,0.0,,
DIATREND,balanced_sex_smote,sex,smote,False,oversampling,guided,TIR,E,0.0,0.0,0.0,0.0,,
DIATREND,balanced_sex_smote,sex,smote,False,oversampling,guided,TIR,A + B,99.38,0.19,99.34,0.03999999999999204,0.0402657539762352,0.0402657539762352
DIATREND,balanced_sex_smote,sex,smote,False,oversampling,guided,TIR,RMSE,30.29,0.85,30.72,-0.4299999999999997,-1.3997395833333326,1.3997395833333326
DIATREND,balanced_sex_smote,sex,smote,False,oversampling,guided,TIR,MSE,917.9,51.34,944.97,-27.07000000000005,-2.864641205540922,2.864641205540922
DIATREND,balanced_sex_smote,sex,smote,False,oversampling,guided,TIR,MAE,22.29,0.49,22.67,-0.38000000000000256,-1.6762240846934384,1.6762240846934384
DIATREND,balanced_sex_smote,sex,smote,False,oversampling,guided,TIR,MAPE,0.19,0.01,0.19,0.0,0.0,-0.0
DIATREND,balanced_sex_smote,sex,smote,False,oversampling,guided,TAR_1,A,70.09,1.96,70.98,-0.8900000000000006,-1.2538743307974085,-1.2538743307974085
DIATREND,balanced_sex_smote,sex,smote,False,oversampling,guided,TAR_1,B,27.59,1.75,26.82,0.7699999999999996,2.870991797166292,
DIATREND,balanced_sex_smote,sex,smote,False,oversampling,guided,TAR_1,C,0.14,0.09,0.1,0.04000000000000001,40.00000000000001,-40.00000000000001
DIATREND,balanced_sex_smote,sex,smote,False,oversampling,guided,TAR_1,D,2.18,0.22,2.11,0.07000000000000028,3.31753554502371,-3.31753554502371
DIATREND,balanced_sex_smote,sex,smote,False,oversampling,guided,TAR_1,E,0.0,0.0,0.0,0.0,,
DIATREND,balanced_sex_smote,sex,smote,False,oversampling,guided,TAR_1,A + B,97.68,0.24,97.79,-0.10999999999999943,-0.1124859392575922,-0.1124859392575922
DIATREND,balanced_sex_smote,sex,smote,False,oversampling,guided,TAR_1,RMSE,42.64,1.55,42.08,0.5600000000000023,1.3307984790874579,-1.3307984790874579
DIATREND,balanced_sex_smote,sex,smote,False,oversampling,guided,TAR_1,MSE,1819.89,129.77,1771.85,48.04000000000019,2.7112904591246547,-2.7112904591246547
DIATREND,balanced_sex_smote,sex,smote,False,oversampling,guided,TAR_1,MAE,33.56,1.31,32.9,0.6600000000000037,2.0060790273556344,-2.0060790273556344
DIATREND,balanced_sex_smote,sex,smote,False,oversampling,guided,TAR_1,MAPE,0.16,0.01,0.15,0.010000000000000009,6.666666666666673,-6.666666666666673
DIATREND,balanced_sex_smote,sex,smote,False,oversampling,guided,TAR_2,A,57.93,1.92,56.98,0.9500000000000028,1.6672516672516724,1.6672516672516724
DIATREND,balanced_sex_smote,sex,smote,False,oversampling,guided,TAR_2,B,32.82,1.1,34.13,-1.3100000000000023,-3.8382654556109057,
DIATREND,balanced_sex_smote,sex,smote,False,oversampling,guided,TAR_2,C,0.0,0.0,0.0,0.0,,
DIATREND,balanced_sex_smote,sex,smote,False,oversampling,guided,TAR_2,D,9.25,1.71,8.89,0.35999999999999943,4.049493813273334,-4.049493813273334
DIATREND,balanced_sex_smote,sex,smote,False,oversampling,guided,TAR_2,E,0.0,0.0,0.0,0.0,,
DIATREND,balanced_sex_smote,sex,smote,False,oversampling,guided,TAR_2,A + B,90.75,1.72,91.11,-0.35999999999999943,-0.3951267698386559,-0.3951267698386559
DIATREND,balanced_sex_smote,sex,smote,False,oversampling,guided,TAR_2,RMSE,72.15,3.06,72.34,-0.18999999999999773,-0.2626486038153134,0.2626486038153134
DIATREND,balanced_sex_smote,sex,smote,False,oversampling,guided,TAR_2,MSE,5213.6,449.85,5246.21,-32.60999999999967,-0.6215915870695163,0.6215915870695163
DIATREND,balanced_sex_smote,sex,smote,False,oversampling,guided,TAR_2,MAE,60.34,2.42,60.55,-0.20999999999999375,-0.3468208092485446,0.3468208092485446
DIATREND,balanced_sex_smote,sex,smote,False,oversampling,guided,TAR_2,MAPE,0.2,0.01,0.2,0.0,0.0,-0.0
DIATREND,balanced_sex_smote,sex,smote,False,oversampling,guided,ENTIRE,A,65.06,1.95,64.65,0.4099999999999966,0.6341840680587727,0.6341840680587727
DIATREND,balanced_sex_smote,sex,smote,False,oversampling,guided,ENTIRE,B,30.47,1.23,30.95,-0.4800000000000004,-1.550888529886916,
DIATREND,balanced_sex_smote,sex,smote,False,oversampling,guided,ENTIRE,C,0.36,0.12,0.36,0.0,0.0,-0.0
DIATREND,balanced_sex_smote,sex,smote,False,oversampling,guided,ENTIRE,D,4.07,0.76,3.98,0.0900000000000003,2.2613065326633244,-2.2613065326633244
DIATREND,balanced_sex_smote,sex,smote,False,oversampling,guided,ENTIRE,E,0.04,0.02,0.05,-0.010000000000000002,-20.000000000000004,20.000000000000004
DIATREND,balanced_sex_smote,sex,smote,False,oversampling,guided,ENTIRE,A + B,95.53,0.82,95.6,-0.06999999999999318,-0.0732217573221686,-0.0732217573221686
DIATREND,balanced_sex_smote,sex,smote,False,oversampling,guided,ENTIRE,RMSE,44.94,2.12,45.05,-0.10999999999999943,-0.24417314095449374,0.24417314095449374
DIATREND,balanced_sex_smote,sex,smote,False,oversampling,guided,ENTIRE,MSE,2023.54,191.56,2033.93,-10.3900000000001,-0.5108337061747503,0.5108337061747503
DIATREND,balanced_sex_smote,sex,smote,False,oversampling,guided,ENTIRE,MAE,33.18,1.55,33.25,-0.07000000000000028,-0.21052631578947456,0.21052631578947456
DIATREND,balanced_sex_smote,sex,smote,False,oversampling,guided,ENTIRE,MAPE,0.19,0.01,0.2,-0.010000000000000009,-5.000000000000004,5.000000000000004
DIATREND,balanced_sex_smote_tomek,sex,smote_tomek,False,same_size,guided,TBR_2,A,0.0,0.0,0.0,0.0,,
DIATREND,balanced_sex_smote_tomek,sex,smote_tomek,False,same_size,guided,TBR_2,B,0.0,0.0,0.0,0.0,,
DIATREND,balanced_sex_smote_tomek,sex,smote_tomek,False,same_size,guided,TBR_2,C,0.0,0.0,0.0,0.0,,
DIATREND,balanced_sex_smote_tomek,sex,smote_tomek,False,same_size,guided,TBR_2,D,96.8,1.93,96.53,0.269999999999996,0.2797057909458158,-0.2797057909458158
DIATREND,balanced_sex_smote_tomek,sex,smote_tomek,False,same_size,guided,TBR_2,E,3.2,1.93,3.47,-0.27,-7.780979827089338,7.780979827089338
DIATREND,balanced_sex_smote_tomek,sex,smote_tomek,False,same_size,guided,TBR_2,A + B,0.0,0.0,0.0,0.0,,
DIATREND,balanced_sex_smote_tomek,sex,smote_tomek,False,same_size,guided,TBR_2,RMSE,74.59,6.65,75.28,-0.6899999999999977,-0.9165781083953211,0.9165781083953211
DIATREND,balanced_sex_smote_tomek,sex,smote_tomek,False,same_size,guided,TBR_2,MSE,5599.4,1004.5,5710.57,-111.17000000000007,-1.9467408682495806,1.9467408682495806
DIATREND,balanced_sex_smote_tomek,sex,smote_tomek,False,same_size,guided,TBR_2,MAE,70.41,5.64,71.22,-0.8100000000000023,-1.1373209772535837,1.1373209772535837
DIATREND,balanced_sex_smote_tomek,sex,smote_tomek,False,same_size,guided,TBR_2,MAPE,1.55,0.11,1.57,-0.020000000000000018,-1.2738853503184724,1.2738853503184724
DIATREND,balanced_sex_smote_tomek,sex,smote_tomek,False,same_size,guided,TBR_1,A,0.08,0.17,0.01,0.07,700.0000000000001,700.0000000000001
DIATREND,balanced_sex_smote_tomek,sex,smote_tomek,False,same_size,guided,TBR_1,B,0.0,0.0,0.0,0.0,,
DIATREND,balanced_sex_smote_tomek,sex,smote_tomek,False,same_size,guided,TBR_1,C,0.0,0.0,0.0,0.0,,
DIATREND,balanced_sex_smote_tomek,sex,smote_tomek,False,same_size,guided,TBR_1,D,97.19,1.2,97.11,0.0799999999999983,0.08238080527236978,-0.08238080527236978
DIATREND,balanced_sex_smote_tomek,sex,smote_tomek,False,same_size,guided,TBR_1,E,2.73,1.23,2.88,-0.1499999999999999,-5.20833333333333,5.20833333333333
DIATREND,balanced_sex_smote_tomek,sex,smote_tomek,False,same_size,guided,TBR_1,A + B,0.08,0.17,0.01,0.07,700.0000000000001,700.0000000000001
DIATREND,balanced_sex_smote_tomek,sex,smote_tomek,False,same_size,guided,TBR_1,RMSE,59.06,3.54,59.82,-0.759999999999998,-1.270478100969572,1.270478100969572
DIATREND,balanced_sex_smote_tomek,sex,smote_tomek,False,same_size,guided,TBR_1,MSE,3497.73,420.79,3591.41,-93.67999999999984,-2.608446264837483,2.608446264837483
DIATREND,balanced_sex_smote_tomek,sex,smote_tomek,False,same_size,guided,TBR_1,MAE,54.26,2.29,55.15,-0.8900000000000006,-1.6137805983680882,1.6137805983680882
DIATREND,balanced_sex_smote_tomek,sex,smote_tomek,False,same_size,guided,TBR_1,MAPE,0.87,0.03,0.88,-0.010000000000000009,-1.1363636363636374,1.1363636363636374
DIATREND,balanced_sex_smote_tomek,sex,smote_tomek,False,same_size,guided,TIR,A,66.9,2.35,66.2,0.7000000000000028,1.057401812688826,1.057401812688826
DIATREND,balanced_sex_smote_tomek,sex,smote_tomek,False,same_size,guided,TIR,B,32.46,2.32,33.14,-0.6799999999999997,-2.051901025950512,
DIATREND,balanced_sex_smote_tomek,sex,smote_tomek,False,same_size,guided,TIR,C,0.64,0.22,0.66,-0.020000000000000018,-3.030303030303033,3.030303030303033
DIATREND,balanced_sex_smote_tomek,sex,smote_tomek,False,same_size,guided,TIR,D,0.0,0.0,0.0,0.0,,
DIATREND,balanced_sex_smote_tomek,sex,smote_tomek,False,same_size,guided,TIR,E,0.0,0.0,0.0,0.0,,
DIATREND,balanced_sex_smote_tomek,sex,smote_tomek,False,same_size,guided,TIR,A + B,99.36,0.22,99.34,0.01999999999999602,0.0201328769881176,0.0201328769881176
DIATREND,balanced_sex_smote_tomek,sex,smote_tomek,False,same_size,guided,TIR,RMSE,30.4,1.23,30.72,-0.3200000000000003,-1.0416666666666676,1.0416666666666676
DIATREND,balanced_sex_smote_tomek,sex,smote_tomek,False,same_size,guided,TIR,MSE,925.45,73.93,944.97,-19.519999999999982,-2.0656740425621956,2.0656740425621956
DIATREND,balanced_sex_smote_tomek,sex,smote_tomek,False,same_size,guided,TIR,MAE,22.38,0.78,22.67,-0.2900000000000027,-1.279223643581838,1.279223643581838
DIATREND,balanced_sex_smote_tomek,sex,smote_tomek,False,same_size,guided,TIR,MAPE,0.19,0.01,0.19,0.0,0.0,-0.0
DIATREND,balanced_sex_smote_tomek,sex,smote_tomek,False,same_size,guided,TAR_1,A,70.42,1.43,70.98,-0.5600000000000023,-0.7889546351084844,-0.7889546351084844
DIATREND,balanced_sex_smote_tomek,sex,smote_tomek,False,same_size,guided,TAR_1,B,27.33,1.3,26.82,0.509999999999998,1.9015659955257198,
DIATREND,balanced_sex_smote_tomek,sex,smote_tomek,False,same_size,guided,TAR_1,C,0.11,0.06,0.1,0.009999999999999995,9.999999999999995,-9.999999999999995
DIATREND,balanced_sex_smote_tomek,sex,smote_tomek,False,same_size,guided,TAR_1,D,2.14,0.15,2.11,0.03000000000000025,1.4218009478673106,-1.4218009478673106
DIATREND,balanced_sex_smote_tomek,sex,smote_tomek,False,same_size,guided,TAR_1,E,0.0,0.0,0.0,0.0,,
DIATREND,balanced_sex_smote_tomek,sex,smote_tomek,False,same_size,guided,TAR_1,A + B,97.75,0.16,97.79,-0.04000000000000625,-0.04090397791185832,-0.04090397791185832
DIATREND,balanced_sex_smote_tomek,sex,smote_tomek,False,same_size,guided,TAR_1,RMSE,42.55,1.01,42.08,0.46999999999999886,1.1169201520912522,-1.1169201520912522
DIATREND,balanced_sex_smote_tomek,sex,smote_tomek,False,same_size,guided,TAR_1,MSE,1811.12,85.74,1771.85,39.26999999999998,2.216327567231988,-2.216327567231988
DIATREND,balanced_sex_smote_tomek,sex,smote_tomek,False,same_size,guided,TAR_1,MAE,33.34,0.76,32.9,0.44000000000000483,1.337386018237097,-1.337386018237097
DIATREND,balanced_sex_smote_tomek,sex,smote_tomek,False,same_size,guided,TAR_1,MAPE,0.16,0.0,0.15,0.010000000000000009,6.666666666666673,-6.666666666666673
DIATREND,balanced_sex_smote_tomek,sex,smote_tomek,False,same_size,guided,TAR_2,A,57.74,1.43,56.98,0.7600000000000051,1.3338013338013428,1.3338013338013428
DIATREND,balanced_sex_smote_tomek,sex,smote_tomek,False,same_size,guided,TAR_2,B,33.19,1.71,34.13,-0.9400000000000048,-2.7541752124231023,
DIATREND,balanced_sex_smote_tomek,sex,smote_tomek,False,same_size,guided,TAR_2,C,0.0,0.0,0.0,0.0,,
DIATREND,balanced_sex_smote_tomek,sex,smote_tomek,False,same_size,guided,TAR_2,D,9.07,1.37,8.89,0.17999999999999972,2.024746906636667,-2.024746906636667
DIATREND,balanced_sex_smote_tomek,sex,smote_tomek,False,same_size,guided,TAR_2,E,0.0,0.0,0.0,0.0,,
DIATREND,balanced_sex_smote_tomek,sex,smote_tomek,False,same_size,guided,TAR_2,A + B,90.93,1.36,91.11,-0.1799999999999926,-0.19756338491932018,-0.19756338491932018
DIATREND,balanced_sex_smote_tomek,sex,smote_tomek,False,same_size,guided,TAR_2,RMSE,72.37,3.48,72.34,0.030000000000001137,0.041470832181367344,-0.041470832181367344
DIATREND,balanced_sex_smote_tomek,sex,smote_tomek,False,same_size,guided,TAR_2,MSE,5247.51,517.31,5246.21,1.300000000000182,0.024779793412771926,-0.024779793412771926
DIATREND,balanced_sex_smote_tomek,sex,smote_tomek,False,same_size,guided,TAR_2,MAE,60.61,2.95,60.55,0.060000000000002274,0.09909165978530517,-0.09909165978530517
DIATREND,balanced_sex_smote_tomek,sex,smote_tomek,False,same_size,guided,TAR_2,MAPE,0.2,0.0,0.2,0.0,0.0,-0.0
DIATREND,balanced_sex_smote_tomek,sex,smote_tomek,False,same_size,guided,ENTIRE,A,65.01,2.29,64.65,0.35999999999999943,0.5568445475638042,0.5568445475638042
DIATREND,balanced_sex_smote_tomek,sex,smote_tomek,False,same_size,guided,ENTIRE,B,30.56,1.54,30.95,-0.39000000000000057,-1.2600969305331198,
DIATREND,balanced_sex_smote_tomek,sex,smote_tomek,False,same_size,guided,ENTIRE,C,0.36,0.13,0.36,0.0,0.0,-0.0
DIATREND,balanced_sex_smote_tomek,sex,smote_tomek,False,same_size,guided,ENTIRE,D,4.02,0.76,3.98,0.03999999999999959,1.0050251256281304,-1.0050251256281304
DIATREND,balanced_sex_smote_tomek,sex,smote_tomek,False,same_size,guided,ENTIRE,E,0.05,0.02,0.05,0.0,0.0,-0.0
DIATREND,balanced_sex_smote_tomek,sex,smote_tomek,False,same_size,guided,ENTIRE,A + B,95.57,0.8,95.6,-0.030000000000001137,-0.031380753138076506,-0.031380753138076506
DIATREND,balanced_sex_smote_tomek,sex,smote_tomek,False,same_size,guided,ENTIRE,RMSE,45.04,2.25,45.05,-0.00999999999999801,-0.02219755826858604,0.02219755826858604
DIATREND,balanced_sex_smote_tomek,sex,smote_tomek,False,same_size,guided,ENTIRE,MSE,2032.77,204.53,2033.93,-1.1600000000000819,-0.05703244457774269,0.05703244457774269
DIATREND,balanced_sex_smote_tomek,sex,smote_tomek,False,same_size,guided,ENTIRE,MAE,33.22,1.68,33.25,-0.030000000000001137,-0.09022556390977786,0.09022556390977786
DIATREND,balanced_sex_smote_tomek,sex,smote_tomek,False,same_size,guided,ENTIRE,MAPE,0.19,0.01,0.2,-0.010000000000000009,-5.000000000000004,5.000000000000004
DIATREND,balanced_sex_tomek_links,sex,tomek_links,False,undersampling,guided,TBR_2,A,0.0,0.0,0.0,0.0,,
DIATREND,balanced_sex_tomek_links,sex,tomek_links,False,undersampling,guided,TBR_2,B,0.0,0.0,0.0,0.0,,
DIATREND,balanced_sex_tomek_links,sex,tomek_links,False,undersampling,guided,TBR_2,C,0.0,0.0,0.0,0.0,,
DIATREND,balanced_sex_tomek_links,sex,tomek_links,False,undersampling,guided,TBR_2,D,96.91,1.86,96.53,0.37999999999999545,0.39366000207189006,-0.39366000207189006
DIATREND,balanced_sex_tomek_links,sex,tomek_links,False,undersampling,guided,TBR_2,E,3.09,1.86,3.47,-0.38000000000000034,-10.95100864553315,10.95100864553315
DIATREND,balanced_sex_tomek_links,sex,tomek_links,False,undersampling,guided,TBR_2,A + B,0.0,0.0,0.0,0.0,,
DIATREND,balanced_sex_tomek_links,sex,tomek_links,False,undersampling,guided,TBR_2,RMSE,74.15,6.25,75.28,-1.1299999999999955,-1.5010626992561045,1.5010626992561045
DIATREND,balanced_sex_tomek_links,sex,tomek_links,False,undersampling,guided,TBR_2,MSE,5529.48,928.48,5710.57,-181.09000000000015,-3.171137031854966,3.171137031854966
DIATREND,balanced_sex_tomek_links,sex,tomek_links,False,undersampling,guided,TBR_2,MAE,69.87,5.4,71.22,-1.3499999999999943,-1.8955349620892927,1.8955349620892927
DIATREND,balanced_sex_tomek_links,sex,tomek_links,False,undersampling,guided,TBR_2,MAPE,1.54,0.11,1.57,-0.030000000000000027,-1.9108280254777086,1.9108280254777086
DIATREND,balanced_sex_tomek_links,sex,tomek_links,False,undersampling,guided,TBR_1,A,0.07,0.13,0.01,0.060000000000000005,600.0,600.0
DIATREND,balanced_sex_tomek_links,sex,tomek_links,False,undersampling,guided,TBR_1,B,0.0,0.0,0.0,0.0,,
DIATREND,balanced_sex_tomek_links,sex,tomek_links,False,undersampling,guided,TBR_1,C,0.0,0.0,0.0,0.0,,
DIATREND,balanced_sex_tomek_links,sex,tomek_links,False,undersampling,guided,TBR_1,D,97.25,1.15,97.11,0.14000000000000057,0.14416640922665078,-0.14416640922665078
DIATREND,balanced_sex_tomek_links,sex,tomek_links,False,undersampling,guided,TBR_1,E,2.68,1.21,2.88,-0.19999999999999973,-6.944444444444435,6.944444444444435
DIATREND,balanced_sex_tomek_links,sex,tomek_links,False,undersampling,guided,TBR_1,A + B,0.07,0.13,0.01,0.060000000000000005,600.0,600.0
DIATREND,balanced_sex_tomek_links,sex,tomek_links,False,undersampling,guided,TBR_1,RMSE,58.98,3.16,59.82,-0.8400000000000034,-1.404212637913747,1.404212637913747
DIATREND,balanced_sex_tomek_links,sex,tomek_links,False,undersampling,guided,TBR_1,MSE,3486.39,368.38,3591.41,-105.01999999999998,-2.924199687587883,2.924199687587883
DIATREND,balanced_sex_tomek_links,sex,tomek_links,False,undersampling,guided,TBR_1,MAE,54.22,2.26,55.15,-0.9299999999999997,-1.6863100634632815,1.6863100634632815
DIATREND,balanced_sex_tomek_links,sex,tomek_links,False,undersampling,guided,TBR_1,MAPE,0.87,0.03,0.88,-0.010000000000000009,-1.1363636363636374,1.1363636363636374
DIATREND,balanced_sex_tomek_links,sex,tomek_links,False,undersampling,guided,TIR,A,66.84,1.85,66.2,0.6400000000000006,0.9667673716012093,0.9667673716012093
DIATREND,balanced_sex_tomek_links,sex,tomek_links,False,undersampling,guided,TIR,B,32.55,1.85,33.14,-0.5900000000000034,-1.7803258901629555,
DIATREND,balanced_sex_tomek_links,sex,tomek_links,False,undersampling,guided,TIR,C,0.62,0.22,0.66,-0.040000000000000036,-6.060606060606066,6.060606060606066
DIATREND,balanced_sex_tomek_links,sex,tomek_links,False,undersampling,guided,TIR,D,0.0,0.0,0.0,0.0,,
DIATREND,balanced_sex_tomek_links,sex,tomek_links,False,undersampling,guided,TIR,E,0.0,0.0,0.0,0.0,,
DIATREND,balanced_sex_tomek_links,sex,tomek_links,False,undersampling,guided,TIR,A + B,99.38,0.22,99.34,0.03999999999999204,0.0402657539762352,0.0402657539762352
DIATREND,balanced_sex_tomek_links,sex,tomek_links,False,undersampling,guided,TIR,RMSE,30.34,1.07,30.72,-0.379999999999999,-1.2369791666666634,1.2369791666666634
DIATREND,balanced_sex_tomek_links,sex,tomek_links,False,undersampling,guided,TIR,MSE,921.56,64.32,944.97,-23.410000000000082,-2.4773273225605132,2.4773273225605132
DIATREND,balanced_sex_tomek_links,sex,tomek_links,False,undersampling,guided,TIR,MAE,22.37,0.64,22.67,-0.3000000000000007,-1.3233348037053405,1.3233348037053405
DIATREND,balanced_sex_tomek_links,sex,tomek_links,False,undersampling,guided,TIR,MAPE,0.19,0.01,0.19,0.0,0.0,-0.0
DIATREND,balanced_sex_tomek_links,sex,tomek_links,False,undersampling,guided,TAR_1,A,70.59,1.47,70.98,-0.39000000000000057,-0.5494505494505502,-0.5494505494505502
DIATREND,balanced_sex_tomek_links,sex,tomek_links,False,undersampling,guided,TAR_1,B,27.13,1.31,26.82,0.3099999999999987,1.1558538404175942,
DIATREND,balanced_sex_tomek_links,sex,tomek_links,False,undersampling,guided,TAR_1,C,0.12,0.07,0.1,0.01999999999999999,19.99999999999999,-19.99999999999999
DIATREND,balanced_sex_tomek_links,sex,tomek_links,False,undersampling,guided,TAR_1,D,2.15,0.16,2.11,0.040000000000000036,1.8957345971564,-1.8957345971564
DIATREND,balanced_sex_tomek_links,sex,tomek_links,False,undersampling,guided,TAR_1,E,0.0,0.0,0.0,0.0,,
DIATREND,balanced_sex_tomek_links,sex,tomek_links,False,undersampling,guided,TAR_1,A + B,97.72,0.19,97.79,-0.07000000000000739,-0.07158196134574843,-0.07158196134574843
DIATREND,balanced_sex_tomek_links,sex,tomek_links,False,undersampling,guided,TAR_1,RMSE,42.48,1.2,42.08,0.3999999999999986,0.9505703422053199,-0.9505703422053199
DIATREND,balanced_sex_tomek_links,sex,tomek_links,False,undersampling,guided,TAR_1,MSE,1805.96,101.01,1771.85,34.11000000000013,1.925106527076227,-1.925106527076227
DIATREND,balanced_sex_tomek_links,sex,tomek_links,False,undersampling,guided,TAR_1,MAE,33.26,0.85,32.9,0.35999999999999943,1.0942249240121564,-1.0942249240121564
DIATREND,balanced_sex_tomek_links,sex,tomek_links,False,undersampling,guided,TAR_1,MAPE,0.16,0.0,0.15,0.010000000000000009,6.666666666666673,-6.666666666666673
DIATREND,balanced_sex_tomek_links,sex,tomek_links,False,undersampling,guided,TAR_2,A,57.35,0.86,56.98,0.37000000000000455,0.6493506493506573,0.6493506493506573
DIATREND,balanced_sex_tomek_links,sex,tomek_links,False,undersampling,guided,TAR_2,B,33.59,1.3,34.13,-0.5399999999999991,-1.5821857603281544,
DIATREND,balanced_sex_tomek_links,sex,tomek_links,False,undersampling,guided,TAR_2,C,0.0,0.0,0.0,0.0,,
DIATREND,balanced_sex_tomek_links,sex,tomek_links,False,undersampling,guided,TAR_2,D,9.06,1.39,8.89,0.16999999999999993,1.912260967379077,-1.912260967379077
DIATREND,balanced_sex_tomek_links,sex,tomek_links,False,undersampling,guided,TAR_2,E,0.0,0.0,0.0,0.0,,
DIATREND,balanced_sex_tomek_links,sex,tomek_links,False,undersampling,guided,TAR_2,A + B,90.94,1.39,91.11,-0.1700000000000017,-0.1865876413127008,-0.1865876413127008
DIATREND,balanced_sex_tomek_links,sex,tomek_links,False,undersampling,guided,TAR_2,RMSE,72.61,3.07,72.34,0.269999999999996,0.3732374896322865,-0.3732374896322865
DIATREND,balanced_sex_tomek_links,sex,tomek_links,False,undersampling,guided,TAR_2,MSE,5280.34,457.38,5246.21,34.13000000000011,0.6505648839829155,-0.6505648839829155
DIATREND,balanced_sex_tomek_links,sex,tomek_links,False,undersampling,guided,TAR_2,MAE,60.94,2.53,60.55,0.39000000000000057,0.6440957886044602,-0.6440957886044602
DIATREND,balanced_sex_tomek_links,sex,tomek_links,False,undersampling,guided,TAR_2,MAPE,0.2,0.0,0.2,0.0,0.0,-0.0
DIATREND,balanced_sex_tomek_links,sex,tomek_links,False,undersampling,guided,ENTIRE,A,64.97,2.01,64.65,0.3199999999999932,0.49497293116781615,0.49497293116781615
DIATREND,balanced_sex_tomek_links,sex,tomek_links,False,undersampling,guided,ENTIRE,B,30.6,1.29,30.95,-0.34999999999999787,-1.1308562197092016,
DIATREND,balanced_sex_tomek_links,sex,tomek_links,False,undersampling,guided,ENTIRE,C,0.35,0.12,0.36,-0.010000000000000009,-2.7777777777777803,2.7777777777777803
DIATREND,balanced_sex_tomek_links,sex,tomek_links,False,undersampling,guided,ENTIRE,D,4.03,0.77,3.98,0.050000000000000266,1.2562814070351824,-1.2562814070351824
DIATREND,balanced_sex_tomek_links,sex,tomek_links,False,undersampling,guided,ENTIRE,E,0.05,0.02,0.05,0.0,0.0,-0.0
DIATREND,balanced_sex_tomek_links,sex,tomek_links,False,undersampling,guided,ENTIRE,A + B,95.57,0.82,95.6,-0.030000000000001137,-0.031380753138076506,-0.031380753138076506
DIATREND,balanced_sex_tomek_links,sex,tomek_links,False,undersampling,guided,ENTIRE,RMSE,45.06,2.08,45.05,0.010000000000005116,0.022197558268601814,-0.022197558268601814
DIATREND,balanced_sex_tomek_links,sex,tomek_links,False,undersampling,guided,ENTIRE,MSE,2034.26,188.83,2033.93,0.32999999999992724,0.016224747164353112,-0.016224747164353112
DIATREND,balanced_sex_tomek_links,sex,tomek_links,False,undersampling,guided,ENTIRE,MAE,33.24,1.53,33.25,-0.00999999999999801,-0.030075187969918833,0.030075187969918833
DIATREND,balanced_sex_tomek_links,sex,tomek_links,False,undersampling,guided,ENTIRE,MAPE,0.19,0.01,0.2,-0.010000000000000009,-5.000000000000004,5.000000000000004
DIATREND,balanced_sex_undersampling,sex,undersampling,False,undersampling,random,TBR_2,A,0.0,0.0,0.0,0.0,,
DIATREND,balanced_sex_undersampling,sex,undersampling,False,undersampling,random,TBR_2,B,0.0,0.0,0.0,0.0,,
DIATREND,balanced_sex_undersampling,sex,undersampling,False,undersampling,random,TBR_2,C,0.0,0.0,0.0,0.0,,
DIATREND,balanced_sex_undersampling,sex,undersampling,False,undersampling,random,TBR_2,D,96.71,1.86,96.53,0.1799999999999926,0.18647052729720565,-0.18647052729720565
DIATREND,balanced_sex_undersampling,sex,undersampling,False,undersampling,random,TBR_2,E,3.29,1.86,3.47,-0.18000000000000016,-5.187319884726229,5.187319884726229
DIATREND,balanced_sex_undersampling,sex,undersampling,False,undersampling,random,TBR_2,A + B,0.0,0.0,0.0,0.0,,
DIATREND,balanced_sex_undersampling,sex,undersampling,False,undersampling,random,TBR_2,RMSE,74.82,7.74,75.28,-0.46000000000000796,-0.6110520722635601,0.6110520722635601
DIATREND,balanced_sex_undersampling,sex,undersampling,False,undersampling,random,TBR_2,MSE,5645.62,1175.76,5710.57,-64.94999999999982,-1.137364571312493,1.137364571312493
DIATREND,balanced_sex_undersampling,sex,undersampling,False,undersampling,random,TBR_2,MAE,70.84,6.92,71.22,-0.37999999999999545,-0.5335579893288338,0.5335579893288338
DIATREND,balanced_sex_undersampling,sex,undersampling,False,undersampling,random,TBR_2,MAPE,1.56,0.14,1.57,-0.010000000000000009,-0.6369426751592362,0.6369426751592362
DIATREND,balanced_sex_undersampling,sex,undersampling,False,undersampling,random,TBR_1,A,0.0,0.0,0.01,-0.01,-100.0,-100.0
DIATREND,balanced_sex_undersampling,sex,undersampling,False,undersampling,random,TBR_1,B,0.0,0.0,0.0,0.0,,
DIATREND,balanced_sex_undersampling,sex,undersampling,False,undersampling,random,TBR_1,C,0.0,0.0,0.0,0.0,,
DIATREND,balanced_sex_undersampling,sex,undersampling,False,undersampling,random,TBR_1,D,97.29,1.2,97.11,0.18000000000000682,0.18535681186284297,-0.18535681186284297
DIATREND,balanced_sex_undersampling,sex,undersampling,False,undersampling,random,TBR_1,E,2.71,1.2,2.88,-0.16999999999999993,-5.902777777777776,5.902777777777776
DIATREND,balanced_sex_undersampling,sex,undersampling,False,undersampling,random,TBR_1,A + B,0.0,0.0,0.01,-0.01,-100.0,-100.0
DIATREND,balanced_sex_undersampling,sex,undersampling,False,undersampling,random,TBR_1,RMSE,59.28,4.46,59.82,-0.5399999999999991,-0.9027081243731179,0.9027081243731179
DIATREND,balanced_sex_undersampling,sex,undersampling,False,undersampling,random,TBR_1,MSE,3529.76,534.1,3591.41,-61.649999999999636,-1.7165959887620639,1.7165959887620639
DIATREND,balanced_sex_undersampling,sex,undersampling,False,undersampling,random,TBR_1,MAE,54.71,3.57,55.15,-0.4399999999999977,-0.7978241160471401,0.7978241160471401
DIATREND,balanced_sex_undersampling,sex,undersampling,False,undersampling,random,TBR_1,MAPE,0.88,0.05,0.88,0.0,0.0,-0.0
DIATREND,balanced_sex_undersampling,sex,undersampling,False,undersampling,random,TIR,A,66.92,2.02,66.2,0.7199999999999989,1.0876132930513578,1.0876132930513578
DIATREND,balanced_sex_undersampling,sex,undersampling,False,undersampling,random,TIR,B,32.45,1.98,33.14,-0.6899999999999977,-2.0820760410380137,
DIATREND,balanced_sex_undersampling,sex,undersampling,False,undersampling,random,TIR,C,0.63,0.19,0.66,-0.030000000000000027,-4.545454545454549,4.545454545454549
DIATREND,balanced_sex_undersampling,sex,undersampling,False,undersampling,random,TIR,D,0.0,0.0,0.0,0.0,,
DIATREND,balanced_sex_undersampling,sex,undersampling,False,undersampling,random,TIR,E,0.0,0.0,0.0,0.0,,
DIATREND,balanced_sex_undersampling,sex,undersampling,False,undersampling,random,TIR,A + B,99.37,0.2,99.34,0.030000000000001137,0.03019931548218355,0.03019931548218355
DIATREND,balanced_sex_undersampling,sex,undersampling,False,undersampling,random,TIR,RMSE,30.33,0.99,30.72,-0.39000000000000057,-1.269531250000002,1.269531250000002
DIATREND,balanced_sex_undersampling,sex,undersampling,False,undersampling,random,TIR,MSE,920.54,59.64,944.97,-24.430000000000064,-2.5852672571616098,2.5852672571616098
DIATREND,balanced_sex_undersampling,sex,undersampling,False,undersampling,random,TIR,MAE,22.33,0.67,22.67,-0.3400000000000034,-1.4997794441993975,1.4997794441993975
DIATREND,balanced_sex_undersampling,sex,undersampling,False,undersampling,random,TIR,MAPE,0.19,0.01,0.19,0.0,0.0,-0.0
DIATREND,balanced_sex_undersampling,sex,undersampling,False,undersampling,random,TAR_1,A,70.13,1.93,70.98,-0.8500000000000085,-1.197520428289671,-1.197520428289671
DIATREND,balanced_sex_undersampling,sex,undersampling,False,undersampling,random,TAR_1,B,27.57,1.74,26.82,0.75,2.796420581655481,
DIATREND,balanced_sex_undersampling,sex,undersampling,False,undersampling,random,TAR_1,C,0.13,0.08,0.1,0.03,30.0,-30.0
DIATREND,balanced_sex_undersampling,sex,undersampling,False,undersampling,random,TAR_1,D,2.17,0.18,2.11,0.06000000000000005,2.8436018957346,-2.8436018957346
DIATREND,balanced_sex_undersampling,sex,undersampling,False,undersampling,random,TAR_1,E,0.0,0.0,0.0,0.0,,
DIATREND,balanced_sex_undersampling,sex,undersampling,False,undersampling,random,TAR_1,A + B,97.7,0.21,97.79,-0.09000000000000341,-0.09203395030167032,-0.09203395030167032
DIATREND,balanced_sex_undersampling,sex,undersampling,False,undersampling,random,TAR_1,RMSE,42.73,1.56,42.08,0.6499999999999986,1.5446768060836469,-1.5446768060836469
DIATREND,balanced_sex_undersampling,sex,undersampling,False,undersampling,random,TAR_1,MSE,1827.78,133.13,1771.85,55.930000000000064,3.156587747269807,-3.156587747269807
DIATREND,balanced_sex_undersampling,sex,undersampling,False,undersampling,random,TAR_1,MAE,33.57,1.2,32.9,0.6700000000000017,2.036474164133744,-2.036474164133744
DIATREND,balanced_sex_undersampling,sex,undersampling,False,undersampling,random,TAR_1,MAPE,0.16,0.01,0.15,0.010000000000000009,6.666666666666673,-6.666666666666673
DIATREND,balanced_sex_undersampling,sex,undersampling,False,undersampling,random,TAR_2,A,57.59,1.64,56.98,0.6100000000000065,1.0705510705510821,1.0705510705510821
DIATREND,balanced_sex_undersampling,sex,undersampling,False,undersampling,random,TAR_2,B,33.23,0.81,34.13,-0.9000000000000057,-2.6369762672136114,
DIATREND,balanced_sex_undersampling,sex,undersampling,False,undersampling,random,TAR_2,C,0.0,0.0,0.0,0.0,,
DIATREND,balanced_sex_undersampling,sex,undersampling,False,undersampling,random,TAR_2,D,9.18,1.46,8.89,0.28999999999999915,3.2620922384701814,-3.2620922384701814
DIATREND,balanced_sex_undersampling,sex,undersampling,False,undersampling,random,TAR_2,E,0.0,0.0,0.0,0.0,,
DIATREND,balanced_sex_undersampling,sex,undersampling,False,undersampling,random,TAR_2,A + B,90.82,1.45,91.11,-0.29000000000000625,-0.318296564592258,-0.318296564592258
DIATREND,balanced_sex_undersampling,sex,undersampling,False,undersampling,random,TAR_2,RMSE,72.51,3.16,72.34,0.1700000000000017,0.23500138236107504,-0.23500138236107504
DIATREND,balanced_sex_undersampling,sex,undersampling,False,undersampling,random,TAR_2,MSE,5266.26,468.33,5246.21,20.050000000000182,0.3821806599430862,-0.3821806599430862
DIATREND,balanced_sex_undersampling,sex,undersampling,False,undersampling,random,TAR_2,MAE,60.82,2.49,60.55,0.2700000000000031,0.44591246903386156,-0.44591246903386156
DIATREND,balanced_sex_undersampling,sex,undersampling,False,undersampling,random,TAR_2,MAPE,0.2,0.01,0.2,0.0,0.0,-0.0
DIATREND,balanced_sex_undersampling,sex,undersampling,False,undersampling,random,ENTIRE,A,64.94,2.2,64.65,0.28999999999999204,0.4485692188708306,0.4485692188708306
DIATREND,balanced_sex_undersampling,sex,undersampling,False,undersampling,random,ENTIRE,B,30.6,1.39,30.95,-0.34999999999999787,-1.1308562197092016,
DIATREND,balanced_sex_undersampling,sex,undersampling,False,undersampling,random,ENTIRE,C,0.36,0.12,0.36,0.0,0.0,-0.0
DIATREND,balanced_sex_undersampling,sex,undersampling,False,undersampling,random,ENTIRE,D,4.06,0.78,3.98,0.07999999999999963,2.010050251256272,-2.010050251256272
DIATREND,balanced_sex_undersampling,sex,undersampling,False,undersampling,random,ENTIRE,E,0.05,0.02,0.05,0.0,0.0,-0.0
DIATREND,balanced_sex_undersampling,sex,undersampling,False,undersampling,random,ENTIRE,A + B,95.54,0.85,95.6,-0.05999999999998806,-0.06276150627613815,-0.06276150627613815
DIATREND,balanced_sex_undersampling,sex,undersampling,False,undersampling,random,ENTIRE,RMSE,45.08,2.21,45.05,0.030000000000001137,0.0665926748057739,-0.0665926748057739
DIATREND,balanced_sex_undersampling,sex,undersampling,False,undersampling,random,ENTIRE,MSE,2036.22,201.11,2033.93,2.2899999999999636,0.112589912140534,-0.112589912140534
DIATREND,balanced_sex_undersampling,sex,undersampling,False,undersampling,random,ENTIRE,MAE,33.28,1.64,33.25,0.030000000000001137,0.09022556390977786,-0.09022556390977786
DIATREND,balanced_sex_undersampling,sex,undersampling,False,undersampling,random,ENTIRE,MAPE,0.19,0.01,0.2,-0.010000000000000009,-5.000000000000004,5.000000000000004
DIATREND,balanced_sex_undersampling_oversampling,sex,undersampling_oversampling,False,same_size,random,TBR_2,A,0.15,0.34,0.0,0.15,,
DIATREND,balanced_sex_undersampling_oversampling,sex,undersampling_oversampling,False,same_size,random,TBR_2,B,0.0,0.0,0.0,0.0,,
DIATREND,balanced_sex_undersampling_oversampling,sex,undersampling_oversampling,False,same_size,random,TBR_2,C,0.0,0.0,0.0,0.0,,
DIATREND,balanced_sex_undersampling_oversampling,sex,undersampling_oversampling,False,same_size,random,TBR_2,D,96.73,1.73,96.53,0.20000000000000284,0.20718947477468438,-0.20718947477468438
DIATREND,balanced_sex_undersampling_oversampling,sex,undersampling_oversampling,False,same_size,random,TBR_2,E,3.12,1.8,3.47,-0.3500000000000001,-10.086455331412106,10.086455331412106
DIATREND,balanced_sex_undersampling_oversampling,sex,undersampling_oversampling,False,same_size,random,TBR_2,A + B,0.15,0.34,0.0,0.15,,
DIATREND,balanced_sex_undersampling_oversampling,sex,undersampling_oversampling,False,same_size,random,TBR_2,RMSE,74.17,7.56,75.28,-1.1099999999999994,-1.4744952178533468,1.4744952178533468
DIATREND,balanced_sex_undersampling_oversampling,sex,undersampling_oversampling,False,same_size,random,TBR_2,MSE,5547.59,1129.82,5710.57,-162.97999999999956,-2.8540058172826805,2.8540058172826805
DIATREND,balanced_sex_undersampling_oversampling,sex,undersampling_oversampling,False,same_size,random,TBR_2,MAE,69.88,6.9,71.22,-1.3400000000000034,-1.8814939623701257,1.8814939623701257
DIATREND,balanced_sex_undersampling_oversampling,sex,undersampling_oversampling,False,same_size,random,TBR_2,MAPE,1.54,0.14,1.57,-0.030000000000000027,-1.9108280254777086,1.9108280254777086
DIATREND,balanced_sex_undersampling_oversampling,sex,undersampling_oversampling,False,same_size,random,TBR_1,A,0.13,0.29,0.01,0.12000000000000001,1200.0,1200.0
DIATREND,balanced_sex_undersampling_oversampling,sex,undersampling_oversampling,False,same_size,random,TBR_1,B,0.0,0.0,0.0,0.0,,
DIATREND,balanced_sex_undersampling_oversampling,sex,undersampling_oversampling,False,same_size,random,TBR_1,C,0.0,0.0,0.0,0.0,,
DIATREND,balanced_sex_undersampling_oversampling,sex,undersampling_oversampling,False,same_size,random,TBR_1,D,97.2,1.14,97.11,0.09000000000000341,0.09267840593142149,-0.09267840593142149
DIATREND,balanced_sex_undersampling_oversampling,sex,undersampling_oversampling,False,same_size,random,TBR_1,E,2.67,1.23,2.88,-0.20999999999999996,-7.291666666666666,7.291666666666666
DIATREND,balanced_sex_undersampling_oversampling,sex,undersampling_oversampling,False,same_size,random,TBR_1,A + B,0.13,0.29,0.01,0.12000000000000001,1200.0,1200.0
DIATREND,balanced_sex_undersampling_oversampling,sex,undersampling_oversampling,False,same_size,random,TBR_1,RMSE,59.18,4.36,59.82,-0.6400000000000006,-1.0698762955533276,1.0698762955533276
DIATREND,balanced_sex_undersampling_oversampling,sex,undersampling_oversampling,False,same_size,random,TBR_1,MSE,3517.89,512.98,3591.41,-73.51999999999998,-2.04710684661456,2.04710684661456
DIATREND,balanced_sex_undersampling_oversampling,sex,undersampling_oversampling,False,same_size,random,TBR_1,MAE,54.42,3.44,55.15,-0.7299999999999969,-1.3236627379873018,1.3236627379873018
DIATREND,balanced_sex_undersampling_oversampling,sex,undersampling_oversampling,False,same_size,random,TBR_1,MAPE,0.87,0.05,0.88,-0.010000000000000009,-1.1363636363636374,1.1363636363636374
DIATREND,balanced_sex_undersampling_oversampling,sex,undersampling_oversampling,False,same_size,random,TIR,A,66.84,2.13,66.2,0.6400000000000006,0.9667673716012093,0.9667673716012093
DIATREND,balanced_sex_undersampling_oversampling,sex,undersampling_oversampling,False,same_size,random,TIR,B,32.54,2.1,33.14,-0.6000000000000014,-1.8105009052504568,
DIATREND,balanced_sex_undersampling_oversampling,sex,undersampling_oversampling,False,same_size,random,TIR,C,0.62,0.2,0.66,-0.040000000000000036,-6.060606060606066,6.060606060606066
DIATREND,balanced_sex_undersampling_oversampling,sex,undersampling_oversampling,False,same_size,random,TIR,D,0.0,0.0,0.0,0.0,,
DIATREND,balanced_sex_undersampling_oversampling,sex,undersampling_oversampling,False,same_size,random,TIR,E,0.0,0.0,0.0,0.0,,
DIATREND,balanced_sex_undersampling_oversampling,sex,undersampling_oversampling,False,same_size,random,TIR,A + B,99.38,0.2,99.34,0.03999999999999204,0.0402657539762352,0.0402657539762352
DIATREND,balanced_sex_undersampling_oversampling,sex,undersampling_oversampling,False,same_size,random,TIR,RMSE,30.31,1.06,30.72,-0.41000000000000014,-1.3346354166666672,1.3346354166666672
DIATREND,balanced_sex_undersampling_oversampling,sex,undersampling_oversampling,False,same_size,random,TIR,MSE,919.84,63.88,944.97,-25.129999999999995,-2.6593436828682386,2.6593436828682386
DIATREND,balanced_sex_undersampling_oversampling,sex,undersampling_oversampling,False,same_size,random,TIR,MAE,22.35,0.68,22.67,-0.3200000000000003,-1.4115571239523612,1.4115571239523612
DIATREND,balanced_sex_undersampling_oversampling,sex,undersampling_oversampling,False,same_size,random,TIR,MAPE,0.19,0.01,0.19,0.0,0.0,-0.0
DIATREND,balanced_sex_undersampling_oversampling,sex,undersampling_oversampling,False,same_size,random,TAR_1,A,70.64,1.88,70.98,-0.3400000000000034,-0.47900817131586837,-0.47900817131586837
DIATREND,balanced_sex_undersampling_oversampling,sex,undersampling_oversampling,False,same_size,random,TAR_1,B,27.09,1.71,26.82,0.2699999999999996,1.0067114093959715,
DIATREND,balanced_sex_undersampling_oversampling,sex,undersampling_oversampling,False,same_size,random,TAR_1,C,0.13,0.06,0.1,0.03,30.0,-30.0
DIATREND,balanced_sex_undersampling_oversampling,sex,undersampling_oversampling,False,same_size,random,TAR_1,D,2.14,0.19,2.11,0.03000000000000025,1.4218009478673106,-1.4218009478673106
DIATREND,balanced_sex_undersampling_oversampling,sex,undersampling_oversampling,False,same_size,random,TAR_1,E,0.0,0.0,0.0,0.0,,
DIATREND,balanced_sex_undersampling_oversampling,sex,undersampling_oversampling,False,same_size,random,TAR_1,A + B,97.73,0.19,97.79,-0.060000000000002274,-0.061355966867780214,-0.061355966867780214
DIATREND,balanced_sex_undersampling_oversampling,sex,undersampling_oversampling,False,same_size,random,TAR_1,RMSE,42.4,1.36,42.08,0.3200000000000003,0.7604562737642593,-0.7604562737642593
DIATREND,balanced_sex_undersampling_oversampling,sex,undersampling_oversampling,False,same_size,random,TAR_1,MSE,1798.86,115.29,1771.85,27.00999999999999,1.524395405931653,-1.524395405931653
DIATREND,balanced_sex_undersampling_oversampling,sex,undersampling_oversampling,False,same_size,random,TAR_1,MAE,33.17,1.11,32.9,0.2700000000000031,0.8206686930091281,-0.8206686930091281
DIATREND,balanced_sex_undersampling_oversampling,sex,undersampling_oversampling,False,same_size,random,TAR_1,MAPE,0.16,0.01,0.15,0.010000000000000009,6.666666666666673,-6.666666666666673
DIATREND,balanced_sex_undersampling_oversampling,sex,undersampling_oversampling,False,same_size,random,TAR_2,A,57.39,1.47,56.98,0.4100000000000037,0.7195507195507261,0.7195507195507261
DIATREND,balanced_sex_undersampling_oversampling,sex,undersampling_oversampling,False,same_size,random,TAR_2,B,33.54,1.57,34.13,-0.5900000000000034,-1.7286844418400333,
DIATREND,balanced_sex_undersampling_oversampling,sex,undersampling_oversampling,False,same_size,random,TAR_2,C,0.0,0.0,0.0,0.0,,
DIATREND,balanced_sex_undersampling_oversampling,sex,undersampling_oversampling,False,same_size,random,TAR_2,D,9.07,1.42,8.89,0.17999999999999972,2.024746906636667,-2.024746906636667
DIATREND,balanced_sex_undersampling_oversampling,sex,undersampling_oversampling,False,same_size,random,TAR_2,E,0.0,0.0,0.0,0.0,,
DIATREND,balanced_sex_undersampling_oversampling,sex,undersampling_oversampling,False,same_size,random,TAR_2,A + B,90.93,1.42,91.11,-0.1799999999999926,-0.19756338491932018,-0.19756338491932018
DIATREND,balanced_sex_undersampling_oversampling,sex,undersampling_oversampling,False,same_size,random,TAR_2,RMSE,72.57,3.4,72.34,0.22999999999998977,0.3179430467237901,-0.3179430467237901
DIATREND,balanced_sex_undersampling_oversampling,sex,undersampling_oversampling,False,same_size,random,TAR_2,MSE,5275.57,504.91,5246.21,29.359999999999673,0.5596421035375952,-0.5596421035375952
DIATREND,balanced_sex_undersampling_oversampling,sex,undersampling_oversampling,False,same_size,random,TAR_2,MAE,60.92,2.86,60.55,0.37000000000000455,0.6110652353426995,-0.6110652353426995
DIATREND,balanced_sex_undersampling_oversampling,sex,undersampling_oversampling,False,same_size,random,TAR_2,MAPE,0.2,0.0,0.2,0.0,0.0,-0.0
DIATREND,balanced_sex_undersampling_oversampling,sex,undersampling_oversampling,False,same_size,random,ENTIRE,A,64.98,2.28,64.65,0.3299999999999983,0.5104408352668187,0.5104408352668187
DIATREND,balanced_sex_undersampling_oversampling,sex,undersampling_oversampling,False,same_size,random,ENTIRE,B,30.6,1.51,30.95,-0.34999999999999787,-1.1308562197092016,
DIATREND,balanced_sex_undersampling_oversampling,sex,undersampling_oversampling,False,same_size,random,ENTIRE,C,0.35,0.12,0.36,-0.010000000000000009,-2.7777777777777803,2.7777777777777803
DIATREND,balanced_sex_undersampling_oversampling,sex,undersampling_oversampling,False,same_size,random,ENTIRE,D,4.02,0.77,3.98,0.03999999999999959,1.0050251256281304,-1.0050251256281304
DIATREND,balanced_sex_undersampling_oversampling,sex,undersampling_oversampling,False,same_size,random,ENTIRE,E,0.05,0.02,0.05,0.0,0.0,-0.0
DIATREND,balanced_sex_undersampling_oversampling,sex,undersampling_oversampling,False,same_size,random,ENTIRE,A + B,95.58,0.83,95.6,-0.01999999999999602,-0.02092050209204605,-0.02092050209204605
DIATREND,balanced_sex_undersampling_oversampling,sex,undersampling_oversampling,False,same_size,random,ENTIRE,RMSE,45.02,2.26,45.05,-0.02999999999999403,-0.06659267480575812,0.06659267480575812
DIATREND,balanced_sex_undersampling_oversampling,sex,undersampling_oversampling,False,same_size,random,ENTIRE,MSE,2030.92,205.54,2033.93,-3.009999999999991,-0.14798936049913175,0.14798936049913175
DIATREND,balanced_sex_undersampling_oversampling,sex,undersampling_oversampling,False,same_size,random,ENTIRE,MAE,33.21,1.69,33.25,-0.03999999999999915,-0.12030075187969669,0.12030075187969669
DIATREND,balanced_sex_undersampling_oversampling,sex,undersampling_oversampling,False,same_size,random,ENTIRE,MAPE,0.19,0.01,0.2,-0.010000000000000009,-5.000000000000004,5.000000000000004
DIATREND,balanced_sex_undersampling_smote,sex,undersampling_smote,False,same_size,random+guided,TBR_2,A,0.0,0.0,0.0,0.0,,
DIATREND,balanced_sex_undersampling_smote,sex,undersampling_smote,False,same_size,random+guided,TBR_2,B,0.0,0.0,0.0,0.0,,
DIATREND,balanced_sex_undersampling_smote,sex,undersampling_smote,False,same_size,random+guided,TBR_2,C,0.0,0.0,0.0,0.0,,
DIATREND,balanced_sex_undersampling_smote,sex,undersampling_smote,False,same_size,random+guided,TBR_2,D,96.87,1.96,96.53,0.3400000000000034,0.352222107116962,-0.352222107116962
DIATREND,balanced_sex_undersampling_smote,sex,undersampling_smote,False,same_size,random+guided,TBR_2,E,3.13,1.96,3.47,-0.3400000000000003,-9.798270893371766,9.798270893371766
DIATREND,balanced_sex_undersampling_smote,sex,undersampling_smote,False,same_size,random+guided,TBR_2,A + B,0.0,0.0,0.0,0.0,,
DIATREND,balanced_sex_undersampling_smote,sex,undersampling_smote,False,same_size,random+guided,TBR_2,RMSE,74.93,7.43,75.28,-0.3499999999999943,-0.4649309245483453,0.4649309245483453
DIATREND,balanced_sex_undersampling_smote,sex,undersampling_smote,False,same_size,random+guided,TBR_2,MSE,5658.78,1122.96,5710.57,-51.789999999999964,-0.906914721297523,0.906914721297523
DIATREND,balanced_sex_undersampling_smote,sex,undersampling_smote,False,same_size,random+guided,TBR_2,MAE,71.06,6.51,71.22,-0.1599999999999966,-0.22465599550687532,0.22465599550687532
DIATREND,balanced_sex_undersampling_smote,sex,undersampling_smote,False,same_size,random+guided,TBR_2,MAPE,1.57,0.13,1.57,0.0,0.0,-0.0
DIATREND,balanced_sex_undersampling_smote,sex,undersampling_smote,False,same_size,random+guided,TBR_1,A,0.01,0.01,0.01,0.0,0.0,0.0
DIATREND,balanced_sex_undersampling_smote,sex,undersampling_smote,False,same_size,random+guided,TBR_1,B,0.0,0.0,0.0,0.0,,
DIATREND,balanced_sex_undersampling_smote,sex,undersampling_smote,False,same_size,random+guided,TBR_1,C,0.0,0.0,0.0,0.0,,
DIATREND,balanced_sex_undersampling_smote,sex,undersampling_smote,False,same_size,random+guided,TBR_1,D,97.35,1.25,97.11,0.23999999999999488,0.24714241581710933,-0.24714241581710933
DIATREND,balanced_sex_undersampling_smote,sex,undersampling_smote,False,same_size,random+guided,TBR_1,E,2.64,1.24,2.88,-0.23999999999999977,-8.333333333333325,8.333333333333325
DIATREND,balanced_sex_undersampling_smote,sex,undersampling_smote,False,same_size,random+guided,TBR_1,A + B,0.01,0.01,0.01,0.0,0.0,0.0
DIATREND,balanced_sex_undersampling_smote,sex,undersampling_smote,False,same_size,random+guided,TBR_1,RMSE,59.21,5.21,59.82,-0.6099999999999994,-1.0197258441992636,1.0197258441992636
DIATREND,balanced_sex_undersampling_smote,sex,undersampling_smote,False,same_size,random+guided,TBR_1,MSE,3527.21,612.95,3591.41,-64.19999999999982,-1.7875987425551476,1.7875987425551476
DIATREND,balanced_sex_undersampling_smote,sex,undersampling_smote,False,same_size,random+guided,TBR_1,MAE,54.68,4.41,55.15,-0.46999999999999886,-0.8522212148685383,0.8522212148685383
DIATREND,balanced_sex_undersampling_smote,sex,undersampling_smote,False,same_size,random+guided,TBR_1,MAPE,0.88,0.07,0.88,0.0,0.0,-0.0
DIATREND,balanced_sex_undersampling_smote,sex,undersampling_smote,False,same_size,random+guided,TIR,A,67.07,2.07,66.2,0.8699999999999903,1.314199395770378,1.314199395770378
DIATREND,balanced_sex_undersampling_smote,sex,undersampling_smote,False,same_size,random+guided,TIR,B,32.3,2.01,33.14,-0.8400000000000034,-2.534701267350644,
DIATREND,balanced_sex_undersampling_smote,sex,undersampling_smote,False,same_size,random+guided,TIR,C,0.62,0.23,0.66,-0.040000000000000036,-6.060606060606066,6.060606060606066
DIATREND,balanced_sex_undersampling_smote,sex,undersampling_smote,False,same_size,random+guided,TIR,D,0.0,0.0,0.0,0.0,,
DIATREND,balanced_sex_undersampling_smote,sex,undersampling_smote,False,same_size,random+guided,TIR,E,0.0,0.0,0.0,0.0,,
DIATREND,balanced_sex_undersampling_smote,sex,undersampling_smote,False,same_size,random+guided,TIR,A + B,99.37,0.23,99.34,0.030000000000001137,0.03019931548218355,0.03019931548218355
DIATREND,balanced_sex_undersampling_smote,sex,undersampling_smote,False,same_size,random+guided,TIR,RMSE,30.25,1.21,30.72,-0.46999999999999886,-1.529947916666663,1.529947916666663
DIATREND,balanced_sex_undersampling_smote,sex,undersampling_smote,False,same_size,random+guided,TIR,MSE,916.36,72.81,944.97,-28.610000000000014,-3.0276093420955177,3.0276093420955177
DIATREND,balanced_sex_undersampling_smote,sex,undersampling_smote,False,same_size,random+guided,TIR,MAE,22.3,0.83,22.67,-0.370000000000001,-1.6321129245699204,1.6321129245699204
DIATREND,balanced_sex_undersampling_smote,sex,undersampling_smote,False,same_size,random+guided,TIR,MAPE,0.19,0.01,0.19,0.0,0.0,-0.0
DIATREND,balanced_sex_undersampling_smote,sex,undersampling_smote,False,same_size,random+guided,TAR_1,A,70.03,1.32,70.98,-0.9500000000000028,-1.3384051845590348,-1.3384051845590348
DIATREND,balanced_sex_undersampling_smote,sex,undersampling_smote,False,same_size,random+guided,TAR_1,B,27.67,1.18,26.82,0.8500000000000014,3.16927665920955,
DIATREND,balanced_sex_undersampling_smote,sex,undersampling_smote,False,same_size,random+guided,TAR_1,C,0.12,0.05,0.1,0.01999999999999999,19.99999999999999,-19.99999999999999
DIATREND,balanced_sex_undersampling_smote,sex,undersampling_smote,False,same_size,random+guided,TAR_1,D,2.18,0.15,2.11,0.07000000000000028,3.31753554502371,-3.31753554502371
DIATREND,balanced_sex_undersampling_smote,sex,undersampling_smote,False,same_size,random+guided,TAR_1,E,0.0,0.0,0.0,0.0,,
DIATREND,balanced_sex_undersampling_smote,sex,undersampling_smote,False,same_size,random+guided,TAR_1,A + B,97.7,0.16,97.79,-0.09000000000000341,-0.09203395030167032,-0.09203395030167032
DIATREND,balanced_sex_undersampling_smote,sex,undersampling_smote,False,same_size,random+guided,TAR_1,RMSE,42.79,0.99,42.08,0.7100000000000009,1.6872623574144505,-1.6872623574144505
DIATREND,balanced_sex_undersampling_smote,sex,undersampling_smote,False,same_size,random+guided,TAR_1,MSE,1831.38,83.35,1771.85,59.5300000000002,3.3597652171459327,-3.3597652171459327
DIATREND,balanced_sex_undersampling_smote,sex,undersampling_smote,False,same_size,random+guided,TAR_1,MAE,33.63,0.68,32.9,0.730000000000004,2.218844984802444,-2.218844984802444
DIATREND,balanced_sex_undersampling_smote,sex,undersampling_smote,False,same_size,random+guided,TAR_1,MAPE,0.16,0.0,0.15,0.010000000000000009,6.666666666666673,-6.666666666666673
DIATREND,balanced_sex_undersampling_smote,sex,undersampling_smote,False,same_size,random+guided,TAR_2,A,56.86,1.92,56.98,-0.11999999999999744,-0.21060021060020614,-0.21060021060020614
DIATREND,balanced_sex_undersampling_smote,sex,undersampling_smote,False,same_size,random+guided,TAR_2,B,33.91,2.28,34.13,-0.22000000000000597,-0.6445941986522296,
DIATREND,balanced_sex_undersampling_smote,sex,undersampling_smote,False,same_size,random+guided,TAR_2,C,0.0,0.0,0.0,0.0,,
DIATREND,balanced_sex_undersampling_smote,sex,undersampling_smote,False,same_size,random+guided,TAR_2,D,9.23,1.58,8.89,0.33999999999999986,3.824521934758154,-3.824521934758154
DIATREND,balanced_sex_undersampling_smote,sex,undersampling_smote,False,same_size,random+guided,TAR_2,E,0.0,0.0,0.0,0.0,,
DIATREND,balanced_sex_undersampling_smote,sex,undersampling_smote,False,same_size,random+guided,TAR_2,A + B,90.77,1.59,91.11,-0.3400000000000034,-0.3731752826254016,-0.3731752826254016
DIATREND,balanced_sex_undersampling_smote,sex,undersampling_smote,False,same_size,random+guided,TAR_2,RMSE,72.71,3.33,72.34,0.36999999999999034,0.5114735969034978,-0.5114735969034978
DIATREND,balanced_sex_undersampling_smote,sex,undersampling_smote,False,same_size,random+guided,TAR_2,MSE,5295.92,496.69,5246.21,49.710000000000036,0.9475411773451698,-0.9475411773451698
DIATREND,balanced_sex_undersampling_smote,sex,undersampling_smote,False,same_size,random+guided,TAR_2,MAE,61.01,2.74,60.55,0.46000000000000085,0.7597027250206455,-0.7597027250206455
DIATREND,balanced_sex_undersampling_smote,sex,undersampling_smote,False,same_size,random+guided,TAR_2,MAPE,0.2,0.0,0.2,0.0,0.0,-0.0
DIATREND,balanced_sex_undersampling_smote,sex,undersampling_smote,False,same_size,random+guided,ENTIRE,A,64.81,2.2,64.65,0.1599999999999966,0.24748646558390808,0.24748646558390808
DIATREND,balanced_sex_undersampling_smote,sex,undersampling_smote,False,same_size,random+guided,ENTIRE,B,30.72,1.48,30.95,-0.23000000000000043,-0.7431340872374812,
DIATREND,balanced_sex_undersampling_smote,sex,undersampling_smote,False,same_size,random+guided,ENTIRE,C,0.35,0.13,0.36,-0.010000000000000009,-2.7777777777777803,2.7777777777777803
DIATREND,balanced_sex_undersampling_smote,sex,undersampling_smote,False,same_size,random+guided,ENTIRE,D,4.06,0.73,3.98,0.07999999999999963,2.010050251256272,-2.010050251256272
DIATREND,balanced_sex_undersampling_smote,sex,undersampling_smote,False,same_size,random+guided,ENTIRE,E,0.05,0.02,0.05,0.0,0.0,-0.0
DIATREND,balanced_sex_undersampling_smote,sex,undersampling_smote,False,same_size,random+guided,ENTIRE,A + B,95.54,0.79,95.6,-0.05999999999998806,-0.06276150627613815,-0.06276150627613815
DIATREND,balanced_sex_undersampling_smote,sex,undersampling_smote,False,same_size,random+guided,ENTIRE,RMSE,45.16,2.13,45.05,0.10999999999999943,0.24417314095449374,-0.24417314095449374
DIATREND,balanced_sex_undersampling_smote,sex,undersampling_smote,False,same_size,random+guided,ENTIRE,MSE,2042.84,194.38,2033.93,8.909999999999854,0.43806817343762344,-0.43806817343762344
DIATREND,balanced_sex_undersampling_smote,sex,undersampling_smote,False,same_size,random+guided,ENTIRE,MAE,33.34,1.54,33.25,0.09000000000000341,0.27067669172933356,-0.27067669172933356
DIATREND,balanced_sex_undersampling_smote,sex,undersampling_smote,False,same_size,random+guided,ENTIRE,MAPE,0.19,0.01,0.2,-0.010000000000000009,-5.000000000000004,5.000000000000004
DIATREND,original,,original,True,baseline,baseline,TBR_2,A,0.0,0.0,0.0,0.0,,
DIATREND,original,,original,True,baseline,baseline,TBR_2,B,0.0,0.0,0.0,0.0,,
DIATREND,original,,original,True,baseline,baseline,TBR_2,C,0.0,0.0,0.0,0.0,,
DIATREND,original,,original,True,baseline,baseline,TBR_2,D,96.53,2.02,96.53,0.0,0.0,-0.0
DIATREND,original,,original,True,baseline,baseline,TBR_2,E,3.47,2.02,3.47,0.0,0.0,-0.0
DIATREND,original,,original,True,baseline,baseline,TBR_2,A + B,0.0,0.0,0.0,0.0,,
DIATREND,original,,original,True,baseline,baseline,TBR_2,RMSE,75.28,7.33,75.28,0.0,0.0,-0.0
DIATREND,original,,original,True,baseline,baseline,TBR_2,MSE,5710.57,1119.85,5710.57,0.0,0.0,-0.0
DIATREND,original,,original,True,baseline,baseline,TBR_2,MAE,71.22,6.14,71.22,0.0,0.0,-0.0
DIATREND,original,,original,True,baseline,baseline,TBR_2,MAPE,1.57,0.12,1.57,0.0,0.0,-0.0
DIATREND,original,,original,True,baseline,baseline,TBR_1,A,0.01,0.01,0.01,0.0,0.0,0.0
DIATREND,original,,original,True,baseline,baseline,TBR_1,B,0.0,0.0,0.0,0.0,,
DIATREND,original,,original,True,baseline,baseline,TBR_1,C,0.0,0.0,0.0,0.0,,
DIATREND,original,,original,True,baseline,baseline,TBR_1,D,97.11,1.26,97.11,0.0,0.0,-0.0
DIATREND,original,,original,True,baseline,baseline,TBR_1,E,2.88,1.25,2.88,0.0,0.0,-0.0
DIATREND,original,,original,True,baseline,baseline,TBR_1,A + B,0.01,0.01,0.01,0.0,0.0,0.0
DIATREND,original,,original,True,baseline,baseline,TBR_1,RMSE,59.82,3.94,59.82,0.0,0.0,-0.0
DIATREND,original,,original,True,baseline,baseline,TBR_1,MSE,3591.41,476.87,3591.41,0.0,0.0,-0.0
DIATREND,original,,original,True,baseline,baseline,TBR_1,MAE,55.15,2.65,55.15,0.0,0.0,-0.0
DIATREND,original,,original,True,baseline,baseline,TBR_1,MAPE,0.88,0.04,0.88,0.0,0.0,-0.0
DIATREND,original,,original,True,baseline,baseline,TIR,A,66.2,2.33,66.2,0.0,0.0,0.0
DIATREND,original,,original,True,baseline,baseline,TIR,B,33.14,2.32,33.14,0.0,0.0,
DIATREND,original,,original,True,baseline,baseline,TIR,C,0.66,0.23,0.66,0.0,0.0,-0.0
DIATREND,original,,original,True,baseline,baseline,TIR,D,0.0,0.0,0.0,0.0,,
DIATREND,original,,original,True,baseline,baseline,TIR,E,0.0,0.0,0.0,0.0,,
DIATREND,original,,original,True,baseline,baseline,TIR,A + B,99.34,0.23,99.34,0.0,0.0,0.0
DIATREND,original,,original,True,baseline,baseline,TIR,RMSE,30.72,1.14,30.72,0.0,0.0,-0.0
DIATREND,original,,original,True,baseline,baseline,TIR,MSE,944.97,69.08,944.97,0.0,0.0,-0.0
DIATREND,original,,original,True,baseline,baseline,TIR,MAE,22.67,0.74,22.67,0.0,0.0,-0.0
DIATREND,original,,original,True,baseline,baseline,TIR,MAPE,0.19,0.01,0.19,0.0,0.0,-0.0
DIATREND,original,,original,True,baseline,baseline,TAR_1,A,70.98,1.44,70.98,0.0,0.0,0.0
DIATREND,original,,original,True,baseline,baseline,TAR_1,B,26.82,1.28,26.82,0.0,0.0,
DIATREND,original,,original,True,baseline,baseline,TAR_1,C,0.1,0.05,0.1,0.0,0.0,-0.0
DIATREND,original,,original,True,baseline,baseline,TAR_1,D,2.11,0.16,2.11,0.0,0.0,-0.0
DIATREND,original,,original,True,baseline,baseline,TAR_1,E,0.0,0.0,0.0,0.0,,
DIATREND,original,,original,True,baseline,baseline,TAR_1,A + B,97.79,0.17,97.79,0.0,0.0,0.0
DIATREND,original,,original,True,baseline,baseline,TAR_1,RMSE,42.08,1.21,42.08,0.0,0.0,-0.0
DIATREND,original,,original,True,baseline,baseline,TAR_1,MSE,1771.85,101.08,1771.85,0.0,0.0,-0.0
DIATREND,original,,original,True,baseline,baseline,TAR_1,MAE,32.9,0.89,32.9,0.0,0.0,-0.0
DIATREND,original,,original,True,baseline,baseline,TAR_1,MAPE,0.15,0.0,0.15,0.0,0.0,-0.0
DIATREND,original,,original,True,baseline,baseline,TAR_2,A,56.98,3.7,56.98,0.0,0.0,0.0
DIATREND,original,,original,True,baseline,baseline,TAR_2,B,34.13,3.78,34.13,0.0,0.0,
DIATREND,original,,original,True,baseline,baseline,TAR_2,C,0.0,0.0,0.0,0.0,,
DIATREND,original,,original,True,baseline,baseline,TAR_2,D,8.89,1.28,8.89,0.0,0.0,-0.0
DIATREND,original,,original,True,baseline,baseline,TAR_2,E,0.0,0.0,0.0,0.0,,
DIATREND,original,,original,True,baseline,baseline,TAR_2,A + B,91.11,1.28,91.11,0.0,0.0,0.0
DIATREND,original,,original,True,baseline,baseline,TAR_2,RMSE,72.34,4.08,72.34,0.0,0.0,-0.0
DIATREND,original,,original,True,baseline,baseline,TAR_2,MSE,5246.21,605.73,5246.21,0.0,0.0,-0.0
DIATREND,original,,original,True,baseline,baseline,TAR_2,MAE,60.55,3.63,60.55,0.0,0.0,-0.0
DIATREND,original,,original,True,baseline,baseline,TAR_2,MAPE,0.2,0.01,0.2,0.0,0.0,-0.0
DIATREND,original,,original,True,baseline,baseline,ENTIRE,A,64.65,2.84,64.65,0.0,0.0,0.0
DIATREND,original,,original,True,baseline,baseline,ENTIRE,B,30.95,2.06,30.95,0.0,0.0,
DIATREND,original,,original,True,baseline,baseline,ENTIRE,C,0.36,0.13,0.36,0.0,0.0,-0.0
DIATREND,original,,original,True,baseline,baseline,ENTIRE,D,3.98,0.79,3.98,0.0,0.0,-0.0
DIATREND,original,,original,True,baseline,baseline,ENTIRE,E,0.05,0.02,0.05,0.0,0.0,-0.0
DIATREND,original,,original,True,baseline,baseline,ENTIRE,A + B,95.6,0.84,95.6,0.0,0.0,0.0
DIATREND,original,,original,True,baseline,baseline,ENTIRE,RMSE,45.05,2.45,45.05,0.0,0.0,-0.0
DIATREND,original,,original,True,baseline,baseline,ENTIRE,MSE,2033.93,223.2,2033.93,0.0,0.0,-0.0
DIATREND,original,,original,True,baseline,baseline,ENTIRE,MAE,33.25,1.87,33.25,0.0,0.0,-0.0
DIATREND,original,,original,True,baseline,baseline,ENTIRE,MAPE,0.2,0.01,0.2,0.0,0.0,-0.0
REPLACE-BG,balanced_age_jittering,age,jittering,False,oversampling,guided,TBR_2,A,0.0,0.0,0.3,-0.3,-100.0,-100.0
REPLACE-BG,balanced_age_jittering,age,jittering,False,oversampling,guided,TBR_2,B,0.0,0.0,0.0,0.0,,
REPLACE-BG,balanced_age_jittering,age,jittering,False,oversampling,guided,TBR_2,C,0.0,0.0,0.0,0.0,,
REPLACE-BG,balanced_age_jittering,age,jittering,False,oversampling,guided,TBR_2,D,99.42,0.13,99.09,0.3299999999999983,0.33303057826218413,-0.33303057826218413
REPLACE-BG,balanced_age_jittering,age,jittering,False,oversampling,guided,TBR_2,E,0.58,0.13,0.6,-0.020000000000000018,-3.3333333333333366,3.3333333333333366
REPLACE-BG,balanced_age_jittering,age,jittering,False,oversampling,guided,TBR_2,A + B,0.0,0.0,0.3,-0.3,-100.0,-100.0
REPLACE-BG,balanced_age_jittering,age,jittering,False,oversampling,guided,TBR_2,RMSE,57.84,0.5,57.29,0.5500000000000043,0.9600279280851881,-0.9600279280851881
REPLACE-BG,balanced_age_jittering,age,jittering,False,oversampling,guided,TBR_2,MSE,3346.06,57.34,3283.67,62.38999999999987,1.90000822250713,-1.90000822250713
REPLACE-BG,balanced_age_jittering,age,jittering,False,oversampling,guided,TBR_2,MAE,55.14,0.62,54.45,0.6899999999999977,1.2672176308539902,-1.2672176308539902
REPLACE-BG,balanced_age_jittering,age,jittering,False,oversampling,guided,TBR_2,MAPE,1.22,0.01,1.2,0.020000000000000018,1.6666666666666683,-1.6666666666666683
REPLACE-BG,balanced_age_jittering,age,jittering,False,oversampling,guided,TBR_1,A,0.2,0.22,0.38,-0.18,-47.368421052631575,-47.368421052631575
REPLACE-BG,balanced_age_jittering,age,jittering,False,oversampling,guided,TBR_1,B,0.0,0.0,0.0,0.0,,
REPLACE-BG,balanced_age_jittering,age,jittering,False,oversampling,guided,TBR_1,C,0.0,0.0,0.0,0.0,,
REPLACE-BG,balanced_age_jittering,age,jittering,False,oversampling,guided,TBR_1,D,99.29,0.29,99.11,0.18000000000000682,0.18161638583392878,-0.18161638583392878
REPLACE-BG,balanced_age_jittering,age,jittering,False,oversampling,guided,TBR_1,E,0.51,0.11,0.51,0.0,0.0,-0.0
REPLACE-BG,balanced_age_jittering,age,jittering,False,oversampling,guided,TBR_1,A + B,0.2,0.22,0.38,-0.18,-47.368421052631575,-47.368421052631575
REPLACE-BG,balanced_age_jittering,age,jittering,False,oversampling,guided,TBR_1,RMSE,42.44,0.56,42.02,0.4199999999999946,0.9995240361732379,-0.9995240361732379
REPLACE-BG,balanced_age_jittering,age,jittering,False,oversampling,guided,TBR_1,MSE,1801.11,48.0,1766.39,34.7199999999998,1.965590837810438,-1.965590837810438
REPLACE-BG,balanced_age_jittering,age,jittering,False,oversampling,guided,TBR_1,MAE,39.13,0.86,38.57,0.5600000000000023,1.451905626134307,-1.451905626134307
REPLACE-BG,balanced_age_jittering,age,jittering,False,oversampling,guided,TBR_1,MAPE,0.63,0.01,0.62,0.010000000000000009,1.6129032258064528,-1.6129032258064528
REPLACE-BG,balanced_age_jittering,age,jittering,False,oversampling,guided,TIR,A,71.86,0.55,71.95,-0.09000000000000341,-0.12508686587908743,-0.12508686587908743
REPLACE-BG,balanced_age_jittering,age,jittering,False,oversampling,guided,TIR,B,27.98,0.53,27.88,0.10000000000000142,0.3586800573888143,
REPLACE-BG,balanced_age_jittering,age,jittering,False,oversampling,guided,TIR,C,0.16,0.03,0.17,-0.010000000000000009,-5.8823529411764754,5.8823529411764754
REPLACE-BG,balanced_age_jittering,age,jittering,False,oversampling,guided,TIR,D,0.0,0.0,0.0,0.0,,
REPLACE-BG,balanced_age_jittering,age,jittering,False,oversampling,guided,TIR,E,0.0,0.0,0.0,0.0,,
REPLACE-BG,balanced_age_jittering,age,jittering,False,oversampling,guided,TIR,A + B,99.84,0.02,99.83,0.010000000000005116,0.010017028949218788,0.010017028949218788
REPLACE-BG,balanced_age_jittering,age,jittering,False,oversampling,guided,TIR,RMSE,25.64,0.51,25.66,-0.019999999999999574,-0.07794232268121425,0.07794232268121425
REPLACE-BG,balanced_age_jittering,age,jittering,False,oversampling,guided,TIR,MSE,657.59,25.79,658.58,-0.9900000000000091,-0.150323423122477,0.150323423122477
REPLACE-BG,balanced_age_jittering,age,jittering,False,oversampling,guided,TIR,MAE,19.05,0.28,19.01,0.03999999999999915,0.21041557075223116,-0.21041557075223116
REPLACE-BG,balanced_age_jittering,age,jittering,False,oversampling,guided,TIR,MAPE,0.16,0.0,0.16,0.0,0.0,-0.0
REPLACE-BG,balanced_age_jittering,age,jittering,False,oversampling,guided,TAR_1,A,68.21,1.75,69.22,-1.0100000000000051,-1.4591158624675022,-1.4591158624675022
REPLACE-BG,balanced_age_jittering,age,jittering,False,oversampling,guided,TAR_1,B,29.85,1.69,28.92,0.9299999999999997,3.2157676348547706,
REPLACE-BG,balanced_age_jittering,age,jittering,False,oversampling,guided,TAR_1,C,0.04,0.01,0.03,0.010000000000000002,33.33333333333334,-33.33333333333334
REPLACE-BG,balanced_age_jittering,age,jittering,False,oversampling,guided,TAR_1,D,1.9,0.06,1.83,0.06999999999999984,3.825136612021849,-3.825136612021849
REPLACE-BG,balanced_age_jittering,age,jittering,False,oversampling,guided,TAR_1,E,0.0,0.0,0.0,0.0,,
REPLACE-BG,balanced_age_jittering,age,jittering,False,oversampling,guided,TAR_1,A + B,98.06,0.07,98.14,-0.0799999999999983,-0.08151620134501558,-0.08151620134501558
REPLACE-BG,balanced_age_jittering,age,jittering,False,oversampling,guided,TAR_1,RMSE,43.87,1.05,43.18,0.6899999999999977,1.5979620194534454,-1.5979620194534454
REPLACE-BG,balanced_age_jittering,age,jittering,False,oversampling,guided,TAR_1,MSE,1925.04,92.96,1865.19,59.84999999999991,3.2087883808083846,-3.2087883808083846
REPLACE-BG,balanced_age_jittering,age,jittering,False,oversampling,guided,TAR_1,MAE,35.16,0.98,34.56,0.5999999999999943,1.7361111111110945,-1.7361111111110945
REPLACE-BG,balanced_age_jittering,age,jittering,False,oversampling,guided,TAR_1,MAPE,0.17,0.0,0.16,0.010000000000000009,6.250000000000005,-6.250000000000005
REPLACE-BG,balanced_age_jittering,age,jittering,False,oversampling,guided,TAR_2,A,56.33,1.76,55.88,0.44999999999999574,0.8052970651395772,0.8052970651395772
REPLACE-BG,balanced_age_jittering,age,jittering,False,oversampling,guided,TAR_2,B,33.76,1.45,34.73,-0.9699999999999989,-2.7929743737402792,
REPLACE-BG,balanced_age_jittering,age,jittering,False,oversampling,guided,TAR_2,C,0.0,0.0,0.0,0.0,,
REPLACE-BG,balanced_age_jittering,age,jittering,False,oversampling,guided,TAR_2,D,9.91,1.29,9.39,0.5199999999999996,5.537806176783808,-5.537806176783808
REPLACE-BG,balanced_age_jittering,age,jittering,False,oversampling,guided,TAR_2,E,0.0,0.0,0.0,0.0,,
REPLACE-BG,balanced_age_jittering,age,jittering,False,oversampling,guided,TAR_2,A + B,90.09,1.29,90.61,-0.519999999999996,-0.5738880918220903,-0.5738880918220903
REPLACE-BG,balanced_age_jittering,age,jittering,False,oversampling,guided,TAR_2,RMSE,69.64,0.9,69.31,0.3299999999999983,0.4761217717501058,-0.4761217717501058
REPLACE-BG,balanced_age_jittering,age,jittering,False,oversampling,guided,TAR_2,MSE,4850.02,125.14,4804.83,45.19000000000051,0.9405119431905085,-0.9405119431905085
REPLACE-BG,balanced_age_jittering,age,jittering,False,oversampling,guided,TAR_2,MAE,59.49,0.73,59.37,0.12000000000000455,0.20212228398181664,-0.20212228398181664
REPLACE-BG,balanced_age_jittering,age,jittering,False,oversampling,guided,TAR_2,MAPE,0.2,0.0,0.2,0.0,0.0,-0.0
REPLACE-BG,balanced_age_jittering,age,jittering,False,oversampling,guided,ENTIRE,A,67.01,0.6,67.27,-0.2599999999999909,-0.3865021554927768,-0.3865021554927768
REPLACE-BG,balanced_age_jittering,age,jittering,False,oversampling,guided,ENTIRE,B,27.91,0.43,27.73,0.17999999999999972,0.6491164803461944,
REPLACE-BG,balanced_age_jittering,age,jittering,False,oversampling,guided,ENTIRE,C,0.11,0.01,0.11,0.0,0.0,-0.0
REPLACE-BG,balanced_age_jittering,age,jittering,False,oversampling,guided,ENTIRE,D,4.94,0.18,4.87,0.07000000000000028,1.437371663244359,-1.437371663244359
REPLACE-BG,balanced_age_jittering,age,jittering,False,oversampling,guided,ENTIRE,E,0.02,0.0,0.02,0.0,0.0,-0.0
REPLACE-BG,balanced_age_jittering,age,jittering,False,oversampling,guided,ENTIRE,A + B,94.92,0.19,95.0,-0.0799999999999983,-0.08421052631578768,-0.08421052631578768
REPLACE-BG,balanced_age_jittering,age,jittering,False,oversampling,guided,ENTIRE,RMSE,37.25,0.76,37.0,0.25,0.6756756756756757,-0.6756756756756757
REPLACE-BG,balanced_age_jittering,age,jittering,False,oversampling,guided,ENTIRE,MSE,1388.35,56.39,1369.77,18.579999999999927,1.356432101739703,-1.356432101739703
REPLACE-BG,balanced_age_jittering,age,jittering,False,oversampling,guided,ENTIRE,MAE,27.35,0.65,27.15,0.20000000000000284,0.7366482504604157,-0.7366482504604157
REPLACE-BG,balanced_age_jittering,age,jittering,False,oversampling,guided,ENTIRE,MAPE,0.19,0.0,0.18,0.010000000000000009,5.555555555555561,-5.555555555555561
REPLACE-BG,balanced_age_oversampling,age,oversampling,False,oversampling,random,TBR_2,A,0.03,0.06,0.3,-0.27,-90.00000000000001,-90.00000000000001
REPLACE-BG,balanced_age_oversampling,age,oversampling,False,oversampling,random,TBR_2,B,0.0,0.0,0.0,0.0,,
REPLACE-BG,balanced_age_oversampling,age,oversampling,False,oversampling,random,TBR_2,C,0.0,0.0,0.0,0.0,,
REPLACE-BG,balanced_age_oversampling,age,oversampling,False,oversampling,random,TBR_2,D,99.4,0.14,99.09,0.3100000000000023,0.3128469068523587,-0.3128469068523587
REPLACE-BG,balanced_age_oversampling,age,oversampling,False,oversampling,random,TBR_2,E,0.57,0.14,0.6,-0.030000000000000027,-5.000000000000004,5.000000000000004
REPLACE-BG,balanced_age_oversampling,age,oversampling,False,oversampling,random,TBR_2,A + B,0.03,0.06,0.3,-0.27,-90.00000000000001,-90.00000000000001
REPLACE-BG,balanced_age_oversampling,age,oversampling,False,oversampling,random,TBR_2,RMSE,57.04,1.12,57.29,-0.25,-0.43637633094780937,0.43637633094780937
REPLACE-BG,balanced_age_oversampling,age,oversampling,False,oversampling,random,TBR_2,MSE,3254.98,126.94,3283.67,-28.690000000000055,-0.873717517290107,0.873717517290107
REPLACE-BG,balanced_age_oversampling,age,oversampling,False,oversampling,random,TBR_2,MAE,54.28,1.22,54.45,-0.1700000000000017,-0.3122130394857699,0.3122130394857699
REPLACE-BG,balanced_age_oversampling,age,oversampling,False,oversampling,random,TBR_2,MAPE,1.2,0.03,1.2,0.0,0.0,-0.0
REPLACE-BG,balanced_age_oversampling,age,oversampling,False,oversampling,random,TBR_1,A,0.44,0.5,0.38,0.06,15.789473684210526,15.789473684210526
REPLACE-BG,balanced_age_oversampling,age,oversampling,False,oversampling,random,TBR_1,B,0.0,0.0,0.0,0.0,,
REPLACE-BG,balanced_age_oversampling,age,oversampling,False,oversampling,random,TBR_1,C,0.0,0.0,0.0,0.0,,
REPLACE-BG,balanced_age_oversampling,age,oversampling,False,oversampling,random,TBR_1,D,99.1,0.48,99.11,-0.010000000000005116,-0.010089799213000824,0.010089799213000824
REPLACE-BG,balanced_age_oversampling,age,oversampling,False,oversampling,random,TBR_1,E,0.47,0.12,0.51,-0.040000000000000036,-7.843137254901968,7.843137254901968
REPLACE-BG,balanced_age_oversampling,age,oversampling,False,oversampling,random,TBR_1,A + B,0.44,0.5,0.38,0.06,15.789473684210526,15.789473684210526
REPLACE-BG,balanced_age_oversampling,age,oversampling,False,oversampling,random,TBR_1,RMSE,41.74,0.4,42.02,-0.28000000000000114,-0.6663493574488365,0.6663493574488365
REPLACE-BG,balanced_age_oversampling,age,oversampling,False,oversampling,random,TBR_1,MSE,1742.1,33.5,1766.39,-24.29000000000019,-1.3751210095165955,1.3751210095165955
REPLACE-BG,balanced_age_oversampling,age,oversampling,False,oversampling,random,TBR_1,MAE,38.37,0.53,38.57,-0.20000000000000284,-0.5185377236194006,0.5185377236194006
REPLACE-BG,balanced_age_oversampling,age,oversampling,False,oversampling,random,TBR_1,MAPE,0.62,0.01,0.62,0.0,0.0,-0.0
REPLACE-BG,balanced_age_oversampling,age,oversampling,False,oversampling,random,TIR,A,72.13,0.52,71.95,0.1799999999999926,0.2501737317581551,0.2501737317581551
REPLACE-BG,balanced_age_oversampling,age,oversampling,False,oversampling,random,TIR,B,27.71,0.49,27.88,-0.16999999999999815,-0.609756097560969,
REPLACE-BG,balanced_age_oversampling,age,oversampling,False,oversampling,random,TIR,C,0.16,0.03,0.17,-0.010000000000000009,-5.8823529411764754,5.8823529411764754
REPLACE-BG,balanced_age_oversampling,age,oversampling,False,oversampling,random,TIR,D,0.0,0.0,0.0,0.0,,
REPLACE-BG,balanced_age_oversampling,age,oversampling,False,oversampling,random,TIR,E,0.0,0.0,0.0,0.0,,
REPLACE-BG,balanced_age_oversampling,age,oversampling,False,oversampling,random,TIR,A + B,99.84,0.03,99.83,0.010000000000005116,0.010017028949218788,0.010017028949218788
REPLACE-BG,balanced_age_oversampling,age,oversampling,False,oversampling,random,TIR,RMSE,25.66,0.58,25.66,0.0,0.0,-0.0
REPLACE-BG,balanced_age_oversampling,age,oversampling,False,oversampling,random,TIR,MSE,658.72,29.54,658.58,0.13999999999998636,0.02125785781529751,-0.02125785781529751
REPLACE-BG,balanced_age_oversampling,age,oversampling,False,oversampling,random,TIR,MAE,19.06,0.37,19.01,0.04999999999999716,0.2630194634402796,-0.2630194634402796
REPLACE-BG,balanced_age_oversampling,age,oversampling,False,oversampling,random,TIR,MAPE,0.16,0.0,0.16,0.0,0.0,-0.0
REPLACE-BG,balanced_age_oversampling,age,oversampling,False,oversampling,random,TAR_1,A,68.44,1.37,69.22,-0.7800000000000011,-1.1268419531927205,-1.1268419531927205
REPLACE-BG,balanced_age_oversampling,age,oversampling,False,oversampling,random,TAR_1,B,29.64,1.33,28.92,0.7199999999999989,2.4896265560165936,
REPLACE-BG,balanced_age_oversampling,age,oversampling,False,oversampling,random,TAR_1,C,0.04,0.01,0.03,0.010000000000000002,33.33333333333334,-33.33333333333334
REPLACE-BG,balanced_age_oversampling,age,oversampling,False,oversampling,random,TAR_1,D,1.87,0.04,1.83,0.040000000000000036,2.1857923497267775,-2.1857923497267775
REPLACE-BG,balanced_age_oversampling,age,oversampling,False,oversampling,random,TAR_1,E,0.0,0.0,0.0,0.0,,
REPLACE-BG,balanced_age_oversampling,age,oversampling,False,oversampling,random,TAR_1,A + B,98.09,0.06,98.14,-0.04999999999999716,-0.050947625840632935,-0.050947625840632935
REPLACE-BG,balanced_age_oversampling,age,oversampling,False,oversampling,random,TAR_1,RMSE,43.61,0.92,43.18,0.4299999999999997,0.995831403427512,-0.995831403427512
REPLACE-BG,balanced_age_oversampling,age,oversampling,False,oversampling,random,TAR_1,MSE,1902.38,80.9,1865.19,37.190000000000055,1.9938987448999863,-1.9938987448999863
REPLACE-BG,balanced_age_oversampling,age,oversampling,False,oversampling,random,TAR_1,MAE,34.92,0.81,34.56,0.35999999999999943,1.041666666666665,-1.041666666666665
REPLACE-BG,balanced_age_oversampling,age,oversampling,False,oversampling,random,TAR_1,MAPE,0.17,0.0,0.16,0.010000000000000009,6.250000000000005,-6.250000000000005
REPLACE-BG,balanced_age_oversampling,age,oversampling,False,oversampling,random,TAR_2,A,57.85,1.2,55.88,1.9699999999999989,3.525411596277736,3.525411596277736
REPLACE-BG,balanced_age_oversampling,age,oversampling,False,oversampling,random,TAR_2,B,32.56,0.39,34.73,-2.1699999999999946,-6.2482004031096885,
REPLACE-BG,balanced_age_oversampling,age,oversampling,False,oversampling,random,TAR_2,C,0.0,0.0,0.0,0.0,,
REPLACE-BG,balanced_age_oversampling,age,oversampling,False,oversampling,random,TAR_2,D,9.59,1.06,9.39,0.1999999999999993,2.129925452609151,-2.129925452609151
REPLACE-BG,balanced_age_oversampling,age,oversampling,False,oversampling,random,TAR_2,E,0.0,0.0,0.0,0.0,,
REPLACE-BG,balanced_age_oversampling,age,oversampling,False,oversampling,random,TAR_2,A + B,90.41,1.05,90.61,-0.20000000000000284,-0.22072618916234724,-0.22072618916234724
REPLACE-BG,balanced_age_oversampling,age,oversampling,False,oversampling,random,TAR_2,RMSE,68.52,0.87,69.31,-0.7900000000000063,-1.1398066657048134,1.1398066657048134
REPLACE-BG,balanced_age_oversampling,age,oversampling,False,oversampling,random,TAR_2,MSE,4695.86,118.28,4804.83,-108.97000000000025,-2.2679262325618232,2.2679262325618232
REPLACE-BG,balanced_age_oversampling,age,oversampling,False,oversampling,random,TAR_2,MAE,58.3,0.64,59.37,-1.0700000000000003,-1.8022570321711309,1.8022570321711309
REPLACE-BG,balanced_age_oversampling,age,oversampling,False,oversampling,random,TAR_2,MAPE,0.2,0.0,0.2,0.0,0.0,-0.0
REPLACE-BG,balanced_age_oversampling,age,oversampling,False,oversampling,random,ENTIRE,A,67.39,0.49,67.27,0.12000000000000455,0.17838561022744842,0.17838561022744842
REPLACE-BG,balanced_age_oversampling,age,oversampling,False,oversampling,random,ENTIRE,B,27.58,0.36,27.73,-0.15000000000000213,-0.5409304002885039,
REPLACE-BG,balanced_age_oversampling,age,oversampling,False,oversampling,random,ENTIRE,C,0.11,0.02,0.11,0.0,0.0,-0.0
REPLACE-BG,balanced_age_oversampling,age,oversampling,False,oversampling,random,ENTIRE,D,4.9,0.17,4.87,0.03000000000000025,0.6160164271047278,-0.6160164271047278
REPLACE-BG,balanced_age_oversampling,age,oversampling,False,oversampling,random,ENTIRE,E,0.02,0.01,0.02,0.0,0.0,-0.0
REPLACE-BG,balanced_age_oversampling,age,oversampling,False,oversampling,random,ENTIRE,A + B,94.97,0.19,95.0,-0.030000000000001137,-0.031578947368422254,-0.031578947368422254
REPLACE-BG,balanced_age_oversampling,age,oversampling,False,oversampling,random,ENTIRE,RMSE,36.97,0.76,37.0,-0.030000000000001137,-0.08108108108108415,0.08108108108108415
REPLACE-BG,balanced_age_oversampling,age,oversampling,False,oversampling,random,ENTIRE,MSE,1367.27,56.34,1369.77,-2.5,-0.18251239259145696,0.18251239259145696
REPLACE-BG,balanced_age_oversampling,age,oversampling,False,oversampling,random,ENTIRE,MAE,27.16,0.69,27.15,0.010000000000001563,0.03683241252302602,-0.03683241252302602
REPLACE-BG,balanced_age_oversampling,age,oversampling,False,oversampling,random,ENTIRE,MAPE,0.18,0.0,0.18,0.0,0.0,-0.0
REPLACE-BG,balanced_age_oversampling_tomek,age,oversampling_tomek,False,same_size,random+guided,TBR_2,A,0.0,0.0,0.3,-0.3,-100.0,-100.0
REPLACE-BG,balanced_age_oversampling_tomek,age,oversampling_tomek,False,same_size,random+guided,TBR_2,B,0.0,0.0,0.0,0.0,,
REPLACE-BG,balanced_age_oversampling_tomek,age,oversampling_tomek,False,same_size,random+guided,TBR_2,C,0.0,0.0,0.0,0.0,,
REPLACE-BG,balanced_age_oversampling_tomek,age,oversampling_tomek,False,same_size,random+guided,TBR_2,D,99.41,0.15,99.09,0.3199999999999932,0.3229387425572643,-0.3229387425572643
REPLACE-BG,balanced_age_oversampling_tomek,age,oversampling_tomek,False,same_size,random+guided,TBR_2,E,0.59,0.15,0.6,-0.010000000000000009,-1.6666666666666683,1.6666666666666683
REPLACE-BG,balanced_age_oversampling_tomek,age,oversampling_tomek,False,same_size,random+guided,TBR_2,A + B,0.0,0.0,0.3,-0.3,-100.0,-100.0
REPLACE-BG,balanced_age_oversampling_tomek,age,oversampling_tomek,False,same_size,random+guided,TBR_2,RMSE,56.9,1.11,57.29,-0.39000000000000057,-0.6807470762785837,0.6807470762785837
REPLACE-BG,balanced_age_oversampling_tomek,age,oversampling_tomek,False,same_size,random+guided,TBR_2,MSE,3238.45,126.8,3283.67,-45.220000000000255,-1.3771176762585844,1.3771176762585844
REPLACE-BG,balanced_age_oversampling_tomek,age,oversampling_tomek,False,same_size,random+guided,TBR_2,MAE,54.11,0.94,54.45,-0.3400000000000034,-0.6244260789715398,0.6244260789715398
REPLACE-BG,balanced_age_oversampling_tomek,age,oversampling_tomek,False,same_size,random+guided,TBR_2,MAPE,1.19,0.02,1.2,-0.010000000000000009,-0.8333333333333341,0.8333333333333341
REPLACE-BG,balanced_age_oversampling_tomek,age,oversampling_tomek,False,same_size,random+guided,TBR_1,A,0.32,0.48,0.38,-0.06,-15.789473684210526,-15.789473684210526
REPLACE-BG,balanced_age_oversampling_tomek,age,oversampling_tomek,False,same_size,random+guided,TBR_1,B,0.0,0.0,0.0,0.0,,
REPLACE-BG,balanced_age_oversampling_tomek,age,oversampling_tomek,False,same_size,random+guided,TBR_1,C,0.0,0.0,0.0,0.0,,
REPLACE-BG,balanced_age_oversampling_tomek,age,oversampling_tomek,False,same_size,random+guided,TBR_1,D,99.19,0.49,99.11,0.0799999999999983,0.08071839370396357,-0.08071839370396357
REPLACE-BG,balanced_age_oversampling_tomek,age,oversampling_tomek,False,same_size,random+guided,TBR_1,E,0.48,0.12,0.51,-0.030000000000000027,-5.8823529411764754,5.8823529411764754
REPLACE-BG,balanced_age_oversampling_tomek,age,oversampling_tomek,False,same_size,random+guided,TBR_1,A + B,0.32,0.48,0.38,-0.06,-15.789473684210526,-15.789473684210526
REPLACE-BG,balanced_age_oversampling_tomek,age,oversampling_tomek,False,same_size,random+guided,TBR_1,RMSE,41.47,1.13,42.02,-0.5500000000000043,-1.3089005235602196,1.3089005235602196
REPLACE-BG,balanced_age_oversampling_tomek,age,oversampling_tomek,False,same_size,random+guided,TBR_1,MSE,1720.64,92.84,1766.39,-45.75,-2.5900282497070295,2.5900282497070295
REPLACE-BG,balanced_age_oversampling_tomek,age,oversampling_tomek,False,same_size,random+guided,TBR_1,MAE,38.02,0.94,38.57,-0.5499999999999972,-1.4259787399533244,1.4259787399533244
REPLACE-BG,balanced_age_oversampling_tomek,age,oversampling_tomek,False,same_size,random+guided,TBR_1,MAPE,0.61,0.02,0.62,-0.010000000000000009,-1.6129032258064528,1.6129032258064528
REPLACE-BG,balanced_age_oversampling_tomek,age,oversampling_tomek,False,same_size,random+guided,TIR,A,72.09,0.87,71.95,0.14000000000000057,0.19457956914524052,0.19457956914524052
REPLACE-BG,balanced_age_oversampling_tomek,age,oversampling_tomek,False,same_size,random+guided,TIR,B,27.75,0.84,27.88,-0.129999999999999,-0.46628407460544835,
REPLACE-BG,balanced_age_oversampling_tomek,age,oversampling_tomek,False,same_size,random+guided,TIR,C,0.16,0.03,0.17,-0.010000000000000009,-5.8823529411764754,5.8823529411764754
REPLACE-BG,balanced_age_oversampling_tomek,age,oversampling_tomek,False,same_size,random+guided,TIR,D,0.0,0.0,0.0,0.0,,
REPLACE-BG,balanced_age_oversampling_tomek,age,oversampling_tomek,False,same_size,random+guided,TIR,E,0.0,0.0,0.0,0.0,,
REPLACE-BG,balanced_age_oversampling_tomek,age,oversampling_tomek,False,same_size,random+guided,TIR,A + B,99.84,0.03,99.83,0.010000000000005116,0.010017028949218788,0.010017028949218788
REPLACE-BG,balanced_age_oversampling_tomek,age,oversampling_tomek,False,same_size,random+guided,TIR,RMSE,25.73,0.52,25.66,0.07000000000000028,0.27279812938425674,-0.27279812938425674
REPLACE-BG,balanced_age_oversampling_tomek,age,oversampling_tomek,False,same_size,random+guided,TIR,MSE,662.09,26.62,658.58,3.509999999999991,0.5329648637978668,-0.5329648637978668
REPLACE-BG,balanced_age_oversampling_tomek,age,oversampling_tomek,False,same_size,random+guided,TIR,MAE,19.08,0.39,19.01,0.06999999999999673,0.3682272488163952,-0.3682272488163952
REPLACE-BG,balanced_age_oversampling_tomek,age,oversampling_tomek,False,same_size,random+guided,TIR,MAPE,0.16,0.0,0.16,0.0,0.0,-0.0
REPLACE-BG,balanced_age_oversampling_tomek,age,oversampling_tomek,False,same_size,random+guided,TAR_1,A,68.48,1.22,69.22,-0.7399999999999949,-1.0690551863623157,-1.0690551863623157
REPLACE-BG,balanced_age_oversampling_tomek,age,oversampling_tomek,False,same_size,random+guided,TAR_1,B,29.62,1.17,28.92,0.6999999999999993,2.4204702627939114,
REPLACE-BG,balanced_age_oversampling_tomek,age,oversampling_tomek,False,same_size,random+guided,TAR_1,C,0.04,0.0,0.03,0.010000000000000002,33.33333333333334,-33.33333333333334
REPLACE-BG,balanced_age_oversampling_tomek,age,oversampling_tomek,False,same_size,random+guided,TAR_1,D,1.86,0.06,1.83,0.030000000000000027,1.6393442622950833,-1.6393442622950833
REPLACE-BG,balanced_age_oversampling_tomek,age,oversampling_tomek,False,same_size,random+guided,TAR_1,E,0.0,0.0,0.0,0.0,,
REPLACE-BG,balanced_age_oversampling_tomek,age,oversampling_tomek,False,same_size,random+guided,TAR_1,A + B,98.1,0.07,98.14,-0.04000000000000625,-0.040758100672515035,-0.040758100672515035
REPLACE-BG,balanced_age_oversampling_tomek,age,oversampling_tomek,False,same_size,random+guided,TAR_1,RMSE,43.66,0.82,43.18,0.4799999999999969,1.1116257526632627,-1.1116257526632627
REPLACE-BG,balanced_age_oversampling_tomek,age,oversampling_tomek,False,same_size,random+guided,TAR_1,MSE,1906.94,71.79,1865.19,41.75,2.2383778596282418,-2.2383778596282418
REPLACE-BG,balanced_age_oversampling_tomek,age,oversampling_tomek,False,same_size,random+guided,TAR_1,MAE,34.94,0.68,34.56,0.37999999999999545,1.0995370370370239,-1.0995370370370239
REPLACE-BG,balanced_age_oversampling_tomek,age,oversampling_tomek,False,same_size,random+guided,TAR_1,MAPE,0.17,0.0,0.16,0.010000000000000009,6.250000000000005,-6.250000000000005
REPLACE-BG,balanced_age_oversampling_tomek,age,oversampling_tomek,False,same_size,random+guided,TAR_2,A,58.2,1.57,55.88,2.3200000000000003,4.151753758052971,4.151753758052971
REPLACE-BG,balanced_age_oversampling_tomek,age,oversampling_tomek,False,same_size,random+guided,TAR_2,B,32.29,0.73,34.73,-2.4399999999999977,-7.025626259717817,
REPLACE-BG,balanced_age_oversampling_tomek,age,oversampling_tomek,False,same_size,random+guided,TAR_2,C,0.0,0.0,0.0,0.0,,
REPLACE-BG,balanced_age_oversampling_tomek,age,oversampling_tomek,False,same_size,random+guided,TAR_2,D,9.52,1.05,9.39,0.129999999999999,1.3844515441959424,-1.3844515441959424
REPLACE-BG,balanced_age_oversampling_tomek,age,oversampling_tomek,False,same_size,random+guided,TAR_2,E,0.0,0.0,0.0,0.0,,
REPLACE-BG,balanced_age_oversampling_tomek,age,oversampling_tomek,False,same_size,random+guided,TAR_2,A + B,90.49,1.04,90.61,-0.12000000000000455,-0.13243571349741148,-0.13243571349741148
REPLACE-BG,balanced_age_oversampling_tomek,age,oversampling_tomek,False,same_size,random+guided,TAR_2,RMSE,68.3,0.78,69.31,-1.0100000000000051,-1.457221180204884,1.457221180204884
REPLACE-BG,balanced_age_oversampling_tomek,age,oversampling_tomek,False,same_size,random+guided,TAR_2,MSE,4665.4,105.9,4804.83,-139.4300000000003,-2.9018716583104975,2.9018716583104975
REPLACE-BG,balanced_age_oversampling_tomek,age,oversampling_tomek,False,same_size,random+guided,TAR_2,MAE,58.05,0.54,59.37,-1.3200000000000003,-2.2233451237999,2.2233451237999
REPLACE-BG,balanced_age_oversampling_tomek,age,oversampling_tomek,False,same_size,random+guided,TAR_2,MAPE,0.2,0.0,0.2,0.0,0.0,-0.0
REPLACE-BG,balanced_age_oversampling_tomek,age,oversampling_tomek,False,same_size,random+guided,ENTIRE,A,67.39,0.82,67.27,0.12000000000000455,0.17838561022744842,0.17838561022744842
REPLACE-BG,balanced_age_oversampling_tomek,age,oversampling_tomek,False,same_size,random+guided,ENTIRE,B,27.58,0.66,27.73,-0.15000000000000213,-0.5409304002885039,
REPLACE-BG,balanced_age_oversampling_tomek,age,oversampling_tomek,False,same_size,random+guided,ENTIRE,C,0.11,0.02,0.11,0.0,0.0,-0.0
REPLACE-BG,balanced_age_oversampling_tomek,age,oversampling_tomek,False,same_size,random+guided,ENTIRE,D,4.9,0.19,4.87,0.03000000000000025,0.6160164271047278,-0.6160164271047278
REPLACE-BG,balanced_age_oversampling_tomek,age,oversampling_tomek,False,same_size,random+guided,ENTIRE,E,0.02,0.01,0.02,0.0,0.0,-0.0
REPLACE-BG,balanced_age_oversampling_tomek,age,oversampling_tomek,False,same_size,random+guided,ENTIRE,A + B,94.97,0.21,95.0,-0.030000000000001137,-0.031578947368422254,-0.031578947368422254
REPLACE-BG,balanced_age_oversampling_tomek,age,oversampling_tomek,False,same_size,random+guided,ENTIRE,RMSE,36.97,0.85,37.0,-0.030000000000001137,-0.08108108108108415,0.08108108108108415
REPLACE-BG,balanced_age_oversampling_tomek,age,oversampling_tomek,False,same_size,random+guided,ENTIRE,MSE,1367.19,63.23,1369.77,-2.5799999999999272,-0.18835278915437825,0.18835278915437825
REPLACE-BG,balanced_age_oversampling_tomek,age,oversampling_tomek,False,same_size,random+guided,ENTIRE,MAE,27.14,0.8,27.15,-0.00999999999999801,-0.03683241252301293,0.03683241252301293
REPLACE-BG,balanced_age_oversampling_tomek,age,oversampling_tomek,False,same_size,random+guided,ENTIRE,MAPE,0.18,0.0,0.18,0.0,0.0,-0.0
REPLACE-BG,balanced_age_patient_aware_undersampling,age,patient_aware_undersampling,False,undersampling,guided,TBR_2,A,0.0,0.0,0.3,-0.3,-100.0,-100.0
REPLACE-BG,balanced_age_patient_aware_undersampling,age,patient_aware_undersampling,False,undersampling,guided,TBR_2,B,0.0,0.0,0.0,0.0,,
REPLACE-BG,balanced_age_patient_aware_undersampling,age,patient_aware_undersampling,False,undersampling,guided,TBR_2,C,0.0,0.0,0.0,0.0,,
REPLACE-BG,balanced_age_patient_aware_undersampling,age,patient_aware_undersampling,False,undersampling,guided,TBR_2,D,99.38,0.14,99.09,0.28999999999999204,0.29266323544251893,-0.29266323544251893
REPLACE-BG,balanced_age_patient_aware_undersampling,age,patient_aware_undersampling,False,undersampling,guided,TBR_2,E,0.62,0.14,0.6,0.020000000000000018,3.3333333333333366,-3.3333333333333366
REPLACE-BG,balanced_age_patient_aware_undersampling,age,patient_aware_undersampling,False,undersampling,guided,TBR_2,A + B,0.0,0.0,0.3,-0.3,-100.0,-100.0
REPLACE-BG,balanced_age_patient_aware_undersampling,age,patient_aware_undersampling,False,undersampling,guided,TBR_2,RMSE,57.64,1.95,57.29,0.3500000000000014,0.6109268633269357,-0.6109268633269357
REPLACE-BG,balanced_age_patient_aware_undersampling,age,patient_aware_undersampling,False,undersampling,guided,TBR_2,MSE,3325.74,227.56,3283.67,42.06999999999971,1.2811884263643945,-1.2811884263643945
REPLACE-BG,balanced_age_patient_aware_undersampling,age,patient_aware_undersampling,False,undersampling,guided,TBR_2,MAE,55.06,1.95,54.45,0.6099999999999994,1.1202938475665736,-1.1202938475665736
REPLACE-BG,balanced_age_patient_aware_undersampling,age,patient_aware_undersampling,False,undersampling,guided,TBR_2,MAPE,1.21,0.05,1.2,0.010000000000000009,0.8333333333333341,-0.8333333333333341
REPLACE-BG,balanced_age_patient_aware_undersampling,age,patient_aware_undersampling,False,undersampling,guided,TBR_1,A,0.1,0.21,0.38,-0.28,-73.6842105263158,-73.6842105263158
REPLACE-BG,balanced_age_patient_aware_undersampling,age,patient_aware_undersampling,False,undersampling,guided,TBR_1,B,0.0,0.0,0.0,0.0,,
REPLACE-BG,balanced_age_patient_aware_undersampling,age,patient_aware_undersampling,False,undersampling,guided,TBR_1,C,0.0,0.0,0.0,0.0,,
REPLACE-BG,balanced_age_patient_aware_undersampling,age,patient_aware_undersampling,False,undersampling,guided,TBR_1,D,99.37,0.23,99.11,0.2600000000000051,0.26233477953789236,-0.26233477953789236
REPLACE-BG,balanced_age_patient_aware_undersampling,age,patient_aware_undersampling,False,undersampling,guided,TBR_1,E,0.53,0.09,0.51,0.020000000000000018,3.921568627450984,-3.921568627450984
REPLACE-BG,balanced_age_patient_aware_undersampling,age,patient_aware_undersampling,False,undersampling,guided,TBR_1,A + B,0.1,0.21,0.38,-0.28,-73.6842105263158,-73.6842105263158
REPLACE-BG,balanced_age_patient_aware_undersampling,age,patient_aware_undersampling,False,undersampling,guided,TBR_1,RMSE,42.34,1.7,42.02,0.3200000000000003,0.7615421227986678,-0.7615421227986678
REPLACE-BG,balanced_age_patient_aware_undersampling,age,patient_aware_undersampling,False,undersampling,guided,TBR_1,MSE,1795.38,146.65,1766.39,28.99000000000001,1.6412004144045205,-1.6412004144045205
REPLACE-BG,balanced_age_patient_aware_undersampling,age,patient_aware_undersampling,False,undersampling,guided,TBR_1,MAE,39.16,1.83,38.57,0.5899999999999963,1.5296862846772006,-1.5296862846772006
REPLACE-BG,balanced_age_patient_aware_undersampling,age,patient_aware_undersampling,False,undersampling,guided,TBR_1,MAPE,0.63,0.03,0.62,0.010000000000000009,1.6129032258064528,-1.6129032258064528
REPLACE-BG,balanced_age_patient_aware_undersampling,age,patient_aware_undersampling,False,undersampling,guided,TIR,A,71.68,0.51,71.95,-0.269999999999996,-0.37526059763724257,-0.37526059763724257
REPLACE-BG,balanced_age_patient_aware_undersampling,age,patient_aware_undersampling,False,undersampling,guided,TIR,B,28.14,0.48,27.88,0.26000000000000156,0.9325681492109096,
REPLACE-BG,balanced_age_patient_aware_undersampling,age,patient_aware_undersampling,False,undersampling,guided,TIR,C,0.17,0.03,0.17,0.0,0.0,-0.0
REPLACE-BG,balanced_age_patient_aware_undersampling,age,patient_aware_undersampling,False,undersampling,guided,TIR,D,0.0,0.0,0.0,0.0,,
REPLACE-BG,balanced_age_patient_aware_undersampling,age,patient_aware_undersampling,False,undersampling,guided,TIR,E,0.0,0.0,0.0,0.0,,
REPLACE-BG,balanced_age_patient_aware_undersampling,age,patient_aware_undersampling,False,undersampling,guided,TIR,A + B,99.83,0.03,99.83,0.0,0.0,0.0
REPLACE-BG,balanced_age_patient_aware_undersampling,age,patient_aware_undersampling,False,undersampling,guided,TIR,RMSE,25.81,0.46,25.66,0.14999999999999858,0.5845674201091137,-0.5845674201091137
REPLACE-BG,balanced_age_patient_aware_undersampling,age,patient_aware_undersampling,False,undersampling,guided,TIR,MSE,666.52,23.63,658.58,7.939999999999941,1.205624221810553,-1.205624221810553
REPLACE-BG,balanced_age_patient_aware_undersampling,age,patient_aware_undersampling,False,undersampling,guided,TIR,MAE,19.18,0.31,19.01,0.16999999999999815,0.8942661756969918,-0.8942661756969918
REPLACE-BG,balanced_age_patient_aware_undersampling,age,patient_aware_undersampling,False,undersampling,guided,TIR,MAPE,0.16,0.0,0.16,0.0,0.0,-0.0
REPLACE-BG,balanced_age_patient_aware_undersampling,age,patient_aware_undersampling,False,undersampling,guided,TAR_1,A,68.96,1.53,69.22,-0.2600000000000051,-0.37561398439758037,-0.37561398439758037
REPLACE-BG,balanced_age_patient_aware_undersampling,age,patient_aware_undersampling,False,undersampling,guided,TAR_1,B,29.19,1.46,28.92,0.2699999999999996,0.9336099585062225,
REPLACE-BG,balanced_age_patient_aware_undersampling,age,patient_aware_undersampling,False,undersampling,guided,TAR_1,C,0.03,0.02,0.03,0.0,0.0,-0.0
REPLACE-BG,balanced_age_patient_aware_undersampling,age,patient_aware_undersampling,False,undersampling,guided,TAR_1,D,1.82,0.08,1.83,-0.010000000000000009,-0.5464480874316944,0.5464480874316944
REPLACE-BG,balanced_age_patient_aware_undersampling,age,patient_aware_undersampling,False,undersampling,guided,TAR_1,E,0.0,0.0,0.0,0.0,,
REPLACE-BG,balanced_age_patient_aware_undersampling,age,patient_aware_undersampling,False,undersampling,guided,TAR_1,A + B,98.15,0.1,98.14,0.010000000000005116,0.01018952516813238,0.01018952516813238
REPLACE-BG,balanced_age_patient_aware_undersampling,age,patient_aware_undersampling,False,undersampling,guided,TAR_1,RMSE,43.39,1.26,43.18,0.21000000000000085,0.4863362667901826,-0.4863362667901826
REPLACE-BG,balanced_age_patient_aware_undersampling,age,patient_aware_undersampling,False,undersampling,guided,TAR_1,MSE,1884.34,110.47,1865.19,19.149999999999864,1.026705054176779,-1.026705054176779
REPLACE-BG,balanced_age_patient_aware_undersampling,age,patient_aware_undersampling,False,undersampling,guided,TAR_1,MAE,34.59,1.08,34.56,0.030000000000001137,0.08680555555555884,-0.08680555555555884
REPLACE-BG,balanced_age_patient_aware_undersampling,age,patient_aware_undersampling,False,undersampling,guided,TAR_1,MAPE,0.16,0.01,0.16,0.0,0.0,-0.0
REPLACE-BG,balanced_age_patient_aware_undersampling,age,patient_aware_undersampling,False,undersampling,guided,TAR_2,A,57.26,2.27,55.88,1.3799999999999955,2.469577666428052,2.469577666428052
REPLACE-BG,balanced_age_patient_aware_undersampling,age,patient_aware_undersampling,False,undersampling,guided,TAR_2,B,33.39,1.93,34.73,-1.3399999999999963,-3.858335732795844,
REPLACE-BG,balanced_age_patient_aware_undersampling,age,patient_aware_undersampling,False,undersampling,guided,TAR_2,C,0.0,0.0,0.0,0.0,,
REPLACE-BG,balanced_age_patient_aware_undersampling,age,patient_aware_undersampling,False,undersampling,guided,TAR_2,D,9.35,1.08,9.39,-0.040000000000000924,-0.4259850905218416,0.4259850905218416
REPLACE-BG,balanced_age_patient_aware_undersampling,age,patient_aware_undersampling,False,undersampling,guided,TAR_2,E,0.0,0.0,0.0,0.0,,
REPLACE-BG,balanced_age_patient_aware_undersampling,age,patient_aware_undersampling,False,undersampling,guided,TAR_2,A + B,90.65,1.08,90.61,0.04000000000000625,0.044145237832475724,0.044145237832475724
REPLACE-BG,balanced_age_patient_aware_undersampling,age,patient_aware_undersampling,False,undersampling,guided,TAR_2,RMSE,68.83,1.45,69.31,-0.480000000000004,-0.692540758909254,0.692540758909254
REPLACE-BG,balanced_age_patient_aware_undersampling,age,patient_aware_undersampling,False,undersampling,guided,TAR_2,MSE,4739.74,198.76,4804.83,-65.09000000000015,-1.3546785214045065,1.3546785214045065
REPLACE-BG,balanced_age_patient_aware_undersampling,age,patient_aware_undersampling,False,undersampling,guided,TAR_2,MAE,58.57,1.31,59.37,-0.7999999999999972,-1.3474818932120551,1.3474818932120551
REPLACE-BG,balanced_age_patient_aware_undersampling,age,patient_aware_undersampling,False,undersampling,guided,TAR_2,MAPE,0.2,0.0,0.2,0.0,0.0,-0.0
REPLACE-BG,balanced_age_patient_aware_undersampling,age,patient_aware_undersampling,False,undersampling,guided,ENTIRE,A,67.16,0.49,67.27,-0.10999999999999943,-0.16352014270848736,-0.16352014270848736
REPLACE-BG,balanced_age_patient_aware_undersampling,age,patient_aware_undersampling,False,undersampling,guided,ENTIRE,B,27.82,0.35,27.73,0.08999999999999986,0.3245582401730972,
REPLACE-BG,balanced_age_patient_aware_undersampling,age,patient_aware_undersampling,False,undersampling,guided,ENTIRE,C,0.12,0.02,0.11,0.009999999999999995,9.090909090909086,-9.090909090909086
REPLACE-BG,balanced_age_patient_aware_undersampling,age,patient_aware_undersampling,False,undersampling,guided,ENTIRE,D,4.87,0.2,4.87,0.0,0.0,-0.0
REPLACE-BG,balanced_age_patient_aware_undersampling,age,patient_aware_undersampling,False,undersampling,guided,ENTIRE,E,0.02,0.0,0.02,0.0,0.0,-0.0
REPLACE-BG,balanced_age_patient_aware_undersampling,age,patient_aware_undersampling,False,undersampling,guided,ENTIRE,A + B,94.99,0.22,95.0,-0.010000000000005116,-0.010526315789479069,-0.010526315789479069
REPLACE-BG,balanced_age_patient_aware_undersampling,age,patient_aware_undersampling,False,undersampling,guided,ENTIRE,RMSE,37.06,0.72,37.0,0.060000000000002274,0.1621621621621683,-0.1621621621621683
REPLACE-BG,balanced_age_patient_aware_undersampling,age,patient_aware_undersampling,False,undersampling,guided,ENTIRE,MSE,1373.8,52.98,1369.77,4.029999999999973,0.2942099768574266,-0.2942099768574266
REPLACE-BG,balanced_age_patient_aware_undersampling,age,patient_aware_undersampling,False,undersampling,guided,ENTIRE,MAE,27.21,0.74,27.15,0.060000000000002274,0.22099447513812992,-0.22099447513812992
REPLACE-BG,balanced_age_patient_aware_undersampling,age,patient_aware_undersampling,False,undersampling,guided,ENTIRE,MAPE,0.19,0.0,0.18,0.010000000000000009,5.555555555555561,-5.555555555555561
REPLACE-BG,balanced_age_smote,age,smote,False,oversampling,guided,TBR_2,A,0.0,0.0,0.3,-0.3,-100.0,-100.0
REPLACE-BG,balanced_age_smote,age,smote,False,oversampling,guided,TBR_2,B,0.0,0.0,0.0,0.0,,
REPLACE-BG,balanced_age_smote,age,smote,False,oversampling,guided,TBR_2,C,0.0,0.0,0.0,0.0,,
REPLACE-BG,balanced_age_smote,age,smote,False,oversampling,guided,TBR_2,D,99.4,0.17,99.09,0.3100000000000023,0.3128469068523587,-0.3128469068523587
REPLACE-BG,balanced_age_smote,age,smote,False,oversampling,guided,TBR_2,E,0.6,0.17,0.6,0.0,0.0,-0.0
REPLACE-BG,balanced_age_smote,age,smote,False,oversampling,guided,TBR_2,A + B,0.0,0.0,0.3,-0.3,-100.0,-100.0
REPLACE-BG,balanced_age_smote,age,smote,False,oversampling,guided,TBR_2,RMSE,56.63,1.35,57.29,-0.6599999999999966,-1.1520335137022109,1.1520335137022109
REPLACE-BG,balanced_age_smote,age,smote,False,oversampling,guided,TBR_2,MSE,3208.57,151.53,3283.67,-75.09999999999991,-2.287075132397589,2.287075132397589
REPLACE-BG,balanced_age_smote,age,smote,False,oversampling,guided,TBR_2,MAE,53.81,1.31,54.45,-0.6400000000000006,-1.1753902662993583,1.1753902662993583
REPLACE-BG,balanced_age_smote,age,smote,False,oversampling,guided,TBR_2,MAPE,1.19,0.03,1.2,-0.010000000000000009,-0.8333333333333341,0.8333333333333341
REPLACE-BG,balanced_age_smote,age,smote,False,oversampling,guided,TBR_1,A,0.3,0.2,0.38,-0.08000000000000002,-21.052631578947373,-21.052631578947373
REPLACE-BG,balanced_age_smote,age,smote,False,oversampling,guided,TBR_1,B,0.0,0.0,0.0,0.0,,
REPLACE-BG,balanced_age_smote,age,smote,False,oversampling,guided,TBR_1,C,0.0,0.0,0.0,0.0,,
REPLACE-BG,balanced_age_smote,age,smote,False,oversampling,guided,TBR_1,D,99.21,0.24,99.11,0.09999999999999432,0.10089799212995088,-0.10089799212995088
REPLACE-BG,balanced_age_smote,age,smote,False,oversampling,guided,TBR_1,E,0.49,0.16,0.51,-0.020000000000000018,-3.921568627450984,3.921568627450984
REPLACE-BG,balanced_age_smote,age,smote,False,oversampling,guided,TBR_1,A + B,0.3,0.2,0.38,-0.08000000000000002,-21.052631578947373,-21.052631578947373
REPLACE-BG,balanced_age_smote,age,smote,False,oversampling,guided,TBR_1,RMSE,41.18,1.47,42.02,-0.8400000000000034,-1.9990480723465094,1.9990480723465094
REPLACE-BG,balanced_age_smote,age,smote,False,oversampling,guided,TBR_1,MSE,1697.42,118.94,1766.39,-68.97000000000003,-3.904573735132107,3.904573735132107
REPLACE-BG,balanced_age_smote,age,smote,False,oversampling,guided,TBR_1,MAE,37.68,1.41,38.57,-0.8900000000000006,-2.307492870106302,2.307492870106302
REPLACE-BG,balanced_age_smote,age,smote,False,oversampling,guided,TBR_1,MAPE,0.61,0.02,0.62,-0.010000000000000009,-1.6129032258064528,1.6129032258064528
REPLACE-BG,balanced_age_smote,age,smote,False,oversampling,guided,TIR,A,72.05,0.89,71.95,0.09999999999999432,0.1389854065323062,0.1389854065323062
REPLACE-BG,balanced_age_smote,age,smote,False,oversampling,guided,TIR,B,27.79,0.86,27.88,-0.08999999999999986,-0.32281205164992777,
REPLACE-BG,balanced_age_smote,age,smote,False,oversampling,guided,TIR,C,0.16,0.03,0.17,-0.010000000000000009,-5.8823529411764754,5.8823529411764754
REPLACE-BG,balanced_age_smote,age,smote,False,oversampling,guided,TIR,D,0.0,0.0,0.0,0.0,,
REPLACE-BG,balanced_age_smote,age,smote,False,oversampling,guided,TIR,E,0.0,0.0,0.0,0.0,,
REPLACE-BG,balanced_age_smote,age,smote,False,oversampling,guided,TIR,A + B,99.83,0.03,99.83,0.0,0.0,0.0
REPLACE-BG,balanced_age_smote,age,smote,False,oversampling,guided,TIR,RMSE,25.83,0.54,25.66,0.16999999999999815,0.6625097427903279,-0.6625097427903279
REPLACE-BG,balanced_age_smote,age,smote,False,oversampling,guided,TIR,MSE,667.23,27.77,658.58,8.649999999999977,1.313431929302435,-1.313431929302435
REPLACE-BG,balanced_age_smote,age,smote,False,oversampling,guided,TIR,MAE,19.14,0.39,19.01,0.129999999999999,0.6838506049447606,-0.6838506049447606
REPLACE-BG,balanced_age_smote,age,smote,False,oversampling,guided,TIR,MAPE,0.16,0.0,0.16,0.0,0.0,-0.0
REPLACE-BG,balanced_age_smote,age,smote,False,oversampling,guided,TAR_1,A,68.71,1.0,69.22,-0.5100000000000051,-0.7367812770875544,-0.7367812770875544
REPLACE-BG,balanced_age_smote,age,smote,False,oversampling,guided,TAR_1,B,29.42,0.98,28.92,0.5,1.7289073305670815,
REPLACE-BG,balanced_age_smote,age,smote,False,oversampling,guided,TAR_1,C,0.04,0.01,0.03,0.010000000000000002,33.33333333333334,-33.33333333333334
REPLACE-BG,balanced_age_smote,age,smote,False,oversampling,guided,TAR_1,D,1.84,0.05,1.83,0.010000000000000009,0.5464480874316944,-0.5464480874316944
REPLACE-BG,balanced_age_smote,age,smote,False,oversampling,guided,TAR_1,E,0.0,0.0,0.0,0.0,,
REPLACE-BG,balanced_age_smote,age,smote,False,oversampling,guided,TAR_1,A + B,98.13,0.05,98.14,-0.010000000000005116,-0.01018952516813238,-0.01018952516813238
REPLACE-BG,balanced_age_smote,age,smote,False,oversampling,guided,TAR_1,RMSE,43.61,0.77,43.18,0.4299999999999997,0.995831403427512,-0.995831403427512
REPLACE-BG,balanced_age_smote,age,smote,False,oversampling,guided,TAR_1,MSE,1902.33,67.49,1865.19,37.13999999999987,1.9912180528525176,-1.9912180528525176
REPLACE-BG,balanced_age_smote,age,smote,False,oversampling,guided,TAR_1,MAE,34.84,0.58,34.56,0.28000000000000114,0.8101851851851885,-0.8101851851851885
REPLACE-BG,balanced_age_smote,age,smote,False,oversampling,guided,TAR_1,MAPE,0.17,0.0,0.16,0.010000000000000009,6.250000000000005,-6.250000000000005
REPLACE-BG,balanced_age_smote,age,smote,False,oversampling,guided,TAR_2,A,57.94,1.47,55.88,2.059999999999995,3.686471009305646,3.686471009305646
REPLACE-BG,balanced_age_smote,age,smote,False,oversampling,guided,TAR_2,B,32.63,0.64,34.73,-2.0999999999999943,-6.046645551396471,
REPLACE-BG,balanced_age_smote,age,smote,False,oversampling,guided,TAR_2,C,0.0,0.0,0.0,0.0,,
REPLACE-BG,balanced_age_smote,age,smote,False,oversampling,guided,TAR_2,D,9.43,0.89,9.39,0.03999999999999915,0.42598509052182265,-0.42598509052182265
REPLACE-BG,balanced_age_smote,age,smote,False,oversampling,guided,TAR_2,E,0.0,0.0,0.0,0.0,,
REPLACE-BG,balanced_age_smote,age,smote,False,oversampling,guided,TAR_2,A + B,90.57,0.89,90.61,-0.04000000000000625,-0.044145237832475724,-0.044145237832475724
REPLACE-BG,balanced_age_smote,age,smote,False,oversampling,guided,TAR_2,RMSE,68.4,0.9,69.31,-0.9099999999999966,-1.3129418554321115,1.3129418554321115
REPLACE-BG,balanced_age_smote,age,smote,False,oversampling,guided,TAR_2,MSE,4679.11,121.86,4804.83,-125.72000000000025,-2.616533779550999,2.616533779550999
REPLACE-BG,balanced_age_smote,age,smote,False,oversampling,guided,TAR_2,MAE,58.19,0.65,59.37,-1.1799999999999997,-1.987535792487788,1.987535792487788
REPLACE-BG,balanced_age_smote,age,smote,False,oversampling,guided,TAR_2,MAPE,0.2,0.0,0.2,0.0,0.0,-0.0
REPLACE-BG,balanced_age_smote,age,smote,False,oversampling,guided,ENTIRE,A,67.4,0.84,67.27,0.13000000000000966,0.19325107774640948,0.19325107774640948
REPLACE-BG,balanced_age_smote,age,smote,False,oversampling,guided,ENTIRE,B,27.58,0.67,27.73,-0.15000000000000213,-0.5409304002885039,
REPLACE-BG,balanced_age_smote,age,smote,False,oversampling,guided,ENTIRE,C,0.11,0.02,0.11,0.0,0.0,-0.0
REPLACE-BG,balanced_age_smote,age,smote,False,oversampling,guided,ENTIRE,D,4.88,0.2,4.87,0.009999999999999787,0.20533880903490323,-0.20533880903490323
REPLACE-BG,balanced_age_smote,age,smote,False,oversampling,guided,ENTIRE,E,0.02,0.01,0.02,0.0,0.0,-0.0
REPLACE-BG,balanced_age_smote,age,smote,False,oversampling,guided,ENTIRE,A + B,94.98,0.21,95.0,-0.01999999999999602,-0.02105263157894318,-0.02105263157894318
REPLACE-BG,balanced_age_smote,age,smote,False,oversampling,guided,ENTIRE,RMSE,37.0,0.77,37.0,0.0,0.0,-0.0
REPLACE-BG,balanced_age_smote,age,smote,False,oversampling,guided,ENTIRE,MSE,1369.7,56.96,1369.77,-0.06999999999993634,-0.0051103469925561475,0.0051103469925561475
REPLACE-BG,balanced_age_smote,age,smote,False,oversampling,guided,ENTIRE,MAE,27.16,0.76,27.15,0.010000000000001563,0.03683241252302602,-0.03683241252302602
REPLACE-BG,balanced_age_smote,age,smote,False,oversampling,guided,ENTIRE,MAPE,0.18,0.0,0.18,0.0,0.0,-0.0
REPLACE-BG,balanced_age_smote_tomek,age,smote_tomek,False,same_size,guided,TBR_2,A,0.0,0.01,0.3,-0.3,-100.0,-100.0
REPLACE-BG,balanced_age_smote_tomek,age,smote_tomek,False,same_size,guided,TBR_2,B,0.0,0.0,0.0,0.0,,
REPLACE-BG,balanced_age_smote_tomek,age,smote_tomek,False,same_size,guided,TBR_2,C,0.0,0.0,0.0,0.0,,
REPLACE-BG,balanced_age_smote_tomek,age,smote_tomek,False,same_size,guided,TBR_2,D,99.4,0.16,99.09,0.3100000000000023,0.3128469068523587,-0.3128469068523587
REPLACE-BG,balanced_age_smote_tomek,age,smote_tomek,False,same_size,guided,TBR_2,E,0.6,0.17,0.6,0.0,0.0,-0.0
REPLACE-BG,balanced_age_smote_tomek,age,smote_tomek,False,same_size,guided,TBR_2,A + B,0.0,0.01,0.3,-0.3,-100.0,-100.0
REPLACE-BG,balanced_age_smote_tomek,age,smote_tomek,False,same_size,guided,TBR_2,RMSE,57.08,1.39,57.29,-0.21000000000000085,-0.3665561179961614,0.3665561179961614
REPLACE-BG,balanced_age_smote_tomek,age,smote_tomek,False,same_size,guided,TBR_2,MSE,3259.49,159.34,3283.67,-24.18000000000029,-0.7363711944257582,0.7363711944257582
REPLACE-BG,balanced_age_smote_tomek,age,smote_tomek,False,same_size,guided,TBR_2,MAE,54.3,1.4,54.45,-0.15000000000000568,-0.2754820936639223,0.2754820936639223
REPLACE-BG,balanced_age_smote_tomek,age,smote_tomek,False,same_size,guided,TBR_2,MAPE,1.2,0.03,1.2,0.0,0.0,-0.0
REPLACE-BG,balanced_age_smote_tomek,age,smote_tomek,False,same_size,guided,TBR_1,A,0.42,0.3,0.38,0.03999999999999998,10.52631578947368,10.52631578947368
REPLACE-BG,balanced_age_smote_tomek,age,smote_tomek,False,same_size,guided,TBR_1,B,0.0,0.0,0.0,0.0,,
REPLACE-BG,balanced_age_smote_tomek,age,smote_tomek,False,same_size,guided,TBR_1,C,0.0,0.0,0.0,0.0,,
REPLACE-BG,balanced_age_smote_tomek,age,smote_tomek,False,same_size,guided,TBR_1,D,99.1,0.19,99.11,-0.010000000000005116,-0.010089799213000824,0.010089799213000824
REPLACE-BG,balanced_age_smote_tomek,age,smote_tomek,False,same_size,guided,TBR_1,E,0.49,0.11,0.51,-0.020000000000000018,-3.921568627450984,3.921568627450984
REPLACE-BG,balanced_age_smote_tomek,age,smote_tomek,False,same_size,guided,TBR_1,A + B,0.42,0.3,0.38,0.03999999999999998,10.52631578947368,10.52631578947368
REPLACE-BG,balanced_age_smote_tomek,age,smote_tomek,False,same_size,guided,TBR_1,RMSE,41.77,1.35,42.02,-0.25,-0.5949547834364588,0.5949547834364588
REPLACE-BG,balanced_age_smote_tomek,age,smote_tomek,False,same_size,guided,TBR_1,MSE,1745.94,111.89,1766.39,-20.450000000000045,-1.1577284744592102,1.1577284744592102
REPLACE-BG,balanced_age_smote_tomek,age,smote_tomek,False,same_size,guided,TBR_1,MAE,38.42,1.33,38.57,-0.14999999999999858,-0.3889032927145413,0.3889032927145413
REPLACE-BG,balanced_age_smote_tomek,age,smote_tomek,False,same_size,guided,TBR_1,MAPE,0.62,0.02,0.62,0.0,0.0,-0.0
REPLACE-BG,balanced_age_smote_tomek,age,smote_tomek,False,same_size,guided,TIR,A,72.01,0.82,71.95,0.060000000000002274,0.08339124391939162,0.08339124391939162
REPLACE-BG,balanced_age_smote_tomek,age,smote_tomek,False,same_size,guided,TIR,B,27.83,0.79,27.88,-0.05000000000000071,-0.17934002869440716,
REPLACE-BG,balanced_age_smote_tomek,age,smote_tomek,False,same_size,guided,TIR,C,0.17,0.03,0.17,0.0,0.0,-0.0
REPLACE-BG,balanced_age_smote_tomek,age,smote_tomek,False,same_size,guided,TIR,D,0.0,0.0,0.0,0.0,,
REPLACE-BG,balanced_age_smote_tomek,age,smote_tomek,False,same_size,guided,TIR,E,0.0,0.0,0.0,0.0,,
REPLACE-BG,balanced_age_smote_tomek,age,smote_tomek,False,same_size,guided,TIR,A + B,99.83,0.03,99.83,0.0,0.0,0.0
REPLACE-BG,balanced_age_smote_tomek,age,smote_tomek,False,same_size,guided,TIR,RMSE,25.77,0.39,25.66,0.10999999999999943,0.42868277474668526,-0.42868277474668526
REPLACE-BG,balanced_age_smote_tomek,age,smote_tomek,False,same_size,guided,TIR,MSE,664.26,20.27,658.58,5.67999999999995,0.862461659935004,-0.862461659935004
REPLACE-BG,balanced_age_smote_tomek,age,smote_tomek,False,same_size,guided,TIR,MAE,19.14,0.31,19.01,0.129999999999999,0.6838506049447606,-0.6838506049447606
REPLACE-BG,balanced_age_smote_tomek,age,smote_tomek,False,same_size,guided,TIR,MAPE,0.16,0.0,0.16,0.0,0.0,-0.0
REPLACE-BG,balanced_age_smote_tomek,age,smote_tomek,False,same_size,guided,TAR_1,A,68.4,1.33,69.22,-0.8199999999999932,-1.184628720023105,-1.184628720023105
REPLACE-BG,balanced_age_smote_tomek,age,smote_tomek,False,same_size,guided,TAR_1,B,29.71,1.27,28.92,0.7899999999999991,2.731673582295986,
REPLACE-BG,balanced_age_smote_tomek,age,smote_tomek,False,same_size,guided,TAR_1,C,0.04,0.01,0.03,0.010000000000000002,33.33333333333334,-33.33333333333334
REPLACE-BG,balanced_age_smote_tomek,age,smote_tomek,False,same_size,guided,TAR_1,D,1.84,0.08,1.83,0.010000000000000009,0.5464480874316944,-0.5464480874316944
REPLACE-BG,balanced_age_smote_tomek,age,smote_tomek,False,same_size,guided,TAR_1,E,0.0,0.0,0.0,0.0,,
REPLACE-BG,balanced_age_smote_tomek,age,smote_tomek,False,same_size,guided,TAR_1,A + B,98.11,0.08,98.14,-0.030000000000001137,-0.030568575504382654,-0.030568575504382654
REPLACE-BG,balanced_age_smote_tomek,age,smote_tomek,False,same_size,guided,TAR_1,RMSE,43.72,0.94,43.18,0.5399999999999991,1.2505789717461768,-1.2505789717461768
REPLACE-BG,balanced_age_smote_tomek,age,smote_tomek,False,same_size,guided,TAR_1,MSE,1912.12,83.07,1865.19,46.929999999999836,2.5160975557449823,-2.5160975557449823
REPLACE-BG,balanced_age_smote_tomek,age,smote_tomek,False,same_size,guided,TAR_1,MAE,34.97,0.78,34.56,0.4099999999999966,1.1863425925925826,-1.1863425925925826
REPLACE-BG,balanced_age_smote_tomek,age,smote_tomek,False,same_size,guided,TAR_1,MAPE,0.17,0.0,0.16,0.010000000000000009,6.250000000000005,-6.250000000000005
REPLACE-BG,balanced_age_smote_tomek,age,smote_tomek,False,same_size,guided,TAR_2,A,58.79,1.66,55.88,2.9099999999999966,5.207587687902642,5.207587687902642
REPLACE-BG,balanced_age_smote_tomek,age,smote_tomek,False,same_size,guided,TAR_2,B,31.72,1.07,34.73,-3.009999999999998,-8.666858623668293,
REPLACE-BG,balanced_age_smote_tomek,age,smote_tomek,False,same_size,guided,TAR_2,C,0.0,0.0,0.0,0.0,,
REPLACE-BG,balanced_age_smote_tomek,age,smote_tomek,False,same_size,guided,TAR_2,D,9.49,1.09,9.39,0.09999999999999964,1.0649627263045756,-1.0649627263045756
REPLACE-BG,balanced_age_smote_tomek,age,smote_tomek,False,same_size,guided,TAR_2,E,0.0,0.0,0.0,0.0,,
REPLACE-BG,balanced_age_smote_tomek,age,smote_tomek,False,same_size,guided,TAR_2,A + B,90.51,1.09,90.61,-0.09999999999999432,-0.11036309458116579,-0.11036309458116579
REPLACE-BG,balanced_age_smote_tomek,age,smote_tomek,False,same_size,guided,TAR_2,RMSE,68.02,0.99,69.31,-1.2900000000000063,-1.8612032895686137,1.8612032895686137
REPLACE-BG,balanced_age_smote_tomek,age,smote_tomek,False,same_size,guided,TAR_2,MSE,4627.76,134.67,4804.83,-177.0699999999997,-3.685250050470042,3.685250050470042
REPLACE-BG,balanced_age_smote_tomek,age,smote_tomek,False,same_size,guided,TAR_2,MAE,57.68,1.02,59.37,-1.6899999999999977,-2.846555499410473,2.846555499410473
REPLACE-BG,balanced_age_smote_tomek,age,smote_tomek,False,same_size,guided,TAR_2,MAPE,0.2,0.0,0.2,0.0,0.0,-0.0
REPLACE-BG,balanced_age_smote_tomek,age,smote_tomek,False,same_size,guided,ENTIRE,A,67.38,0.9,67.27,0.10999999999999943,0.16352014270848736,0.16352014270848736
REPLACE-BG,balanced_age_smote_tomek,age,smote_tomek,False,same_size,guided,ENTIRE,B,27.6,0.71,27.73,-0.129999999999999,-0.4688063469166931,
REPLACE-BG,balanced_age_smote_tomek,age,smote_tomek,False,same_size,guided,ENTIRE,C,0.12,0.01,0.11,0.009999999999999995,9.090909090909086,-9.090909090909086
REPLACE-BG,balanced_age_smote_tomek,age,smote_tomek,False,same_size,guided,ENTIRE,D,4.89,0.21,4.87,0.019999999999999574,0.41067761806980646,-0.41067761806980646
REPLACE-BG,balanced_age_smote_tomek,age,smote_tomek,False,same_size,guided,ENTIRE,E,0.02,0.01,0.02,0.0,0.0,-0.0
REPLACE-BG,balanced_age_smote_tomek,age,smote_tomek,False,same_size,guided,ENTIRE,A + B,94.98,0.23,95.0,-0.01999999999999602,-0.02105263157894318,-0.02105263157894318
REPLACE-BG,balanced_age_smote_tomek,age,smote_tomek,False,same_size,guided,ENTIRE,RMSE,36.97,0.81,37.0,-0.030000000000001137,-0.08108108108108415,0.08108108108108415
REPLACE-BG,balanced_age_smote_tomek,age,smote_tomek,False,same_size,guided,ENTIRE,MSE,1367.17,60.21,1369.77,-2.599999999999909,-0.1898128882951086,0.1898128882951086
REPLACE-BG,balanced_age_smote_tomek,age,smote_tomek,False,same_size,guided,ENTIRE,MAE,27.17,0.79,27.15,0.020000000000003126,0.07366482504605204,-0.07366482504605204
REPLACE-BG,balanced_age_smote_tomek,age,smote_tomek,False,same_size,guided,ENTIRE,MAPE,0.18,0.0,0.18,0.0,0.0,-0.0
REPLACE-BG,balanced_age_tomek_links,age,tomek_links,False,undersampling,guided,TBR_2,A,0.13,0.18,0.3,-0.16999999999999998,-56.666666666666664,-56.666666666666664
REPLACE-BG,balanced_age_tomek_links,age,tomek_links,False,undersampling,guided,TBR_2,B,0.0,0.0,0.0,0.0,,
REPLACE-BG,balanced_age_tomek_links,age,tomek_links,False,undersampling,guided,TBR_2,C,0.0,0.0,0.0,0.0,,
REPLACE-BG,balanced_age_tomek_links,age,tomek_links,False,undersampling,guided,TBR_2,D,99.27,0.16,99.09,0.1799999999999926,0.18165304268845756,-0.18165304268845756
REPLACE-BG,balanced_age_tomek_links,age,tomek_links,False,undersampling,guided,TBR_2,E,0.61,0.17,0.6,0.010000000000000009,1.6666666666666683,-1.6666666666666683
REPLACE-BG,balanced_age_tomek_links,age,tomek_links,False,undersampling,guided,TBR_2,A + B,0.13,0.18,0.3,-0.16999999999999998,-56.666666666666664,-56.666666666666664
REPLACE-BG,balanced_age_tomek_links,age,tomek_links,False,undersampling,guided,TBR_2,RMSE,57.08,1.78,57.29,-0.21000000000000085,-0.3665561179961614,0.3665561179961614
REPLACE-BG,balanced_age_tomek_links,age,tomek_links,False,undersampling,guided,TBR_2,MSE,3260.61,202.03,3283.67,-23.059999999999945,-0.702263016685597,0.702263016685597
REPLACE-BG,balanced_age_tomek_links,age,tomek_links,False,undersampling,guided,TBR_2,MAE,54.17,1.89,54.45,-0.28000000000000114,-0.5142332415059708,0.5142332415059708
REPLACE-BG,balanced_age_tomek_links,age,tomek_links,False,undersampling,guided,TBR_2,MAPE,1.2,0.04,1.2,0.0,0.0,-0.0
REPLACE-BG,balanced_age_tomek_links,age,tomek_links,False,undersampling,guided,TBR_1,A,0.8,0.77,0.38,0.42000000000000004,110.5263157894737,110.5263157894737
REPLACE-BG,balanced_age_tomek_links,age,tomek_links,False,undersampling,guided,TBR_1,B,0.0,0.0,0.0,0.0,,
REPLACE-BG,balanced_age_tomek_links,age,tomek_links,False,undersampling,guided,TBR_1,C,0.0,0.0,0.0,0.0,,
REPLACE-BG,balanced_age_tomek_links,age,tomek_links,False,undersampling,guided,TBR_1,D,98.69,0.85,99.11,-0.4200000000000017,-0.4237715669458195,0.4237715669458195
REPLACE-BG,balanced_age_tomek_links,age,tomek_links,False,undersampling,guided,TBR_1,E,0.5,0.14,0.51,-0.010000000000000009,-1.960784313725492,1.960784313725492
REPLACE-BG,balanced_age_tomek_links,age,tomek_links,False,undersampling,guided,TBR_1,A + B,0.8,0.77,0.38,0.42000000000000004,110.5263157894737,110.5263157894737
REPLACE-BG,balanced_age_tomek_links,age,tomek_links,False,undersampling,guided,TBR_1,RMSE,41.68,1.64,42.02,-0.3400000000000034,-0.809138505473592,0.809138505473592
REPLACE-BG,balanced_age_tomek_links,age,tomek_links,False,undersampling,guided,TBR_1,MSE,1739.34,136.14,1766.39,-27.050000000000182,-1.5313718940890846,1.5313718940890846
REPLACE-BG,balanced_age_tomek_links,age,tomek_links,False,undersampling,guided,TBR_1,MAE,38.18,1.75,38.57,-0.39000000000000057,-1.0111485610578184,1.0111485610578184
REPLACE-BG,balanced_age_tomek_links,age,tomek_links,False,undersampling,guided,TBR_1,MAPE,0.62,0.03,0.62,0.0,0.0,-0.0
REPLACE-BG,balanced_age_tomek_links,age,tomek_links,False,undersampling,guided,TIR,A,72.05,0.92,71.95,0.09999999999999432,0.1389854065323062,0.1389854065323062
REPLACE-BG,balanced_age_tomek_links,age,tomek_links,False,undersampling,guided,TIR,B,27.78,0.89,27.88,-0.09999999999999787,-0.35868005738880154,
REPLACE-BG,balanced_age_tomek_links,age,tomek_links,False,undersampling,guided,TIR,C,0.17,0.03,0.17,0.0,0.0,-0.0
REPLACE-BG,balanced_age_tomek_links,age,tomek_links,False,undersampling,guided,TIR,D,0.0,0.0,0.0,0.0,,
REPLACE-BG,balanced_age_tomek_links,age,tomek_links,False,undersampling,guided,TIR,E,0.0,0.0,0.0,0.0,,
REPLACE-BG,balanced_age_tomek_links,age,tomek_links,False,undersampling,guided,TIR,A + B,99.83,0.03,99.83,0.0,0.0,0.0
REPLACE-BG,balanced_age_tomek_links,age,tomek_links,False,undersampling,guided,TIR,RMSE,25.75,0.56,25.66,0.08999999999999986,0.350740452065471,-0.350740452065471
REPLACE-BG,balanced_age_tomek_links,age,tomek_links,False,undersampling,guided,TIR,MSE,663.35,29.03,658.58,4.769999999999982,0.7242855841355615,-0.7242855841355615
REPLACE-BG,balanced_age_tomek_links,age,tomek_links,False,undersampling,guided,TIR,MAE,19.09,0.38,19.01,0.0799999999999983,0.4208311415044623,-0.4208311415044623
REPLACE-BG,balanced_age_tomek_links,age,tomek_links,False,undersampling,guided,TIR,MAPE,0.16,0.0,0.16,0.0,0.0,-0.0
REPLACE-BG,balanced_age_tomek_links,age,tomek_links,False,undersampling,guided,TAR_1,A,69.0,1.05,69.22,-0.21999999999999886,-0.31782721756717547,-0.31782721756717547
REPLACE-BG,balanced_age_tomek_links,age,tomek_links,False,undersampling,guided,TAR_1,B,29.13,1.01,28.92,0.2099999999999973,0.7261410788381649,
REPLACE-BG,balanced_age_tomek_links,age,tomek_links,False,undersampling,guided,TAR_1,C,0.05,0.01,0.03,0.020000000000000004,66.66666666666669,-66.66666666666669
REPLACE-BG,balanced_age_tomek_links,age,tomek_links,False,undersampling,guided,TAR_1,D,1.83,0.05,1.83,0.0,0.0,-0.0
REPLACE-BG,balanced_age_tomek_links,age,tomek_links,False,undersampling,guided,TAR_1,E,0.0,0.0,0.0,0.0,,
REPLACE-BG,balanced_age_tomek_links,age,tomek_links,False,undersampling,guided,TAR_1,A + B,98.13,0.05,98.14,-0.010000000000005116,-0.01018952516813238,-0.01018952516813238
REPLACE-BG,balanced_age_tomek_links,age,tomek_links,False,undersampling,guided,TAR_1,RMSE,43.38,0.57,43.18,0.20000000000000284,0.4631773969430358,-0.4631773969430358
REPLACE-BG,balanced_age_tomek_links,age,tomek_links,False,undersampling,guided,TAR_1,MSE,1882.38,49.5,1865.19,17.190000000000055,0.9216219259163975,-0.9216219259163975
REPLACE-BG,balanced_age_tomek_links,age,tomek_links,False,undersampling,guided,TAR_1,MAE,34.63,0.42,34.56,0.07000000000000028,0.2025462962962971,-0.2025462962962971
REPLACE-BG,balanced_age_tomek_links,age,tomek_links,False,undersampling,guided,TAR_1,MAPE,0.16,0.0,0.16,0.0,0.0,-0.0
REPLACE-BG,balanced_age_tomek_links,age,tomek_links,False,undersampling,guided,TAR_2,A,58.63,1.39,55.88,2.75,4.921259842519684,4.921259842519684
REPLACE-BG,balanced_age_tomek_links,age,tomek_links,False,undersampling,guided,TAR_2,B,32.01,0.78,34.73,-2.719999999999999,-7.831845666570686,
REPLACE-BG,balanced_age_tomek_links,age,tomek_links,False,undersampling,guided,TAR_2,C,0.0,0.0,0.0,0.0,,
REPLACE-BG,balanced_age_tomek_links,age,tomek_links,False,undersampling,guided,TAR_2,D,9.36,0.98,9.39,-0.030000000000001137,-0.3194888178913859,0.3194888178913859
REPLACE-BG,balanced_age_tomek_links,age,tomek_links,False,undersampling,guided,TAR_2,E,0.0,0.0,0.0,0.0,,
REPLACE-BG,balanced_age_tomek_links,age,tomek_links,False,undersampling,guided,TAR_2,A + B,90.64,0.98,90.61,0.030000000000001137,0.03310892837435287,0.03310892837435287
REPLACE-BG,balanced_age_tomek_links,age,tomek_links,False,undersampling,guided,TAR_2,RMSE,67.92,1.21,69.31,-1.3900000000000006,-2.0054826143413655,2.0054826143413655
REPLACE-BG,balanced_age_tomek_links,age,tomek_links,False,undersampling,guided,TAR_2,MSE,4614.78,162.68,4804.83,-190.05000000000018,-3.9553948838980815,3.9553948838980815
REPLACE-BG,balanced_age_tomek_links,age,tomek_links,False,undersampling,guided,TAR_2,MAE,57.67,1.09,59.37,-1.6999999999999957,-2.8633990230756203,2.8633990230756203
REPLACE-BG,balanced_age_tomek_links,age,tomek_links,False,undersampling,guided,TAR_2,MAPE,0.2,0.0,0.2,0.0,0.0,-0.0
REPLACE-BG,balanced_age_tomek_links,age,tomek_links,False,undersampling,guided,ENTIRE,A,67.54,0.69,67.27,0.27000000000001023,0.401367623011759,0.401367623011759
REPLACE-BG,balanced_age_tomek_links,age,tomek_links,False,undersampling,guided,ENTIRE,B,27.46,0.54,27.73,-0.2699999999999996,-0.9736747205192917,
REPLACE-BG,balanced_age_tomek_links,age,tomek_links,False,undersampling,guided,ENTIRE,C,0.12,0.02,0.11,0.009999999999999995,9.090909090909086,-9.090909090909086
REPLACE-BG,balanced_age_tomek_links,age,tomek_links,False,undersampling,guided,ENTIRE,D,4.86,0.19,4.87,-0.009999999999999787,-0.20533880903490323,0.20533880903490323
REPLACE-BG,balanced_age_tomek_links,age,tomek_links,False,undersampling,guided,ENTIRE,E,0.02,0.01,0.02,0.0,0.0,-0.0
REPLACE-BG,balanced_age_tomek_links,age,tomek_links,False,undersampling,guided,ENTIRE,A + B,95.0,0.2,95.0,0.0,0.0,0.0
REPLACE-BG,balanced_age_tomek_links,age,tomek_links,False,undersampling,guided,ENTIRE,RMSE,36.85,0.77,37.0,-0.14999999999999858,-0.40540540540540154,0.40540540540540154
REPLACE-BG,balanced_age_tomek_links,age,tomek_links,False,undersampling,guided,ENTIRE,MSE,1358.54,56.43,1369.77,-11.230000000000018,-0.8198456675208261,0.8198456675208261
REPLACE-BG,balanced_age_tomek_links,age,tomek_links,False,undersampling,guided,ENTIRE,MAE,27.05,0.7,27.15,-0.09999999999999787,-0.36832412523019475,0.36832412523019475
REPLACE-BG,balanced_age_tomek_links,age,tomek_links,False,undersampling,guided,ENTIRE,MAPE,0.18,0.0,0.18,0.0,0.0,-0.0
REPLACE-BG,balanced_age_undersampling,age,undersampling,False,undersampling,random,TBR_2,A,0.0,0.0,0.3,-0.3,-100.0,-100.0
REPLACE-BG,balanced_age_undersampling,age,undersampling,False,undersampling,random,TBR_2,B,0.0,0.0,0.0,0.0,,
REPLACE-BG,balanced_age_undersampling,age,undersampling,False,undersampling,random,TBR_2,C,0.0,0.0,0.0,0.0,,
REPLACE-BG,balanced_age_undersampling,age,undersampling,False,undersampling,random,TBR_2,D,99.35,0.16,99.09,0.2599999999999909,0.26238772832777363,-0.26238772832777363
REPLACE-BG,balanced_age_undersampling,age,undersampling,False,undersampling,random,TBR_2,E,0.65,0.16,0.6,0.050000000000000044,8.333333333333341,-8.333333333333341
REPLACE-BG,balanced_age_undersampling,age,undersampling,False,undersampling,random,TBR_2,A + B,0.0,0.0,0.3,-0.3,-100.0,-100.0
REPLACE-BG,balanced_age_undersampling,age,undersampling,False,undersampling,random,TBR_2,RMSE,57.46,1.91,57.29,0.1700000000000017,0.29673590504451336,-0.29673590504451336
REPLACE-BG,balanced_age_undersampling,age,undersampling,False,undersampling,random,TBR_2,MSE,3304.14,221.46,3283.67,20.4699999999998,0.6233878556614946,-0.6233878556614946
REPLACE-BG,balanced_age_undersampling,age,undersampling,False,undersampling,random,TBR_2,MAE,54.77,1.83,54.45,0.3200000000000003,0.5876951331496791,-0.5876951331496791
REPLACE-BG,balanced_age_undersampling,age,undersampling,False,undersampling,random,TBR_2,MAPE,1.21,0.04,1.2,0.010000000000000009,0.8333333333333341,-0.8333333333333341
REPLACE-BG,balanced_age_undersampling,age,undersampling,False,undersampling,random,TBR_1,A,0.04,0.06,0.38,-0.34,-89.47368421052632,-89.47368421052632
REPLACE-BG,balanced_age_undersampling,age,undersampling,False,undersampling,random,TBR_1,B,0.0,0.0,0.0,0.0,,
REPLACE-BG,balanced_age_undersampling,age,undersampling,False,undersampling,random,TBR_1,C,0.0,0.0,0.0,0.0,,
REPLACE-BG,balanced_age_undersampling,age,undersampling,False,undersampling,random,TBR_1,D,99.4,0.16,99.11,0.29000000000000625,0.2926041771768805,-0.2926041771768805
REPLACE-BG,balanced_age_undersampling,age,undersampling,False,undersampling,random,TBR_1,E,0.56,0.17,0.51,0.050000000000000044,9.803921568627459,-9.803921568627459
REPLACE-BG,balanced_age_undersampling,age,undersampling,False,undersampling,random,TBR_1,A + B,0.04,0.06,0.38,-0.34,-89.47368421052632,-89.47368421052632
REPLACE-BG,balanced_age_undersampling,age,undersampling,False,undersampling,random,TBR_1,RMSE,42.13,1.72,42.02,0.10999999999999943,0.2617801047120405,-0.2617801047120405
REPLACE-BG,balanced_age_undersampling,age,undersampling,False,undersampling,random,TBR_1,MSE,1777.47,145.77,1766.39,11.079999999999927,0.6272680438634688,-0.6272680438634688
REPLACE-BG,balanced_age_undersampling,age,undersampling,False,undersampling,random,TBR_1,MAE,38.84,1.7,38.57,0.2700000000000031,0.7000259268861891,-0.7000259268861891
REPLACE-BG,balanced_age_undersampling,age,undersampling,False,undersampling,random,TBR_1,MAPE,0.63,0.03,0.62,0.010000000000000009,1.6129032258064528,-1.6129032258064528
REPLACE-BG,balanced_age_undersampling,age,undersampling,False,undersampling,random,TIR,A,71.57,1.17,71.95,-0.38000000000000966,-0.528144544822807,-0.528144544822807
REPLACE-BG,balanced_age_undersampling,age,undersampling,False,undersampling,random,TIR,B,28.26,1.14,27.88,0.38000000000000256,1.362984218077484,
REPLACE-BG,balanced_age_undersampling,age,undersampling,False,undersampling,random,TIR,C,0.17,0.04,0.17,0.0,0.0,-0.0
REPLACE-BG,balanced_age_undersampling,age,undersampling,False,undersampling,random,TIR,D,0.0,0.0,0.0,0.0,,
REPLACE-BG,balanced_age_undersampling,age,undersampling,False,undersampling,random,TIR,E,0.0,0.0,0.0,0.0,,
REPLACE-BG,balanced_age_undersampling,age,undersampling,False,undersampling,random,TIR,A + B,99.83,0.03,99.83,0.0,0.0,0.0
REPLACE-BG,balanced_age_undersampling,age,undersampling,False,undersampling,random,TIR,RMSE,25.91,0.61,25.66,0.25,0.9742790335151987,-0.9742790335151987
REPLACE-BG,balanced_age_undersampling,age,undersampling,False,undersampling,random,TIR,MSE,671.55,31.44,658.58,12.969999999999914,1.9693886847459554,-1.9693886847459554
REPLACE-BG,balanced_age_undersampling,age,undersampling,False,undersampling,random,TIR,MAE,19.23,0.44,19.01,0.21999999999999886,1.15728563913729,-1.15728563913729
REPLACE-BG,balanced_age_undersampling,age,undersampling,False,undersampling,random,TIR,MAPE,0.16,0.0,0.16,0.0,0.0,-0.0
REPLACE-BG,balanced_age_undersampling,age,undersampling,False,undersampling,random,TAR_1,A,69.2,1.28,69.22,-0.01999999999999602,-0.02889338341519217,-0.02889338341519217
REPLACE-BG,balanced_age_undersampling,age,undersampling,False,undersampling,random,TAR_1,B,28.98,1.25,28.92,0.05999999999999872,0.20746887966804536,
REPLACE-BG,balanced_age_undersampling,age,undersampling,False,undersampling,random,TAR_1,C,0.02,0.01,0.03,-0.009999999999999998,-33.33333333333333,33.33333333333333
REPLACE-BG,balanced_age_undersampling,age,undersampling,False,undersampling,random,TAR_1,D,1.8,0.06,1.83,-0.030000000000000027,-1.6393442622950833,1.6393442622950833
REPLACE-BG,balanced_age_undersampling,age,undersampling,False,undersampling,random,TAR_1,E,0.0,0.0,0.0,0.0,,
REPLACE-BG,balanced_age_undersampling,age,undersampling,False,undersampling,random,TAR_1,A + B,98.18,0.06,98.14,0.04000000000000625,0.040758100672515035,0.040758100672515035
REPLACE-BG,balanced_age_undersampling,age,undersampling,False,undersampling,random,TAR_1,RMSE,43.26,0.84,43.18,0.0799999999999983,0.18527095877720773,-0.18527095877720773
REPLACE-BG,balanced_age_undersampling,age,undersampling,False,undersampling,random,TAR_1,MSE,1872.02,72.95,1865.19,6.829999999999927,0.36618253368289166,-0.36618253368289166
REPLACE-BG,balanced_age_undersampling,age,undersampling,False,undersampling,random,TAR_1,MAE,34.42,0.65,34.56,-0.14000000000000057,-0.4050925925925942,0.4050925925925942
REPLACE-BG,balanced_age_undersampling,age,undersampling,False,undersampling,random,TAR_1,MAPE,0.16,0.0,0.16,0.0,0.0,-0.0
REPLACE-BG,balanced_age_undersampling,age,undersampling,False,undersampling,random,TAR_2,A,56.76,1.92,55.88,0.8799999999999955,1.5748031496062909,1.5748031496062909
REPLACE-BG,balanced_age_undersampling,age,undersampling,False,undersampling,random,TAR_2,B,34.0,2.16,34.73,-0.7299999999999969,-2.101929167866389,
REPLACE-BG,balanced_age_undersampling,age,undersampling,False,undersampling,random,TAR_2,C,0.0,0.0,0.0,0.0,,
REPLACE-BG,balanced_age_undersampling,age,undersampling,False,undersampling,random,TAR_2,D,9.24,0.84,9.39,-0.15000000000000036,-1.5974440894568727,1.5974440894568727
REPLACE-BG,balanced_age_undersampling,age,undersampling,False,undersampling,random,TAR_2,E,0.0,0.0,0.0,0.0,,
REPLACE-BG,balanced_age_undersampling,age,undersampling,False,undersampling,random,TAR_2,A + B,90.76,0.84,90.61,0.15000000000000568,0.16554464187176435,0.16554464187176435
REPLACE-BG,balanced_age_undersampling,age,undersampling,False,undersampling,random,TAR_2,RMSE,69.01,1.41,69.31,-0.29999999999999716,-0.43283797431827603,0.43283797431827603
REPLACE-BG,balanced_age_undersampling,age,undersampling,False,undersampling,random,TAR_2,MSE,4764.3,194.5,4804.83,-40.529999999999745,-0.8435262017594742,0.8435262017594742
REPLACE-BG,balanced_age_undersampling,age,undersampling,False,undersampling,random,TAR_2,MAE,58.8,1.61,59.37,-0.5700000000000003,-0.9600808489135932,0.9600808489135932
REPLACE-BG,balanced_age_undersampling,age,undersampling,False,undersampling,random,TAR_2,MAPE,0.2,0.0,0.2,0.0,0.0,-0.0
REPLACE-BG,balanced_age_undersampling,age,undersampling,False,undersampling,random,ENTIRE,A,67.06,0.99,67.27,-0.20999999999999375,-0.3121748178980136,-0.3121748178980136
REPLACE-BG,balanced_age_undersampling,age,undersampling,False,undersampling,random,ENTIRE,B,27.94,0.82,27.73,0.21000000000000085,0.7573025604038978,
REPLACE-BG,balanced_age_undersampling,age,undersampling,False,undersampling,random,ENTIRE,C,0.12,0.02,0.11,0.009999999999999995,9.090909090909086,-9.090909090909086
REPLACE-BG,balanced_age_undersampling,age,undersampling,False,undersampling,random,ENTIRE,D,4.86,0.19,4.87,-0.009999999999999787,-0.20533880903490323,0.20533880903490323
REPLACE-BG,balanced_age_undersampling,age,undersampling,False,undersampling,random,ENTIRE,E,0.02,0.01,0.02,0.0,0.0,-0.0
REPLACE-BG,balanced_age_undersampling,age,undersampling,False,undersampling,random,ENTIRE,A + B,95.0,0.21,95.0,0.0,0.0,0.0
REPLACE-BG,balanced_age_undersampling,age,undersampling,False,undersampling,random,ENTIRE,RMSE,37.12,1.08,37.0,0.11999999999999744,0.3243243243243174,-0.3243243243243174
REPLACE-BG,balanced_age_undersampling,age,undersampling,False,undersampling,random,ENTIRE,MSE,1378.5,79.96,1369.77,8.730000000000018,0.637333274929369,-0.637333274929369
REPLACE-BG,balanced_age_undersampling,age,undersampling,False,undersampling,random,ENTIRE,MAE,27.24,0.93,27.15,0.08999999999999986,0.3314917127071818,-0.3314917127071818
REPLACE-BG,balanced_age_undersampling,age,undersampling,False,undersampling,random,ENTIRE,MAPE,0.19,0.01,0.18,0.010000000000000009,5.555555555555561,-5.555555555555561
REPLACE-BG,balanced_age_undersampling_oversampling,age,undersampling_oversampling,False,same_size,random,TBR_2,A,0.07,0.14,0.3,-0.22999999999999998,-76.66666666666666,-76.66666666666666
REPLACE-BG,balanced_age_undersampling_oversampling,age,undersampling_oversampling,False,same_size,random,TBR_2,B,0.0,0.0,0.0,0.0,,
REPLACE-BG,balanced_age_undersampling_oversampling,age,undersampling_oversampling,False,same_size,random,TBR_2,C,0.0,0.0,0.0,0.0,,
REPLACE-BG,balanced_age_undersampling_oversampling,age,undersampling_oversampling,False,same_size,random,TBR_2,D,99.32,0.23,99.09,0.22999999999998977,0.2321122212130283,-0.2321122212130283
REPLACE-BG,balanced_age_undersampling_oversampling,age,undersampling_oversampling,False,same_size,random,TBR_2,E,0.61,0.15,0.6,0.010000000000000009,1.6666666666666683,-1.6666666666666683
REPLACE-BG,balanced_age_undersampling_oversampling,age,undersampling_oversampling,False,same_size,random,TBR_2,A + B,0.07,0.14,0.3,-0.22999999999999998,-76.66666666666666,-76.66666666666666
REPLACE-BG,balanced_age_undersampling_oversampling,age,undersampling_oversampling,False,same_size,random,TBR_2,RMSE,57.01,1.81,57.29,-0.28000000000000114,-0.48874149066154854,0.48874149066154854
REPLACE-BG,balanced_age_undersampling_oversampling,age,undersampling_oversampling,False,same_size,random,TBR_2,MSE,3252.46,205.4,3283.67,-31.210000000000036,-0.9504609172054449,0.9504609172054449
REPLACE-BG,balanced_age_undersampling_oversampling,age,undersampling_oversampling,False,same_size,random,TBR_2,MAE,54.19,1.83,54.45,-0.2600000000000051,-0.4775022956841232,0.4775022956841232
REPLACE-BG,balanced_age_undersampling_oversampling,age,undersampling_oversampling,False,same_size,random,TBR_2,MAPE,1.2,0.04,1.2,0.0,0.0,-0.0
REPLACE-BG,balanced_age_undersampling_oversampling,age,undersampling_oversampling,False,same_size,random,TBR_1,A,0.56,0.65,0.38,0.18000000000000005,47.36842105263159,47.36842105263159
REPLACE-BG,balanced_age_undersampling_oversampling,age,undersampling_oversampling,False,same_size,random,TBR_1,B,0.0,0.0,0.0,0.0,,
REPLACE-BG,balanced_age_undersampling_oversampling,age,undersampling_oversampling,False,same_size,random,TBR_1,C,0.0,0.0,0.0,0.0,,
REPLACE-BG,balanced_age_undersampling_oversampling,age,undersampling_oversampling,False,same_size,random,TBR_1,D,98.93,0.64,99.11,-0.1799999999999926,-0.18161638583391446,0.18161638583391446
REPLACE-BG,balanced_age_undersampling_oversampling,age,undersampling_oversampling,False,same_size,random,TBR_1,E,0.51,0.1,0.51,0.0,0.0,-0.0
REPLACE-BG,balanced_age_undersampling_oversampling,age,undersampling_oversampling,False,same_size,random,TBR_1,A + B,0.56,0.65,0.38,0.18000000000000005,47.36842105263159,47.36842105263159
REPLACE-BG,balanced_age_undersampling_oversampling,age,undersampling_oversampling,False,same_size,random,TBR_1,RMSE,41.83,1.27,42.02,-0.19000000000000483,-0.45216563541172017,0.45216563541172017
REPLACE-BG,balanced_age_undersampling_oversampling,age,undersampling_oversampling,False,same_size,random,TBR_1,MSE,1750.94,106.33,1766.39,-15.450000000000045,-0.8746652777699174,0.8746652777699174
REPLACE-BG,balanced_age_undersampling_oversampling,age,undersampling_oversampling,False,same_size,random,TBR_1,MAE,38.39,1.44,38.57,-0.17999999999999972,-0.4666839512574532,0.4666839512574532
REPLACE-BG,balanced_age_undersampling_oversampling,age,undersampling_oversampling,False,same_size,random,TBR_1,MAPE,0.62,0.02,0.62,0.0,0.0,-0.0
REPLACE-BG,balanced_age_undersampling_oversampling,age,undersampling_oversampling,False,same_size,random,TIR,A,71.95,0.42,71.95,0.0,0.0,0.0
REPLACE-BG,balanced_age_undersampling_oversampling,age,undersampling_oversampling,False,same_size,random,TIR,B,27.88,0.39,27.88,0.0,0.0,
REPLACE-BG,balanced_age_undersampling_oversampling,age,undersampling_oversampling,False,same_size,random,TIR,C,0.17,0.02,0.17,0.0,0.0,-0.0
REPLACE-BG,balanced_age_undersampling_oversampling,age,undersampling_oversampling,False,same_size,random,TIR,D,0.0,0.0,0.0,0.0,,
REPLACE-BG,balanced_age_undersampling_oversampling,age,undersampling_oversampling,False,same_size,random,TIR,E,0.0,0.0,0.0,0.0,,
REPLACE-BG,balanced_age_undersampling_oversampling,age,undersampling_oversampling,False,same_size,random,TIR,A + B,99.83,0.03,99.83,0.0,0.0,0.0
REPLACE-BG,balanced_age_undersampling_oversampling,age,undersampling_oversampling,False,same_size,random,TIR,RMSE,25.8,0.46,25.66,0.14000000000000057,0.5455962587685135,-0.5455962587685135
REPLACE-BG,balanced_age_undersampling_oversampling,age,undersampling_oversampling,False,same_size,random,TIR,MSE,665.63,23.74,658.58,7.0499999999999545,1.0704849828418648,-1.0704849828418648
REPLACE-BG,balanced_age_undersampling_oversampling,age,undersampling_oversampling,False,same_size,random,TIR,MAE,19.11,0.3,19.01,0.09999999999999787,0.5260389268805779,-0.5260389268805779
REPLACE-BG,balanced_age_undersampling_oversampling,age,undersampling_oversampling,False,same_size,random,TIR,MAPE,0.16,0.0,0.16,0.0,0.0,-0.0
REPLACE-BG,balanced_age_undersampling_oversampling,age,undersampling_oversampling,False,same_size,random,TAR_1,A,69.25,1.31,69.22,0.030000000000001137,0.04334007512279852,0.04334007512279852
REPLACE-BG,balanced_age_undersampling_oversampling,age,undersampling_oversampling,False,same_size,random,TAR_1,B,28.91,1.24,28.92,-0.010000000000001563,-0.03457814661134703,
REPLACE-BG,balanced_age_undersampling_oversampling,age,undersampling_oversampling,False,same_size,random,TAR_1,C,0.04,0.02,0.03,0.010000000000000002,33.33333333333334,-33.33333333333334
REPLACE-BG,balanced_age_undersampling_oversampling,age,undersampling_oversampling,False,same_size,random,TAR_1,D,1.8,0.07,1.83,-0.030000000000000027,-1.6393442622950833,1.6393442622950833
REPLACE-BG,balanced_age_undersampling_oversampling,age,undersampling_oversampling,False,same_size,random,TAR_1,E,0.0,0.0,0.0,0.0,,
REPLACE-BG,balanced_age_undersampling_oversampling,age,undersampling_oversampling,False,same_size,random,TAR_1,A + B,98.16,0.09,98.14,0.01999999999999602,0.020379050336250273,0.020379050336250273
REPLACE-BG,balanced_age_undersampling_oversampling,age,undersampling_oversampling,False,same_size,random,TAR_1,RMSE,43.21,1.08,43.18,0.030000000000001137,0.06947660954145701,-0.06947660954145701
REPLACE-BG,balanced_age_undersampling_oversampling,age,undersampling_oversampling,False,same_size,random,TAR_1,MSE,1867.74,93.29,1865.19,2.5499999999999545,0.13671529442040511,-0.13671529442040511
REPLACE-BG,balanced_age_undersampling_oversampling,age,undersampling_oversampling,False,same_size,random,TAR_1,MAE,34.37,0.89,34.56,-0.19000000000000483,-0.5497685185185325,0.5497685185185325
REPLACE-BG,balanced_age_undersampling_oversampling,age,undersampling_oversampling,False,same_size,random,TAR_1,MAPE,0.16,0.0,0.16,0.0,0.0,-0.0
REPLACE-BG,balanced_age_undersampling_oversampling,age,undersampling_oversampling,False,same_size,random,TAR_2,A,58.2,2.09,55.88,2.3200000000000003,4.151753758052971,4.151753758052971
REPLACE-BG,balanced_age_undersampling_oversampling,age,undersampling_oversampling,False,same_size,random,TAR_2,B,32.53,1.95,34.73,-2.1999999999999957,-6.334581053843927,
REPLACE-BG,balanced_age_undersampling_oversampling,age,undersampling_oversampling,False,same_size,random,TAR_2,C,0.0,0.0,0.0,0.0,,
REPLACE-BG,balanced_age_undersampling_oversampling,age,undersampling_oversampling,False,same_size,random,TAR_2,D,9.27,0.94,9.39,-0.120000000000001,-1.2779552715655058,1.2779552715655058
REPLACE-BG,balanced_age_undersampling_oversampling,age,undersampling_oversampling,False,same_size,random,TAR_2,E,0.0,0.0,0.0,0.0,,
REPLACE-BG,balanced_age_undersampling_oversampling,age,undersampling_oversampling,False,same_size,random,TAR_2,A + B,90.73,0.94,90.61,0.12000000000000455,0.13243571349741148,0.13243571349741148
REPLACE-BG,balanced_age_undersampling_oversampling,age,undersampling_oversampling,False,same_size,random,TAR_2,RMSE,68.13,1.3,69.31,-1.1800000000000068,-1.7024960323185785,1.7024960323185785
REPLACE-BG,balanced_age_undersampling_oversampling,age,undersampling_oversampling,False,same_size,random,TAR_2,MSE,4642.79,176.51,4804.83,-162.03999999999996,-3.372439815768715,3.372439815768715
REPLACE-BG,balanced_age_undersampling_oversampling,age,undersampling_oversampling,False,same_size,random,TAR_2,MAE,57.79,1.21,59.37,-1.5799999999999983,-2.6612767390938155,2.6612767390938155
REPLACE-BG,balanced_age_undersampling_oversampling,age,undersampling_oversampling,False,same_size,random,TAR_2,MAPE,0.2,0.0,0.2,0.0,0.0,-0.0
REPLACE-BG,balanced_age_undersampling_oversampling,age,undersampling_oversampling,False,same_size,random,ENTIRE,A,67.5,0.39,67.27,0.23000000000000398,0.3419057529359358,0.3419057529359358
REPLACE-BG,balanced_age_undersampling_oversampling,age,undersampling_oversampling,False,same_size,random,ENTIRE,B,27.51,0.27,27.73,-0.21999999999999886,-0.7933645870897904,
REPLACE-BG,balanced_age_undersampling_oversampling,age,undersampling_oversampling,False,same_size,random,ENTIRE,C,0.12,0.02,0.11,0.009999999999999995,9.090909090909086,-9.090909090909086
REPLACE-BG,balanced_age_undersampling_oversampling,age,undersampling_oversampling,False,same_size,random,ENTIRE,D,4.85,0.19,4.87,-0.020000000000000462,-0.41067761806982467,0.41067761806982467
REPLACE-BG,balanced_age_undersampling_oversampling,age,undersampling_oversampling,False,same_size,random,ENTIRE,E,0.02,0.0,0.02,0.0,0.0,-0.0
REPLACE-BG,balanced_age_undersampling_oversampling,age,undersampling_oversampling,False,same_size,random,ENTIRE,A + B,95.01,0.21,95.0,0.010000000000005116,0.010526315789479069,0.010526315789479069
REPLACE-BG,balanced_age_undersampling_oversampling,age,undersampling_oversampling,False,same_size,random,ENTIRE,RMSE,36.86,0.72,37.0,-0.14000000000000057,-0.37837837837837995,0.37837837837837995
REPLACE-BG,balanced_age_undersampling_oversampling,age,undersampling_oversampling,False,same_size,random,ENTIRE,MSE,1358.79,53.55,1369.77,-10.980000000000018,-0.8015944282616804,0.8015944282616804
REPLACE-BG,balanced_age_undersampling_oversampling,age,undersampling_oversampling,False,same_size,random,ENTIRE,MAE,27.02,0.71,27.15,-0.129999999999999,-0.47882136279925974,0.47882136279925974
REPLACE-BG,balanced_age_undersampling_oversampling,age,undersampling_oversampling,False,same_size,random,ENTIRE,MAPE,0.18,0.0,0.18,0.0,0.0,-0.0
REPLACE-BG,balanced_age_undersampling_smote,age,undersampling_smote,False,same_size,random+guided,TBR_2,A,0.13,0.28,0.3,-0.16999999999999998,-56.666666666666664,-56.666666666666664
REPLACE-BG,balanced_age_undersampling_smote,age,undersampling_smote,False,same_size,random+guided,TBR_2,B,0.0,0.0,0.0,0.0,,
REPLACE-BG,balanced_age_undersampling_smote,age,undersampling_smote,False,same_size,random+guided,TBR_2,C,0.0,0.0,0.0,0.0,,
REPLACE-BG,balanced_age_undersampling_smote,age,undersampling_smote,False,same_size,random+guided,TBR_2,D,99.29,0.29,99.09,0.20000000000000284,0.20183671409829732,-0.20183671409829732
REPLACE-BG,balanced_age_undersampling_smote,age,undersampling_smote,False,same_size,random+guided,TBR_2,E,0.58,0.19,0.6,-0.020000000000000018,-3.3333333333333366,3.3333333333333366
REPLACE-BG,balanced_age_undersampling_smote,age,undersampling_smote,False,same_size,random+guided,TBR_2,A + B,0.13,0.28,0.3,-0.16999999999999998,-56.666666666666664,-56.666666666666664
REPLACE-BG,balanced_age_undersampling_smote,age,undersampling_smote,False,same_size,random+guided,TBR_2,RMSE,56.88,1.26,57.29,-0.4099999999999966,-0.7156571827544015,0.7156571827544015
REPLACE-BG,balanced_age_undersampling_smote,age,undersampling_smote,False,same_size,random+guided,TBR_2,MSE,3236.05,143.75,3283.67,-47.61999999999989,-1.4502066285588957,1.4502066285588957
REPLACE-BG,balanced_age_undersampling_smote,age,undersampling_smote,False,same_size,random+guided,TBR_2,MAE,54.08,1.47,54.45,-0.37000000000000455,-0.6795224977043243,0.6795224977043243
REPLACE-BG,balanced_age_undersampling_smote,age,undersampling_smote,False,same_size,random+guided,TBR_2,MAPE,1.19,0.03,1.2,-0.010000000000000009,-0.8333333333333341,0.8333333333333341
REPLACE-BG,balanced_age_undersampling_smote,age,undersampling_smote,False,same_size,random+guided,TBR_1,A,0.52,0.54,0.38,0.14,36.8421052631579,36.8421052631579
REPLACE-BG,balanced_age_undersampling_smote,age,undersampling_smote,False,same_size,random+guided,TBR_1,B,0.0,0.0,0.0,0.0,,
REPLACE-BG,balanced_age_undersampling_smote,age,undersampling_smote,False,same_size,random+guided,TBR_1,C,0.0,0.0,0.0,0.0,,
REPLACE-BG,balanced_age_undersampling_smote,age,undersampling_smote,False,same_size,random+guided,TBR_1,D,99.0,0.62,99.11,-0.10999999999999943,-0.1109877913429517,0.1109877913429517
REPLACE-BG,balanced_age_undersampling_smote,age,undersampling_smote,False,same_size,random+guided,TBR_1,E,0.49,0.16,0.51,-0.020000000000000018,-3.921568627450984,3.921568627450984
REPLACE-BG,balanced_age_undersampling_smote,age,undersampling_smote,False,same_size,random+guided,TBR_1,A + B,0.52,0.54,0.38,0.14,36.8421052631579,36.8421052631579
REPLACE-BG,balanced_age_undersampling_smote,age,undersampling_smote,False,same_size,random+guided,TBR_1,RMSE,41.36,0.81,42.02,-0.6600000000000037,-1.5706806282722598,1.5706806282722598
REPLACE-BG,balanced_age_undersampling_smote,age,undersampling_smote,False,same_size,random+guided,TBR_1,MSE,1711.54,66.73,1766.39,-54.850000000000136,-3.10520326768155,3.10520326768155
REPLACE-BG,balanced_age_undersampling_smote,age,undersampling_smote,False,same_size,random+guided,TBR_1,MAE,37.89,1.26,38.57,-0.6799999999999997,-1.7630282603059364,1.7630282603059364
REPLACE-BG,balanced_age_undersampling_smote,age,undersampling_smote,False,same_size,random+guided,TBR_1,MAPE,0.61,0.02,0.62,-0.010000000000000009,-1.6129032258064528,1.6129032258064528
REPLACE-BG,balanced_age_undersampling_smote,age,undersampling_smote,False,same_size,random+guided,TIR,A,72.06,0.64,71.95,0.10999999999999943,0.1528839471855447,0.1528839471855447
REPLACE-BG,balanced_age_undersampling_smote,age,undersampling_smote,False,same_size,random+guided,TIR,B,27.78,0.6,27.88,-0.09999999999999787,-0.35868005738880154,
REPLACE-BG,balanced_age_undersampling_smote,age,undersampling_smote,False,same_size,random+guided,TIR,C,0.16,0.04,0.17,-0.010000000000000009,-5.8823529411764754,5.8823529411764754
REPLACE-BG,balanced_age_undersampling_smote,age,undersampling_smote,False,same_size,random+guided,TIR,D,0.0,0.0,0.0,0.0,,
REPLACE-BG,balanced_age_undersampling_smote,age,undersampling_smote,False,same_size,random+guided,TIR,E,0.0,0.0,0.0,0.0,,
REPLACE-BG,balanced_age_undersampling_smote,age,undersampling_smote,False,same_size,random+guided,TIR,A + B,99.84,0.04,99.83,0.010000000000005116,0.010017028949218788,0.010017028949218788
REPLACE-BG,balanced_age_undersampling_smote,age,undersampling_smote,False,same_size,random+guided,TIR,RMSE,25.8,0.72,25.66,0.14000000000000057,0.5455962587685135,-0.5455962587685135
REPLACE-BG,balanced_age_undersampling_smote,age,undersampling_smote,False,same_size,random+guided,TIR,MSE,665.86,36.78,658.58,7.279999999999973,1.1054086063955741,-1.1054086063955741
REPLACE-BG,balanced_age_undersampling_smote,age,undersampling_smote,False,same_size,random+guided,TIR,MAE,19.12,0.42,19.01,0.10999999999999943,0.578642819568645,-0.578642819568645
REPLACE-BG,balanced_age_undersampling_smote,age,undersampling_smote,False,same_size,random+guided,TIR,MAPE,0.16,0.0,0.16,0.0,0.0,-0.0
REPLACE-BG,balanced_age_undersampling_smote,age,undersampling_smote,False,same_size,random+guided,TAR_1,A,68.96,1.2,69.22,-0.2600000000000051,-0.37561398439758037,-0.37561398439758037
REPLACE-BG,balanced_age_undersampling_smote,age,undersampling_smote,False,same_size,random+guided,TAR_1,B,29.17,1.17,28.92,0.25,0.8644536652835407,
REPLACE-BG,balanced_age_undersampling_smote,age,undersampling_smote,False,same_size,random+guided,TAR_1,C,0.04,0.01,0.03,0.010000000000000002,33.33333333333334,-33.33333333333334
REPLACE-BG,balanced_age_undersampling_smote,age,undersampling_smote,False,same_size,random+guided,TAR_1,D,1.83,0.03,1.83,0.0,0.0,-0.0
REPLACE-BG,balanced_age_undersampling_smote,age,undersampling_smote,False,same_size,random+guided,TAR_1,E,0.0,0.0,0.0,0.0,,
REPLACE-BG,balanced_age_undersampling_smote,age,undersampling_smote,False,same_size,random+guided,TAR_1,A + B,98.12,0.04,98.14,-0.01999999999999602,-0.020379050336250273,-0.020379050336250273
REPLACE-BG,balanced_age_undersampling_smote,age,undersampling_smote,False,same_size,random+guided,TAR_1,RMSE,43.49,0.83,43.18,0.3100000000000023,0.7179249652617005,-0.7179249652617005
REPLACE-BG,balanced_age_undersampling_smote,age,undersampling_smote,False,same_size,random+guided,TAR_1,MSE,1892.0,72.83,1865.19,26.809999999999945,1.4373870758474978,-1.4373870758474978
REPLACE-BG,balanced_age_undersampling_smote,age,undersampling_smote,False,same_size,random+guided,TAR_1,MAE,34.67,0.61,34.56,0.10999999999999943,0.31828703703703537,-0.31828703703703537
REPLACE-BG,balanced_age_undersampling_smote,age,undersampling_smote,False,same_size,random+guided,TAR_1,MAPE,0.16,0.0,0.16,0.0,0.0,-0.0
REPLACE-BG,balanced_age_undersampling_smote,age,undersampling_smote,False,same_size,random+guided,TAR_2,A,58.0,2.1,55.88,2.1199999999999974,3.7938439513242614,3.7938439513242614
REPLACE-BG,balanced_age_undersampling_smote,age,undersampling_smote,False,same_size,random+guided,TAR_2,B,32.6,1.56,34.73,-2.1299999999999955,-6.13302620213071,
REPLACE-BG,balanced_age_undersampling_smote,age,undersampling_smote,False,same_size,random+guided,TAR_2,C,0.0,0.0,0.0,0.0,,
REPLACE-BG,balanced_age_undersampling_smote,age,undersampling_smote,False,same_size,random+guided,TAR_2,D,9.4,1.08,9.39,0.009999999999999787,0.10649627263045566,-0.10649627263045566
REPLACE-BG,balanced_age_undersampling_smote,age,undersampling_smote,False,same_size,random+guided,TAR_2,E,0.0,0.0,0.0,0.0,,
REPLACE-BG,balanced_age_undersampling_smote,age,undersampling_smote,False,same_size,random+guided,TAR_2,A + B,90.6,1.08,90.61,-0.010000000000005116,-0.011036309458122853,-0.011036309458122853
REPLACE-BG,balanced_age_undersampling_smote,age,undersampling_smote,False,same_size,random+guided,TAR_2,RMSE,68.36,1.52,69.31,-0.9500000000000028,-1.3706535853412245,1.3706535853412245
REPLACE-BG,balanced_age_undersampling_smote,age,undersampling_smote,False,same_size,random+guided,TAR_2,MSE,4674.77,208.83,4804.83,-130.0599999999995,-2.706859555905193,2.706859555905193
REPLACE-BG,balanced_age_undersampling_smote,age,undersampling_smote,False,same_size,random+guided,TAR_2,MAE,58.17,1.49,59.37,-1.1999999999999957,-2.021222839818083,2.021222839818083
REPLACE-BG,balanced_age_undersampling_smote,age,undersampling_smote,False,same_size,random+guided,TAR_2,MAPE,0.2,0.01,0.2,0.0,0.0,-0.0
REPLACE-BG,balanced_age_undersampling_smote,age,undersampling_smote,False,same_size,random+guided,ENTIRE,A,67.47,0.52,67.27,0.20000000000000284,0.29730935037907363,0.29730935037907363
REPLACE-BG,balanced_age_undersampling_smote,age,undersampling_smote,False,same_size,random+guided,ENTIRE,B,27.53,0.42,27.73,-0.1999999999999993,-0.7212405337179923,
REPLACE-BG,balanced_age_undersampling_smote,age,undersampling_smote,False,same_size,random+guided,ENTIRE,C,0.11,0.02,0.11,0.0,0.0,-0.0
REPLACE-BG,balanced_age_undersampling_smote,age,undersampling_smote,False,same_size,random+guided,ENTIRE,D,4.87,0.16,4.87,0.0,0.0,-0.0
REPLACE-BG,balanced_age_undersampling_smote,age,undersampling_smote,False,same_size,random+guided,ENTIRE,E,0.02,0.01,0.02,0.0,0.0,-0.0
REPLACE-BG,balanced_age_undersampling_smote,age,undersampling_smote,False,same_size,random+guided,ENTIRE,A + B,95.0,0.18,95.0,0.0,0.0,0.0
REPLACE-BG,balanced_age_undersampling_smote,age,undersampling_smote,False,same_size,random+guided,ENTIRE,RMSE,36.96,0.78,37.0,-0.03999999999999915,-0.10810810810810581,0.10810810810810581
REPLACE-BG,balanced_age_undersampling_smote,age,undersampling_smote,False,same_size,random+guided,ENTIRE,MSE,1366.75,57.45,1369.77,-3.019999999999982,-0.22047497025047869,0.22047497025047869
REPLACE-BG,balanced_age_undersampling_smote,age,undersampling_smote,False,same_size,random+guided,ENTIRE,MAE,27.12,0.67,27.15,-0.029999999999997584,-0.11049723756905189,0.11049723756905189
REPLACE-BG,balanced_age_undersampling_smote,age,undersampling_smote,False,same_size,random+guided,ENTIRE,MAPE,0.18,0.0,0.18,0.0,0.0,-0.0
REPLACE-BG,balanced_sex_jittering,sex,jittering,False,oversampling,guided,TBR_2,A,0.01,0.03,0.3,-0.29,-96.66666666666667,-96.66666666666667
REPLACE-BG,balanced_sex_jittering,sex,jittering,False,oversampling,guided,TBR_2,B,0.0,0.0,0.0,0.0,,
REPLACE-BG,balanced_sex_jittering,sex,jittering,False,oversampling,guided,TBR_2,C,0.0,0.0,0.0,0.0,,
REPLACE-BG,balanced_sex_jittering,sex,jittering,False,oversampling,guided,TBR_2,D,99.39,0.17,99.09,0.29999999999999716,0.3027550711474388,-0.3027550711474388
REPLACE-BG,balanced_sex_jittering,sex,jittering,False,oversampling,guided,TBR_2,E,0.6,0.19,0.6,0.0,0.0,-0.0
REPLACE-BG,balanced_sex_jittering,sex,jittering,False,oversampling,guided,TBR_2,A + B,0.01,0.03,0.3,-0.29,-96.66666666666667,-96.66666666666667
REPLACE-BG,balanced_sex_jittering,sex,jittering,False,oversampling,guided,TBR_2,RMSE,56.46,1.8,57.29,-0.8299999999999983,-1.4487694187467242,1.4487694187467242
REPLACE-BG,balanced_sex_jittering,sex,jittering,False,oversampling,guided,TBR_2,MSE,3190.86,202.56,3283.67,-92.80999999999995,-2.82641069291372,2.82641069291372
REPLACE-BG,balanced_sex_jittering,sex,jittering,False,oversampling,guided,TBR_2,MAE,53.52,1.86,54.45,-0.9299999999999997,-1.707988980716253,1.707988980716253
REPLACE-BG,balanced_sex_jittering,sex,jittering,False,oversampling,guided,TBR_2,MAPE,1.18,0.04,1.2,-0.020000000000000018,-1.6666666666666683,1.6666666666666683
REPLACE-BG,balanced_sex_jittering,sex,jittering,False,oversampling,guided,TBR_1,A,0.54,0.55,0.38,0.16000000000000003,42.10526315789475,42.10526315789475
REPLACE-BG,balanced_sex_jittering,sex,jittering,False,oversampling,guided,TBR_1,B,0.0,0.0,0.0,0.0,,
REPLACE-BG,balanced_sex_jittering,sex,jittering,False,oversampling,guided,TBR_1,C,0.0,0.0,0.0,0.0,,
REPLACE-BG,balanced_sex_jittering,sex,jittering,False,oversampling,guided,TBR_1,D,98.96,0.66,99.11,-0.15000000000000568,-0.15134698819494066,0.15134698819494066
REPLACE-BG,balanced_sex_jittering,sex,jittering,False,oversampling,guided,TBR_1,E,0.51,0.17,0.51,0.0,0.0,-0.0
REPLACE-BG,balanced_sex_jittering,sex,jittering,False,oversampling,guided,TBR_1,A + B,0.54,0.55,0.38,0.16000000000000003,42.10526315789475,42.10526315789475
REPLACE-BG,balanced_sex_jittering,sex,jittering,False,oversampling,guided,TBR_1,RMSE,41.13,1.5,42.02,-0.8900000000000006,-2.1180390290337945,2.1180390290337945
REPLACE-BG,balanced_sex_jittering,sex,jittering,False,oversampling,guided,TBR_1,MSE,1693.62,121.1,1766.39,-72.77000000000021,-4.1197017646159795,4.1197017646159795
REPLACE-BG,balanced_sex_jittering,sex,jittering,False,oversampling,guided,TBR_1,MAE,37.49,1.53,38.57,-1.0799999999999983,-2.8001037075447193,2.8001037075447193
REPLACE-BG,balanced_sex_jittering,sex,jittering,False,oversampling,guided,TBR_1,MAPE,0.6,0.02,0.62,-0.020000000000000018,-3.2258064516129057,3.2258064516129057
REPLACE-BG,balanced_sex_jittering,sex,jittering,False,oversampling,guided,TIR,A,72.16,0.73,71.95,0.20999999999999375,0.2918693537178509,0.2918693537178509
REPLACE-BG,balanced_sex_jittering,sex,jittering,False,oversampling,guided,TIR,B,27.68,0.7,27.88,-0.1999999999999993,-0.7173601147776159,
REPLACE-BG,balanced_sex_jittering,sex,jittering,False,oversampling,guided,TIR,C,0.16,0.03,0.17,-0.010000000000000009,-5.8823529411764754,5.8823529411764754
REPLACE-BG,balanced_sex_jittering,sex,jittering,False,oversampling,guided,TIR,D,0.0,0.0,0.0,0.0,,
REPLACE-BG,balanced_sex_jittering,sex,jittering,False,oversampling,guided,TIR,E,0.0,0.0,0.0,0.0,,
REPLACE-BG,balanced_sex_jittering,sex,jittering,False,oversampling,guided,TIR,A + B,99.84,0.03,99.83,0.010000000000005116,0.010017028949218788,0.010017028949218788
REPLACE-BG,balanced_sex_jittering,sex,jittering,False,oversampling,guided,TIR,RMSE,25.74,0.57,25.66,0.0799999999999983,0.311769290724857,-0.311769290724857
REPLACE-BG,balanced_sex_jittering,sex,jittering,False,oversampling,guided,TIR,MSE,662.83,29.34,658.58,4.25,0.6453278265358802,-0.6453278265358802
REPLACE-BG,balanced_sex_jittering,sex,jittering,False,oversampling,guided,TIR,MAE,19.04,0.4,19.01,0.029999999999997584,0.15781167806416405,-0.15781167806416405
REPLACE-BG,balanced_sex_jittering,sex,jittering,False,oversampling,guided,TIR,MAPE,0.16,0.0,0.16,0.0,0.0,-0.0
REPLACE-BG,balanced_sex_jittering,sex,jittering,False,oversampling,guided,TAR_1,A,69.27,1.87,69.22,0.04999999999999716,0.0722334585379907,0.0722334585379907
REPLACE-BG,balanced_sex_jittering,sex,jittering,False,oversampling,guided,TAR_1,B,28.86,1.78,28.92,-0.060000000000002274,-0.20746887966805763,
REPLACE-BG,balanced_sex_jittering,sex,jittering,False,oversampling,guided,TAR_1,C,0.03,0.01,0.03,0.0,0.0,-0.0
REPLACE-BG,balanced_sex_jittering,sex,jittering,False,oversampling,guided,TAR_1,D,1.83,0.09,1.83,0.0,0.0,-0.0
REPLACE-BG,balanced_sex_jittering,sex,jittering,False,oversampling,guided,TAR_1,E,0.0,0.0,0.0,0.0,,
REPLACE-BG,balanced_sex_jittering,sex,jittering,False,oversampling,guided,TAR_1,A + B,98.13,0.09,98.14,-0.010000000000005116,-0.01018952516813238,-0.01018952516813238
REPLACE-BG,balanced_sex_jittering,sex,jittering,False,oversampling,guided,TAR_1,RMSE,43.28,1.23,43.18,0.10000000000000142,0.2315886984715179,-0.2315886984715179
REPLACE-BG,balanced_sex_jittering,sex,jittering,False,oversampling,guided,TAR_1,MSE,1874.33,107.42,1865.19,9.139999999999873,0.4900305062754932,-0.4900305062754932
REPLACE-BG,balanced_sex_jittering,sex,jittering,False,oversampling,guided,TAR_1,MAE,34.46,1.16,34.56,-0.10000000000000142,-0.28935185185185597,0.28935185185185597
REPLACE-BG,balanced_sex_jittering,sex,jittering,False,oversampling,guided,TAR_1,MAPE,0.16,0.01,0.16,0.0,0.0,-0.0
REPLACE-BG,balanced_sex_jittering,sex,jittering,False,oversampling,guided,TAR_2,A,57.46,1.85,55.88,1.5799999999999983,2.8274874731567614,2.8274874731567614
REPLACE-BG,balanced_sex_jittering,sex,jittering,False,oversampling,guided,TAR_2,B,33.11,1.33,34.73,-1.6199999999999974,-4.664555139648711,
REPLACE-BG,balanced_sex_jittering,sex,jittering,False,oversampling,guided,TAR_2,C,0.0,0.0,0.0,0.0,,
REPLACE-BG,balanced_sex_jittering,sex,jittering,False,oversampling,guided,TAR_2,D,9.43,1.19,9.39,0.03999999999999915,0.42598509052182265,-0.42598509052182265
REPLACE-BG,balanced_sex_jittering,sex,jittering,False,oversampling,guided,TAR_2,E,0.0,0.0,0.0,0.0,,
REPLACE-BG,balanced_sex_jittering,sex,jittering,False,oversampling,guided,TAR_2,A + B,90.57,1.19,90.61,-0.04000000000000625,-0.044145237832475724,-0.044145237832475724
REPLACE-BG,balanced_sex_jittering,sex,jittering,False,oversampling,guided,TAR_2,RMSE,68.78,1.33,69.31,-0.5300000000000011,-0.76468042129563,0.76468042129563
REPLACE-BG,balanced_sex_jittering,sex,jittering,False,oversampling,guided,TAR_2,MSE,4732.28,181.69,4804.83,-72.55000000000018,-1.5099389572575967,1.5099389572575967
REPLACE-BG,balanced_sex_jittering,sex,jittering,False,oversampling,guided,TAR_2,MAE,58.68,1.32,59.37,-0.6899999999999977,-1.1622031328953981,1.1622031328953981
REPLACE-BG,balanced_sex_jittering,sex,jittering,False,oversampling,guided,TAR_2,MAPE,0.2,0.0,0.2,0.0,0.0,-0.0
REPLACE-BG,balanced_sex_jittering,sex,jittering,False,oversampling,guided,ENTIRE,A,67.57,0.94,67.27,0.29999999999999716,0.44596402556859993,0.44596402556859993
REPLACE-BG,balanced_sex_jittering,sex,jittering,False,oversampling,guided,ENTIRE,B,27.43,0.73,27.73,-0.3000000000000007,-1.081860800576995,
REPLACE-BG,balanced_sex_jittering,sex,jittering,False,oversampling,guided,ENTIRE,C,0.11,0.02,0.11,0.0,0.0,-0.0
REPLACE-BG,balanced_sex_jittering,sex,jittering,False,oversampling,guided,ENTIRE,D,4.87,0.23,4.87,0.0,0.0,-0.0
REPLACE-BG,balanced_sex_jittering,sex,jittering,False,oversampling,guided,ENTIRE,E,0.02,0.01,0.02,0.0,0.0,-0.0
REPLACE-BG,balanced_sex_jittering,sex,jittering,False,oversampling,guided,ENTIRE,A + B,95.0,0.24,95.0,0.0,0.0,0.0
REPLACE-BG,balanced_sex_jittering,sex,jittering,False,oversampling,guided,ENTIRE,RMSE,36.93,0.82,37.0,-0.07000000000000028,-0.18918918918918998,0.18918918918918998
REPLACE-BG,balanced_sex_jittering,sex,jittering,False,oversampling,guided,ENTIRE,MSE,1364.54,60.42,1369.77,-5.230000000000018,-0.3818159253013293,0.3818159253013293
REPLACE-BG,balanced_sex_jittering,sex,jittering,False,oversampling,guided,ENTIRE,MAE,27.04,0.75,27.15,-0.10999999999999943,-0.4051565377532208,0.4051565377532208
REPLACE-BG,balanced_sex_jittering,sex,jittering,False,oversampling,guided,ENTIRE,MAPE,0.18,0.01,0.18,0.0,0.0,-0.0
REPLACE-BG,balanced_sex_oversampling,sex,oversampling,False,oversampling,random,TBR_2,A,0.0,0.0,0.3,-0.3,-100.0,-100.0
REPLACE-BG,balanced_sex_oversampling,sex,oversampling,False,oversampling,random,TBR_2,B,0.0,0.0,0.0,0.0,,
REPLACE-BG,balanced_sex_oversampling,sex,oversampling,False,oversampling,random,TBR_2,C,0.0,0.0,0.0,0.0,,
REPLACE-BG,balanced_sex_oversampling,sex,oversampling,False,oversampling,random,TBR_2,D,99.37,0.15,99.09,0.28000000000000114,0.2825713997376134,-0.2825713997376134
REPLACE-BG,balanced_sex_oversampling,sex,oversampling,False,oversampling,random,TBR_2,E,0.63,0.15,0.6,0.030000000000000027,5.000000000000004,-5.000000000000004
REPLACE-BG,balanced_sex_oversampling,sex,oversampling,False,oversampling,random,TBR_2,A + B,0.0,0.0,0.3,-0.3,-100.0,-100.0
REPLACE-BG,balanced_sex_oversampling,sex,oversampling,False,oversampling,random,TBR_2,RMSE,56.96,1.4,57.29,-0.3299999999999983,-0.5760167568511054,0.5760167568511054
REPLACE-BG,balanced_sex_oversampling,sex,oversampling,False,oversampling,random,TBR_2,MSE,3245.96,159.41,3283.67,-37.710000000000036,-1.1484101630188184,1.1484101630188184
REPLACE-BG,balanced_sex_oversampling,sex,oversampling,False,oversampling,random,TBR_2,MAE,54.14,1.26,54.45,-0.3100000000000023,-0.5693296602387553,0.5693296602387553
REPLACE-BG,balanced_sex_oversampling,sex,oversampling,False,oversampling,random,TBR_2,MAPE,1.19,0.03,1.2,-0.010000000000000009,-0.8333333333333341,0.8333333333333341
REPLACE-BG,balanced_sex_oversampling,sex,oversampling,False,oversampling,random,TBR_1,A,0.38,0.39,0.38,0.0,0.0,0.0
REPLACE-BG,balanced_sex_oversampling,sex,oversampling,False,oversampling,random,TBR_1,B,0.0,0.0,0.0,0.0,,
REPLACE-BG,balanced_sex_oversampling,sex,oversampling,False,oversampling,random,TBR_1,C,0.0,0.0,0.0,0.0,,
REPLACE-BG,balanced_sex_oversampling,sex,oversampling,False,oversampling,random,TBR_1,D,99.1,0.52,99.11,-0.010000000000005116,-0.010089799213000824,0.010089799213000824
REPLACE-BG,balanced_sex_oversampling,sex,oversampling,False,oversampling,random,TBR_1,E,0.52,0.14,0.51,0.010000000000000009,1.960784313725492,-1.960784313725492
REPLACE-BG,balanced_sex_oversampling,sex,oversampling,False,oversampling,random,TBR_1,A + B,0.38,0.39,0.38,0.0,0.0,0.0
REPLACE-BG,balanced_sex_oversampling,sex,oversampling,False,oversampling,random,TBR_1,RMSE,41.5,1.29,42.02,-0.5200000000000031,-1.2375059495478418,1.2375059495478418
REPLACE-BG,balanced_sex_oversampling,sex,oversampling,False,oversampling,random,TBR_1,MSE,1723.28,106.86,1766.39,-43.11000000000013,-2.44057088185509,2.44057088185509
REPLACE-BG,balanced_sex_oversampling,sex,oversampling,False,oversampling,random,TBR_1,MAE,37.98,1.13,38.57,-0.5900000000000034,-1.529686284677219,1.529686284677219
REPLACE-BG,balanced_sex_oversampling,sex,oversampling,False,oversampling,random,TBR_1,MAPE,0.61,0.02,0.62,-0.010000000000000009,-1.6129032258064528,1.6129032258064528
REPLACE-BG,balanced_sex_oversampling,sex,oversampling,False,oversampling,random,TIR,A,72.08,0.61,71.95,0.12999999999999545,0.18068102849200202,0.18068102849200202
REPLACE-BG,balanced_sex_oversampling,sex,oversampling,False,oversampling,random,TIR,B,27.75,0.58,27.88,-0.129999999999999,-0.46628407460544835,
REPLACE-BG,balanced_sex_oversampling,sex,oversampling,False,oversampling,random,TIR,C,0.17,0.03,0.17,0.0,0.0,-0.0
REPLACE-BG,balanced_sex_oversampling,sex,oversampling,False,oversampling,random,TIR,D,0.0,0.0,0.0,0.0,,
REPLACE-BG,balanced_sex_oversampling,sex,oversampling,False,oversampling,random,TIR,E,0.0,0.0,0.0,0.0,,
REPLACE-BG,balanced_sex_oversampling,sex,oversampling,False,oversampling,random,TIR,A + B,99.83,0.03,99.83,0.0,0.0,0.0
REPLACE-BG,balanced_sex_oversampling,sex,oversampling,False,oversampling,random,TIR,RMSE,25.81,0.5,25.66,0.14999999999999858,0.5845674201091137,-0.5845674201091137
REPLACE-BG,balanced_sex_oversampling,sex,oversampling,False,oversampling,random,TIR,MSE,666.57,25.76,658.58,7.990000000000009,1.213216313887456,-1.213216313887456
REPLACE-BG,balanced_sex_oversampling,sex,oversampling,False,oversampling,random,TIR,MAE,19.09,0.33,19.01,0.0799999999999983,0.4208311415044623,-0.4208311415044623
REPLACE-BG,balanced_sex_oversampling,sex,oversampling,False,oversampling,random,TIR,MAPE,0.16,0.0,0.16,0.0,0.0,-0.0
REPLACE-BG,balanced_sex_oversampling,sex,oversampling,False,oversampling,random,TAR_1,A,69.34,1.51,69.22,0.12000000000000455,0.17336030049119408,0.17336030049119408
REPLACE-BG,balanced_sex_oversampling,sex,oversampling,False,oversampling,random,TAR_1,B,28.81,1.47,28.92,-0.11000000000000298,-0.38035961272476826,
REPLACE-BG,balanced_sex_oversampling,sex,oversampling,False,oversampling,random,TAR_1,C,0.04,0.0,0.03,0.010000000000000002,33.33333333333334,-33.33333333333334
REPLACE-BG,balanced_sex_oversampling,sex,oversampling,False,oversampling,random,TAR_1,D,1.81,0.04,1.83,-0.020000000000000018,-1.0928961748633887,1.0928961748633887
REPLACE-BG,balanced_sex_oversampling,sex,oversampling,False,oversampling,random,TAR_1,E,0.0,0.0,0.0,0.0,,
REPLACE-BG,balanced_sex_oversampling,sex,oversampling,False,oversampling,random,TAR_1,A + B,98.15,0.05,98.14,0.010000000000005116,0.01018952516813238,0.01018952516813238
REPLACE-BG,balanced_sex_oversampling,sex,oversampling,False,oversampling,random,TAR_1,RMSE,43.23,1.01,43.18,0.04999999999999716,0.11579434923575073,-0.11579434923575073
REPLACE-BG,balanced_sex_oversampling,sex,oversampling,False,oversampling,random,TAR_1,MSE,1869.28,88.02,1865.19,4.089999999999918,0.21928060948213954,-0.21928060948213954
REPLACE-BG,balanced_sex_oversampling,sex,oversampling,False,oversampling,random,TAR_1,MAE,34.4,0.85,34.56,-0.1600000000000037,-0.4629629629629736,0.4629629629629736
REPLACE-BG,balanced_sex_oversampling,sex,oversampling,False,oversampling,random,TAR_1,MAPE,0.16,0.0,0.16,0.0,0.0,-0.0
REPLACE-BG,balanced_sex_oversampling,sex,oversampling,False,oversampling,random,TAR_2,A,58.52,1.22,55.88,2.6400000000000006,4.724409448818898,4.724409448818898
REPLACE-BG,balanced_sex_oversampling,sex,oversampling,False,oversampling,random,TAR_2,B,32.21,0.87,34.73,-2.519999999999996,-7.255974661675774,
REPLACE-BG,balanced_sex_oversampling,sex,oversampling,False,oversampling,random,TAR_2,C,0.0,0.0,0.0,0.0,,
REPLACE-BG,balanced_sex_oversampling,sex,oversampling,False,oversampling,random,TAR_2,D,9.28,1.09,9.39,-0.11000000000000121,-1.17145899893505,1.17145899893505
REPLACE-BG,balanced_sex_oversampling,sex,oversampling,False,oversampling,random,TAR_2,E,0.0,0.0,0.0,0.0,,
REPLACE-BG,balanced_sex_oversampling,sex,oversampling,False,oversampling,random,TAR_2,A + B,90.72,1.09,90.61,0.10999999999999943,0.12139940403928864,0.12139940403928864
REPLACE-BG,balanced_sex_oversampling,sex,oversampling,False,oversampling,random,TAR_2,RMSE,68.13,1.07,69.31,-1.1800000000000068,-1.7024960323185785,1.7024960323185785
REPLACE-BG,balanced_sex_oversampling,sex,oversampling,False,oversampling,random,TAR_2,MSE,4642.74,144.16,4804.83,-162.09000000000015,-3.3734804353119707,3.3734804353119707
REPLACE-BG,balanced_sex_oversampling,sex,oversampling,False,oversampling,random,TAR_2,MAE,57.9,0.94,59.37,-1.4699999999999989,-2.475997978777158,2.475997978777158
REPLACE-BG,balanced_sex_oversampling,sex,oversampling,False,oversampling,random,TAR_2,MAPE,0.2,0.0,0.2,0.0,0.0,-0.0
REPLACE-BG,balanced_sex_oversampling,sex,oversampling,False,oversampling,random,ENTIRE,A,67.62,0.64,67.27,0.3500000000000085,0.5202913631633842,0.5202913631633842
REPLACE-BG,balanced_sex_oversampling,sex,oversampling,False,oversampling,random,ENTIRE,B,27.39,0.5,27.73,-0.33999999999999986,-1.2261089073205909,
REPLACE-BG,balanced_sex_oversampling,sex,oversampling,False,oversampling,random,ENTIRE,C,0.11,0.02,0.11,0.0,0.0,-0.0
REPLACE-BG,balanced_sex_oversampling,sex,oversampling,False,oversampling,random,ENTIRE,D,4.86,0.18,4.87,-0.009999999999999787,-0.20533880903490323,0.20533880903490323
REPLACE-BG,balanced_sex_oversampling,sex,oversampling,False,oversampling,random,ENTIRE,E,0.02,0.01,0.02,0.0,0.0,-0.0
REPLACE-BG,balanced_sex_oversampling,sex,oversampling,False,oversampling,random,ENTIRE,A + B,95.01,0.19,95.0,0.010000000000005116,0.010526315789479069,0.010526315789479069
REPLACE-BG,balanced_sex_oversampling,sex,oversampling,False,oversampling,random,ENTIRE,RMSE,36.86,0.73,37.0,-0.14000000000000057,-0.37837837837837995,0.37837837837837995
REPLACE-BG,balanced_sex_oversampling,sex,oversampling,False,oversampling,random,ENTIRE,MSE,1359.28,53.69,1369.77,-10.490000000000009,-0.765821999313754,0.765821999313754
REPLACE-BG,balanced_sex_oversampling,sex,oversampling,False,oversampling,random,ENTIRE,MAE,27.01,0.7,27.15,-0.13999999999999702,-0.5156537753222726,0.5156537753222726
REPLACE-BG,balanced_sex_oversampling,sex,oversampling,False,oversampling,random,ENTIRE,MAPE,0.18,0.0,0.18,0.0,0.0,-0.0
REPLACE-BG,balanced_sex_oversampling_tomek,sex,oversampling_tomek,False,same_size,random+guided,TBR_2,A,0.01,0.03,0.3,-0.29,-96.66666666666667,-96.66666666666667
REPLACE-BG,balanced_sex_oversampling_tomek,sex,oversampling_tomek,False,same_size,random+guided,TBR_2,B,0.0,0.0,0.0,0.0,,
REPLACE-BG,balanced_sex_oversampling_tomek,sex,oversampling_tomek,False,same_size,random+guided,TBR_2,C,0.0,0.0,0.0,0.0,,
REPLACE-BG,balanced_sex_oversampling_tomek,sex,oversampling_tomek,False,same_size,random+guided,TBR_2,D,99.41,0.14,99.09,0.3199999999999932,0.3229387425572643,-0.3229387425572643
REPLACE-BG,balanced_sex_oversampling_tomek,sex,oversampling_tomek,False,same_size,random+guided,TBR_2,E,0.58,0.15,0.6,-0.020000000000000018,-3.3333333333333366,3.3333333333333366
REPLACE-BG,balanced_sex_oversampling_tomek,sex,oversampling_tomek,False,same_size,random+guided,TBR_2,A + B,0.01,0.03,0.3,-0.29,-96.66666666666667,-96.66666666666667
REPLACE-BG,balanced_sex_oversampling_tomek,sex,oversampling_tomek,False,same_size,random+guided,TBR_2,RMSE,56.78,0.68,57.29,-0.509999999999998,-0.8902077151335277,0.8902077151335277
REPLACE-BG,balanced_sex_oversampling_tomek,sex,oversampling_tomek,False,same_size,random+guided,TBR_2,MSE,3224.47,77.64,3283.67,-59.20000000000027,-1.8028608234079633,1.8028608234079633
REPLACE-BG,balanced_sex_oversampling_tomek,sex,oversampling_tomek,False,same_size,random+guided,TBR_2,MAE,53.86,0.55,54.45,-0.5900000000000034,-1.0835629017447261,1.0835629017447261
REPLACE-BG,balanced_sex_oversampling_tomek,sex,oversampling_tomek,False,same_size,random+guided,TBR_2,MAPE,1.19,0.01,1.2,-0.010000000000000009,-0.8333333333333341,0.8333333333333341
REPLACE-BG,balanced_sex_oversampling_tomek,sex,oversampling_tomek,False,same_size,random+guided,TBR_1,A,0.6,0.21,0.38,0.21999999999999997,57.89473684210525,57.89473684210525
REPLACE-BG,balanced_sex_oversampling_tomek,sex,oversampling_tomek,False,same_size,random+guided,TBR_1,B,0.0,0.0,0.0,0.0,,
REPLACE-BG,balanced_sex_oversampling_tomek,sex,oversampling_tomek,False,same_size,random+guided,TBR_1,C,0.0,0.0,0.0,0.0,,
REPLACE-BG,balanced_sex_oversampling_tomek,sex,oversampling_tomek,False,same_size,random+guided,TBR_1,D,98.92,0.24,99.11,-0.18999999999999773,-0.19170618504691525,0.19170618504691525
REPLACE-BG,balanced_sex_oversampling_tomek,sex,oversampling_tomek,False,same_size,random+guided,TBR_1,E,0.48,0.15,0.51,-0.030000000000000027,-5.8823529411764754,5.8823529411764754
REPLACE-BG,balanced_sex_oversampling_tomek,sex,oversampling_tomek,False,same_size,random+guided,TBR_1,A + B,0.6,0.21,0.38,0.21999999999999997,57.89473684210525,57.89473684210525
REPLACE-BG,balanced_sex_oversampling_tomek,sex,oversampling_tomek,False,same_size,random+guided,TBR_1,RMSE,41.41,0.65,42.02,-0.6100000000000065,-1.451689671584975,1.451689671584975
REPLACE-BG,balanced_sex_oversampling_tomek,sex,oversampling_tomek,False,same_size,random+guided,TBR_1,MSE,1715.16,53.77,1766.39,-51.23000000000002,-2.9002655132784954,2.9002655132784954
REPLACE-BG,balanced_sex_oversampling_tomek,sex,oversampling_tomek,False,same_size,random+guided,TBR_1,MAE,37.86,0.67,38.57,-0.7100000000000009,-1.8408089188488483,1.8408089188488483
REPLACE-BG,balanced_sex_oversampling_tomek,sex,oversampling_tomek,False,same_size,random+guided,TBR_1,MAPE,0.61,0.01,0.62,-0.010000000000000009,-1.6129032258064528,1.6129032258064528
REPLACE-BG,balanced_sex_oversampling_tomek,sex,oversampling_tomek,False,same_size,random+guided,TIR,A,72.26,0.73,71.95,0.3100000000000023,0.4308547602501768,0.4308547602501768
REPLACE-BG,balanced_sex_oversampling_tomek,sex,oversampling_tomek,False,same_size,random+guided,TIR,B,27.58,0.71,27.88,-0.3000000000000007,-1.07604017216643,
REPLACE-BG,balanced_sex_oversampling_tomek,sex,oversampling_tomek,False,same_size,random+guided,TIR,C,0.16,0.04,0.17,-0.010000000000000009,-5.8823529411764754,5.8823529411764754
REPLACE-BG,balanced_sex_oversampling_tomek,sex,oversampling_tomek,False,same_size,random+guided,TIR,D,0.0,0.0,0.0,0.0,,
REPLACE-BG,balanced_sex_oversampling_tomek,sex,oversampling_tomek,False,same_size,random+guided,TIR,E,0.0,0.0,0.0,0.0,,
REPLACE-BG,balanced_sex_oversampling_tomek,sex,oversampling_tomek,False,same_size,random+guided,TIR,A + B,99.84,0.03,99.83,0.010000000000005116,0.010017028949218788,0.010017028949218788
REPLACE-BG,balanced_sex_oversampling_tomek,sex,oversampling_tomek,False,same_size,random+guided,TIR,RMSE,25.67,0.6,25.66,0.010000000000001563,0.03897116134061404,-0.03897116134061404
REPLACE-BG,balanced_sex_oversampling_tomek,sex,oversampling_tomek,False,same_size,random+guided,TIR,MSE,659.13,30.97,658.58,0.5499999999999545,0.08351301284581288,-0.08351301284581288
REPLACE-BG,balanced_sex_oversampling_tomek,sex,oversampling_tomek,False,same_size,random+guided,TIR,MAE,19.02,0.37,19.01,0.00999999999999801,0.052603892688048444,-0.052603892688048444
REPLACE-BG,balanced_sex_oversampling_tomek,sex,oversampling_tomek,False,same_size,random+guided,TIR,MAPE,0.16,0.0,0.16,0.0,0.0,-0.0
REPLACE-BG,balanced_sex_oversampling_tomek,sex,oversampling_tomek,False,same_size,random+guided,TAR_1,A,68.85,1.55,69.22,-0.37000000000000455,-0.534527593181168,-0.534527593181168
REPLACE-BG,balanced_sex_oversampling_tomek,sex,oversampling_tomek,False,same_size,random+guided,TAR_1,B,29.27,1.5,28.92,0.34999999999999787,1.2102351313969497,
REPLACE-BG,balanced_sex_oversampling_tomek,sex,oversampling_tomek,False,same_size,random+guided,TAR_1,C,0.04,0.0,0.03,0.010000000000000002,33.33333333333334,-33.33333333333334
REPLACE-BG,balanced_sex_oversampling_tomek,sex,oversampling_tomek,False,same_size,random+guided,TAR_1,D,1.84,0.06,1.83,0.010000000000000009,0.5464480874316944,-0.5464480874316944
REPLACE-BG,balanced_sex_oversampling_tomek,sex,oversampling_tomek,False,same_size,random+guided,TAR_1,E,0.0,0.0,0.0,0.0,,
REPLACE-BG,balanced_sex_oversampling_tomek,sex,oversampling_tomek,False,same_size,random+guided,TAR_1,A + B,98.12,0.07,98.14,-0.01999999999999602,-0.020379050336250273,-0.020379050336250273
REPLACE-BG,balanced_sex_oversampling_tomek,sex,oversampling_tomek,False,same_size,random+guided,TAR_1,RMSE,43.48,0.97,43.18,0.29999999999999716,0.6947660954145372,-0.6947660954145372
REPLACE-BG,balanced_sex_oversampling_tomek,sex,oversampling_tomek,False,same_size,random+guided,TAR_1,MSE,1891.58,84.39,1865.19,26.389999999999873,1.4148692626488386,-1.4148692626488386
REPLACE-BG,balanced_sex_oversampling_tomek,sex,oversampling_tomek,False,same_size,random+guided,TAR_1,MAE,34.77,0.89,34.56,0.21000000000000085,0.6076388888888913,-0.6076388888888913
REPLACE-BG,balanced_sex_oversampling_tomek,sex,oversampling_tomek,False,same_size,random+guided,TAR_1,MAPE,0.16,0.0,0.16,0.0,0.0,-0.0
REPLACE-BG,balanced_sex_oversampling_tomek,sex,oversampling_tomek,False,same_size,random+guided,TAR_2,A,57.31,1.55,55.88,1.4299999999999997,2.5590551181102357,2.5590551181102357
REPLACE-BG,balanced_sex_oversampling_tomek,sex,oversampling_tomek,False,same_size,random+guided,TAR_2,B,33.2,0.85,34.73,-1.529999999999994,-4.405413187445995,
REPLACE-BG,balanced_sex_oversampling_tomek,sex,oversampling_tomek,False,same_size,random+guided,TAR_2,C,0.0,0.0,0.0,0.0,,
REPLACE-BG,balanced_sex_oversampling_tomek,sex,oversampling_tomek,False,same_size,random+guided,TAR_2,D,9.49,1.06,9.39,0.09999999999999964,1.0649627263045756,-1.0649627263045756
REPLACE-BG,balanced_sex_oversampling_tomek,sex,oversampling_tomek,False,same_size,random+guided,TAR_2,E,0.0,0.0,0.0,0.0,,
REPLACE-BG,balanced_sex_oversampling_tomek,sex,oversampling_tomek,False,same_size,random+guided,TAR_2,A + B,90.51,1.06,90.61,-0.09999999999999432,-0.11036309458116579,-0.11036309458116579
REPLACE-BG,balanced_sex_oversampling_tomek,sex,oversampling_tomek,False,same_size,random+guided,TAR_2,RMSE,68.78,1.26,69.31,-0.5300000000000011,-0.76468042129563,0.76468042129563
REPLACE-BG,balanced_sex_oversampling_tomek,sex,oversampling_tomek,False,same_size,random+guided,TAR_2,MSE,4731.86,172.12,4804.83,-72.97000000000025,-1.518680161420909,1.518680161420909
REPLACE-BG,balanced_sex_oversampling_tomek,sex,oversampling_tomek,False,same_size,random+guided,TAR_2,MAE,58.72,1.13,59.37,-0.6499999999999986,-1.0948290382347963,1.0948290382347963
REPLACE-BG,balanced_sex_oversampling_tomek,sex,oversampling_tomek,False,same_size,random+guided,TAR_2,MAPE,0.2,0.0,0.2,0.0,0.0,-0.0
REPLACE-BG,balanced_sex_oversampling_tomek,sex,oversampling_tomek,False,same_size,random+guided,ENTIRE,A,67.52,0.74,67.27,0.25,0.3716366879738368,0.3716366879738368
REPLACE-BG,balanced_sex_oversampling_tomek,sex,oversampling_tomek,False,same_size,random+guided,ENTIRE,B,27.47,0.59,27.73,-0.26000000000000156,-0.9376126938333991,
REPLACE-BG,balanced_sex_oversampling_tomek,sex,oversampling_tomek,False,same_size,random+guided,ENTIRE,C,0.11,0.02,0.11,0.0,0.0,-0.0
REPLACE-BG,balanced_sex_oversampling_tomek,sex,oversampling_tomek,False,same_size,random+guided,ENTIRE,D,4.88,0.2,4.87,0.009999999999999787,0.20533880903490323,-0.20533880903490323
REPLACE-BG,balanced_sex_oversampling_tomek,sex,oversampling_tomek,False,same_size,random+guided,ENTIRE,E,0.02,0.01,0.02,0.0,0.0,-0.0
REPLACE-BG,balanced_sex_oversampling_tomek,sex,oversampling_tomek,False,same_size,random+guided,ENTIRE,A + B,94.99,0.21,95.0,-0.010000000000005116,-0.010526315789479069,-0.010526315789479069
REPLACE-BG,balanced_sex_oversampling_tomek,sex,oversampling_tomek,False,same_size,random+guided,ENTIRE,RMSE,36.97,0.75,37.0,-0.030000000000001137,-0.08108108108108415,0.08108108108108415
REPLACE-BG,balanced_sex_oversampling_tomek,sex,oversampling_tomek,False,same_size,random+guided,ENTIRE,MSE,1367.15,55.17,1369.77,-2.619999999999891,-0.19127298743583893,0.19127298743583893
REPLACE-BG,balanced_sex_oversampling_tomek,sex,oversampling_tomek,False,same_size,random+guided,ENTIRE,MAE,27.12,0.68,27.15,-0.029999999999997584,-0.11049723756905189,0.11049723756905189
REPLACE-BG,balanced_sex_oversampling_tomek,sex,oversampling_tomek,False,same_size,random+guided,ENTIRE,MAPE,0.18,0.0,0.18,0.0,0.0,-0.0
REPLACE-BG,balanced_sex_patient_aware_undersampling,sex,patient_aware_undersampling,False,undersampling,guided,TBR_2,A,0.49,1.0,0.3,0.19,63.33333333333334,63.33333333333334
REPLACE-BG,balanced_sex_patient_aware_undersampling,sex,patient_aware_undersampling,False,undersampling,guided,TBR_2,B,0.0,0.0,0.0,0.0,,
REPLACE-BG,balanced_sex_patient_aware_undersampling,sex,patient_aware_undersampling,False,undersampling,guided,TBR_2,C,0.0,0.0,0.0,0.0,,
REPLACE-BG,balanced_sex_patient_aware_undersampling,sex,patient_aware_undersampling,False,undersampling,guided,TBR_2,D,98.93,1.11,99.09,-0.1599999999999966,-0.16146937127863215,0.16146937127863215
REPLACE-BG,balanced_sex_patient_aware_undersampling,sex,patient_aware_undersampling,False,undersampling,guided,TBR_2,E,0.58,0.14,0.6,-0.020000000000000018,-3.3333333333333366,3.3333333333333366
REPLACE-BG,balanced_sex_patient_aware_undersampling,sex,patient_aware_undersampling,False,undersampling,guided,TBR_2,A + B,0.49,1.0,0.3,0.19,63.33333333333334,63.33333333333334
REPLACE-BG,balanced_sex_patient_aware_undersampling,sex,patient_aware_undersampling,False,undersampling,guided,TBR_2,RMSE,56.11,0.76,57.29,-1.1799999999999997,-2.05969628207366,2.05969628207366
REPLACE-BG,balanced_sex_patient_aware_undersampling,sex,patient_aware_undersampling,False,undersampling,guided,TBR_2,MSE,3148.83,85.07,3283.67,-134.84000000000015,-4.106380970073124,4.106380970073124
REPLACE-BG,balanced_sex_patient_aware_undersampling,sex,patient_aware_undersampling,False,undersampling,guided,TBR_2,MAE,53.05,0.71,54.45,-1.4000000000000057,-2.571166207529854,2.571166207529854
REPLACE-BG,balanced_sex_patient_aware_undersampling,sex,patient_aware_undersampling,False,undersampling,guided,TBR_2,MAPE,1.17,0.01,1.2,-0.030000000000000027,-2.500000000000002,2.500000000000002
REPLACE-BG,balanced_sex_patient_aware_undersampling,sex,patient_aware_undersampling,False,undersampling,guided,TBR_1,A,0.88,0.25,0.38,0.5,131.57894736842107,131.57894736842107
REPLACE-BG,balanced_sex_patient_aware_undersampling,sex,patient_aware_undersampling,False,undersampling,guided,TBR_1,B,0.0,0.0,0.0,0.0,,
REPLACE-BG,balanced_sex_patient_aware_undersampling,sex,patient_aware_undersampling,False,undersampling,guided,TBR_1,C,0.0,0.0,0.0,0.0,,
REPLACE-BG,balanced_sex_patient_aware_undersampling,sex,patient_aware_undersampling,False,undersampling,guided,TBR_1,D,98.65,0.33,99.11,-0.45999999999999375,-0.4641307637977941,0.4641307637977941
REPLACE-BG,balanced_sex_patient_aware_undersampling,sex,patient_aware_undersampling,False,undersampling,guided,TBR_1,E,0.47,0.11,0.51,-0.040000000000000036,-7.843137254901968,7.843137254901968
REPLACE-BG,balanced_sex_patient_aware_undersampling,sex,patient_aware_undersampling,False,undersampling,guided,TBR_1,A + B,0.88,0.25,0.38,0.5,131.57894736842107,131.57894736842107
REPLACE-BG,balanced_sex_patient_aware_undersampling,sex,patient_aware_undersampling,False,undersampling,guided,TBR_1,RMSE,40.94,1.13,42.02,-1.0800000000000054,-2.570204664445515,2.570204664445515
REPLACE-BG,balanced_sex_patient_aware_undersampling,sex,patient_aware_undersampling,False,undersampling,guided,TBR_1,MSE,1677.42,91.92,1766.39,-88.97000000000003,-5.036826521889278,5.036826521889278
REPLACE-BG,balanced_sex_patient_aware_undersampling,sex,patient_aware_undersampling,False,undersampling,guided,TBR_1,MAE,37.26,1.1,38.57,-1.3100000000000023,-3.396422089707032,3.396422089707032
REPLACE-BG,balanced_sex_patient_aware_undersampling,sex,patient_aware_undersampling,False,undersampling,guided,TBR_1,MAPE,0.6,0.02,0.62,-0.020000000000000018,-3.2258064516129057,3.2258064516129057
REPLACE-BG,balanced_sex_patient_aware_undersampling,sex,patient_aware_undersampling,False,undersampling,guided,TIR,A,72.25,0.66,71.95,0.29999999999999716,0.4169562195969384,0.4169562195969384
REPLACE-BG,balanced_sex_patient_aware_undersampling,sex,patient_aware_undersampling,False,undersampling,guided,TIR,B,27.59,0.63,27.88,-0.28999999999999915,-1.0401721664275436,
REPLACE-BG,balanced_sex_patient_aware_undersampling,sex,patient_aware_undersampling,False,undersampling,guided,TIR,C,0.16,0.03,0.17,-0.010000000000000009,-5.8823529411764754,5.8823529411764754
REPLACE-BG,balanced_sex_patient_aware_undersampling,sex,patient_aware_undersampling,False,undersampling,guided,TIR,D,0.0,0.0,0.0,0.0,,
REPLACE-BG,balanced_sex_patient_aware_undersampling,sex,patient_aware_undersampling,False,undersampling,guided,TIR,E,0.0,0.0,0.0,0.0,,
REPLACE-BG,balanced_sex_patient_aware_undersampling,sex,patient_aware_undersampling,False,undersampling,guided,TIR,A + B,99.84,0.03,99.83,0.010000000000005116,0.010017028949218788,0.010017028949218788
REPLACE-BG,balanced_sex_patient_aware_undersampling,sex,patient_aware_undersampling,False,undersampling,guided,TIR,RMSE,25.75,0.44,25.66,0.08999999999999986,0.350740452065471,-0.350740452065471
REPLACE-BG,balanced_sex_patient_aware_undersampling,sex,patient_aware_undersampling,False,undersampling,guided,TIR,MSE,663.45,22.59,658.58,4.8700000000000045,0.7394697682893504,-0.7394697682893504
REPLACE-BG,balanced_sex_patient_aware_undersampling,sex,patient_aware_undersampling,False,undersampling,guided,TIR,MAE,19.09,0.31,19.01,0.0799999999999983,0.4208311415044623,-0.4208311415044623
REPLACE-BG,balanced_sex_patient_aware_undersampling,sex,patient_aware_undersampling,False,undersampling,guided,TIR,MAPE,0.16,0.0,0.16,0.0,0.0,-0.0
REPLACE-BG,balanced_sex_patient_aware_undersampling,sex,patient_aware_undersampling,False,undersampling,guided,TAR_1,A,68.66,1.22,69.22,-0.5600000000000023,-0.8090147356255452,-0.8090147356255452
REPLACE-BG,balanced_sex_patient_aware_undersampling,sex,patient_aware_undersampling,False,undersampling,guided,TAR_1,B,29.44,1.16,28.92,0.5199999999999996,1.7980636237897634,
REPLACE-BG,balanced_sex_patient_aware_undersampling,sex,patient_aware_undersampling,False,undersampling,guided,TAR_1,C,0.04,0.01,0.03,0.010000000000000002,33.33333333333334,-33.33333333333334
REPLACE-BG,balanced_sex_patient_aware_undersampling,sex,patient_aware_undersampling,False,undersampling,guided,TAR_1,D,1.86,0.09,1.83,0.030000000000000027,1.6393442622950833,-1.6393442622950833
REPLACE-BG,balanced_sex_patient_aware_undersampling,sex,patient_aware_undersampling,False,undersampling,guided,TAR_1,E,0.0,0.0,0.0,0.0,,
REPLACE-BG,balanced_sex_patient_aware_undersampling,sex,patient_aware_undersampling,False,undersampling,guided,TAR_1,A + B,98.1,0.09,98.14,-0.04000000000000625,-0.040758100672515035,-0.040758100672515035
REPLACE-BG,balanced_sex_patient_aware_undersampling,sex,patient_aware_undersampling,False,undersampling,guided,TAR_1,RMSE,43.6,0.92,43.18,0.4200000000000017,0.9726725335803652,-0.9726725335803652
REPLACE-BG,balanced_sex_patient_aware_undersampling,sex,patient_aware_undersampling,False,undersampling,guided,TAR_1,MSE,1901.28,80.71,1865.19,36.08999999999992,1.9349235198558814,-1.9349235198558814
REPLACE-BG,balanced_sex_patient_aware_undersampling,sex,patient_aware_undersampling,False,undersampling,guided,TAR_1,MAE,34.85,0.88,34.56,0.28999999999999915,0.8391203703703678,-0.8391203703703678
REPLACE-BG,balanced_sex_patient_aware_undersampling,sex,patient_aware_undersampling,False,undersampling,guided,TAR_1,MAPE,0.17,0.0,0.16,0.010000000000000009,6.250000000000005,-6.250000000000005
REPLACE-BG,balanced_sex_patient_aware_undersampling,sex,patient_aware_undersampling,False,undersampling,guided,TAR_2,A,57.87,1.09,55.88,1.9899999999999949,3.561202576950599,3.561202576950599
REPLACE-BG,balanced_sex_patient_aware_undersampling,sex,patient_aware_undersampling,False,undersampling,guided,TAR_2,B,32.63,0.56,34.73,-2.0999999999999943,-6.046645551396471,
REPLACE-BG,balanced_sex_patient_aware_undersampling,sex,patient_aware_undersampling,False,undersampling,guided,TAR_2,C,0.0,0.0,0.0,0.0,,
REPLACE-BG,balanced_sex_patient_aware_undersampling,sex,patient_aware_undersampling,False,undersampling,guided,TAR_2,D,9.5,0.83,9.39,0.10999999999999943,1.171458998935031,-1.171458998935031
REPLACE-BG,balanced_sex_patient_aware_undersampling,sex,patient_aware_undersampling,False,undersampling,guided,TAR_2,E,0.0,0.0,0.0,0.0,,
REPLACE-BG,balanced_sex_patient_aware_undersampling,sex,patient_aware_undersampling,False,undersampling,guided,TAR_2,A + B,90.5,0.83,90.61,-0.10999999999999943,-0.12139940403928864,-0.12139940403928864
REPLACE-BG,balanced_sex_patient_aware_undersampling,sex,patient_aware_undersampling,False,undersampling,guided,TAR_2,RMSE,68.5,0.86,69.31,-0.8100000000000023,-1.1686625306593597,1.1686625306593597
REPLACE-BG,balanced_sex_patient_aware_undersampling,sex,patient_aware_undersampling,False,undersampling,guided,TAR_2,MSE,4693.29,116.55,4804.83,-111.53999999999996,-2.3214140770849325,2.3214140770849325
REPLACE-BG,balanced_sex_patient_aware_undersampling,sex,patient_aware_undersampling,False,undersampling,guided,TAR_2,MAE,58.35,0.78,59.37,-1.019999999999996,-1.7180394138453698,1.7180394138453698
REPLACE-BG,balanced_sex_patient_aware_undersampling,sex,patient_aware_undersampling,False,undersampling,guided,TAR_2,MAPE,0.2,0.0,0.2,0.0,0.0,-0.0
REPLACE-BG,balanced_sex_patient_aware_undersampling,sex,patient_aware_undersampling,False,undersampling,guided,ENTIRE,A,67.53,0.81,67.27,0.2600000000000051,0.38650215549279787,0.38650215549279787
REPLACE-BG,balanced_sex_patient_aware_undersampling,sex,patient_aware_undersampling,False,undersampling,guided,ENTIRE,B,27.47,0.6,27.73,-0.26000000000000156,-0.9376126938333991,
REPLACE-BG,balanced_sex_patient_aware_undersampling,sex,patient_aware_undersampling,False,undersampling,guided,ENTIRE,C,0.11,0.02,0.11,0.0,0.0,-0.0
REPLACE-BG,balanced_sex_patient_aware_undersampling,sex,patient_aware_undersampling,False,undersampling,guided,ENTIRE,D,4.88,0.22,4.87,0.009999999999999787,0.20533880903490323,-0.20533880903490323
REPLACE-BG,balanced_sex_patient_aware_undersampling,sex,patient_aware_undersampling,False,undersampling,guided,ENTIRE,E,0.02,0.01,0.02,0.0,0.0,-0.0
REPLACE-BG,balanced_sex_patient_aware_undersampling,sex,patient_aware_undersampling,False,undersampling,guided,ENTIRE,A + B,94.99,0.23,95.0,-0.010000000000005116,-0.010526315789479069,-0.010526315789479069
REPLACE-BG,balanced_sex_patient_aware_undersampling,sex,patient_aware_undersampling,False,undersampling,guided,ENTIRE,RMSE,36.98,0.81,37.0,-0.020000000000003126,-0.0540540540540625,0.0540540540540625
REPLACE-BG,balanced_sex_patient_aware_undersampling,sex,patient_aware_undersampling,False,undersampling,guided,ENTIRE,MSE,1367.67,59.65,1369.77,-2.099999999999909,-0.1533104097768172,0.1533104097768172
REPLACE-BG,balanced_sex_patient_aware_undersampling,sex,patient_aware_undersampling,False,undersampling,guided,ENTIRE,MAE,27.13,0.82,27.15,-0.019999999999999574,-0.07366482504603895,0.07366482504603895
REPLACE-BG,balanced_sex_patient_aware_undersampling,sex,patient_aware_undersampling,False,undersampling,guided,ENTIRE,MAPE,0.18,0.0,0.18,0.0,0.0,-0.0
REPLACE-BG,balanced_sex_smote,sex,smote,False,oversampling,guided,TBR_2,A,0.0,0.0,0.3,-0.3,-100.0,-100.0
REPLACE-BG,balanced_sex_smote,sex,smote,False,oversampling,guided,TBR_2,B,0.0,0.0,0.0,0.0,,
REPLACE-BG,balanced_sex_smote,sex,smote,False,oversampling,guided,TBR_2,C,0.0,0.0,0.0,0.0,,
REPLACE-BG,balanced_sex_smote,sex,smote,False,oversampling,guided,TBR_2,D,99.41,0.15,99.09,0.3199999999999932,0.3229387425572643,-0.3229387425572643
REPLACE-BG,balanced_sex_smote,sex,smote,False,oversampling,guided,TBR_2,E,0.59,0.15,0.6,-0.010000000000000009,-1.6666666666666683,1.6666666666666683
REPLACE-BG,balanced_sex_smote,sex,smote,False,oversampling,guided,TBR_2,A + B,0.0,0.0,0.3,-0.3,-100.0,-100.0
REPLACE-BG,balanced_sex_smote,sex,smote,False,oversampling,guided,TBR_2,RMSE,57.47,1.51,57.29,0.17999999999999972,0.3141909582824223,-0.3141909582824223
REPLACE-BG,balanced_sex_smote,sex,smote,False,oversampling,guided,TBR_2,MSE,3304.72,174.94,3283.67,21.049999999999727,0.6410510191340704,-0.6410510191340704
REPLACE-BG,balanced_sex_smote,sex,smote,False,oversampling,guided,TBR_2,MAE,54.83,1.4,54.45,0.37999999999999545,0.697887970615235,-0.697887970615235
REPLACE-BG,balanced_sex_smote,sex,smote,False,oversampling,guided,TBR_2,MAPE,1.21,0.03,1.2,0.010000000000000009,0.8333333333333341,-0.8333333333333341
REPLACE-BG,balanced_sex_smote,sex,smote,False,oversampling,guided,TBR_1,A,0.1,0.12,0.38,-0.28,-73.6842105263158,-73.6842105263158
REPLACE-BG,balanced_sex_smote,sex,smote,False,oversampling,guided,TBR_1,B,0.0,0.0,0.0,0.0,,
REPLACE-BG,balanced_sex_smote,sex,smote,False,oversampling,guided,TBR_1,C,0.0,0.0,0.0,0.0,,
REPLACE-BG,balanced_sex_smote,sex,smote,False,oversampling,guided,TBR_1,D,99.4,0.14,99.11,0.29000000000000625,0.2926041771768805,-0.2926041771768805
REPLACE-BG,balanced_sex_smote,sex,smote,False,oversampling,guided,TBR_1,E,0.5,0.14,0.51,-0.010000000000000009,-1.960784313725492,1.960784313725492
REPLACE-BG,balanced_sex_smote,sex,smote,False,oversampling,guided,TBR_1,A + B,0.1,0.12,0.38,-0.28,-73.6842105263158,-73.6842105263158
REPLACE-BG,balanced_sex_smote,sex,smote,False,oversampling,guided,TBR_1,RMSE,42.03,1.31,42.02,0.00999999999999801,0.023798191337453617,-0.023798191337453617
REPLACE-BG,balanced_sex_smote,sex,smote,False,oversampling,guided,TBR_1,MSE,1768.3,110.76,1766.39,1.9099999999998545,0.10813014113530163,-0.10813014113530163
REPLACE-BG,balanced_sex_smote,sex,smote,False,oversampling,guided,TBR_1,MAE,38.77,1.19,38.57,0.20000000000000284,0.5185377236194006,-0.5185377236194006
REPLACE-BG,balanced_sex_smote,sex,smote,False,oversampling,guided,TBR_1,MAPE,0.63,0.02,0.62,0.010000000000000009,1.6129032258064528,-1.6129032258064528
REPLACE-BG,balanced_sex_smote,sex,smote,False,oversampling,guided,TIR,A,71.93,0.75,71.95,-0.01999999999999602,-0.02779708130645729,-0.02779708130645729
REPLACE-BG,balanced_sex_smote,sex,smote,False,oversampling,guided,TIR,B,27.91,0.72,27.88,0.030000000000001137,0.10760401721664682,
REPLACE-BG,balanced_sex_smote,sex,smote,False,oversampling,guided,TIR,C,0.17,0.03,0.17,0.0,0.0,-0.0
REPLACE-BG,balanced_sex_smote,sex,smote,False,oversampling,guided,TIR,D,0.0,0.0,0.0,0.0,,
REPLACE-BG,balanced_sex_smote,sex,smote,False,oversampling,guided,TIR,E,0.0,0.0,0.0,0.0,,
REPLACE-BG,balanced_sex_smote,sex,smote,False,oversampling,guided,TIR,A + B,99.84,0.03,99.83,0.010000000000005116,0.010017028949218788,0.010017028949218788
REPLACE-BG,balanced_sex_smote,sex,smote,False,oversampling,guided,TIR,RMSE,25.69,0.51,25.66,0.030000000000001137,0.11691348402182829,-0.11691348402182829
REPLACE-BG,balanced_sex_smote,sex,smote,False,oversampling,guided,TIR,MSE,660.09,26.19,658.58,1.509999999999991,0.2292811807221584,-0.2292811807221584
REPLACE-BG,balanced_sex_smote,sex,smote,False,oversampling,guided,TIR,MAE,19.08,0.39,19.01,0.06999999999999673,0.3682272488163952,-0.3682272488163952
REPLACE-BG,balanced_sex_smote,sex,smote,False,oversampling,guided,TIR,MAPE,0.16,0.0,0.16,0.0,0.0,-0.0
REPLACE-BG,balanced_sex_smote,sex,smote,False,oversampling,guided,TAR_1,A,68.69,2.02,69.22,-0.5300000000000011,-0.7656746605027466,-0.7656746605027466
REPLACE-BG,balanced_sex_smote,sex,smote,False,oversampling,guided,TAR_1,B,29.42,1.91,28.92,0.5,1.7289073305670815,
REPLACE-BG,balanced_sex_smote,sex,smote,False,oversampling,guided,TAR_1,C,0.03,0.01,0.03,0.0,0.0,-0.0
REPLACE-BG,balanced_sex_smote,sex,smote,False,oversampling,guided,TAR_1,D,1.86,0.11,1.83,0.030000000000000027,1.6393442622950833,-1.6393442622950833
REPLACE-BG,balanced_sex_smote,sex,smote,False,oversampling,guided,TAR_1,E,0.0,0.0,0.0,0.0,,
REPLACE-BG,balanced_sex_smote,sex,smote,False,oversampling,guided,TAR_1,A + B,98.11,0.12,98.14,-0.030000000000001137,-0.030568575504382654,-0.030568575504382654
REPLACE-BG,balanced_sex_smote,sex,smote,False,oversampling,guided,TAR_1,RMSE,43.5,1.41,43.18,0.3200000000000003,0.7410838351088473,-0.7410838351088473
REPLACE-BG,balanced_sex_smote,sex,smote,False,oversampling,guided,TAR_1,MSE,1893.45,123.7,1865.19,28.25999999999999,1.5151271452238104,-1.5151271452238104
REPLACE-BG,balanced_sex_smote,sex,smote,False,oversampling,guided,TAR_1,MAE,34.8,1.34,34.56,0.23999999999999488,0.6944444444444295,-0.6944444444444295
REPLACE-BG,balanced_sex_smote,sex,smote,False,oversampling,guided,TAR_1,MAPE,0.16,0.01,0.16,0.0,0.0,-0.0
REPLACE-BG,balanced_sex_smote,sex,smote,False,oversampling,guided,TAR_2,A,56.88,1.23,55.88,1.0,1.7895490336435216,1.7895490336435216
REPLACE-BG,balanced_sex_smote,sex,smote,False,oversampling,guided,TAR_2,B,33.6,0.8,34.73,-1.1299999999999955,-3.253671177656192,
REPLACE-BG,balanced_sex_smote,sex,smote,False,oversampling,guided,TAR_2,C,0.0,0.0,0.0,0.0,,
REPLACE-BG,balanced_sex_smote,sex,smote,False,oversampling,guided,TAR_2,D,9.53,1.07,9.39,0.1399999999999988,1.490947816826398,-1.490947816826398
REPLACE-BG,balanced_sex_smote,sex,smote,False,oversampling,guided,TAR_2,E,0.0,0.0,0.0,0.0,,
REPLACE-BG,balanced_sex_smote,sex,smote,False,oversampling,guided,TAR_2,A + B,90.47,1.07,90.61,-0.14000000000000057,-0.1545083324136415,-0.1545083324136415
REPLACE-BG,balanced_sex_smote,sex,smote,False,oversampling,guided,TAR_2,RMSE,68.96,0.97,69.31,-0.3500000000000085,-0.5049776367046726,0.5049776367046726
REPLACE-BG,balanced_sex_smote,sex,smote,False,oversampling,guided,TAR_2,MSE,4755.88,133.62,4804.83,-48.94999999999982,-1.0187665328429896,1.0187665328429896
REPLACE-BG,balanced_sex_smote,sex,smote,False,oversampling,guided,TAR_2,MAE,58.82,1.05,59.37,-0.5499999999999972,-0.9263938015832865,0.9263938015832865
REPLACE-BG,balanced_sex_smote,sex,smote,False,oversampling,guided,TAR_2,MAPE,0.2,0.0,0.2,0.0,0.0,-0.0
REPLACE-BG,balanced_sex_smote,sex,smote,False,oversampling,guided,ENTIRE,A,67.22,0.94,67.27,-0.04999999999999716,-0.07432733759476313,-0.07432733759476313
REPLACE-BG,balanced_sex_smote,sex,smote,False,oversampling,guided,ENTIRE,B,27.75,0.72,27.73,0.019999999999999574,0.07212405337179796,
REPLACE-BG,balanced_sex_smote,sex,smote,False,oversampling,guided,ENTIRE,C,0.11,0.02,0.11,0.0,0.0,-0.0
REPLACE-BG,balanced_sex_smote,sex,smote,False,oversampling,guided,ENTIRE,D,4.9,0.24,4.87,0.03000000000000025,0.6160164271047278,-0.6160164271047278
REPLACE-BG,balanced_sex_smote,sex,smote,False,oversampling,guided,ENTIRE,E,0.02,0.01,0.02,0.0,0.0,-0.0
REPLACE-BG,balanced_sex_smote,sex,smote,False,oversampling,guided,ENTIRE,A + B,94.97,0.25,95.0,-0.030000000000001137,-0.031578947368422254,-0.031578947368422254
REPLACE-BG,balanced_sex_smote,sex,smote,False,oversampling,guided,ENTIRE,RMSE,37.04,0.84,37.0,0.03999999999999915,0.10810810810810581,-0.10810810810810581
REPLACE-BG,balanced_sex_smote,sex,smote,False,oversampling,guided,ENTIRE,MSE,1372.56,62.62,1369.77,2.7899999999999636,0.2036838301320633,-0.2036838301320633
REPLACE-BG,balanced_sex_smote,sex,smote,False,oversampling,guided,ENTIRE,MAE,27.21,0.8,27.15,0.060000000000002274,0.22099447513812992,-0.22099447513812992
REPLACE-BG,balanced_sex_smote,sex,smote,False,oversampling,guided,ENTIRE,MAPE,0.18,0.0,0.18,0.0,0.0,-0.0
REPLACE-BG,balanced_sex_smote_tomek,sex,smote_tomek,False,same_size,guided,TBR_2,A,0.1,0.22,0.3,-0.19999999999999998,-66.66666666666666,-66.66666666666666
REPLACE-BG,balanced_sex_smote_tomek,sex,smote_tomek,False,same_size,guided,TBR_2,B,0.0,0.0,0.0,0.0,,
REPLACE-BG,balanced_sex_smote_tomek,sex,smote_tomek,False,same_size,guided,TBR_2,C,0.0,0.0,0.0,0.0,,
REPLACE-BG,balanced_sex_smote_tomek,sex,smote_tomek,False,same_size,guided,TBR_2,D,99.28,0.36,99.09,0.18999999999999773,0.19174487839337748,-0.19174487839337748
REPLACE-BG,balanced_sex_smote_tomek,sex,smote_tomek,False,same_size,guided,TBR_2,E,0.62,0.16,0.6,0.020000000000000018,3.3333333333333366,-3.3333333333333366
REPLACE-BG,balanced_sex_smote_tomek,sex,smote_tomek,False,same_size,guided,TBR_2,A + B,0.1,0.22,0.3,-0.19999999999999998,-66.66666666666666,-66.66666666666666
REPLACE-BG,balanced_sex_smote_tomek,sex,smote_tomek,False,same_size,guided,TBR_2,RMSE,57.13,1.07,57.29,-0.1599999999999966,-0.27928085180659207,0.27928085180659207
REPLACE-BG,balanced_sex_smote_tomek,sex,smote_tomek,False,same_size,guided,TBR_2,MSE,3264.75,121.62,3283.67,-18.920000000000073,-0.5761845739675446,0.5761845739675446
REPLACE-BG,balanced_sex_smote_tomek,sex,smote_tomek,False,same_size,guided,TBR_2,MAE,54.22,0.91,54.45,-0.23000000000000398,-0.4224058769513388,0.4224058769513388
REPLACE-BG,balanced_sex_smote_tomek,sex,smote_tomek,False,same_size,guided,TBR_2,MAPE,1.2,0.02,1.2,0.0,0.0,-0.0
REPLACE-BG,balanced_sex_smote_tomek,sex,smote_tomek,False,same_size,guided,TBR_1,A,0.54,0.46,0.38,0.16000000000000003,42.10526315789475,42.10526315789475
REPLACE-BG,balanced_sex_smote_tomek,sex,smote_tomek,False,same_size,guided,TBR_1,B,0.0,0.0,0.0,0.0,,
REPLACE-BG,balanced_sex_smote_tomek,sex,smote_tomek,False,same_size,guided,TBR_1,C,0.0,0.0,0.0,0.0,,
REPLACE-BG,balanced_sex_smote_tomek,sex,smote_tomek,False,same_size,guided,TBR_1,D,98.95,0.57,99.11,-0.1599999999999966,-0.16143678740792713,0.16143678740792713
REPLACE-BG,balanced_sex_smote_tomek,sex,smote_tomek,False,same_size,guided,TBR_1,E,0.5,0.15,0.51,-0.010000000000000009,-1.960784313725492,1.960784313725492
REPLACE-BG,balanced_sex_smote_tomek,sex,smote_tomek,False,same_size,guided,TBR_1,A + B,0.54,0.46,0.38,0.16000000000000003,42.10526315789475,42.10526315789475
REPLACE-BG,balanced_sex_smote_tomek,sex,smote_tomek,False,same_size,guided,TBR_1,RMSE,41.79,1.08,42.02,-0.23000000000000398,-0.5473584007615516,0.5473584007615516
REPLACE-BG,balanced_sex_smote_tomek,sex,smote_tomek,False,same_size,guided,TBR_1,MSE,1747.5,89.74,1766.39,-18.8900000000001,-1.069412757092154,1.069412757092154
REPLACE-BG,balanced_sex_smote_tomek,sex,smote_tomek,False,same_size,guided,TBR_1,MAE,38.28,0.9,38.57,-0.28999999999999915,-0.751879699248118,0.751879699248118
REPLACE-BG,balanced_sex_smote_tomek,sex,smote_tomek,False,same_size,guided,TBR_1,MAPE,0.62,0.01,0.62,0.0,0.0,-0.0
REPLACE-BG,balanced_sex_smote_tomek,sex,smote_tomek,False,same_size,guided,TIR,A,71.99,0.81,71.95,0.03999999999999204,0.05559416261291458,0.05559416261291458
REPLACE-BG,balanced_sex_smote_tomek,sex,smote_tomek,False,same_size,guided,TIR,B,27.84,0.79,27.88,-0.03999999999999915,-0.1434720229555206,
REPLACE-BG,balanced_sex_smote_tomek,sex,smote_tomek,False,same_size,guided,TIR,C,0.17,0.03,0.17,0.0,0.0,-0.0
REPLACE-BG,balanced_sex_smote_tomek,sex,smote_tomek,False,same_size,guided,TIR,D,0.0,0.0,0.0,0.0,,
REPLACE-BG,balanced_sex_smote_tomek,sex,smote_tomek,False,same_size,guided,TIR,E,0.0,0.0,0.0,0.0,,
REPLACE-BG,balanced_sex_smote_tomek,sex,smote_tomek,False,same_size,guided,TIR,A + B,99.83,0.03,99.83,0.0,0.0,0.0
REPLACE-BG,balanced_sex_smote_tomek,sex,smote_tomek,False,same_size,guided,TIR,RMSE,25.78,0.57,25.66,0.120000000000001,0.46765393608729927,-0.46765393608729927
REPLACE-BG,balanced_sex_smote_tomek,sex,smote_tomek,False,same_size,guided,TIR,MSE,664.68,29.04,658.58,6.099999999999909,0.9262352333808966,-0.9262352333808966
REPLACE-BG,balanced_sex_smote_tomek,sex,smote_tomek,False,same_size,guided,TIR,MAE,19.1,0.4,19.01,0.08999999999999986,0.47343503419252947,-0.47343503419252947
REPLACE-BG,balanced_sex_smote_tomek,sex,smote_tomek,False,same_size,guided,TIR,MAPE,0.16,0.0,0.16,0.0,0.0,-0.0
REPLACE-BG,balanced_sex_smote_tomek,sex,smote_tomek,False,same_size,guided,TAR_1,A,69.31,1.09,69.22,0.09000000000000341,0.13002022536839555,0.13002022536839555
REPLACE-BG,balanced_sex_smote_tomek,sex,smote_tomek,False,same_size,guided,TAR_1,B,28.84,1.06,28.92,-0.08000000000000185,-0.27662517289073946,
REPLACE-BG,balanced_sex_smote_tomek,sex,smote_tomek,False,same_size,guided,TAR_1,C,0.04,0.01,0.03,0.010000000000000002,33.33333333333334,-33.33333333333334
REPLACE-BG,balanced_sex_smote_tomek,sex,smote_tomek,False,same_size,guided,TAR_1,D,1.81,0.04,1.83,-0.020000000000000018,-1.0928961748633887,1.0928961748633887
REPLACE-BG,balanced_sex_smote_tomek,sex,smote_tomek,False,same_size,guided,TAR_1,E,0.0,0.0,0.0,0.0,,
REPLACE-BG,balanced_sex_smote_tomek,sex,smote_tomek,False,same_size,guided,TAR_1,A + B,98.16,0.05,98.14,0.01999999999999602,0.020379050336250273,0.020379050336250273
REPLACE-BG,balanced_sex_smote_tomek,sex,smote_tomek,False,same_size,guided,TAR_1,RMSE,43.18,0.79,43.18,0.0,0.0,-0.0
REPLACE-BG,balanced_sex_smote_tomek,sex,smote_tomek,False,same_size,guided,TAR_1,MSE,1865.38,68.0,1865.19,0.19000000000005457,0.010186629780347019,-0.010186629780347019
REPLACE-BG,balanced_sex_smote_tomek,sex,smote_tomek,False,same_size,guided,TAR_1,MAE,34.39,0.66,34.56,-0.1700000000000017,-0.491898148148153,0.491898148148153
REPLACE-BG,balanced_sex_smote_tomek,sex,smote_tomek,False,same_size,guided,TAR_1,MAPE,0.16,0.0,0.16,0.0,0.0,-0.0
REPLACE-BG,balanced_sex_smote_tomek,sex,smote_tomek,False,same_size,guided,TAR_2,A,58.72,1.48,55.88,2.8399999999999963,5.082319255547596,5.082319255547596
REPLACE-BG,balanced_sex_smote_tomek,sex,smote_tomek,False,same_size,guided,TAR_2,B,32.04,0.76,34.73,-2.6899999999999977,-7.745465015836447,
REPLACE-BG,balanced_sex_smote_tomek,sex,smote_tomek,False,same_size,guided,TAR_2,C,0.0,0.0,0.0,0.0,,
REPLACE-BG,balanced_sex_smote_tomek,sex,smote_tomek,False,same_size,guided,TAR_2,D,9.24,0.91,9.39,-0.15000000000000036,-1.5974440894568727,1.5974440894568727
REPLACE-BG,balanced_sex_smote_tomek,sex,smote_tomek,False,same_size,guided,TAR_2,E,0.0,0.0,0.0,0.0,,
REPLACE-BG,balanced_sex_smote_tomek,sex,smote_tomek,False,same_size,guided,TAR_2,A + B,90.76,0.91,90.61,0.15000000000000568,0.16554464187176435,0.16554464187176435
REPLACE-BG,balanced_sex_smote_tomek,sex,smote_tomek,False,same_size,guided,TAR_2,RMSE,67.92,0.94,69.31,-1.3900000000000006,-2.0054826143413655,2.0054826143413655
REPLACE-BG,balanced_sex_smote_tomek,sex,smote_tomek,False,same_size,guided,TAR_2,MSE,4613.33,126.66,4804.83,-191.5,-3.9855728506523644,3.9855728506523644
REPLACE-BG,balanced_sex_smote_tomek,sex,smote_tomek,False,same_size,guided,TAR_2,MAE,57.62,0.77,59.37,-1.75,-2.9476166414013814,2.9476166414013814
REPLACE-BG,balanced_sex_smote_tomek,sex,smote_tomek,False,same_size,guided,TAR_2,MAPE,0.19,0.0,0.2,-0.010000000000000009,-5.000000000000004,5.000000000000004
REPLACE-BG,balanced_sex_smote_tomek,sex,smote_tomek,False,same_size,guided,ENTIRE,A,67.57,0.76,67.27,0.29999999999999716,0.44596402556859993,0.44596402556859993
REPLACE-BG,balanced_sex_smote_tomek,sex,smote_tomek,False,same_size,guided,ENTIRE,B,27.44,0.61,27.73,-0.28999999999999915,-1.0457987738910897,
REPLACE-BG,balanced_sex_smote_tomek,sex,smote_tomek,False,same_size,guided,ENTIRE,C,0.12,0.02,0.11,0.009999999999999995,9.090909090909086,-9.090909090909086
REPLACE-BG,balanced_sex_smote_tomek,sex,smote_tomek,False,same_size,guided,ENTIRE,D,4.85,0.19,4.87,-0.020000000000000462,-0.41067761806982467,0.41067761806982467
REPLACE-BG,balanced_sex_smote_tomek,sex,smote_tomek,False,same_size,guided,ENTIRE,E,0.02,0.01,0.02,0.0,0.0,-0.0
REPLACE-BG,balanced_sex_smote_tomek,sex,smote_tomek,False,same_size,guided,ENTIRE,A + B,95.01,0.2,95.0,0.010000000000005116,0.010526315789479069,0.010526315789479069
REPLACE-BG,balanced_sex_smote_tomek,sex,smote_tomek,False,same_size,guided,ENTIRE,RMSE,36.81,0.8,37.0,-0.18999999999999773,-0.5135135135135074,0.5135135135135074
REPLACE-BG,balanced_sex_smote_tomek,sex,smote_tomek,False,same_size,guided,ENTIRE,MSE,1355.7,59.02,1369.77,-14.069999999999936,-1.0271797455047151,1.0271797455047151
REPLACE-BG,balanced_sex_smote_tomek,sex,smote_tomek,False,same_size,guided,ENTIRE,MAE,27.0,0.75,27.15,-0.14999999999999858,-0.5524861878452987,0.5524861878452987
REPLACE-BG,balanced_sex_smote_tomek,sex,smote_tomek,False,same_size,guided,ENTIRE,MAPE,0.18,0.0,0.18,0.0,0.0,-0.0
REPLACE-BG,balanced_sex_tomek_links,sex,tomek_links,False,undersampling,guided,TBR_2,A,0.0,0.0,0.3,-0.3,-100.0,-100.0
REPLACE-BG,balanced_sex_tomek_links,sex,tomek_links,False,undersampling,guided,TBR_2,B,0.0,0.0,0.0,0.0,,
REPLACE-BG,balanced_sex_tomek_links,sex,tomek_links,False,undersampling,guided,TBR_2,C,0.0,0.0,0.0,0.0,,
REPLACE-BG,balanced_sex_tomek_links,sex,tomek_links,False,undersampling,guided,TBR_2,D,99.4,0.12,99.09,0.3100000000000023,0.3128469068523587,-0.3128469068523587
REPLACE-BG,balanced_sex_tomek_links,sex,tomek_links,False,undersampling,guided,TBR_2,E,0.6,0.12,0.6,0.0,0.0,-0.0
REPLACE-BG,balanced_sex_tomek_links,sex,tomek_links,False,undersampling,guided,TBR_2,A + B,0.0,0.0,0.3,-0.3,-100.0,-100.0
REPLACE-BG,balanced_sex_tomek_links,sex,tomek_links,False,undersampling,guided,TBR_2,RMSE,57.35,1.31,57.29,0.060000000000002274,0.10473031942747824,-0.10473031942747824
REPLACE-BG,balanced_sex_tomek_links,sex,tomek_links,False,undersampling,guided,TBR_2,MSE,3290.31,150.39,3283.67,6.639999999999873,0.20221276803088836,-0.20221276803088836
REPLACE-BG,balanced_sex_tomek_links,sex,tomek_links,False,undersampling,guided,TBR_2,MAE,54.65,1.16,54.45,0.19999999999999574,0.3673094582185413,-0.3673094582185413
REPLACE-BG,balanced_sex_tomek_links,sex,tomek_links,False,undersampling,guided,TBR_2,MAPE,1.21,0.03,1.2,0.010000000000000009,0.8333333333333341,-0.8333333333333341
REPLACE-BG,balanced_sex_tomek_links,sex,tomek_links,False,undersampling,guided,TBR_1,A,0.34,0.33,0.38,-0.03999999999999998,-10.52631578947368,-10.52631578947368
REPLACE-BG,balanced_sex_tomek_links,sex,tomek_links,False,undersampling,guided,TBR_1,B,0.0,0.0,0.0,0.0,,
REPLACE-BG,balanced_sex_tomek_links,sex,tomek_links,False,undersampling,guided,TBR_1,C,0.0,0.0,0.0,0.0,,
REPLACE-BG,balanced_sex_tomek_links,sex,tomek_links,False,undersampling,guided,TBR_1,D,99.17,0.4,99.11,0.060000000000002274,0.06053879527797626,-0.06053879527797626
REPLACE-BG,balanced_sex_tomek_links,sex,tomek_links,False,undersampling,guided,TBR_1,E,0.5,0.11,0.51,-0.010000000000000009,-1.960784313725492,1.960784313725492
REPLACE-BG,balanced_sex_tomek_links,sex,tomek_links,False,undersampling,guided,TBR_1,A + B,0.34,0.33,0.38,-0.03999999999999998,-10.52631578947368,-10.52631578947368
REPLACE-BG,balanced_sex_tomek_links,sex,tomek_links,False,undersampling,guided,TBR_1,RMSE,42.07,1.08,42.02,0.04999999999999716,0.11899095668728499,-0.11899095668728499
REPLACE-BG,balanced_sex_tomek_links,sex,tomek_links,False,undersampling,guided,TBR_1,MSE,1770.71,91.16,1766.39,4.319999999999936,0.2445666019395454,-0.2445666019395454
REPLACE-BG,balanced_sex_tomek_links,sex,tomek_links,False,undersampling,guided,TBR_1,MAE,38.78,0.87,38.57,0.21000000000000085,0.5444646098003653,-0.5444646098003653
REPLACE-BG,balanced_sex_tomek_links,sex,tomek_links,False,undersampling,guided,TBR_1,MAPE,0.63,0.01,0.62,0.010000000000000009,1.6129032258064528,-1.6129032258064528
REPLACE-BG,balanced_sex_tomek_links,sex,tomek_links,False,undersampling,guided,TIR,A,71.82,0.68,71.95,-0.13000000000000966,-0.18068102849202178,-0.18068102849202178
REPLACE-BG,balanced_sex_tomek_links,sex,tomek_links,False,undersampling,guided,TIR,B,28.02,0.66,27.88,0.14000000000000057,0.5021520803443349,
REPLACE-BG,balanced_sex_tomek_links,sex,tomek_links,False,undersampling,guided,TIR,C,0.16,0.02,0.17,-0.010000000000000009,-5.8823529411764754,5.8823529411764754
REPLACE-BG,balanced_sex_tomek_links,sex,tomek_links,False,undersampling,guided,TIR,D,0.0,0.0,0.0,0.0,,
REPLACE-BG,balanced_sex_tomek_links,sex,tomek_links,False,undersampling,guided,TIR,E,0.0,0.0,0.0,0.0,,
REPLACE-BG,balanced_sex_tomek_links,sex,tomek_links,False,undersampling,guided,TIR,A + B,99.84,0.02,99.83,0.010000000000005116,0.010017028949218788,0.010017028949218788
REPLACE-BG,balanced_sex_tomek_links,sex,tomek_links,False,undersampling,guided,TIR,RMSE,25.76,0.43,25.66,0.10000000000000142,0.38971161340608507,-0.38971161340608507
REPLACE-BG,balanced_sex_tomek_links,sex,tomek_links,False,undersampling,guided,TIR,MSE,663.83,21.92,658.58,5.25,0.7971696680737343,-0.7971696680737343
REPLACE-BG,balanced_sex_tomek_links,sex,tomek_links,False,undersampling,guided,TIR,MAE,19.15,0.31,19.01,0.13999999999999702,0.7364544976328091,-0.7364544976328091
REPLACE-BG,balanced_sex_tomek_links,sex,tomek_links,False,undersampling,guided,TIR,MAPE,0.16,0.0,0.16,0.0,0.0,-0.0
REPLACE-BG,balanced_sex_tomek_links,sex,tomek_links,False,undersampling,guided,TAR_1,A,68.75,1.12,69.22,-0.46999999999999886,-0.6789945102571495,-0.6789945102571495
REPLACE-BG,balanced_sex_tomek_links,sex,tomek_links,False,undersampling,guided,TAR_1,B,29.37,1.11,28.92,0.4499999999999993,1.5560165975103708,
REPLACE-BG,balanced_sex_tomek_links,sex,tomek_links,False,undersampling,guided,TAR_1,C,0.04,0.01,0.03,0.010000000000000002,33.33333333333334,-33.33333333333334
REPLACE-BG,balanced_sex_tomek_links,sex,tomek_links,False,undersampling,guided,TAR_1,D,1.85,0.03,1.83,0.020000000000000018,1.0928961748633887,-1.0928961748633887
REPLACE-BG,balanced_sex_tomek_links,sex,tomek_links,False,undersampling,guided,TAR_1,E,0.0,0.0,0.0,0.0,,
REPLACE-BG,balanced_sex_tomek_links,sex,tomek_links,False,undersampling,guided,TAR_1,A + B,98.12,0.03,98.14,-0.01999999999999602,-0.020379050336250273,-0.020379050336250273
REPLACE-BG,balanced_sex_tomek_links,sex,tomek_links,False,undersampling,guided,TAR_1,RMSE,43.5,0.7,43.18,0.3200000000000003,0.7410838351088473,-0.7410838351088473
REPLACE-BG,balanced_sex_tomek_links,sex,tomek_links,False,undersampling,guided,TAR_1,MSE,1893.05,61.36,1865.19,27.8599999999999,1.4936816088441338,-1.4936816088441338
REPLACE-BG,balanced_sex_tomek_links,sex,tomek_links,False,undersampling,guided,TAR_1,MAE,34.75,0.6,34.56,0.18999999999999773,0.5497685185185119,-0.5497685185185119
REPLACE-BG,balanced_sex_tomek_links,sex,tomek_links,False,undersampling,guided,TAR_1,MAPE,0.16,0.0,0.16,0.0,0.0,-0.0
REPLACE-BG,balanced_sex_tomek_links,sex,tomek_links,False,undersampling,guided,TAR_2,A,57.69,1.34,55.88,1.8099999999999952,3.239083750894766,3.239083750894766
REPLACE-BG,balanced_sex_tomek_links,sex,tomek_links,False,undersampling,guided,TAR_2,B,32.86,0.81,34.73,-1.8699999999999974,-5.384393895767341,
REPLACE-BG,balanced_sex_tomek_links,sex,tomek_links,False,undersampling,guided,TAR_2,C,0.0,0.0,0.0,0.0,,
REPLACE-BG,balanced_sex_tomek_links,sex,tomek_links,False,undersampling,guided,TAR_2,D,9.45,0.97,9.39,0.05999999999999872,0.6389776357827339,-0.6389776357827339
REPLACE-BG,balanced_sex_tomek_links,sex,tomek_links,False,undersampling,guided,TAR_2,E,0.0,0.0,0.0,0.0,,
REPLACE-BG,balanced_sex_tomek_links,sex,tomek_links,False,undersampling,guided,TAR_2,A + B,90.55,0.97,90.61,-0.060000000000002274,-0.06621785674870574,-0.06621785674870574
REPLACE-BG,balanced_sex_tomek_links,sex,tomek_links,False,undersampling,guided,TAR_2,RMSE,68.6,0.73,69.31,-0.710000000000008,-1.0243832058866078,1.0243832058866078
REPLACE-BG,balanced_sex_tomek_links,sex,tomek_links,False,undersampling,guided,TAR_2,MSE,4706.03,100.33,4804.83,-98.80000000000018,-2.0562642174645136,2.0562642174645136
REPLACE-BG,balanced_sex_tomek_links,sex,tomek_links,False,undersampling,guided,TAR_2,MAE,58.44,0.55,59.37,-0.9299999999999997,-1.5664477008590194,1.5664477008590194
REPLACE-BG,balanced_sex_tomek_links,sex,tomek_links,False,undersampling,guided,TAR_2,MAPE,0.2,0.0,0.2,0.0,0.0,-0.0
REPLACE-BG,balanced_sex_tomek_links,sex,tomek_links,False,undersampling,guided,ENTIRE,A,67.23,0.65,67.27,-0.03999999999999204,-0.05946187007580206,-0.05946187007580206
REPLACE-BG,balanced_sex_tomek_links,sex,tomek_links,False,undersampling,guided,ENTIRE,B,27.75,0.57,27.73,0.019999999999999574,0.07212405337179796,
REPLACE-BG,balanced_sex_tomek_links,sex,tomek_links,False,undersampling,guided,ENTIRE,C,0.11,0.02,0.11,0.0,0.0,-0.0
REPLACE-BG,balanced_sex_tomek_links,sex,tomek_links,False,undersampling,guided,ENTIRE,D,4.89,0.17,4.87,0.019999999999999574,0.41067761806980646,-0.41067761806980646
REPLACE-BG,balanced_sex_tomek_links,sex,tomek_links,False,undersampling,guided,ENTIRE,E,0.02,0.0,0.02,0.0,0.0,-0.0
REPLACE-BG,balanced_sex_tomek_links,sex,tomek_links,False,undersampling,guided,ENTIRE,A + B,94.98,0.19,95.0,-0.01999999999999602,-0.02105263157894318,-0.02105263157894318
REPLACE-BG,balanced_sex_tomek_links,sex,tomek_links,False,undersampling,guided,ENTIRE,RMSE,37.02,0.79,37.0,0.020000000000003126,0.0540540540540625,-0.0540540540540625
REPLACE-BG,balanced_sex_tomek_links,sex,tomek_links,False,undersampling,guided,ENTIRE,MSE,1371.06,58.94,1369.77,1.2899999999999636,0.09417639457718913,-0.09417639457718913
REPLACE-BG,balanced_sex_tomek_links,sex,tomek_links,False,undersampling,guided,ENTIRE,MAE,27.21,0.74,27.15,0.060000000000002274,0.22099447513812992,-0.22099447513812992
REPLACE-BG,balanced_sex_tomek_links,sex,tomek_links,False,undersampling,guided,ENTIRE,MAPE,0.18,0.0,0.18,0.0,0.0,-0.0
REPLACE-BG,balanced_sex_undersampling,sex,undersampling,False,undersampling,random,TBR_2,A,0.0,0.0,0.3,-0.3,-100.0,-100.0
REPLACE-BG,balanced_sex_undersampling,sex,undersampling,False,undersampling,random,TBR_2,B,0.0,0.0,0.0,0.0,,
REPLACE-BG,balanced_sex_undersampling,sex,undersampling,False,undersampling,random,TBR_2,C,0.0,0.0,0.0,0.0,,
REPLACE-BG,balanced_sex_undersampling,sex,undersampling,False,undersampling,random,TBR_2,D,99.38,0.17,99.09,0.28999999999999204,0.29266323544251893,-0.29266323544251893
REPLACE-BG,balanced_sex_undersampling,sex,undersampling,False,undersampling,random,TBR_2,E,0.62,0.17,0.6,0.020000000000000018,3.3333333333333366,-3.3333333333333366
REPLACE-BG,balanced_sex_undersampling,sex,undersampling,False,undersampling,random,TBR_2,A + B,0.0,0.0,0.3,-0.3,-100.0,-100.0
REPLACE-BG,balanced_sex_undersampling,sex,undersampling,False,undersampling,random,TBR_2,RMSE,57.18,1.57,57.29,-0.10999999999999943,-0.19200558561703512,0.19200558561703512
REPLACE-BG,balanced_sex_undersampling,sex,undersampling,False,undersampling,random,TBR_2,MSE,3271.98,177.96,3283.67,-11.690000000000055,-0.3560041051628225,0.3560041051628225
REPLACE-BG,balanced_sex_undersampling,sex,undersampling,False,undersampling,random,TBR_2,MAE,54.44,1.62,54.45,-0.010000000000005116,-0.01836547291093685,0.01836547291093685
REPLACE-BG,balanced_sex_undersampling,sex,undersampling,False,undersampling,random,TBR_2,MAPE,1.2,0.04,1.2,0.0,0.0,-0.0
REPLACE-BG,balanced_sex_undersampling,sex,undersampling,False,undersampling,random,TBR_1,A,0.28,0.52,0.38,-0.09999999999999998,-26.315789473684205,-26.315789473684205
REPLACE-BG,balanced_sex_undersampling,sex,undersampling,False,undersampling,random,TBR_1,B,0.0,0.0,0.0,0.0,,
REPLACE-BG,balanced_sex_undersampling,sex,undersampling,False,undersampling,random,TBR_1,C,0.0,0.0,0.0,0.0,,
REPLACE-BG,balanced_sex_undersampling,sex,undersampling,False,undersampling,random,TBR_1,D,99.2,0.45,99.11,0.09000000000000341,0.09080819291696439,-0.09080819291696439
REPLACE-BG,balanced_sex_undersampling,sex,undersampling,False,undersampling,random,TBR_1,E,0.52,0.13,0.51,0.010000000000000009,1.960784313725492,-1.960784313725492
REPLACE-BG,balanced_sex_undersampling,sex,undersampling,False,undersampling,random,TBR_1,A + B,0.28,0.52,0.38,-0.09999999999999998,-26.315789473684205,-26.315789473684205
REPLACE-BG,balanced_sex_undersampling,sex,undersampling,False,undersampling,random,TBR_1,RMSE,41.81,1.12,42.02,-0.21000000000000085,-0.49976201808662735,0.49976201808662735
REPLACE-BG,balanced_sex_undersampling,sex,undersampling,False,undersampling,random,TBR_1,MSE,1748.71,92.52,1766.39,-17.680000000000064,-1.000911463493343,1.000911463493343
REPLACE-BG,balanced_sex_undersampling,sex,undersampling,False,undersampling,random,TBR_1,MAE,38.36,1.29,38.57,-0.21000000000000085,-0.5444646098003653,0.5444646098003653
REPLACE-BG,balanced_sex_undersampling,sex,undersampling,False,undersampling,random,TBR_1,MAPE,0.62,0.02,0.62,0.0,0.0,-0.0
REPLACE-BG,balanced_sex_undersampling,sex,undersampling,False,undersampling,random,TIR,A,71.96,0.69,71.95,0.009999999999990905,0.013898540653218768,0.013898540653218768
REPLACE-BG,balanced_sex_undersampling,sex,undersampling,False,undersampling,random,TIR,B,27.87,0.66,27.88,-0.00999999999999801,-0.03586800573887378,
REPLACE-BG,balanced_sex_undersampling,sex,undersampling,False,undersampling,random,TIR,C,0.17,0.03,0.17,0.0,0.0,-0.0
REPLACE-BG,balanced_sex_undersampling,sex,undersampling,False,undersampling,random,TIR,D,0.0,0.0,0.0,0.0,,
REPLACE-BG,balanced_sex_undersampling,sex,undersampling,False,undersampling,random,TIR,E,0.0,0.0,0.0,0.0,,
REPLACE-BG,balanced_sex_undersampling,sex,undersampling,False,undersampling,random,TIR,A + B,99.83,0.03,99.83,0.0,0.0,0.0
REPLACE-BG,balanced_sex_undersampling,sex,undersampling,False,undersampling,random,TIR,RMSE,25.79,0.51,25.66,0.129999999999999,0.5066250974278995,-0.5066250974278995
REPLACE-BG,balanced_sex_undersampling,sex,undersampling,False,undersampling,random,TIR,MSE,665.52,26.09,658.58,6.939999999999941,1.0537823802726989,-1.0537823802726989
REPLACE-BG,balanced_sex_undersampling,sex,undersampling,False,undersampling,random,TIR,MAE,19.12,0.31,19.01,0.10999999999999943,0.578642819568645,-0.578642819568645
REPLACE-BG,balanced_sex_undersampling,sex,undersampling,False,undersampling,random,TIR,MAPE,0.16,0.0,0.16,0.0,0.0,-0.0
REPLACE-BG,balanced_sex_undersampling,sex,undersampling,False,undersampling,random,TAR_1,A,68.99,1.03,69.22,-0.23000000000000398,-0.33227390927478184,-0.33227390927478184
REPLACE-BG,balanced_sex_undersampling,sex,undersampling,False,undersampling,random,TAR_1,B,29.15,1.02,28.92,0.22999999999999687,0.7952973720608467,
REPLACE-BG,balanced_sex_undersampling,sex,undersampling,False,undersampling,random,TAR_1,C,0.03,0.02,0.03,0.0,0.0,-0.0
REPLACE-BG,balanced_sex_undersampling,sex,undersampling,False,undersampling,random,TAR_1,D,1.82,0.04,1.83,-0.010000000000000009,-0.5464480874316944,0.5464480874316944
REPLACE-BG,balanced_sex_undersampling,sex,undersampling,False,undersampling,random,TAR_1,E,0.0,0.0,0.0,0.0,,
REPLACE-BG,balanced_sex_undersampling,sex,undersampling,False,undersampling,random,TAR_1,A + B,98.14,0.05,98.14,0.0,0.0,0.0
REPLACE-BG,balanced_sex_undersampling,sex,undersampling,False,undersampling,random,TAR_1,RMSE,43.34,0.85,43.18,0.1600000000000037,0.3705419175544319,-0.3705419175544319
REPLACE-BG,balanced_sex_undersampling,sex,undersampling,False,undersampling,random,TAR_1,MSE,1879.19,74.1,1865.19,14.0,0.7505937732885122,-0.7505937732885122
REPLACE-BG,balanced_sex_undersampling,sex,undersampling,False,undersampling,random,TAR_1,MAE,34.59,0.62,34.56,0.030000000000001137,0.08680555555555884,-0.08680555555555884
REPLACE-BG,balanced_sex_undersampling,sex,undersampling,False,undersampling,random,TAR_1,MAPE,0.16,0.0,0.16,0.0,0.0,-0.0
REPLACE-BG,balanced_sex_undersampling,sex,undersampling,False,undersampling,random,TAR_2,A,57.63,1.76,55.88,1.75,3.1317108088761634,3.1317108088761634
REPLACE-BG,balanced_sex_undersampling,sex,undersampling,False,undersampling,random,TAR_2,B,33.03,1.98,34.73,-1.6999999999999957,-4.894903541606668,
REPLACE-BG,balanced_sex_undersampling,sex,undersampling,False,undersampling,random,TAR_2,C,0.0,0.0,0.0,0.0,,
REPLACE-BG,balanced_sex_undersampling,sex,undersampling,False,undersampling,random,TAR_2,D,9.34,0.94,9.39,-0.05000000000000071,-0.5324813631522972,0.5324813631522972
REPLACE-BG,balanced_sex_undersampling,sex,undersampling,False,undersampling,random,TAR_2,E,0.0,0.0,0.0,0.0,,
REPLACE-BG,balanced_sex_undersampling,sex,undersampling,False,undersampling,random,TAR_2,A + B,90.66,0.94,90.61,0.04999999999999716,0.055181547290582895,0.055181547290582895
REPLACE-BG,balanced_sex_undersampling,sex,undersampling,False,undersampling,random,TAR_2,RMSE,68.41,1.18,69.31,-0.9000000000000057,-1.2985139229548488,1.2985139229548488
REPLACE-BG,balanced_sex_undersampling,sex,undersampling,False,undersampling,random,TAR_2,MSE,4680.52,160.86,4804.83,-124.30999999999949,-2.587188308431297,2.587188308431297
REPLACE-BG,balanced_sex_undersampling,sex,undersampling,False,undersampling,random,TAR_2,MAE,58.12,1.22,59.37,-1.25,-2.105440458143844,2.105440458143844
REPLACE-BG,balanced_sex_undersampling,sex,undersampling,False,undersampling,random,TAR_2,MAPE,0.2,0.0,0.2,0.0,0.0,-0.0
REPLACE-BG,balanced_sex_undersampling,sex,undersampling,False,undersampling,random,ENTIRE,A,67.37,0.64,67.27,0.10000000000000853,0.1486546751895474,0.1486546751895474
REPLACE-BG,balanced_sex_undersampling,sex,undersampling,False,undersampling,random,ENTIRE,B,27.62,0.5,27.73,-0.10999999999999943,-0.3966822935448952,
REPLACE-BG,balanced_sex_undersampling,sex,undersampling,False,undersampling,random,ENTIRE,C,0.12,0.02,0.11,0.009999999999999995,9.090909090909086,-9.090909090909086
REPLACE-BG,balanced_sex_undersampling,sex,undersampling,False,undersampling,random,ENTIRE,D,4.87,0.2,4.87,0.0,0.0,-0.0
REPLACE-BG,balanced_sex_undersampling,sex,undersampling,False,undersampling,random,ENTIRE,E,0.02,0.01,0.02,0.0,0.0,-0.0
REPLACE-BG,balanced_sex_undersampling,sex,undersampling,False,undersampling,random,ENTIRE,A + B,94.99,0.22,95.0,-0.010000000000005116,-0.010526315789479069,-0.010526315789479069
REPLACE-BG,balanced_sex_undersampling,sex,undersampling,False,undersampling,random,ENTIRE,RMSE,36.95,0.7,37.0,-0.04999999999999716,-0.13513513513512745,0.13513513513512745
REPLACE-BG,balanced_sex_undersampling,sex,undersampling,False,undersampling,random,ENTIRE,MSE,1365.66,52.22,1369.77,-4.1099999999999,-0.30005037342034796,0.30005037342034796
REPLACE-BG,balanced_sex_undersampling,sex,undersampling,False,undersampling,random,ENTIRE,MAE,27.11,0.66,27.15,-0.03999999999999915,-0.1473296500920779,0.1473296500920779
REPLACE-BG,balanced_sex_undersampling,sex,undersampling,False,undersampling,random,ENTIRE,MAPE,0.18,0.0,0.18,0.0,0.0,-0.0
REPLACE-BG,balanced_sex_undersampling_oversampling,sex,undersampling_oversampling,False,same_size,random,TBR_2,A,0.43,0.76,0.3,0.13,43.333333333333336,43.333333333333336
REPLACE-BG,balanced_sex_undersampling_oversampling,sex,undersampling_oversampling,False,same_size,random,TBR_2,B,0.0,0.0,0.0,0.0,,
REPLACE-BG,balanced_sex_undersampling_oversampling,sex,undersampling_oversampling,False,same_size,random,TBR_2,C,0.0,0.0,0.0,0.0,,
REPLACE-BG,balanced_sex_undersampling_oversampling,sex,undersampling_oversampling,False,same_size,random,TBR_2,D,98.98,0.68,99.09,-0.10999999999999943,-0.11101019275406138,0.11101019275406138
REPLACE-BG,balanced_sex_undersampling_oversampling,sex,undersampling_oversampling,False,same_size,random,TBR_2,E,0.59,0.14,0.6,-0.010000000000000009,-1.6666666666666683,1.6666666666666683
REPLACE-BG,balanced_sex_undersampling_oversampling,sex,undersampling_oversampling,False,same_size,random,TBR_2,A + B,0.43,0.76,0.3,0.13,43.333333333333336,43.333333333333336
REPLACE-BG,balanced_sex_undersampling_oversampling,sex,undersampling_oversampling,False,same_size,random,TBR_2,RMSE,56.78,1.53,57.29,-0.509999999999998,-0.8902077151335277,0.8902077151335277
REPLACE-BG,balanced_sex_undersampling_oversampling,sex,undersampling_oversampling,False,same_size,random,TBR_2,MSE,3225.53,175.03,3283.67,-58.13999999999987,-1.7705798694753088,1.7705798694753088
REPLACE-BG,balanced_sex_undersampling_oversampling,sex,undersampling_oversampling,False,same_size,random,TBR_2,MAE,53.9,1.67,54.45,-0.5500000000000043,-1.0101010101010177,1.0101010101010177
REPLACE-BG,balanced_sex_undersampling_oversampling,sex,undersampling_oversampling,False,same_size,random,TBR_2,MAPE,1.19,0.04,1.2,-0.010000000000000009,-0.8333333333333341,0.8333333333333341
REPLACE-BG,balanced_sex_undersampling_oversampling,sex,undersampling_oversampling,False,same_size,random,TBR_1,A,0.69,0.92,0.38,0.30999999999999994,81.57894736842104,81.57894736842104
REPLACE-BG,balanced_sex_undersampling_oversampling,sex,undersampling_oversampling,False,same_size,random,TBR_1,B,0.0,0.0,0.0,0.0,,
REPLACE-BG,balanced_sex_undersampling_oversampling,sex,undersampling_oversampling,False,same_size,random,TBR_1,C,0.0,0.0,0.0,0.0,,
REPLACE-BG,balanced_sex_undersampling_oversampling,sex,undersampling_oversampling,False,same_size,random,TBR_1,D,98.8,0.87,99.11,-0.3100000000000023,-0.3127837756028678,0.3127837756028678
REPLACE-BG,balanced_sex_undersampling_oversampling,sex,undersampling_oversampling,False,same_size,random,TBR_1,E,0.51,0.13,0.51,0.0,0.0,-0.0
REPLACE-BG,balanced_sex_undersampling_oversampling,sex,undersampling_oversampling,False,same_size,random,TBR_1,A + B,0.69,0.92,0.38,0.30999999999999994,81.57894736842104,81.57894736842104
REPLACE-BG,balanced_sex_undersampling_oversampling,sex,undersampling_oversampling,False,same_size,random,TBR_1,RMSE,41.51,1.36,42.02,-0.5100000000000051,-1.2137077582103881,1.2137077582103881
REPLACE-BG,balanced_sex_undersampling_oversampling,sex,undersampling_oversampling,False,same_size,random,TBR_1,MSE,1724.19,113.94,1766.39,-42.200000000000045,-2.389053380057634,2.389053380057634
REPLACE-BG,balanced_sex_undersampling_oversampling,sex,undersampling_oversampling,False,same_size,random,TBR_1,MAE,38.03,1.44,38.57,-0.5399999999999991,-1.4000518537723596,1.4000518537723596
REPLACE-BG,balanced_sex_undersampling_oversampling,sex,undersampling_oversampling,False,same_size,random,TBR_1,MAPE,0.61,0.02,0.62,-0.010000000000000009,-1.6129032258064528,1.6129032258064528
REPLACE-BG,balanced_sex_undersampling_oversampling,sex,undersampling_oversampling,False,same_size,random,TIR,A,72.08,0.75,71.95,0.12999999999999545,0.18068102849200202,0.18068102849200202
REPLACE-BG,balanced_sex_undersampling_oversampling,sex,undersampling_oversampling,False,same_size,random,TIR,B,27.75,0.71,27.88,-0.129999999999999,-0.46628407460544835,
REPLACE-BG,balanced_sex_undersampling_oversampling,sex,undersampling_oversampling,False,same_size,random,TIR,C,0.17,0.03,0.17,0.0,0.0,-0.0
REPLACE-BG,balanced_sex_undersampling_oversampling,sex,undersampling_oversampling,False,same_size,random,TIR,D,0.0,0.0,0.0,0.0,,
REPLACE-BG,balanced_sex_undersampling_oversampling,sex,undersampling_oversampling,False,same_size,random,TIR,E,0.0,0.0,0.0,0.0,,
REPLACE-BG,balanced_sex_undersampling_oversampling,sex,undersampling_oversampling,False,same_size,random,TIR,A + B,99.83,0.03,99.83,0.0,0.0,0.0
REPLACE-BG,balanced_sex_undersampling_oversampling,sex,undersampling_oversampling,False,same_size,random,TIR,RMSE,25.78,0.53,25.66,0.120000000000001,0.46765393608729927,-0.46765393608729927
REPLACE-BG,balanced_sex_undersampling_oversampling,sex,undersampling_oversampling,False,same_size,random,TIR,MSE,664.77,26.99,658.58,6.189999999999941,0.9399009991193082,-0.9399009991193082
REPLACE-BG,balanced_sex_undersampling_oversampling,sex,undersampling_oversampling,False,same_size,random,TIR,MAE,19.08,0.35,19.01,0.06999999999999673,0.3682272488163952,-0.3682272488163952
REPLACE-BG,balanced_sex_undersampling_oversampling,sex,undersampling_oversampling,False,same_size,random,TIR,MAPE,0.16,0.0,0.16,0.0,0.0,-0.0
REPLACE-BG,balanced_sex_undersampling_oversampling,sex,undersampling_oversampling,False,same_size,random,TAR_1,A,69.05,1.06,69.22,-0.1700000000000017,-0.2455937590291848,-0.2455937590291848
REPLACE-BG,balanced_sex_undersampling_oversampling,sex,undersampling_oversampling,False,same_size,random,TAR_1,B,29.09,1.04,28.92,0.16999999999999815,0.5878284923928013,
REPLACE-BG,balanced_sex_undersampling_oversampling,sex,undersampling_oversampling,False,same_size,random,TAR_1,C,0.04,0.02,0.03,0.010000000000000002,33.33333333333334,-33.33333333333334
REPLACE-BG,balanced_sex_undersampling_oversampling,sex,undersampling_oversampling,False,same_size,random,TAR_1,D,1.82,0.04,1.83,-0.010000000000000009,-0.5464480874316944,0.5464480874316944
REPLACE-BG,balanced_sex_undersampling_oversampling,sex,undersampling_oversampling,False,same_size,random,TAR_1,E,0.0,0.0,0.0,0.0,,
REPLACE-BG,balanced_sex_undersampling_oversampling,sex,undersampling_oversampling,False,same_size,random,TAR_1,A + B,98.14,0.05,98.14,0.0,0.0,0.0
REPLACE-BG,balanced_sex_undersampling_oversampling,sex,undersampling_oversampling,False,same_size,random,TAR_1,RMSE,43.4,0.96,43.18,0.21999999999999886,0.5094951366373295,-0.5094951366373295
REPLACE-BG,balanced_sex_undersampling_oversampling,sex,undersampling_oversampling,False,same_size,random,TAR_1,MSE,1884.56,84.36,1865.19,19.36999999999989,1.0385000991856,-1.0385000991856
REPLACE-BG,balanced_sex_undersampling_oversampling,sex,undersampling_oversampling,False,same_size,random,TAR_1,MAE,34.6,0.79,34.56,0.03999999999999915,0.11574074074073826,-0.11574074074073826
REPLACE-BG,balanced_sex_undersampling_oversampling,sex,undersampling_oversampling,False,same_size,random,TAR_1,MAPE,0.16,0.0,0.16,0.0,0.0,-0.0
REPLACE-BG,balanced_sex_undersampling_oversampling,sex,undersampling_oversampling,False,same_size,random,TAR_2,A,57.15,2.39,55.88,1.269999999999996,2.2727272727272654,2.2727272727272654
REPLACE-BG,balanced_sex_undersampling_oversampling,sex,undersampling_oversampling,False,same_size,random,TAR_2,B,33.47,2.2,34.73,-1.259999999999998,-3.627987330837887,
REPLACE-BG,balanced_sex_undersampling_oversampling,sex,undersampling_oversampling,False,same_size,random,TAR_2,C,0.0,0.0,0.0,0.0,,
REPLACE-BG,balanced_sex_undersampling_oversampling,sex,undersampling_oversampling,False,same_size,random,TAR_2,D,9.38,0.96,9.39,-0.009999999999999787,-0.10649627263045566,0.10649627263045566
REPLACE-BG,balanced_sex_undersampling_oversampling,sex,undersampling_oversampling,False,same_size,random,TAR_2,E,0.0,0.0,0.0,0.0,,
REPLACE-BG,balanced_sex_undersampling_oversampling,sex,undersampling_oversampling,False,same_size,random,TAR_2,A + B,90.62,0.96,90.61,0.010000000000005116,0.011036309458122853,0.011036309458122853
REPLACE-BG,balanced_sex_undersampling_oversampling,sex,undersampling_oversampling,False,same_size,random,TAR_2,RMSE,68.84,1.52,69.31,-0.46999999999999886,-0.6781128264319707,0.6781128264319707
REPLACE-BG,balanced_sex_undersampling_oversampling,sex,undersampling_oversampling,False,same_size,random,TAR_2,MSE,4740.63,210.15,4804.83,-64.19999999999982,-1.3361554935346271,1.3361554935346271
REPLACE-BG,balanced_sex_undersampling_oversampling,sex,undersampling_oversampling,False,same_size,random,TAR_2,MAE,58.65,1.51,59.37,-0.7199999999999989,-1.212733703890852,1.212733703890852
REPLACE-BG,balanced_sex_undersampling_oversampling,sex,undersampling_oversampling,False,same_size,random,TAR_2,MAPE,0.2,0.0,0.2,0.0,0.0,-0.0
REPLACE-BG,balanced_sex_undersampling_oversampling,sex,undersampling_oversampling,False,same_size,random,ENTIRE,A,67.44,0.82,67.27,0.1700000000000017,0.25271294782221154,0.25271294782221154
REPLACE-BG,balanced_sex_undersampling_oversampling,sex,undersampling_oversampling,False,same_size,random,ENTIRE,B,27.56,0.63,27.73,-0.1700000000000017,-0.6130544536603019,
REPLACE-BG,balanced_sex_undersampling_oversampling,sex,undersampling_oversampling,False,same_size,random,ENTIRE,C,0.11,0.02,0.11,0.0,0.0,-0.0
REPLACE-BG,balanced_sex_undersampling_oversampling,sex,undersampling_oversampling,False,same_size,random,ENTIRE,D,4.86,0.19,4.87,-0.009999999999999787,-0.20533880903490323,0.20533880903490323
REPLACE-BG,balanced_sex_undersampling_oversampling,sex,undersampling_oversampling,False,same_size,random,ENTIRE,E,0.02,0.01,0.02,0.0,0.0,-0.0
REPLACE-BG,balanced_sex_undersampling_oversampling,sex,undersampling_oversampling,False,same_size,random,ENTIRE,A + B,95.0,0.2,95.0,0.0,0.0,0.0
REPLACE-BG,balanced_sex_undersampling_oversampling,sex,undersampling_oversampling,False,same_size,random,ENTIRE,RMSE,37.02,0.85,37.0,0.020000000000003126,0.0540540540540625,-0.0540540540540625
REPLACE-BG,balanced_sex_undersampling_oversampling,sex,undersampling_oversampling,False,same_size,random,ENTIRE,MSE,1370.74,62.77,1369.77,0.9700000000000273,0.0708148083254873,-0.0708148083254873
REPLACE-BG,balanced_sex_undersampling_oversampling,sex,undersampling_oversampling,False,same_size,random,ENTIRE,MAE,27.12,0.79,27.15,-0.029999999999997584,-0.11049723756905189,0.11049723756905189
REPLACE-BG,balanced_sex_undersampling_oversampling,sex,undersampling_oversampling,False,same_size,random,ENTIRE,MAPE,0.18,0.0,0.18,0.0,0.0,-0.0
REPLACE-BG,balanced_sex_undersampling_smote,sex,undersampling_smote,False,same_size,random+guided,TBR_2,A,0.34,0.72,0.3,0.040000000000000036,13.333333333333346,13.333333333333346
REPLACE-BG,balanced_sex_undersampling_smote,sex,undersampling_smote,False,same_size,random+guided,TBR_2,B,0.0,0.0,0.0,0.0,,
REPLACE-BG,balanced_sex_undersampling_smote,sex,undersampling_smote,False,same_size,random+guided,TBR_2,C,0.0,0.0,0.0,0.0,,
REPLACE-BG,balanced_sex_undersampling_smote,sex,undersampling_smote,False,same_size,random+guided,TBR_2,D,99.04,0.68,99.09,-0.04999999999999716,-0.050459178524570755,0.050459178524570755
REPLACE-BG,balanced_sex_undersampling_smote,sex,undersampling_smote,False,same_size,random+guided,TBR_2,E,0.62,0.16,0.6,0.020000000000000018,3.3333333333333366,-3.3333333333333366
REPLACE-BG,balanced_sex_undersampling_smote,sex,undersampling_smote,False,same_size,random+guided,TBR_2,A + B,0.34,0.72,0.3,0.040000000000000036,13.333333333333346,13.333333333333346
REPLACE-BG,balanced_sex_undersampling_smote,sex,undersampling_smote,False,same_size,random+guided,TBR_2,RMSE,56.51,0.9,57.29,-0.7800000000000011,-1.3614941525571673,1.3614941525571673
REPLACE-BG,balanced_sex_undersampling_smote,sex,undersampling_smote,False,same_size,random+guided,TBR_2,MSE,3194.24,101.57,3283.67,-89.43000000000029,-2.723477085090776,2.723477085090776
REPLACE-BG,balanced_sex_undersampling_smote,sex,undersampling_smote,False,same_size,random+guided,TBR_2,MAE,53.58,1.01,54.45,-0.8700000000000045,-1.597796143250697,1.597796143250697
REPLACE-BG,balanced_sex_undersampling_smote,sex,undersampling_smote,False,same_size,random+guided,TBR_2,MAPE,1.18,0.03,1.2,-0.020000000000000018,-1.6666666666666683,1.6666666666666683
REPLACE-BG,balanced_sex_undersampling_smote,sex,undersampling_smote,False,same_size,random+guided,TBR_1,A,0.8,1.19,0.38,0.42000000000000004,110.5263157894737,110.5263157894737
REPLACE-BG,balanced_sex_undersampling_smote,sex,undersampling_smote,False,same_size,random+guided,TBR_1,B,0.0,0.0,0.0,0.0,,
REPLACE-BG,balanced_sex_undersampling_smote,sex,undersampling_smote,False,same_size,random+guided,TBR_1,C,0.0,0.0,0.0,0.0,,
REPLACE-BG,balanced_sex_undersampling_smote,sex,undersampling_smote,False,same_size,random+guided,TBR_1,D,98.7,1.21,99.11,-0.4099999999999966,-0.4136817677328187,0.4136817677328187
REPLACE-BG,balanced_sex_undersampling_smote,sex,undersampling_smote,False,same_size,random+guided,TBR_1,E,0.51,0.13,0.51,0.0,0.0,-0.0
REPLACE-BG,balanced_sex_undersampling_smote,sex,undersampling_smote,False,same_size,random+guided,TBR_1,A + B,0.8,1.19,0.38,0.42000000000000004,110.5263157894737,110.5263157894737
REPLACE-BG,balanced_sex_undersampling_smote,sex,undersampling_smote,False,same_size,random+guided,TBR_1,RMSE,41.27,0.44,42.02,-0.75,-1.7848643503093762,1.7848643503093762
REPLACE-BG,balanced_sex_undersampling_smote,sex,undersampling_smote,False,same_size,random+guided,TBR_1,MSE,1703.25,36.76,1766.39,-63.1400000000001,-3.574522047792396,3.574522047792396
REPLACE-BG,balanced_sex_undersampling_smote,sex,undersampling_smote,False,same_size,random+guided,TBR_1,MAE,37.68,0.57,38.57,-0.8900000000000006,-2.307492870106302,2.307492870106302
REPLACE-BG,balanced_sex_undersampling_smote,sex,undersampling_smote,False,same_size,random+guided,TBR_1,MAPE,0.61,0.01,0.62,-0.010000000000000009,-1.6129032258064528,1.6129032258064528
REPLACE-BG,balanced_sex_undersampling_smote,sex,undersampling_smote,False,same_size,random+guided,TIR,A,72.07,0.61,71.95,0.11999999999999034,0.16678248783876348,0.16678248783876348
REPLACE-BG,balanced_sex_undersampling_smote,sex,undersampling_smote,False,same_size,random+guided,TIR,B,27.76,0.58,27.88,-0.11999999999999744,-0.4304160688665619,
REPLACE-BG,balanced_sex_undersampling_smote,sex,undersampling_smote,False,same_size,random+guided,TIR,C,0.17,0.03,0.17,0.0,0.0,-0.0
REPLACE-BG,balanced_sex_undersampling_smote,sex,undersampling_smote,False,same_size,random+guided,TIR,D,0.0,0.0,0.0,0.0,,
REPLACE-BG,balanced_sex_undersampling_smote,sex,undersampling_smote,False,same_size,random+guided,TIR,E,0.0,0.0,0.0,0.0,,
REPLACE-BG,balanced_sex_undersampling_smote,sex,undersampling_smote,False,same_size,random+guided,TIR,A + B,99.83,0.03,99.83,0.0,0.0,0.0
REPLACE-BG,balanced_sex_undersampling_smote,sex,undersampling_smote,False,same_size,random+guided,TIR,RMSE,25.85,0.6,25.66,0.19000000000000128,0.740452065471556,-0.740452065471556
REPLACE-BG,balanced_sex_undersampling_smote,sex,undersampling_smote,False,same_size,random+guided,TIR,MSE,668.51,30.74,658.58,9.92999999999995,1.5077894864708843,-1.5077894864708843
REPLACE-BG,balanced_sex_undersampling_smote,sex,undersampling_smote,False,same_size,random+guided,TIR,MAE,19.15,0.33,19.01,0.13999999999999702,0.7364544976328091,-0.7364544976328091
REPLACE-BG,balanced_sex_undersampling_smote,sex,undersampling_smote,False,same_size,random+guided,TIR,MAPE,0.16,0.0,0.16,0.0,0.0,-0.0
REPLACE-BG,balanced_sex_undersampling_smote,sex,undersampling_smote,False,same_size,random+guided,TAR_1,A,68.64,1.34,69.22,-0.5799999999999983,-0.8379081190407373,-0.8379081190407373
REPLACE-BG,balanced_sex_undersampling_smote,sex,undersampling_smote,False,same_size,random+guided,TAR_1,B,29.48,1.32,28.92,0.5599999999999987,1.936376210235127,
REPLACE-BG,balanced_sex_undersampling_smote,sex,undersampling_smote,False,same_size,random+guided,TAR_1,C,0.04,0.01,0.03,0.010000000000000002,33.33333333333334,-33.33333333333334
REPLACE-BG,balanced_sex_undersampling_smote,sex,undersampling_smote,False,same_size,random+guided,TAR_1,D,1.84,0.03,1.83,0.010000000000000009,0.5464480874316944,-0.5464480874316944
REPLACE-BG,balanced_sex_undersampling_smote,sex,undersampling_smote,False,same_size,random+guided,TAR_1,E,0.0,0.0,0.0,0.0,,
REPLACE-BG,balanced_sex_undersampling_smote,sex,undersampling_smote,False,same_size,random+guided,TAR_1,A + B,98.12,0.03,98.14,-0.01999999999999602,-0.020379050336250273,-0.020379050336250273
REPLACE-BG,balanced_sex_undersampling_smote,sex,undersampling_smote,False,same_size,random+guided,TAR_1,RMSE,43.63,0.89,43.18,0.45000000000000284,1.0421491431218222,-1.0421491431218222
REPLACE-BG,balanced_sex_undersampling_smote,sex,undersampling_smote,False,same_size,random+guided,TAR_1,MSE,1904.6,77.9,1865.19,39.409999999999854,2.112921471807154,-2.112921471807154
REPLACE-BG,balanced_sex_undersampling_smote,sex,undersampling_smote,False,same_size,random+guided,TAR_1,MAE,34.88,0.68,34.56,0.3200000000000003,0.9259259259259267,-0.9259259259259267
REPLACE-BG,balanced_sex_undersampling_smote,sex,undersampling_smote,False,same_size,random+guided,TAR_1,MAPE,0.17,0.0,0.16,0.010000000000000009,6.250000000000005,-6.250000000000005
REPLACE-BG,balanced_sex_undersampling_smote,sex,undersampling_smote,False,same_size,random+guided,TAR_2,A,58.18,1.95,55.88,2.299999999999997,4.115962777380095,4.115962777380095
REPLACE-BG,balanced_sex_undersampling_smote,sex,undersampling_smote,False,same_size,random+guided,TAR_2,B,32.41,1.11,34.73,-2.3200000000000003,-6.680103656780882,
REPLACE-BG,balanced_sex_undersampling_smote,sex,undersampling_smote,False,same_size,random+guided,TAR_2,C,0.0,0.0,0.0,0.0,,
REPLACE-BG,balanced_sex_undersampling_smote,sex,undersampling_smote,False,same_size,random+guided,TAR_2,D,9.41,1.05,9.39,0.019999999999999574,0.21299254526091133,-0.21299254526091133
REPLACE-BG,balanced_sex_undersampling_smote,sex,undersampling_smote,False,same_size,random+guided,TAR_2,E,0.0,0.0,0.0,0.0,,
REPLACE-BG,balanced_sex_undersampling_smote,sex,undersampling_smote,False,same_size,random+guided,TAR_2,A + B,90.59,1.05,90.61,-0.01999999999999602,-0.022072618916230018,-0.022072618916230018
REPLACE-BG,balanced_sex_undersampling_smote,sex,undersampling_smote,False,same_size,random+guided,TAR_2,RMSE,68.25,1.37,69.31,-1.0600000000000023,-1.52936084259126,1.52936084259126
REPLACE-BG,balanced_sex_undersampling_smote,sex,undersampling_smote,False,same_size,random+guided,TAR_2,MSE,4659.4,186.24,4804.83,-145.4300000000003,-3.0267460035006506,3.0267460035006506
REPLACE-BG,balanced_sex_undersampling_smote,sex,undersampling_smote,False,same_size,random+guided,TAR_2,MAE,58.0,1.15,59.37,-1.3699999999999974,-2.3075627421256484,2.3075627421256484
REPLACE-BG,balanced_sex_undersampling_smote,sex,undersampling_smote,False,same_size,random+guided,TAR_2,MAPE,0.2,0.0,0.2,0.0,0.0,-0.0
REPLACE-BG,balanced_sex_undersampling_smote,sex,undersampling_smote,False,same_size,random+guided,ENTIRE,A,67.44,0.47,67.27,0.1700000000000017,0.25271294782221154,0.25271294782221154
REPLACE-BG,balanced_sex_undersampling_smote,sex,undersampling_smote,False,same_size,random+guided,ENTIRE,B,27.56,0.42,27.73,-0.1700000000000017,-0.6130544536603019,
REPLACE-BG,balanced_sex_undersampling_smote,sex,undersampling_smote,False,same_size,random+guided,ENTIRE,C,0.12,0.02,0.11,0.009999999999999995,9.090909090909086,-9.090909090909086
REPLACE-BG,balanced_sex_undersampling_smote,sex,undersampling_smote,False,same_size,random+guided,ENTIRE,D,4.86,0.12,4.87,-0.009999999999999787,-0.20533880903490323,0.20533880903490323
REPLACE-BG,balanced_sex_undersampling_smote,sex,undersampling_smote,False,same_size,random+guided,ENTIRE,E,0.02,0.01,0.02,0.0,0.0,-0.0
REPLACE-BG,balanced_sex_undersampling_smote,sex,undersampling_smote,False,same_size,random+guided,ENTIRE,A + B,95.0,0.14,95.0,0.0,0.0,0.0
REPLACE-BG,balanced_sex_undersampling_smote,sex,undersampling_smote,False,same_size,random+guided,ENTIRE,RMSE,36.99,0.59,37.0,-0.00999999999999801,-0.02702702702702165,0.02702702702702165
REPLACE-BG,balanced_sex_undersampling_smote,sex,undersampling_smote,False,same_size,random+guided,ENTIRE,MSE,1368.57,43.79,1369.77,-1.2000000000000455,-0.08760594844390267,0.08760594844390267
REPLACE-BG,balanced_sex_undersampling_smote,sex,undersampling_smote,False,same_size,random+guided,ENTIRE,MAE,27.15,0.55,27.15,0.0,0.0,-0.0
REPLACE-BG,balanced_sex_undersampling_smote,sex,undersampling_smote,False,same_size,random+guided,ENTIRE,MAPE,0.18,0.0,0.18,0.0,0.0,-0.0
REPLACE-BG,original,,original,True,baseline,baseline,TBR_2,A,0.3,0.67,0.3,0.0,0.0,0.0
REPLACE-BG,original,,original,True,baseline,baseline,TBR_2,B,0.0,0.0,0.0,0.0,,
REPLACE-BG,original,,original,True,baseline,baseline,TBR_2,C,0.0,0.0,0.0,0.0,,
REPLACE-BG,original,,original,True,baseline,baseline,TBR_2,D,99.09,0.64,99.09,0.0,0.0,-0.0
REPLACE-BG,original,,original,True,baseline,baseline,TBR_2,E,0.6,0.21,0.6,0.0,0.0,-0.0
REPLACE-BG,original,,original,True,baseline,baseline,TBR_2,A + B,0.3,0.67,0.3,0.0,0.0,0.0
REPLACE-BG,original,,original,True,baseline,baseline,TBR_2,RMSE,57.29,1.54,57.29,0.0,0.0,-0.0
REPLACE-BG,original,,original,True,baseline,baseline,TBR_2,MSE,3283.67,177.46,3283.67,0.0,0.0,-0.0
REPLACE-BG,original,,original,True,baseline,baseline,TBR_2,MAE,54.45,1.52,54.45,0.0,0.0,-0.0
REPLACE-BG,original,,original,True,baseline,baseline,TBR_2,MAPE,1.2,0.04,1.2,0.0,0.0,-0.0
REPLACE-BG,original,,original,True,baseline,baseline,TBR_1,A,0.38,0.66,0.38,0.0,0.0,0.0
REPLACE-BG,original,,original,True,baseline,baseline,TBR_1,B,0.0,0.0,0.0,0.0,,
REPLACE-BG,original,,original,True,baseline,baseline,TBR_1,C,0.0,0.0,0.0,0.0,,
REPLACE-BG,original,,original,True,baseline,baseline,TBR_1,D,99.11,0.63,99.11,0.0,0.0,-0.0
REPLACE-BG,original,,original,True,baseline,baseline,TBR_1,E,0.51,0.18,0.51,0.0,0.0,-0.0
REPLACE-BG,original,,original,True,baseline,baseline,TBR_1,A + B,0.38,0.66,0.38,0.0,0.0,0.0
REPLACE-BG,original,,original,True,baseline,baseline,TBR_1,RMSE,42.02,1.17,42.02,0.0,0.0,-0.0
REPLACE-BG,original,,original,True,baseline,baseline,TBR_1,MSE,1766.39,98.99,1766.39,0.0,0.0,-0.0
REPLACE-BG,original,,original,True,baseline,baseline,TBR_1,MAE,38.57,1.12,38.57,0.0,0.0,-0.0
REPLACE-BG,original,,original,True,baseline,baseline,TBR_1,MAPE,0.62,0.02,0.62,0.0,0.0,-0.0
REPLACE-BG,original,,original,True,baseline,baseline,TIR,A,71.95,0.7,71.95,0.0,0.0,0.0
REPLACE-BG,original,,original,True,baseline,baseline,TIR,B,27.88,0.67,27.88,0.0,0.0,
REPLACE-BG,original,,original,True,baseline,baseline,TIR,C,0.17,0.03,0.17,0.0,0.0,-0.0
REPLACE-BG,original,,original,True,baseline,baseline,TIR,D,0.0,0.0,0.0,0.0,,
REPLACE-BG,original,,original,True,baseline,baseline,TIR,E,0.0,0.0,0.0,0.0,,
REPLACE-BG,original,,original,True,baseline,baseline,TIR,A + B,99.83,0.03,99.83,0.0,0.0,0.0
REPLACE-BG,original,,original,True,baseline,baseline,TIR,RMSE,25.66,0.55,25.66,0.0,0.0,-0.0
REPLACE-BG,original,,original,True,baseline,baseline,TIR,MSE,658.58,28.15,658.58,0.0,0.0,-0.0
REPLACE-BG,original,,original,True,baseline,baseline,TIR,MAE,19.01,0.35,19.01,0.0,0.0,-0.0
REPLACE-BG,original,,original,True,baseline,baseline,TIR,MAPE,0.16,0.0,0.16,0.0,0.0,-0.0
REPLACE-BG,original,,original,True,baseline,baseline,TAR_1,A,69.22,1.58,69.22,0.0,0.0,0.0
REPLACE-BG,original,,original,True,baseline,baseline,TAR_1,B,28.92,1.52,28.92,0.0,0.0,
REPLACE-BG,original,,original,True,baseline,baseline,TAR_1,C,0.03,0.01,0.03,0.0,0.0,-0.0
REPLACE-BG,original,,original,True,baseline,baseline,TAR_1,D,1.83,0.06,1.83,0.0,0.0,-0.0
REPLACE-BG,original,,original,True,baseline,baseline,TAR_1,E,0.0,0.0,0.0,0.0,,
REPLACE-BG,original,,original,True,baseline,baseline,TAR_1,A + B,98.14,0.08,98.14,0.0,0.0,0.0
REPLACE-BG,original,,original,True,baseline,baseline,TAR_1,RMSE,43.18,1.1,43.18,0.0,0.0,-0.0
REPLACE-BG,original,,original,True,baseline,baseline,TAR_1,MSE,1865.19,95.31,1865.19,0.0,0.0,-0.0
REPLACE-BG,original,,original,True,baseline,baseline,TAR_1,MAE,34.56,0.86,34.56,0.0,0.0,-0.0
REPLACE-BG,original,,original,True,baseline,baseline,TAR_1,MAPE,0.16,0.0,0.16,0.0,0.0,-0.0
REPLACE-BG,original,,original,True,baseline,baseline,TAR_2,A,55.88,1.88,55.88,0.0,0.0,0.0
REPLACE-BG,original,,original,True,baseline,baseline,TAR_2,B,34.73,1.89,34.73,0.0,0.0,
REPLACE-BG,original,,original,True,baseline,baseline,TAR_2,C,0.0,0.0,0.0,0.0,,
REPLACE-BG,original,,original,True,baseline,baseline,TAR_2,D,9.39,1.15,9.39,0.0,0.0,-0.0
REPLACE-BG,original,,original,True,baseline,baseline,TAR_2,E,0.0,0.0,0.0,0.0,,
REPLACE-BG,original,,original,True,baseline,baseline,TAR_2,A + B,90.61,1.15,90.61,0.0,0.0,0.0
REPLACE-BG,original,,original,True,baseline,baseline,TAR_2,RMSE,69.31,0.89,69.31,0.0,0.0,-0.0
REPLACE-BG,original,,original,True,baseline,baseline,TAR_2,MSE,4804.83,122.19,4804.83,0.0,0.0,-0.0
REPLACE-BG,original,,original,True,baseline,baseline,TAR_2,MAE,59.37,0.95,59.37,0.0,0.0,-0.0
REPLACE-BG,original,,original,True,baseline,baseline,TAR_2,MAPE,0.2,0.0,0.2,0.0,0.0,-0.0
REPLACE-BG,original,,original,True,baseline,baseline,ENTIRE,A,67.27,0.59,67.27,0.0,0.0,0.0
REPLACE-BG,original,,original,True,baseline,baseline,ENTIRE,B,27.73,0.48,27.73,0.0,0.0,
REPLACE-BG,original,,original,True,baseline,baseline,ENTIRE,C,0.11,0.01,0.11,0.0,0.0,-0.0
REPLACE-BG,original,,original,True,baseline,baseline,ENTIRE,D,4.87,0.18,4.87,0.0,0.0,-0.0
REPLACE-BG,original,,original,True,baseline,baseline,ENTIRE,E,0.02,0.01,0.02,0.0,0.0,-0.0
REPLACE-BG,original,,original,True,baseline,baseline,ENTIRE,A + B,95.0,0.19,95.0,0.0,0.0,0.0
REPLACE-BG,original,,original,True,baseline,baseline,ENTIRE,RMSE,37.0,0.83,37.0,0.0,0.0,-0.0
REPLACE-BG,original,,original,True,baseline,baseline,ENTIRE,MSE,1369.77,62.09,1369.77,0.0,0.0,-0.0
REPLACE-BG,original,,original,True,baseline,baseline,ENTIRE,MAE,27.15,0.75,27.15,0.0,0.0,-0.0
REPLACE-BG,original,,original,True,baseline,baseline,ENTIRE,MAPE,0.18,0.0,0.18,0.0,0.0,-0.0
T1DiabetesGranada,balanced_age_jittering,age,jittering,False,oversampling,guided,TBR_2,A,17.78,8.34,19.98,-2.1999999999999993,-11.011011011011007,-11.011011011011007
T1DiabetesGranada,balanced_age_jittering,age,jittering,False,oversampling,guided,TBR_2,B,0.0,0.0,0.0,0.0,,
T1DiabetesGranada,balanced_age_jittering,age,jittering,False,oversampling,guided,TBR_2,C,0.0,0.0,0.0,0.0,,
T1DiabetesGranada,balanced_age_jittering,age,jittering,False,oversampling,guided,TBR_2,D,81.85,8.35,79.69,2.1599999999999966,2.7105031998996068,-2.7105031998996068
T1DiabetesGranada,balanced_age_jittering,age,jittering,False,oversampling,guided,TBR_2,E,0.37,0.05,0.34,0.02999999999999997,8.823529411764696,-8.823529411764696
T1DiabetesGranada,balanced_age_jittering,age,jittering,False,oversampling,guided,TBR_2,A + B,17.78,8.34,19.98,-2.1999999999999993,-11.011011011011007,-11.011011011011007
T1DiabetesGranada,balanced_age_jittering,age,jittering,False,oversampling,guided,TBR_2,RMSE,39.81,1.3,39.38,0.4299999999999997,1.091924834941594,-1.091924834941594
T1DiabetesGranada,balanced_age_jittering,age,jittering,False,oversampling,guided,TBR_2,MSE,1586.34,105.21,1552.07,34.26999999999998,2.2080189682166385,-2.2080189682166385
T1DiabetesGranada,balanced_age_jittering,age,jittering,False,oversampling,guided,TBR_2,MAE,35.52,1.49,35.1,0.4200000000000017,1.1965811965812014,-1.1965811965812014
T1DiabetesGranada,balanced_age_jittering,age,jittering,False,oversampling,guided,TBR_2,MAPE,0.74,0.03,0.73,0.010000000000000009,1.3698630136986314,-1.3698630136986314
T1DiabetesGranada,balanced_age_jittering,age,jittering,False,oversampling,guided,TBR_1,A,11.69,5.27,11.95,-0.2599999999999998,-2.1757322175732203,-2.1757322175732203
T1DiabetesGranada,balanced_age_jittering,age,jittering,False,oversampling,guided,TBR_1,B,0.0,0.0,0.0,0.0,,
T1DiabetesGranada,balanced_age_jittering,age,jittering,False,oversampling,guided,TBR_1,C,0.0,0.0,0.0,0.0,,
T1DiabetesGranada,balanced_age_jittering,age,jittering,False,oversampling,guided,TBR_1,D,87.77,5.28,87.54,0.22999999999998977,0.2627370344985033,-0.2627370344985033
T1DiabetesGranada,balanced_age_jittering,age,jittering,False,oversampling,guided,TBR_1,E,0.54,0.04,0.52,0.020000000000000018,3.8461538461538494,-3.8461538461538494
T1DiabetesGranada,balanced_age_jittering,age,jittering,False,oversampling,guided,TBR_1,A + B,11.69,5.27,11.95,-0.2599999999999998,-2.1757322175732203,-2.1757322175732203
T1DiabetesGranada,balanced_age_jittering,age,jittering,False,oversampling,guided,TBR_1,RMSE,36.07,0.85,35.92,0.14999999999999858,0.41759465478841473,-0.41759465478841473
T1DiabetesGranada,balanced_age_jittering,age,jittering,False,oversampling,guided,TBR_1,MSE,1301.37,61.46,1290.64,10.72999999999979,0.8313704828611999,-0.8313704828611999
T1DiabetesGranada,balanced_age_jittering,age,jittering,False,oversampling,guided,TBR_1,MAE,30.67,1.09,30.64,0.030000000000001137,0.09791122715405069,-0.09791122715405069
T1DiabetesGranada,balanced_age_jittering,age,jittering,False,oversampling,guided,TBR_1,MAPE,0.5,0.02,0.5,0.0,0.0,-0.0
T1DiabetesGranada,balanced_age_jittering,age,jittering,False,oversampling,guided,TIR,A,71.81,0.67,71.8,0.010000000000005116,0.013927576601678435,0.013927576601678435
T1DiabetesGranada,balanced_age_jittering,age,jittering,False,oversampling,guided,TIR,B,27.96,0.64,27.96,0.0,0.0,
T1DiabetesGranada,balanced_age_jittering,age,jittering,False,oversampling,guided,TIR,C,0.24,0.04,0.24,0.0,0.0,-0.0
T1DiabetesGranada,balanced_age_jittering,age,jittering,False,oversampling,guided,TIR,D,0.0,0.0,0.0,0.0,,
T1DiabetesGranada,balanced_age_jittering,age,jittering,False,oversampling,guided,TIR,E,0.0,0.0,0.0,0.0,,
T1DiabetesGranada,balanced_age_jittering,age,jittering,False,oversampling,guided,TIR,A + B,99.77,0.03,99.76,0.009999999999990905,0.010024057738563458,0.010024057738563458
T1DiabetesGranada,balanced_age_jittering,age,jittering,False,oversampling,guided,TIR,RMSE,26.69,0.65,26.62,0.07000000000000028,0.26296018031555324,-0.26296018031555324
T1DiabetesGranada,balanced_age_jittering,age,jittering,False,oversampling,guided,TIR,MSE,712.82,35.05,708.96,3.8600000000000136,0.5444594899571222,-0.5444594899571222
T1DiabetesGranada,balanced_age_jittering,age,jittering,False,oversampling,guided,TIR,MAE,19.41,0.43,19.37,0.03999999999999915,0.20650490449147726,-0.20650490449147726
T1DiabetesGranada,balanced_age_jittering,age,jittering,False,oversampling,guided,TIR,MAPE,0.16,0.0,0.16,0.0,0.0,-0.0
T1DiabetesGranada,balanced_age_jittering,age,jittering,False,oversampling,guided,TAR_1,A,70.23,0.6,70.58,-0.3499999999999943,-0.49589118730517756,-0.49589118730517756
T1DiabetesGranada,balanced_age_jittering,age,jittering,False,oversampling,guided,TAR_1,B,27.83,0.57,27.52,0.3099999999999987,1.1264534883720885,
T1DiabetesGranada,balanced_age_jittering,age,jittering,False,oversampling,guided,TAR_1,C,0.06,0.02,0.06,0.0,0.0,-0.0
T1DiabetesGranada,balanced_age_jittering,age,jittering,False,oversampling,guided,TAR_1,D,1.85,0.04,1.8,0.050000000000000044,2.77777777777778,-2.77777777777778
T1DiabetesGranada,balanced_age_jittering,age,jittering,False,oversampling,guided,TAR_1,E,0.03,0.02,0.03,0.0,0.0,-0.0
T1DiabetesGranada,balanced_age_jittering,age,jittering,False,oversampling,guided,TAR_1,A + B,98.06,0.07,98.1,-0.03999999999999204,-0.04077471967379413,-0.04077471967379413
T1DiabetesGranada,balanced_age_jittering,age,jittering,False,oversampling,guided,TAR_1,RMSE,43.3,0.54,42.95,0.3499999999999943,0.8149010477299052,-0.8149010477299052
T1DiabetesGranada,balanced_age_jittering,age,jittering,False,oversampling,guided,TAR_1,MSE,1875.29,46.64,1844.89,30.399999999999864,1.647794719468362,-1.647794719468362
T1DiabetesGranada,balanced_age_jittering,age,jittering,False,oversampling,guided,TAR_1,MAE,34.09,0.5,33.73,0.36000000000000654,1.0672991402312677,-1.0672991402312677
T1DiabetesGranada,balanced_age_jittering,age,jittering,False,oversampling,guided,TAR_1,MAPE,0.16,0.0,0.16,0.0,0.0,-0.0
T1DiabetesGranada,balanced_age_jittering,age,jittering,False,oversampling,guided,TAR_2,A,60.79,0.93,61.68,-0.8900000000000006,-1.4429312581063563,-1.4429312581063563
T1DiabetesGranada,balanced_age_jittering,age,jittering,False,oversampling,guided,TAR_2,B,31.32,0.8,30.69,0.629999999999999,2.0527859237536625,
T1DiabetesGranada,balanced_age_jittering,age,jittering,False,oversampling,guided,TAR_2,C,0.03,0.02,0.03,0.0,0.0,-0.0
T1DiabetesGranada,balanced_age_jittering,age,jittering,False,oversampling,guided,TAR_2,D,7.85,0.58,7.6,0.25,3.289473684210526,-3.289473684210526
T1DiabetesGranada,balanced_age_jittering,age,jittering,False,oversampling,guided,TAR_2,E,0.0,0.0,0.0,0.0,,
T1DiabetesGranada,balanced_age_jittering,age,jittering,False,oversampling,guided,TAR_2,A + B,92.11,0.56,92.37,-0.2600000000000051,-0.2814766699144799,-0.2814766699144799
T1DiabetesGranada,balanced_age_jittering,age,jittering,False,oversampling,guided,TAR_2,RMSE,67.12,1.1,66.33,0.7900000000000063,1.1910146238504542,-1.1910146238504542
T1DiabetesGranada,balanced_age_jittering,age,jittering,False,oversampling,guided,TAR_2,MSE,4506.34,147.88,4400.96,105.38000000000011,2.394477568530505,-2.394477568530505
T1DiabetesGranada,balanced_age_jittering,age,jittering,False,oversampling,guided,TAR_2,MAE,56.69,0.96,55.9,0.7899999999999991,1.4132379248658302,-1.4132379248658302
T1DiabetesGranada,balanced_age_jittering,age,jittering,False,oversampling,guided,TAR_2,MAPE,0.19,0.0,0.18,0.010000000000000009,5.555555555555561,-5.555555555555561
T1DiabetesGranada,balanced_age_jittering,age,jittering,False,oversampling,guided,ENTIRE,A,67.39,0.58,67.59,-0.20000000000000284,-0.29590176061547985,-0.29590176061547985
T1DiabetesGranada,balanced_age_jittering,age,jittering,False,oversampling,guided,ENTIRE,B,26.98,0.47,26.84,0.14000000000000057,0.5216095380029827,
T1DiabetesGranada,balanced_age_jittering,age,jittering,False,oversampling,guided,ENTIRE,C,0.16,0.03,0.16,0.0,0.0,-0.0
T1DiabetesGranada,balanced_age_jittering,age,jittering,False,oversampling,guided,ENTIRE,D,5.44,0.26,5.38,0.0600000000000005,1.1152416356877417,-1.1152416356877417
T1DiabetesGranada,balanced_age_jittering,age,jittering,False,oversampling,guided,ENTIRE,E,0.03,0.01,0.03,0.0,0.0,-0.0
T1DiabetesGranada,balanced_age_jittering,age,jittering,False,oversampling,guided,ENTIRE,A + B,94.37,0.26,94.43,-0.060000000000002274,-0.06353912951392807,-0.06353912951392807
T1DiabetesGranada,balanced_age_jittering,age,jittering,False,oversampling,guided,ENTIRE,RMSE,38.09,0.77,37.8,0.29000000000000625,0.7671957671957838,-0.7671957671957838
T1DiabetesGranada,balanced_age_jittering,age,jittering,False,oversampling,guided,ENTIRE,MSE,1451.08,58.88,1429.28,21.799999999999955,1.5252434792342966,-1.5252434792342966
T1DiabetesGranada,balanced_age_jittering,age,jittering,False,oversampling,guided,ENTIRE,MAE,27.71,0.56,27.51,0.1999999999999993,0.7270083605961443,-0.7270083605961443
T1DiabetesGranada,balanced_age_jittering,age,jittering,False,oversampling,guided,ENTIRE,MAPE,0.18,0.0,0.18,0.0,0.0,-0.0
T1DiabetesGranada,balanced_age_oversampling,age,oversampling,False,oversampling,random,TBR_2,A,20.33,6.41,19.98,0.34999999999999787,1.7517517517517411,1.7517517517517411
T1DiabetesGranada,balanced_age_oversampling,age,oversampling,False,oversampling,random,TBR_2,B,0.0,0.0,0.0,0.0,,
T1DiabetesGranada,balanced_age_oversampling,age,oversampling,False,oversampling,random,TBR_2,C,0.0,0.0,0.0,0.0,,
T1DiabetesGranada,balanced_age_oversampling,age,oversampling,False,oversampling,random,TBR_2,D,79.34,6.39,79.69,-0.3499999999999943,-0.4392019073911336,0.4392019073911336
T1DiabetesGranada,balanced_age_oversampling,age,oversampling,False,oversampling,random,TBR_2,E,0.33,0.06,0.34,-0.010000000000000009,-2.9411764705882377,2.9411764705882377
T1DiabetesGranada,balanced_age_oversampling,age,oversampling,False,oversampling,random,TBR_2,A + B,20.33,6.41,19.98,0.34999999999999787,1.7517517517517411,1.7517517517517411
T1DiabetesGranada,balanced_age_oversampling,age,oversampling,False,oversampling,random,TBR_2,RMSE,39.44,1.39,39.38,0.05999999999999517,0.15236160487555908,-0.15236160487555908
T1DiabetesGranada,balanced_age_oversampling,age,oversampling,False,oversampling,random,TBR_2,MSE,1557.37,110.99,1552.07,5.2999999999999545,0.3414794435817943,-0.3414794435817943
T1DiabetesGranada,balanced_age_oversampling,age,oversampling,False,oversampling,random,TBR_2,MAE,35.13,1.44,35.1,0.030000000000001137,0.0854700854700887,-0.0854700854700887
T1DiabetesGranada,balanced_age_oversampling,age,oversampling,False,oversampling,random,TBR_2,MAPE,0.73,0.03,0.73,0.0,0.0,-0.0
T1DiabetesGranada,balanced_age_oversampling,age,oversampling,False,oversampling,random,TBR_1,A,12.93,3.59,11.95,0.9800000000000004,8.200836820083685,8.200836820083685
T1DiabetesGranada,balanced_age_oversampling,age,oversampling,False,oversampling,random,TBR_1,B,0.0,0.0,0.0,0.0,,
T1DiabetesGranada,balanced_age_oversampling,age,oversampling,False,oversampling,random,TBR_1,C,0.0,0.0,0.0,0.0,,
T1DiabetesGranada,balanced_age_oversampling,age,oversampling,False,oversampling,random,TBR_1,D,86.57,3.57,87.54,-0.9700000000000131,-1.1080648846241867,1.1080648846241867
T1DiabetesGranada,balanced_age_oversampling,age,oversampling,False,oversampling,random,TBR_1,E,0.5,0.06,0.52,-0.020000000000000018,-3.8461538461538494,3.8461538461538494
T1DiabetesGranada,balanced_age_oversampling,age,oversampling,False,oversampling,random,TBR_1,A + B,12.93,3.59,11.95,0.9800000000000004,8.200836820083685,8.200836820083685
T1DiabetesGranada,balanced_age_oversampling,age,oversampling,False,oversampling,random,TBR_1,RMSE,35.8,1.1,35.92,-0.12000000000000455,-0.3340757238307476,0.3340757238307476
T1DiabetesGranada,balanced_age_oversampling,age,oversampling,False,oversampling,random,TBR_1,MSE,1282.85,79.44,1290.64,-7.790000000000191,-0.6035765201760515,0.6035765201760515
T1DiabetesGranada,balanced_age_oversampling,age,oversampling,False,oversampling,random,TBR_1,MAE,30.5,1.03,30.64,-0.14000000000000057,-0.45691906005222116,0.45691906005222116
T1DiabetesGranada,balanced_age_oversampling,age,oversampling,False,oversampling,random,TBR_1,MAPE,0.5,0.02,0.5,0.0,0.0,-0.0
T1DiabetesGranada,balanced_age_oversampling,age,oversampling,False,oversampling,random,TIR,A,71.91,0.84,71.8,0.10999999999999943,0.15320334261838361,0.15320334261838361
T1DiabetesGranada,balanced_age_oversampling,age,oversampling,False,oversampling,random,TIR,B,27.85,0.81,27.96,-0.10999999999999943,-0.3934191702432025,
T1DiabetesGranada,balanced_age_oversampling,age,oversampling,False,oversampling,random,TIR,C,0.23,0.04,0.24,-0.009999999999999981,-4.166666666666659,4.166666666666659
T1DiabetesGranada,balanced_age_oversampling,age,oversampling,False,oversampling,random,TIR,D,0.0,0.0,0.0,0.0,,
T1DiabetesGranada,balanced_age_oversampling,age,oversampling,False,oversampling,random,TIR,E,0.0,0.0,0.0,0.0,,
T1DiabetesGranada,balanced_age_oversampling,age,oversampling,False,oversampling,random,TIR,A + B,99.77,0.04,99.76,0.009999999999990905,0.010024057738563458,0.010024057738563458
T1DiabetesGranada,balanced_age_oversampling,age,oversampling,False,oversampling,random,TIR,RMSE,26.57,0.58,26.62,-0.05000000000000071,-0.1878287002253971,0.1878287002253971
T1DiabetesGranada,balanced_age_oversampling,age,oversampling,False,oversampling,random,TIR,MSE,706.08,30.78,708.96,-2.8799999999999955,-0.4062288422477989,0.4062288422477989
T1DiabetesGranada,balanced_age_oversampling,age,oversampling,False,oversampling,random,TIR,MAE,19.36,0.38,19.37,-0.010000000000001563,-0.05162622612287849,0.05162622612287849
T1DiabetesGranada,balanced_age_oversampling,age,oversampling,False,oversampling,random,TIR,MAPE,0.16,0.0,0.16,0.0,0.0,-0.0
T1DiabetesGranada,balanced_age_oversampling,age,oversampling,False,oversampling,random,TAR_1,A,69.82,0.89,70.58,-0.7600000000000051,-1.0767922924341244,-1.0767922924341244
T1DiabetesGranada,balanced_age_oversampling,age,oversampling,False,oversampling,random,TAR_1,B,28.23,0.84,27.52,0.7100000000000009,2.5799418604651194,
T1DiabetesGranada,balanced_age_oversampling,age,oversampling,False,oversampling,random,TAR_1,C,0.06,0.02,0.06,0.0,0.0,-0.0
T1DiabetesGranada,balanced_age_oversampling,age,oversampling,False,oversampling,random,TAR_1,D,1.86,0.07,1.8,0.06000000000000005,3.333333333333336,-3.333333333333336
T1DiabetesGranada,balanced_age_oversampling,age,oversampling,False,oversampling,random,TAR_1,E,0.04,0.02,0.03,0.010000000000000002,33.33333333333334,-33.33333333333334
T1DiabetesGranada,balanced_age_oversampling,age,oversampling,False,oversampling,random,TAR_1,A + B,98.05,0.08,98.1,-0.04999999999999716,-0.05096839959224991,-0.05096839959224991
T1DiabetesGranada,balanced_age_oversampling,age,oversampling,False,oversampling,random,TAR_1,RMSE,43.45,0.73,42.95,0.5,1.1641443538998835,-1.1641443538998835
T1DiabetesGranada,balanced_age_oversampling,age,oversampling,False,oversampling,random,TAR_1,MSE,1887.9,62.73,1844.89,43.00999999999999,2.331304305405742,-2.331304305405742
T1DiabetesGranada,balanced_age_oversampling,age,oversampling,False,oversampling,random,TAR_1,MAE,34.32,0.71,33.73,0.5900000000000034,1.749184702045667,-1.749184702045667
T1DiabetesGranada,balanced_age_oversampling,age,oversampling,False,oversampling,random,TAR_1,MAPE,0.16,0.0,0.16,0.0,0.0,-0.0
T1DiabetesGranada,balanced_age_oversampling,age,oversampling,False,oversampling,random,TAR_2,A,60.76,0.89,61.68,-0.9200000000000017,-1.4915693904020781,-1.4915693904020781
T1DiabetesGranada,balanced_age_oversampling,age,oversampling,False,oversampling,random,TAR_2,B,31.36,1.01,30.69,0.6699999999999982,2.1831215379602416,
T1DiabetesGranada,balanced_age_oversampling,age,oversampling,False,oversampling,random,TAR_2,C,0.03,0.02,0.03,0.0,0.0,-0.0
T1DiabetesGranada,balanced_age_oversampling,age,oversampling,False,oversampling,random,TAR_2,D,7.84,0.64,7.6,0.2400000000000002,3.157894736842108,-3.157894736842108
T1DiabetesGranada,balanced_age_oversampling,age,oversampling,False,oversampling,random,TAR_2,E,0.0,0.0,0.0,0.0,,
T1DiabetesGranada,balanced_age_oversampling,age,oversampling,False,oversampling,random,TAR_2,A + B,92.12,0.62,92.37,-0.25,-0.27065064414853307,-0.27065064414853307
T1DiabetesGranada,balanced_age_oversampling,age,oversampling,False,oversampling,random,TAR_2,RMSE,67.02,1.26,66.33,0.6899999999999977,1.0402532790592458,-1.0402532790592458
T1DiabetesGranada,balanced_age_oversampling,age,oversampling,False,oversampling,random,TAR_2,MSE,4492.33,169.07,4400.96,91.36999999999989,2.0761379335417702,-2.0761379335417702
T1DiabetesGranada,balanced_age_oversampling,age,oversampling,False,oversampling,random,TAR_2,MAE,56.68,1.28,55.9,0.7800000000000011,1.3953488372093044,-1.3953488372093044
T1DiabetesGranada,balanced_age_oversampling,age,oversampling,False,oversampling,random,TAR_2,MAPE,0.19,0.0,0.18,0.010000000000000009,5.555555555555561,-5.555555555555561
T1DiabetesGranada,balanced_age_oversampling,age,oversampling,False,oversampling,random,ENTIRE,A,67.41,0.85,67.59,-0.18000000000000682,-0.26631158455393816,-0.26631158455393816
T1DiabetesGranada,balanced_age_oversampling,age,oversampling,False,oversampling,random,ENTIRE,B,27.03,0.57,26.84,0.19000000000000128,0.7078986587183357,
T1DiabetesGranada,balanced_age_oversampling,age,oversampling,False,oversampling,random,ENTIRE,C,0.16,0.03,0.16,0.0,0.0,-0.0
T1DiabetesGranada,balanced_age_oversampling,age,oversampling,False,oversampling,random,ENTIRE,D,5.38,0.35,5.38,0.0,0.0,-0.0
T1DiabetesGranada,balanced_age_oversampling,age,oversampling,False,oversampling,random,ENTIRE,E,0.03,0.01,0.03,0.0,0.0,-0.0
T1DiabetesGranada,balanced_age_oversampling,age,oversampling,False,oversampling,random,ENTIRE,A + B,94.44,0.36,94.43,0.009999999999990905,0.010589854918977978,0.010589854918977978
T1DiabetesGranada,balanced_age_oversampling,age,oversampling,False,oversampling,random,ENTIRE,RMSE,38.05,0.84,37.8,0.25,0.6613756613756614,-0.6613756613756614
T1DiabetesGranada,balanced_age_oversampling,age,oversampling,False,oversampling,random,ENTIRE,MSE,1448.14,64.17,1429.28,18.860000000000127,1.319545505429316,-1.319545505429316
T1DiabetesGranada,balanced_age_oversampling,age,oversampling,False,oversampling,random,ENTIRE,MAE,27.73,0.65,27.51,0.21999999999999886,0.7997091966557573,-0.7997091966557573
T1DiabetesGranada,balanced_age_oversampling,age,oversampling,False,oversampling,random,ENTIRE,MAPE,0.18,0.0,0.18,0.0,0.0,-0.0
T1DiabetesGranada,balanced_age_oversampling_tomek,age,oversampling_tomek,False,same_size,random+guided,TBR_2,A,22.84,9.27,19.98,2.8599999999999994,14.314314314314311,14.314314314314311
T1DiabetesGranada,balanced_age_oversampling_tomek,age,oversampling_tomek,False,same_size,random+guided,TBR_2,B,0.0,0.0,0.0,0.0,,
T1DiabetesGranada,balanced_age_oversampling_tomek,age,oversampling_tomek,False,same_size,random+guided,TBR_2,C,0.0,0.0,0.0,0.0,,
T1DiabetesGranada,balanced_age_oversampling_tomek,age,oversampling_tomek,False,same_size,random+guided,TBR_2,D,76.82,9.24,79.69,-2.8700000000000045,-3.6014556406073597,3.6014556406073597
T1DiabetesGranada,balanced_age_oversampling_tomek,age,oversampling_tomek,False,same_size,random+guided,TBR_2,E,0.34,0.06,0.34,0.0,0.0,-0.0
T1DiabetesGranada,balanced_age_oversampling_tomek,age,oversampling_tomek,False,same_size,random+guided,TBR_2,A + B,22.84,9.27,19.98,2.8599999999999994,14.314314314314311,14.314314314314311
T1DiabetesGranada,balanced_age_oversampling_tomek,age,oversampling_tomek,False,same_size,random+guided,TBR_2,RMSE,39.42,2.49,39.38,0.03999999999999915,0.10157440325037873,-0.10157440325037873
T1DiabetesGranada,balanced_age_oversampling_tomek,age,oversampling_tomek,False,same_size,random+guided,TBR_2,MSE,1559.18,203.38,1552.07,7.110000000000127,0.4580978950691739,-0.4580978950691739
T1DiabetesGranada,balanced_age_oversampling_tomek,age,oversampling_tomek,False,same_size,random+guided,TBR_2,MAE,34.85,2.67,35.1,-0.25,-0.7122507122507122,0.7122507122507122
T1DiabetesGranada,balanced_age_oversampling_tomek,age,oversampling_tomek,False,same_size,random+guided,TBR_2,MAPE,0.73,0.06,0.73,0.0,0.0,-0.0
T1DiabetesGranada,balanced_age_oversampling_tomek,age,oversampling_tomek,False,same_size,random+guided,TBR_1,A,13.33,4.69,11.95,1.3800000000000008,11.548117154811722,11.548117154811722
T1DiabetesGranada,balanced_age_oversampling_tomek,age,oversampling_tomek,False,same_size,random+guided,TBR_1,B,0.0,0.0,0.0,0.0,,
T1DiabetesGranada,balanced_age_oversampling_tomek,age,oversampling_tomek,False,same_size,random+guided,TBR_1,C,0.0,0.0,0.0,0.0,,
T1DiabetesGranada,balanced_age_oversampling_tomek,age,oversampling_tomek,False,same_size,random+guided,TBR_1,D,86.15,4.64,87.54,-1.3900000000000006,-1.5878455563171128,1.5878455563171128
T1DiabetesGranada,balanced_age_oversampling_tomek,age,oversampling_tomek,False,same_size,random+guided,TBR_1,E,0.52,0.07,0.52,0.0,0.0,-0.0
T1DiabetesGranada,balanced_age_oversampling_tomek,age,oversampling_tomek,False,same_size,random+guided,TBR_1,A + B,13.33,4.69,11.95,1.3800000000000008,11.548117154811722,11.548117154811722
T1DiabetesGranada,balanced_age_oversampling_tomek,age,oversampling_tomek,False,same_size,random+guided,TBR_1,RMSE,36.06,2.02,35.92,0.14000000000000057,0.38975501113585903,-0.38975501113585903
T1DiabetesGranada,balanced_age_oversampling_tomek,age,oversampling_tomek,False,same_size,random+guided,TBR_1,MSE,1303.28,149.59,1290.64,12.639999999999873,0.979359077666884,-0.979359077666884
T1DiabetesGranada,balanced_age_oversampling_tomek,age,oversampling_tomek,False,same_size,random+guided,TBR_1,MAE,30.69,2.14,30.64,0.05000000000000071,0.16318537859008064,-0.16318537859008064
T1DiabetesGranada,balanced_age_oversampling_tomek,age,oversampling_tomek,False,same_size,random+guided,TBR_1,MAPE,0.5,0.04,0.5,0.0,0.0,-0.0
T1DiabetesGranada,balanced_age_oversampling_tomek,age,oversampling_tomek,False,same_size,random+guided,TIR,A,71.74,0.98,71.8,-0.060000000000002274,-0.08356545961003103,-0.08356545961003103
T1DiabetesGranada,balanced_age_oversampling_tomek,age,oversampling_tomek,False,same_size,random+guided,TIR,B,28.02,0.94,27.96,0.05999999999999872,0.214592274678107,
T1DiabetesGranada,balanced_age_oversampling_tomek,age,oversampling_tomek,False,same_size,random+guided,TIR,C,0.24,0.04,0.24,0.0,0.0,-0.0
T1DiabetesGranada,balanced_age_oversampling_tomek,age,oversampling_tomek,False,same_size,random+guided,TIR,D,0.0,0.0,0.0,0.0,,
T1DiabetesGranada,balanced_age_oversampling_tomek,age,oversampling_tomek,False,same_size,random+guided,TIR,E,0.0,0.0,0.0,0.0,,
T1DiabetesGranada,balanced_age_oversampling_tomek,age,oversampling_tomek,False,same_size,random+guided,TIR,A + B,99.76,0.04,99.76,0.0,0.0,0.0
T1DiabetesGranada,balanced_age_oversampling_tomek,age,oversampling_tomek,False,same_size,random+guided,TIR,RMSE,26.65,0.51,26.62,0.029999999999997584,0.1126972201352276,-0.1126972201352276
T1DiabetesGranada,balanced_age_oversampling_tomek,age,oversampling_tomek,False,same_size,random+guided,TIR,MSE,710.62,27.13,708.96,1.6599999999999682,0.23414579101782443,-0.23414579101782443
T1DiabetesGranada,balanced_age_oversampling_tomek,age,oversampling_tomek,False,same_size,random+guided,TIR,MAE,19.4,0.37,19.37,0.029999999999997584,0.15487867836859878,-0.15487867836859878
T1DiabetesGranada,balanced_age_oversampling_tomek,age,oversampling_tomek,False,same_size,random+guided,TIR,MAPE,0.16,0.0,0.16,0.0,0.0,-0.0
T1DiabetesGranada,balanced_age_oversampling_tomek,age,oversampling_tomek,False,same_size,random+guided,TAR_1,A,70.57,1.03,70.58,-0.010000000000005116,-0.014168319637298267,-0.014168319637298267
T1DiabetesGranada,balanced_age_oversampling_tomek,age,oversampling_tomek,False,same_size,random+guided,TAR_1,B,27.52,0.89,27.52,0.0,0.0,
T1DiabetesGranada,balanced_age_oversampling_tomek,age,oversampling_tomek,False,same_size,random+guided,TAR_1,C,0.06,0.02,0.06,0.0,0.0,-0.0
T1DiabetesGranada,balanced_age_oversampling_tomek,age,oversampling_tomek,False,same_size,random+guided,TAR_1,D,1.8,0.11,1.8,0.0,0.0,-0.0
T1DiabetesGranada,balanced_age_oversampling_tomek,age,oversampling_tomek,False,same_size,random+guided,TAR_1,E,0.04,0.02,0.03,0.010000000000000002,33.33333333333334,-33.33333333333334
T1DiabetesGranada,balanced_age_oversampling_tomek,age,oversampling_tomek,False,same_size,random+guided,TAR_1,A + B,98.09,0.15,98.1,-0.009999999999990905,-0.010193679918441289,-0.010193679918441289
T1DiabetesGranada,balanced_age_oversampling_tomek,age,oversampling_tomek,False,same_size,random+guided,TAR_1,RMSE,42.99,0.73,42.95,0.03999999999999915,0.0931315483119887,-0.0931315483119887
T1DiabetesGranada,balanced_age_oversampling_tomek,age,oversampling_tomek,False,same_size,random+guided,TAR_1,MSE,1848.57,62.4,1844.89,3.6799999999998363,0.19946988709353056,-0.19946988709353056
T1DiabetesGranada,balanced_age_oversampling_tomek,age,oversampling_tomek,False,same_size,random+guided,TAR_1,MAE,33.71,0.88,33.73,-0.01999999999999602,-0.059294396679501996,0.059294396679501996
T1DiabetesGranada,balanced_age_oversampling_tomek,age,oversampling_tomek,False,same_size,random+guided,TAR_1,MAPE,0.16,0.0,0.16,0.0,0.0,-0.0
T1DiabetesGranada,balanced_age_oversampling_tomek,age,oversampling_tomek,False,same_size,random+guided,TAR_2,A,61.87,1.5,61.68,0.18999999999999773,0.3080415045395553,0.3080415045395553
T1DiabetesGranada,balanced_age_oversampling_tomek,age,oversampling_tomek,False,same_size,random+guided,TAR_2,B,30.52,1.44,30.69,-0.1700000000000017,-0.5539263603779788,
T1DiabetesGranada,balanced_age_oversampling_tomek,age,oversampling_tomek,False,same_size,random+guided,TAR_2,C,0.03,0.01,0.03,0.0,0.0,-0.0
T1DiabetesGranada,balanced_age_oversampling_tomek,age,oversampling_tomek,False,same_size,random+guided,TAR_2,D,7.58,0.4,7.6,-0.019999999999999574,-0.2631578947368365,0.2631578947368365
T1DiabetesGranada,balanced_age_oversampling_tomek,age,oversampling_tomek,False,same_size,random+guided,TAR_2,E,0.0,0.01,0.0,0.0,,
T1DiabetesGranada,balanced_age_oversampling_tomek,age,oversampling_tomek,False,same_size,random+guided,TAR_2,A + B,92.39,0.38,92.37,0.01999999999999602,0.02165205153187834,0.02165205153187834
T1DiabetesGranada,balanced_age_oversampling_tomek,age,oversampling_tomek,False,same_size,random+guided,TAR_2,RMSE,66.22,1.74,66.33,-0.10999999999999943,-0.16583747927031423,0.16583747927031423
T1DiabetesGranada,balanced_age_oversampling_tomek,age,oversampling_tomek,False,same_size,random+guided,TAR_2,MSE,4387.18,230.99,4400.96,-13.779999999999745,-0.3131135025085378,0.3131135025085378
T1DiabetesGranada,balanced_age_oversampling_tomek,age,oversampling_tomek,False,same_size,random+guided,TAR_2,MAE,55.75,1.75,55.9,-0.14999999999999858,-0.26833631484794024,0.26833631484794024
T1DiabetesGranada,balanced_age_oversampling_tomek,age,oversampling_tomek,False,same_size,random+guided,TAR_2,MAPE,0.18,0.0,0.18,0.0,0.0,-0.0
T1DiabetesGranada,balanced_age_oversampling_tomek,age,oversampling_tomek,False,same_size,random+guided,ENTIRE,A,67.63,0.93,67.59,0.03999999999999204,0.059180352123083355,0.059180352123083355
T1DiabetesGranada,balanced_age_oversampling_tomek,age,oversampling_tomek,False,same_size,random+guided,ENTIRE,B,26.87,0.6,26.84,0.030000000000001137,0.11177347242921436,
T1DiabetesGranada,balanced_age_oversampling_tomek,age,oversampling_tomek,False,same_size,random+guided,ENTIRE,C,0.17,0.03,0.16,0.010000000000000009,6.250000000000005,-6.250000000000005
T1DiabetesGranada,balanced_age_oversampling_tomek,age,oversampling_tomek,False,same_size,random+guided,ENTIRE,D,5.3,0.43,5.38,-0.08000000000000007,-1.4869888475836444,1.4869888475836444
T1DiabetesGranada,balanced_age_oversampling_tomek,age,oversampling_tomek,False,same_size,random+guided,ENTIRE,E,0.03,0.01,0.03,0.0,0.0,-0.0
T1DiabetesGranada,balanced_age_oversampling_tomek,age,oversampling_tomek,False,same_size,random+guided,ENTIRE,A + B,94.5,0.46,94.43,0.06999999999999318,0.07412898443290604,0.07412898443290604
T1DiabetesGranada,balanced_age_oversampling_tomek,age,oversampling_tomek,False,same_size,random+guided,ENTIRE,RMSE,37.82,1.02,37.8,0.020000000000003126,0.052910052910061185,-0.052910052910061185
T1DiabetesGranada,balanced_age_oversampling_tomek,age,oversampling_tomek,False,same_size,random+guided,ENTIRE,MSE,1431.4,77.51,1429.28,2.1200000000001182,0.1483264300906833,-0.1483264300906833
T1DiabetesGranada,balanced_age_oversampling_tomek,age,oversampling_tomek,False,same_size,random+guided,ENTIRE,MAE,27.52,0.79,27.51,0.00999999999999801,0.03635041802980011,-0.03635041802980011
T1DiabetesGranada,balanced_age_oversampling_tomek,age,oversampling_tomek,False,same_size,random+guided,ENTIRE,MAPE,0.18,0.01,0.18,0.0,0.0,-0.0
T1DiabetesGranada,balanced_age_patient_aware_undersampling,age,patient_aware_undersampling,False,undersampling,guided,TBR_2,A,16.31,8.13,19.98,-3.6700000000000017,-18.368368368368376,-18.368368368368376
T1DiabetesGranada,balanced_age_patient_aware_undersampling,age,patient_aware_undersampling,False,undersampling,guided,TBR_2,B,0.0,0.0,0.0,0.0,,
T1DiabetesGranada,balanced_age_patient_aware_undersampling,age,patient_aware_undersampling,False,undersampling,guided,TBR_2,C,0.0,0.0,0.0,0.0,,
T1DiabetesGranada,balanced_age_patient_aware_undersampling,age,patient_aware_undersampling,False,undersampling,guided,TBR_2,D,83.33,8.13,79.69,3.6400000000000006,4.567699836867864,-4.567699836867864
T1DiabetesGranada,balanced_age_patient_aware_undersampling,age,patient_aware_undersampling,False,undersampling,guided,TBR_2,E,0.36,0.08,0.34,0.019999999999999962,5.8823529411764595,-5.8823529411764595
T1DiabetesGranada,balanced_age_patient_aware_undersampling,age,patient_aware_undersampling,False,undersampling,guided,TBR_2,A + B,16.31,8.13,19.98,-3.6700000000000017,-18.368368368368376,-18.368368368368376
T1DiabetesGranada,balanced_age_patient_aware_undersampling,age,patient_aware_undersampling,False,undersampling,guided,TBR_2,RMSE,39.83,1.55,39.38,0.44999999999999574,1.1427120365667742,-1.1427120365667742
T1DiabetesGranada,balanced_age_patient_aware_undersampling,age,patient_aware_undersampling,False,undersampling,guided,TBR_2,MSE,1588.59,125.97,1552.07,36.51999999999998,2.3529866565296658,-2.3529866565296658
T1DiabetesGranada,balanced_age_patient_aware_undersampling,age,patient_aware_undersampling,False,undersampling,guided,TBR_2,MAE,35.6,1.55,35.1,0.5,1.4245014245014245,-1.4245014245014245
T1DiabetesGranada,balanced_age_patient_aware_undersampling,age,patient_aware_undersampling,False,undersampling,guided,TBR_2,MAPE,0.74,0.04,0.73,0.010000000000000009,1.3698630136986314,-1.3698630136986314
T1DiabetesGranada,balanced_age_patient_aware_undersampling,age,patient_aware_undersampling,False,undersampling,guided,TBR_1,A,10.05,3.24,11.95,-1.8999999999999986,-15.899581589958148,-15.899581589958148
T1DiabetesGranada,balanced_age_patient_aware_undersampling,age,patient_aware_undersampling,False,undersampling,guided,TBR_1,B,0.0,0.0,0.0,0.0,,
T1DiabetesGranada,balanced_age_patient_aware_undersampling,age,patient_aware_undersampling,False,undersampling,guided,TBR_1,C,0.0,0.0,0.0,0.0,,
T1DiabetesGranada,balanced_age_patient_aware_undersampling,age,patient_aware_undersampling,False,undersampling,guided,TBR_1,D,89.39,3.25,87.54,1.8499999999999943,2.1133196253141353,-2.1133196253141353
T1DiabetesGranada,balanced_age_patient_aware_undersampling,age,patient_aware_undersampling,False,undersampling,guided,TBR_1,E,0.55,0.07,0.52,0.030000000000000027,5.7692307692307745,-5.7692307692307745
T1DiabetesGranada,balanced_age_patient_aware_undersampling,age,patient_aware_undersampling,False,undersampling,guided,TBR_1,A + B,10.05,3.24,11.95,-1.8999999999999986,-15.899581589958148,-15.899581589958148
T1DiabetesGranada,balanced_age_patient_aware_undersampling,age,patient_aware_undersampling,False,undersampling,guided,TBR_1,RMSE,36.43,1.22,35.92,0.509999999999998,1.419821826280618,-1.419821826280618
T1DiabetesGranada,balanced_age_patient_aware_undersampling,age,patient_aware_undersampling,False,undersampling,guided,TBR_1,MSE,1328.16,89.18,1290.64,37.51999999999998,2.9070848571251457,-2.9070848571251457
T1DiabetesGranada,balanced_age_patient_aware_undersampling,age,patient_aware_undersampling,False,undersampling,guided,TBR_1,MAE,31.17,1.06,30.64,0.5300000000000011,1.729765013054834,-1.729765013054834
T1DiabetesGranada,balanced_age_patient_aware_undersampling,age,patient_aware_undersampling,False,undersampling,guided,TBR_1,MAPE,0.51,0.02,0.5,0.010000000000000009,2.0000000000000018,-2.0000000000000018
T1DiabetesGranada,balanced_age_patient_aware_undersampling,age,patient_aware_undersampling,False,undersampling,guided,TIR,A,71.43,1.35,71.8,-0.36999999999999034,-0.515320334261825,-0.515320334261825
T1DiabetesGranada,balanced_age_patient_aware_undersampling,age,patient_aware_undersampling,False,undersampling,guided,TIR,B,28.31,1.29,27.96,0.34999999999999787,1.2517882689556432,
T1DiabetesGranada,balanced_age_patient_aware_undersampling,age,patient_aware_undersampling,False,undersampling,guided,TIR,C,0.26,0.06,0.24,0.020000000000000018,8.333333333333341,-8.333333333333341
T1DiabetesGranada,balanced_age_patient_aware_undersampling,age,patient_aware_undersampling,False,undersampling,guided,TIR,D,0.0,0.0,0.0,0.0,,
T1DiabetesGranada,balanced_age_patient_aware_undersampling,age,patient_aware_undersampling,False,undersampling,guided,TIR,E,0.0,0.0,0.0,0.0,,
T1DiabetesGranada,balanced_age_patient_aware_undersampling,age,patient_aware_undersampling,False,undersampling,guided,TIR,A + B,99.74,0.07,99.76,-0.020000000000010232,-0.020048115477155404,-0.020048115477155404
T1DiabetesGranada,balanced_age_patient_aware_undersampling,age,patient_aware_undersampling,False,undersampling,guided,TIR,RMSE,26.85,0.85,26.62,0.23000000000000043,0.864012021036816,-0.864012021036816
T1DiabetesGranada,balanced_age_patient_aware_undersampling,age,patient_aware_undersampling,False,undersampling,guided,TIR,MSE,721.57,46.35,708.96,12.610000000000014,1.7786617016474855,-1.7786617016474855
T1DiabetesGranada,balanced_age_patient_aware_undersampling,age,patient_aware_undersampling,False,undersampling,guided,TIR,MAE,19.51,0.61,19.37,0.14000000000000057,0.7227671657201887,-0.7227671657201887
T1DiabetesGranada,balanced_age_patient_aware_undersampling,age,patient_aware_undersampling,False,undersampling,guided,TIR,MAPE,0.16,0.01,0.16,0.0,0.0,-0.0
T1DiabetesGranada,balanced_age_patient_aware_undersampling,age,patient_aware_undersampling,False,undersampling,guided,TAR_1,A,71.57,1.52,70.58,0.9899999999999949,1.4026636440918034,1.4026636440918034
T1DiabetesGranada,balanced_age_patient_aware_undersampling,age,patient_aware_undersampling,False,undersampling,guided,TAR_1,B,26.59,1.47,27.52,-0.9299999999999997,-3.379360465116278,
T1DiabetesGranada,balanced_age_patient_aware_undersampling,age,patient_aware_undersampling,False,undersampling,guided,TAR_1,C,0.07,0.04,0.06,0.010000000000000009,16.666666666666682,-16.666666666666682
T1DiabetesGranada,balanced_age_patient_aware_undersampling,age,patient_aware_undersampling,False,undersampling,guided,TAR_1,D,1.74,0.11,1.8,-0.06000000000000005,-3.333333333333336,3.333333333333336
T1DiabetesGranada,balanced_age_patient_aware_undersampling,age,patient_aware_undersampling,False,undersampling,guided,TAR_1,E,0.03,0.02,0.03,0.0,0.0,-0.0
T1DiabetesGranada,balanced_age_patient_aware_undersampling,age,patient_aware_undersampling,False,undersampling,guided,TAR_1,A + B,98.16,0.08,98.1,0.060000000000002274,0.06116207951070568,0.06116207951070568
T1DiabetesGranada,balanced_age_patient_aware_undersampling,age,patient_aware_undersampling,False,undersampling,guided,TAR_1,RMSE,42.36,0.95,42.95,-0.5900000000000034,-1.3736903376018703,1.3736903376018703
T1DiabetesGranada,balanced_age_patient_aware_undersampling,age,patient_aware_undersampling,False,undersampling,guided,TAR_1,MSE,1795.37,79.9,1844.89,-49.52000000000021,-2.684170871976118,2.684170871976118
T1DiabetesGranada,balanced_age_patient_aware_undersampling,age,patient_aware_undersampling,False,undersampling,guided,TAR_1,MAE,32.95,1.34,33.73,-0.779999999999994,-2.31248147050102,2.31248147050102
T1DiabetesGranada,balanced_age_patient_aware_undersampling,age,patient_aware_undersampling,False,undersampling,guided,TAR_1,MAPE,0.16,0.01,0.16,0.0,0.0,-0.0
T1DiabetesGranada,balanced_age_patient_aware_undersampling,age,patient_aware_undersampling,False,undersampling,guided,TAR_2,A,62.91,1.7,61.68,1.2299999999999969,1.9941634241245085,1.9941634241245085
T1DiabetesGranada,balanced_age_patient_aware_undersampling,age,patient_aware_undersampling,False,undersampling,guided,TAR_2,B,29.76,1.24,30.69,-0.9299999999999997,-3.0303030303030294,
T1DiabetesGranada,balanced_age_patient_aware_undersampling,age,patient_aware_undersampling,False,undersampling,guided,TAR_2,C,0.03,0.02,0.03,0.0,0.0,-0.0
T1DiabetesGranada,balanced_age_patient_aware_undersampling,age,patient_aware_undersampling,False,undersampling,guided,TAR_2,D,7.31,0.75,7.6,-0.29000000000000004,-3.8157894736842115,3.8157894736842115
T1DiabetesGranada,balanced_age_patient_aware_undersampling,age,patient_aware_undersampling,False,undersampling,guided,TAR_2,E,0.0,0.0,0.0,0.0,,
T1DiabetesGranada,balanced_age_patient_aware_undersampling,age,patient_aware_undersampling,False,undersampling,guided,TAR_2,A + B,92.66,0.73,92.37,0.28999999999999204,0.3139547472122898,0.3139547472122898
T1DiabetesGranada,balanced_age_patient_aware_undersampling,age,patient_aware_undersampling,False,undersampling,guided,TAR_2,RMSE,65.35,1.26,66.33,-0.980000000000004,-1.4774611789537224,1.4774611789537224
T1DiabetesGranada,balanced_age_patient_aware_undersampling,age,patient_aware_undersampling,False,undersampling,guided,TAR_2,MSE,4272.23,165.19,4400.96,-128.73000000000047,-2.9250436268450626,2.9250436268450626
T1DiabetesGranada,balanced_age_patient_aware_undersampling,age,patient_aware_undersampling,False,undersampling,guided,TAR_2,MAE,54.82,1.53,55.9,-1.0799999999999983,-1.9320214669051847,1.9320214669051847
T1DiabetesGranada,balanced_age_patient_aware_undersampling,age,patient_aware_undersampling,False,undersampling,guided,TAR_2,MAPE,0.18,0.01,0.18,0.0,0.0,-0.0
T1DiabetesGranada,balanced_age_patient_aware_undersampling,age,patient_aware_undersampling,False,undersampling,guided,ENTIRE,A,67.64,0.67,67.59,0.04999999999999716,0.0739754401538647,0.0739754401538647
T1DiabetesGranada,balanced_age_patient_aware_undersampling,age,patient_aware_undersampling,False,undersampling,guided,ENTIRE,B,26.72,0.36,26.84,-0.120000000000001,-0.4470938897168443,
T1DiabetesGranada,balanced_age_patient_aware_undersampling,age,patient_aware_undersampling,False,undersampling,guided,ENTIRE,C,0.18,0.05,0.16,0.01999999999999999,12.499999999999993,-12.499999999999993
T1DiabetesGranada,balanced_age_patient_aware_undersampling,age,patient_aware_undersampling,False,undersampling,guided,ENTIRE,D,5.43,0.36,5.38,0.04999999999999982,0.9293680297397737,-0.9293680297397737
T1DiabetesGranada,balanced_age_patient_aware_undersampling,age,patient_aware_undersampling,False,undersampling,guided,ENTIRE,E,0.03,0.01,0.03,0.0,0.0,-0.0
T1DiabetesGranada,balanced_age_patient_aware_undersampling,age,patient_aware_undersampling,False,undersampling,guided,ENTIRE,A + B,94.36,0.36,94.43,-0.07000000000000739,-0.0741289844329211,-0.0741289844329211
T1DiabetesGranada,balanced_age_patient_aware_undersampling,age,patient_aware_undersampling,False,undersampling,guided,ENTIRE,RMSE,37.56,0.39,37.8,-0.23999999999999488,-0.6349206349206215,0.6349206349206215
T1DiabetesGranada,balanced_age_patient_aware_undersampling,age,patient_aware_undersampling,False,undersampling,guided,ENTIRE,MSE,1411.17,29.0,1429.28,-18.1099999999999,-1.2670715325198632,1.2670715325198632
T1DiabetesGranada,balanced_age_patient_aware_undersampling,age,patient_aware_undersampling,False,undersampling,guided,ENTIRE,MAE,27.3,0.3,27.51,-0.21000000000000085,-0.7633587786259572,0.7633587786259572
T1DiabetesGranada,balanced_age_patient_aware_undersampling,age,patient_aware_undersampling,False,undersampling,guided,ENTIRE,MAPE,0.18,0.0,0.18,0.0,0.0,-0.0
T1DiabetesGranada,balanced_age_smote,age,smote,False,oversampling,guided,TBR_2,A,24.19,5.96,19.98,4.210000000000001,21.071071071071074,21.071071071071074
T1DiabetesGranada,balanced_age_smote,age,smote,False,oversampling,guided,TBR_2,B,0.0,0.0,0.0,0.0,,
T1DiabetesGranada,balanced_age_smote,age,smote,False,oversampling,guided,TBR_2,C,0.0,0.0,0.0,0.0,,
T1DiabetesGranada,balanced_age_smote,age,smote,False,oversampling,guided,TBR_2,D,75.48,5.95,79.69,-4.209999999999994,-5.282971514619141,5.282971514619141
T1DiabetesGranada,balanced_age_smote,age,smote,False,oversampling,guided,TBR_2,E,0.33,0.07,0.34,-0.010000000000000009,-2.9411764705882377,2.9411764705882377
T1DiabetesGranada,balanced_age_smote,age,smote,False,oversampling,guided,TBR_2,A + B,24.19,5.96,19.98,4.210000000000001,21.071071071071074,21.071071071071074
T1DiabetesGranada,balanced_age_smote,age,smote,False,oversampling,guided,TBR_2,RMSE,38.74,1.49,39.38,-0.6400000000000006,-1.6251904520060958,1.6251904520060958
T1DiabetesGranada,balanced_age_smote,age,smote,False,oversampling,guided,TBR_2,MSE,1502.48,117.19,1552.07,-49.58999999999992,-3.195087850419113,3.195087850419113
T1DiabetesGranada,balanced_age_smote,age,smote,False,oversampling,guided,TBR_2,MAE,34.08,1.44,35.1,-1.0200000000000031,-2.9059829059829148,2.9059829059829148
T1DiabetesGranada,balanced_age_smote,age,smote,False,oversampling,guided,TBR_2,MAPE,0.71,0.03,0.73,-0.020000000000000018,-2.739726027397263,2.739726027397263
T1DiabetesGranada,balanced_age_smote,age,smote,False,oversampling,guided,TBR_1,A,15.17,2.3,11.95,3.2200000000000006,26.945606694560674,26.945606694560674
T1DiabetesGranada,balanced_age_smote,age,smote,False,oversampling,guided,TBR_1,B,0.0,0.0,0.0,0.0,,
T1DiabetesGranada,balanced_age_smote,age,smote,False,oversampling,guided,TBR_1,C,0.0,0.0,0.0,0.0,,
T1DiabetesGranada,balanced_age_smote,age,smote,False,oversampling,guided,TBR_1,D,84.33,2.27,87.54,-3.210000000000008,-3.666895133653196,3.666895133653196
T1DiabetesGranada,balanced_age_smote,age,smote,False,oversampling,guided,TBR_1,E,0.51,0.07,0.52,-0.010000000000000009,-1.9230769230769247,1.9230769230769247
T1DiabetesGranada,balanced_age_smote,age,smote,False,oversampling,guided,TBR_1,A + B,15.17,2.3,11.95,3.2200000000000006,26.945606694560674,26.945606694560674
T1DiabetesGranada,balanced_age_smote,age,smote,False,oversampling,guided,TBR_1,RMSE,35.46,1.2,35.92,-0.46000000000000085,-1.2806236080178195,1.2806236080178195
T1DiabetesGranada,balanced_age_smote,age,smote,False,oversampling,guided,TBR_1,MSE,1258.67,85.88,1290.64,-31.970000000000027,-2.477065641852106,2.477065641852106
T1DiabetesGranada,balanced_age_smote,age,smote,False,oversampling,guided,TBR_1,MAE,29.91,1.0,30.64,-0.7300000000000004,-2.382506527415145,2.382506527415145
T1DiabetesGranada,balanced_age_smote,age,smote,False,oversampling,guided,TBR_1,MAPE,0.49,0.02,0.5,-0.010000000000000009,-2.0000000000000018,2.0000000000000018
T1DiabetesGranada,balanced_age_smote,age,smote,False,oversampling,guided,TIR,A,71.77,0.97,71.8,-0.030000000000001137,-0.04178272980501552,-0.04178272980501552
T1DiabetesGranada,balanced_age_smote,age,smote,False,oversampling,guided,TIR,B,28.0,0.93,27.96,0.03999999999999915,0.14306151645207132,
T1DiabetesGranada,balanced_age_smote,age,smote,False,oversampling,guided,TIR,C,0.23,0.05,0.24,-0.009999999999999981,-4.166666666666659,4.166666666666659
T1DiabetesGranada,balanced_age_smote,age,smote,False,oversampling,guided,TIR,D,0.0,0.0,0.0,0.0,,
T1DiabetesGranada,balanced_age_smote,age,smote,False,oversampling,guided,TIR,E,0.0,0.0,0.0,0.0,,
T1DiabetesGranada,balanced_age_smote,age,smote,False,oversampling,guided,TIR,A + B,99.76,0.04,99.76,0.0,0.0,0.0
T1DiabetesGranada,balanced_age_smote,age,smote,False,oversampling,guided,TIR,RMSE,26.67,0.61,26.62,0.05000000000000071,0.1878287002253971,-0.1878287002253971
T1DiabetesGranada,balanced_age_smote,age,smote,False,oversampling,guided,TIR,MSE,711.52,32.43,708.96,2.5599999999999454,0.36109230422025856,-0.36109230422025856
T1DiabetesGranada,balanced_age_smote,age,smote,False,oversampling,guided,TIR,MAE,19.43,0.4,19.37,0.05999999999999872,0.3097573567372159,-0.3097573567372159
T1DiabetesGranada,balanced_age_smote,age,smote,False,oversampling,guided,TIR,MAPE,0.16,0.0,0.16,0.0,0.0,-0.0
T1DiabetesGranada,balanced_age_smote,age,smote,False,oversampling,guided,TAR_1,A,69.89,0.16,70.58,-0.6899999999999977,-0.9776140549730771,-0.9776140549730771
T1DiabetesGranada,balanced_age_smote,age,smote,False,oversampling,guided,TAR_1,B,28.16,0.18,27.52,0.6400000000000006,2.325581395348839,
T1DiabetesGranada,balanced_age_smote,age,smote,False,oversampling,guided,TAR_1,C,0.06,0.03,0.06,0.0,0.0,-0.0
T1DiabetesGranada,balanced_age_smote,age,smote,False,oversampling,guided,TAR_1,D,1.85,0.05,1.8,0.050000000000000044,2.77777777777778,-2.77777777777778
T1DiabetesGranada,balanced_age_smote,age,smote,False,oversampling,guided,TAR_1,E,0.04,0.01,0.03,0.010000000000000002,33.33333333333334,-33.33333333333334
T1DiabetesGranada,balanced_age_smote,age,smote,False,oversampling,guided,TAR_1,A + B,98.05,0.07,98.1,-0.04999999999999716,-0.05096839959224991,-0.05096839959224991
T1DiabetesGranada,balanced_age_smote,age,smote,False,oversampling,guided,TAR_1,RMSE,43.36,0.25,42.95,0.4099999999999966,0.9545983701978965,-0.9545983701978965
T1DiabetesGranada,balanced_age_smote,age,smote,False,oversampling,guided,TAR_1,MSE,1880.13,21.28,1844.89,35.24000000000001,1.9101409840153076,-1.9101409840153076
T1DiabetesGranada,balanced_age_smote,age,smote,False,oversampling,guided,TAR_1,MAE,34.19,0.13,33.73,0.46000000000000085,1.3637711236288197,-1.3637711236288197
T1DiabetesGranada,balanced_age_smote,age,smote,False,oversampling,guided,TAR_1,MAPE,0.16,0.0,0.16,0.0,0.0,-0.0
T1DiabetesGranada,balanced_age_smote,age,smote,False,oversampling,guided,TAR_2,A,61.1,0.63,61.68,-0.5799999999999983,-0.9403372243839142,-0.9403372243839142
T1DiabetesGranada,balanced_age_smote,age,smote,False,oversampling,guided,TAR_2,B,31.12,0.77,30.69,0.4299999999999997,1.401107852720755,
T1DiabetesGranada,balanced_age_smote,age,smote,False,oversampling,guided,TAR_2,C,0.03,0.02,0.03,0.0,0.0,-0.0
T1DiabetesGranada,balanced_age_smote,age,smote,False,oversampling,guided,TAR_2,D,7.75,0.49,7.6,0.15000000000000036,1.9736842105263206,-1.9736842105263206
T1DiabetesGranada,balanced_age_smote,age,smote,False,oversampling,guided,TAR_2,E,0.0,0.0,0.0,0.0,,
T1DiabetesGranada,balanced_age_smote,age,smote,False,oversampling,guided,TAR_2,A + B,92.22,0.48,92.37,-0.15000000000000568,-0.162390386489126,-0.162390386489126
T1DiabetesGranada,balanced_age_smote,age,smote,False,oversampling,guided,TAR_2,RMSE,66.72,1.06,66.33,0.39000000000000057,0.5879692446856635,-0.5879692446856635
T1DiabetesGranada,balanced_age_smote,age,smote,False,oversampling,guided,TAR_2,MSE,4451.85,141.38,4400.96,50.89000000000033,1.1563386170290193,-1.1563386170290193
T1DiabetesGranada,balanced_age_smote,age,smote,False,oversampling,guided,TAR_2,MAE,56.34,0.98,55.9,0.44000000000000483,0.7871198568873075,-0.7871198568873075
T1DiabetesGranada,balanced_age_smote,age,smote,False,oversampling,guided,TAR_2,MAPE,0.19,0.0,0.18,0.010000000000000009,5.555555555555561,-5.555555555555561
T1DiabetesGranada,balanced_age_smote,age,smote,False,oversampling,guided,ENTIRE,A,67.5,0.77,67.59,-0.09000000000000341,-0.13315579227696908,-0.13315579227696908
T1DiabetesGranada,balanced_age_smote,age,smote,False,oversampling,guided,ENTIRE,B,27.06,0.45,26.84,0.21999999999999886,0.8196721311475367,
T1DiabetesGranada,balanced_age_smote,age,smote,False,oversampling,guided,ENTIRE,C,0.16,0.03,0.16,0.0,0.0,-0.0
T1DiabetesGranada,balanced_age_smote,age,smote,False,oversampling,guided,ENTIRE,D,5.25,0.37,5.38,-0.1299999999999999,-2.4163568773234183,2.4163568773234183
T1DiabetesGranada,balanced_age_smote,age,smote,False,oversampling,guided,ENTIRE,E,0.03,0.01,0.03,0.0,0.0,-0.0
T1DiabetesGranada,balanced_age_smote,age,smote,False,oversampling,guided,ENTIRE,A + B,94.56,0.4,94.43,0.12999999999999545,0.1376681139468341,0.1376681139468341
T1DiabetesGranada,balanced_age_smote,age,smote,False,oversampling,guided,ENTIRE,RMSE,37.98,0.7,37.8,0.17999999999999972,0.47619047619047544,-0.47619047619047544
T1DiabetesGranada,balanced_age_smote,age,smote,False,oversampling,guided,ENTIRE,MSE,1443.25,53.79,1429.28,13.970000000000027,0.9774152020597803,-0.9774152020597803
T1DiabetesGranada,balanced_age_smote,age,smote,False,oversampling,guided,ENTIRE,MAE,27.67,0.53,27.51,0.16000000000000014,0.581606688476918,-0.581606688476918
T1DiabetesGranada,balanced_age_smote,age,smote,False,oversampling,guided,ENTIRE,MAPE,0.18,0.0,0.18,0.0,0.0,-0.0
T1DiabetesGranada,balanced_age_smote_tomek,age,smote_tomek,False,same_size,guided,TBR_2,A,22.93,2.69,19.98,2.9499999999999993,14.76476476476476,14.76476476476476
T1DiabetesGranada,balanced_age_smote_tomek,age,smote_tomek,False,same_size,guided,TBR_2,B,0.0,0.0,0.0,0.0,,
T1DiabetesGranada,balanced_age_smote_tomek,age,smote_tomek,False,same_size,guided,TBR_2,C,0.0,0.0,0.0,0.0,,
T1DiabetesGranada,balanced_age_smote_tomek,age,smote_tomek,False,same_size,guided,TBR_2,D,76.74,2.74,79.69,-2.950000000000003,-3.701844648011046,3.701844648011046
T1DiabetesGranada,balanced_age_smote_tomek,age,smote_tomek,False,same_size,guided,TBR_2,E,0.33,0.06,0.34,-0.010000000000000009,-2.9411764705882377,2.9411764705882377
T1DiabetesGranada,balanced_age_smote_tomek,age,smote_tomek,False,same_size,guided,TBR_2,A + B,22.93,2.69,19.98,2.9499999999999993,14.76476476476476,14.76476476476476
T1DiabetesGranada,balanced_age_smote_tomek,age,smote_tomek,False,same_size,guided,TBR_2,RMSE,39.05,1.08,39.38,-0.3300000000000054,-0.8379888268156561,0.8379888268156561
T1DiabetesGranada,balanced_age_smote_tomek,age,smote_tomek,False,same_size,guided,TBR_2,MSE,1525.49,84.92,1552.07,-26.579999999999927,-1.7125516246045556,1.7125516246045556
T1DiabetesGranada,balanced_age_smote_tomek,age,smote_tomek,False,same_size,guided,TBR_2,MAE,34.51,0.84,35.1,-0.5900000000000034,-1.6809116809116904,1.6809116809116904
T1DiabetesGranada,balanced_age_smote_tomek,age,smote_tomek,False,same_size,guided,TBR_2,MAPE,0.72,0.02,0.73,-0.010000000000000009,-1.3698630136986314,1.3698630136986314
T1DiabetesGranada,balanced_age_smote_tomek,age,smote_tomek,False,same_size,guided,TBR_1,A,13.65,2.39,11.95,1.700000000000001,14.225941422594152,14.225941422594152
T1DiabetesGranada,balanced_age_smote_tomek,age,smote_tomek,False,same_size,guided,TBR_1,B,0.0,0.0,0.0,0.0,,
T1DiabetesGranada,balanced_age_smote_tomek,age,smote_tomek,False,same_size,guided,TBR_1,C,0.0,0.0,0.0,0.0,,
T1DiabetesGranada,balanced_age_smote_tomek,age,smote_tomek,False,same_size,guided,TBR_1,D,85.83,2.44,87.54,-1.710000000000008,-1.9533927347498377,1.9533927347498377
T1DiabetesGranada,balanced_age_smote_tomek,age,smote_tomek,False,same_size,guided,TBR_1,E,0.51,0.06,0.52,-0.010000000000000009,-1.9230769230769247,1.9230769230769247
T1DiabetesGranada,balanced_age_smote_tomek,age,smote_tomek,False,same_size,guided,TBR_1,A + B,13.65,2.39,11.95,1.700000000000001,14.225941422594152,14.225941422594152
T1DiabetesGranada,balanced_age_smote_tomek,age,smote_tomek,False,same_size,guided,TBR_1,RMSE,35.63,0.83,35.92,-0.28999999999999915,-0.8073496659242738,0.8073496659242738
T1DiabetesGranada,balanced_age_smote_tomek,age,smote_tomek,False,same_size,guided,TBR_1,MSE,1269.82,59.0,1290.64,-20.820000000000164,-1.6131531643215895,1.6131531643215895
T1DiabetesGranada,balanced_age_smote_tomek,age,smote_tomek,False,same_size,guided,TBR_1,MAE,30.16,0.74,30.64,-0.4800000000000004,-1.5665796344647531,1.5665796344647531
T1DiabetesGranada,balanced_age_smote_tomek,age,smote_tomek,False,same_size,guided,TBR_1,MAPE,0.49,0.01,0.5,-0.010000000000000009,-2.0000000000000018,2.0000000000000018
T1DiabetesGranada,balanced_age_smote_tomek,age,smote_tomek,False,same_size,guided,TIR,A,71.85,0.85,71.8,0.04999999999999716,0.0696378830083526,0.0696378830083526
T1DiabetesGranada,balanced_age_smote_tomek,age,smote_tomek,False,same_size,guided,TIR,B,27.91,0.81,27.96,-0.05000000000000071,-0.17882689556509554,
T1DiabetesGranada,balanced_age_smote_tomek,age,smote_tomek,False,same_size,guided,TIR,C,0.23,0.04,0.24,-0.009999999999999981,-4.166666666666659,4.166666666666659
T1DiabetesGranada,balanced_age_smote_tomek,age,smote_tomek,False,same_size,guided,TIR,D,0.0,0.0,0.0,0.0,,
T1DiabetesGranada,balanced_age_smote_tomek,age,smote_tomek,False,same_size,guided,TIR,E,0.0,0.0,0.0,0.0,,
T1DiabetesGranada,balanced_age_smote_tomek,age,smote_tomek,False,same_size,guided,TIR,A + B,99.77,0.04,99.76,0.009999999999990905,0.010024057738563458,0.010024057738563458
T1DiabetesGranada,balanced_age_smote_tomek,age,smote_tomek,False,same_size,guided,TIR,RMSE,26.62,0.68,26.62,0.0,0.0,-0.0
T1DiabetesGranada,balanced_age_smote_tomek,age,smote_tomek,False,same_size,guided,TIR,MSE,709.18,36.1,708.96,0.2199999999999136,0.031031369893916944,-0.031031369893916944
T1DiabetesGranada,balanced_age_smote_tomek,age,smote_tomek,False,same_size,guided,TIR,MAE,19.36,0.46,19.37,-0.010000000000001563,-0.05162622612287849,0.05162622612287849
T1DiabetesGranada,balanced_age_smote_tomek,age,smote_tomek,False,same_size,guided,TIR,MAPE,0.16,0.0,0.16,0.0,0.0,-0.0
T1DiabetesGranada,balanced_age_smote_tomek,age,smote_tomek,False,same_size,guided,TAR_1,A,70.5,0.6,70.58,-0.0799999999999983,-0.11334655709832571,-0.11334655709832571
T1DiabetesGranada,balanced_age_smote_tomek,age,smote_tomek,False,same_size,guided,TAR_1,B,27.58,0.51,27.52,0.05999999999999872,0.21802325581394885,
T1DiabetesGranada,balanced_age_smote_tomek,age,smote_tomek,False,same_size,guided,TAR_1,C,0.06,0.02,0.06,0.0,0.0,-0.0
T1DiabetesGranada,balanced_age_smote_tomek,age,smote_tomek,False,same_size,guided,TAR_1,D,1.82,0.06,1.8,0.020000000000000018,1.111111111111112,-1.111111111111112
T1DiabetesGranada,balanced_age_smote_tomek,age,smote_tomek,False,same_size,guided,TAR_1,E,0.04,0.02,0.03,0.010000000000000002,33.33333333333334,-33.33333333333334
T1DiabetesGranada,balanced_age_smote_tomek,age,smote_tomek,False,same_size,guided,TAR_1,A + B,98.08,0.09,98.1,-0.01999999999999602,-0.020387359836897066,-0.020387359836897066
T1DiabetesGranada,balanced_age_smote_tomek,age,smote_tomek,False,same_size,guided,TAR_1,RMSE,43.07,0.49,42.95,0.11999999999999744,0.2793946449359661,-0.2793946449359661
T1DiabetesGranada,balanced_age_smote_tomek,age,smote_tomek,False,same_size,guided,TAR_1,MSE,1855.45,41.96,1844.89,10.559999999999945,0.5723918499205884,-0.5723918499205884
T1DiabetesGranada,balanced_age_smote_tomek,age,smote_tomek,False,same_size,guided,TAR_1,MAE,33.86,0.36,33.73,0.13000000000000256,0.3854135784168472,-0.3854135784168472
T1DiabetesGranada,balanced_age_smote_tomek,age,smote_tomek,False,same_size,guided,TAR_1,MAPE,0.16,0.0,0.16,0.0,0.0,-0.0
T1DiabetesGranada,balanced_age_smote_tomek,age,smote_tomek,False,same_size,guided,TAR_2,A,60.78,0.82,61.68,-0.8999999999999986,-1.459143968871593,-1.459143968871593
T1DiabetesGranada,balanced_age_smote_tomek,age,smote_tomek,False,same_size,guided,TAR_2,B,31.52,0.91,30.69,0.8299999999999983,2.7044639947865696,
T1DiabetesGranada,balanced_age_smote_tomek,age,smote_tomek,False,same_size,guided,TAR_2,C,0.03,0.02,0.03,0.0,0.0,-0.0
T1DiabetesGranada,balanced_age_smote_tomek,age,smote_tomek,False,same_size,guided,TAR_2,D,7.66,0.37,7.6,0.0600000000000005,0.789473684210533,-0.789473684210533
T1DiabetesGranada,balanced_age_smote_tomek,age,smote_tomek,False,same_size,guided,TAR_2,E,0.0,0.0,0.0,0.0,,
T1DiabetesGranada,balanced_age_smote_tomek,age,smote_tomek,False,same_size,guided,TAR_2,A + B,92.31,0.36,92.37,-0.060000000000002274,-0.06495615459565039,-0.06495615459565039
T1DiabetesGranada,balanced_age_smote_tomek,age,smote_tomek,False,same_size,guided,TAR_2,RMSE,66.87,1.44,66.33,0.5400000000000063,0.8141112618724654,-0.8141112618724654
T1DiabetesGranada,balanced_age_smote_tomek,age,smote_tomek,False,same_size,guided,TAR_2,MSE,4472.71,192.47,4400.96,71.75,1.6303261106667637,-1.6303261106667637
T1DiabetesGranada,balanced_age_smote_tomek,age,smote_tomek,False,same_size,guided,TAR_2,MAE,56.6,1.27,55.9,0.7000000000000028,1.2522361359570713,-1.2522361359570713
T1DiabetesGranada,balanced_age_smote_tomek,age,smote_tomek,False,same_size,guided,TAR_2,MAPE,0.19,0.0,0.18,0.010000000000000009,5.555555555555561,-5.555555555555561
T1DiabetesGranada,balanced_age_smote_tomek,age,smote_tomek,False,same_size,guided,ENTIRE,A,67.6,0.81,67.59,0.009999999999990905,0.014795088030760324,0.014795088030760324
T1DiabetesGranada,balanced_age_smote_tomek,age,smote_tomek,False,same_size,guided,ENTIRE,B,26.92,0.57,26.84,0.08000000000000185,0.29806259314456723,
T1DiabetesGranada,balanced_age_smote_tomek,age,smote_tomek,False,same_size,guided,ENTIRE,C,0.16,0.03,0.16,0.0,0.0,-0.0
T1DiabetesGranada,balanced_age_smote_tomek,age,smote_tomek,False,same_size,guided,ENTIRE,D,5.29,0.27,5.38,-0.08999999999999986,-1.672862453531596,1.672862453531596
T1DiabetesGranada,balanced_age_smote_tomek,age,smote_tomek,False,same_size,guided,ENTIRE,E,0.03,0.01,0.03,0.0,0.0,-0.0
T1DiabetesGranada,balanced_age_smote_tomek,age,smote_tomek,False,same_size,guided,ENTIRE,A + B,94.52,0.29,94.43,0.0899999999999892,0.09530869427087704,0.09530869427087704
T1DiabetesGranada,balanced_age_smote_tomek,age,smote_tomek,False,same_size,guided,ENTIRE,RMSE,37.93,0.89,37.8,0.13000000000000256,0.34391534391535067,-0.34391534391535067
T1DiabetesGranada,balanced_age_smote_tomek,age,smote_tomek,False,same_size,guided,ENTIRE,MSE,1438.96,67.64,1429.28,9.680000000000064,0.6772640770178037,-0.6772640770178037
T1DiabetesGranada,balanced_age_smote_tomek,age,smote_tomek,False,same_size,guided,ENTIRE,MAE,27.59,0.69,27.51,0.0799999999999983,0.2908033442384525,-0.2908033442384525
T1DiabetesGranada,balanced_age_smote_tomek,age,smote_tomek,False,same_size,guided,ENTIRE,MAPE,0.18,0.0,0.18,0.0,0.0,-0.0
T1DiabetesGranada,balanced_age_tomek_links,age,tomek_links,False,undersampling,guided,TBR_2,A,20.06,4.43,19.98,0.0799999999999983,0.4004004004003919,0.4004004004003919
T1DiabetesGranada,balanced_age_tomek_links,age,tomek_links,False,undersampling,guided,TBR_2,B,0.0,0.0,0.0,0.0,,
T1DiabetesGranada,balanced_age_tomek_links,age,tomek_links,False,undersampling,guided,TBR_2,C,0.0,0.0,0.0,0.0,,
T1DiabetesGranada,balanced_age_tomek_links,age,tomek_links,False,undersampling,guided,TBR_2,D,79.6,4.46,79.69,-0.09000000000000341,-0.11293763332915474,0.11293763332915474
T1DiabetesGranada,balanced_age_tomek_links,age,tomek_links,False,undersampling,guided,TBR_2,E,0.35,0.06,0.34,0.009999999999999953,2.9411764705882213,-2.9411764705882213
T1DiabetesGranada,balanced_age_tomek_links,age,tomek_links,False,undersampling,guided,TBR_2,A + B,20.06,4.43,19.98,0.0799999999999983,0.4004004004003919,0.4004004004003919
T1DiabetesGranada,balanced_age_tomek_links,age,tomek_links,False,undersampling,guided,TBR_2,RMSE,39.49,1.26,39.38,0.10999999999999943,0.279329608938546,-0.279329608938546
T1DiabetesGranada,balanced_age_tomek_links,age,tomek_links,False,undersampling,guided,TBR_2,MSE,1560.84,99.43,1552.07,8.769999999999982,0.5650518340023312,-0.5650518340023312
T1DiabetesGranada,balanced_age_tomek_links,age,tomek_links,False,undersampling,guided,TBR_2,MAE,35.24,1.12,35.1,0.14000000000000057,0.3988603988604005,-0.3988603988604005
T1DiabetesGranada,balanced_age_tomek_links,age,tomek_links,False,undersampling,guided,TBR_2,MAPE,0.74,0.03,0.73,0.010000000000000009,1.3698630136986314,-1.3698630136986314
T1DiabetesGranada,balanced_age_tomek_links,age,tomek_links,False,undersampling,guided,TBR_1,A,12.56,3.53,11.95,0.6100000000000012,5.1046025104602615,5.1046025104602615
T1DiabetesGranada,balanced_age_tomek_links,age,tomek_links,False,undersampling,guided,TBR_1,B,0.0,0.0,0.0,0.0,,
T1DiabetesGranada,balanced_age_tomek_links,age,tomek_links,False,undersampling,guided,TBR_1,C,0.0,0.0,0.0,0.0,,
T1DiabetesGranada,balanced_age_tomek_links,age,tomek_links,False,undersampling,guided,TBR_1,D,86.91,3.53,87.54,-0.6300000000000097,-0.7196710075394216,0.7196710075394216
T1DiabetesGranada,balanced_age_tomek_links,age,tomek_links,False,undersampling,guided,TBR_1,E,0.53,0.06,0.52,0.010000000000000009,1.9230769230769247,-1.9230769230769247
T1DiabetesGranada,balanced_age_tomek_links,age,tomek_links,False,undersampling,guided,TBR_1,A + B,12.56,3.53,11.95,0.6100000000000012,5.1046025104602615,5.1046025104602615
T1DiabetesGranada,balanced_age_tomek_links,age,tomek_links,False,undersampling,guided,TBR_1,RMSE,35.73,1.14,35.92,-0.19000000000000483,-0.5289532293986771,0.5289532293986771
T1DiabetesGranada,balanced_age_tomek_links,age,tomek_links,False,undersampling,guided,TBR_1,MSE,1277.43,80.9,1290.64,-13.210000000000036,-1.0235232132895336,1.0235232132895336
T1DiabetesGranada,balanced_age_tomek_links,age,tomek_links,False,undersampling,guided,TBR_1,MAE,30.43,1.11,30.64,-0.21000000000000085,-0.6853785900783317,0.6853785900783317
T1DiabetesGranada,balanced_age_tomek_links,age,tomek_links,False,undersampling,guided,TBR_1,MAPE,0.5,0.02,0.5,0.0,0.0,-0.0
T1DiabetesGranada,balanced_age_tomek_links,age,tomek_links,False,undersampling,guided,TIR,A,71.79,0.85,71.8,-0.009999999999990905,-0.013927576601658644,-0.013927576601658644
T1DiabetesGranada,balanced_age_tomek_links,age,tomek_links,False,undersampling,guided,TIR,B,27.97,0.81,27.96,0.00999999999999801,0.03576537911301148,
T1DiabetesGranada,balanced_age_tomek_links,age,tomek_links,False,undersampling,guided,TIR,C,0.25,0.04,0.24,0.010000000000000009,4.1666666666666705,-4.1666666666666705
T1DiabetesGranada,balanced_age_tomek_links,age,tomek_links,False,undersampling,guided,TIR,D,0.0,0.0,0.0,0.0,,
T1DiabetesGranada,balanced_age_tomek_links,age,tomek_links,False,undersampling,guided,TIR,E,0.0,0.0,0.0,0.0,,
T1DiabetesGranada,balanced_age_tomek_links,age,tomek_links,False,undersampling,guided,TIR,A + B,99.76,0.05,99.76,0.0,0.0,0.0
T1DiabetesGranada,balanced_age_tomek_links,age,tomek_links,False,undersampling,guided,TIR,RMSE,26.75,0.55,26.62,0.129999999999999,0.48835462058602175,-0.48835462058602175
T1DiabetesGranada,balanced_age_tomek_links,age,tomek_links,False,undersampling,guided,TIR,MSE,715.92,29.54,708.96,6.959999999999923,0.9817197020988381,-0.9817197020988381
T1DiabetesGranada,balanced_age_tomek_links,age,tomek_links,False,undersampling,guided,TIR,MAE,19.44,0.4,19.37,0.07000000000000028,0.36138358286009437,-0.36138358286009437
T1DiabetesGranada,balanced_age_tomek_links,age,tomek_links,False,undersampling,guided,TIR,MAPE,0.16,0.0,0.16,0.0,0.0,-0.0
T1DiabetesGranada,balanced_age_tomek_links,age,tomek_links,False,undersampling,guided,TAR_1,A,70.71,1.14,70.58,0.12999999999999545,0.18418815528477678,0.18418815528477678
T1DiabetesGranada,balanced_age_tomek_links,age,tomek_links,False,undersampling,guided,TAR_1,B,27.41,1.07,27.52,-0.10999999999999943,-0.39970930232557933,
T1DiabetesGranada,balanced_age_tomek_links,age,tomek_links,False,undersampling,guided,TAR_1,C,0.06,0.03,0.06,0.0,0.0,-0.0
T1DiabetesGranada,balanced_age_tomek_links,age,tomek_links,False,undersampling,guided,TAR_1,D,1.78,0.06,1.8,-0.020000000000000018,-1.111111111111112,1.111111111111112
T1DiabetesGranada,balanced_age_tomek_links,age,tomek_links,False,undersampling,guided,TAR_1,E,0.04,0.01,0.03,0.010000000000000002,33.33333333333334,-33.33333333333334
T1DiabetesGranada,balanced_age_tomek_links,age,tomek_links,False,undersampling,guided,TAR_1,A + B,98.12,0.08,98.1,0.020000000000010232,0.02038735983691155,0.02038735983691155
T1DiabetesGranada,balanced_age_tomek_links,age,tomek_links,False,undersampling,guided,TAR_1,RMSE,42.98,0.75,42.95,0.02999999999999403,0.06984866123397912,-0.06984866123397912
T1DiabetesGranada,balanced_age_tomek_links,age,tomek_links,False,undersampling,guided,TAR_1,MSE,1848.15,64.56,1844.89,3.259999999999991,0.17670430215351543,-0.17670430215351543
T1DiabetesGranada,balanced_age_tomek_links,age,tomek_links,False,undersampling,guided,TAR_1,MAE,33.53,0.81,33.73,-0.19999999999999574,-0.5929439667951253,0.5929439667951253
T1DiabetesGranada,balanced_age_tomek_links,age,tomek_links,False,undersampling,guided,TAR_1,MAPE,0.16,0.0,0.16,0.0,0.0,-0.0
T1DiabetesGranada,balanced_age_tomek_links,age,tomek_links,False,undersampling,guided,TAR_2,A,62.46,1.87,61.68,0.7800000000000011,1.264591439688718,1.264591439688718
T1DiabetesGranada,balanced_age_tomek_links,age,tomek_links,False,undersampling,guided,TAR_2,B,29.98,1.73,30.69,-0.7100000000000009,-2.313457152166832,
T1DiabetesGranada,balanced_age_tomek_links,age,tomek_links,False,undersampling,guided,TAR_2,C,0.03,0.02,0.03,0.0,0.0,-0.0
T1DiabetesGranada,balanced_age_tomek_links,age,tomek_links,False,undersampling,guided,TAR_2,D,7.53,0.61,7.6,-0.0699999999999994,-0.9210526315789395,0.9210526315789395
T1DiabetesGranada,balanced_age_tomek_links,age,tomek_links,False,undersampling,guided,TAR_2,E,0.0,0.0,0.0,0.0,,
T1DiabetesGranada,balanced_age_tomek_links,age,tomek_links,False,undersampling,guided,TAR_2,A + B,92.44,0.61,92.37,0.06999999999999318,0.07578218036158188,0.07578218036158188
T1DiabetesGranada,balanced_age_tomek_links,age,tomek_links,False,undersampling,guided,TAR_2,RMSE,65.99,2.05,66.33,-0.3400000000000034,-0.5125885722900699,0.5125885722900699
T1DiabetesGranada,balanced_age_tomek_links,age,tomek_links,False,undersampling,guided,TAR_2,MSE,4357.93,266.01,4400.96,-43.029999999999745,-0.9777412200974275,0.9777412200974275
T1DiabetesGranada,balanced_age_tomek_links,age,tomek_links,False,undersampling,guided,TAR_2,MAE,55.41,2.09,55.9,-0.490000000000002,-0.87656529516995,0.87656529516995
T1DiabetesGranada,balanced_age_tomek_links,age,tomek_links,False,undersampling,guided,TAR_2,MAPE,0.18,0.01,0.18,0.0,0.0,-0.0
T1DiabetesGranada,balanced_age_tomek_links,age,tomek_links,False,undersampling,guided,ENTIRE,A,67.73,0.98,67.59,0.14000000000000057,0.2071312324308338,0.2071312324308338
T1DiabetesGranada,balanced_age_tomek_links,age,tomek_links,False,undersampling,guided,ENTIRE,B,26.73,0.64,26.84,-0.10999999999999943,-0.40983606557376834,
T1DiabetesGranada,balanced_age_tomek_links,age,tomek_links,False,undersampling,guided,ENTIRE,C,0.16,0.03,0.16,0.0,0.0,-0.0
T1DiabetesGranada,balanced_age_tomek_links,age,tomek_links,False,undersampling,guided,ENTIRE,D,5.34,0.36,5.38,-0.040000000000000036,-0.7434944237918222,0.7434944237918222
T1DiabetesGranada,balanced_age_tomek_links,age,tomek_links,False,undersampling,guided,ENTIRE,E,0.03,0.0,0.03,0.0,0.0,-0.0
T1DiabetesGranada,balanced_age_tomek_links,age,tomek_links,False,undersampling,guided,ENTIRE,A + B,94.46,0.38,94.43,0.029999999999986926,0.03176956475694898,0.03176956475694898
T1DiabetesGranada,balanced_age_tomek_links,age,tomek_links,False,undersampling,guided,ENTIRE,RMSE,37.79,0.87,37.8,-0.00999999999999801,-0.026455026455021194,0.026455026455021194
T1DiabetesGranada,balanced_age_tomek_links,age,tomek_links,False,undersampling,guided,ENTIRE,MSE,1428.44,66.29,1429.28,-0.8399999999999181,-0.05877084965856363,0.05877084965856363
T1DiabetesGranada,balanced_age_tomek_links,age,tomek_links,False,undersampling,guided,ENTIRE,MAE,27.44,0.69,27.51,-0.07000000000000028,-0.2544529262086524,0.2544529262086524
T1DiabetesGranada,balanced_age_tomek_links,age,tomek_links,False,undersampling,guided,ENTIRE,MAPE,0.18,0.01,0.18,0.0,0.0,-0.0
T1DiabetesGranada,balanced_age_undersampling,age,undersampling,False,undersampling,random,TBR_2,A,17.96,6.4,19.98,-2.0199999999999996,-10.110110110110107,-10.110110110110107
T1DiabetesGranada,balanced_age_undersampling,age,undersampling,False,undersampling,random,TBR_2,B,0.0,0.0,0.0,0.0,,
T1DiabetesGranada,balanced_age_undersampling,age,undersampling,False,undersampling,random,TBR_2,C,0.0,0.0,0.0,0.0,,
T1DiabetesGranada,balanced_age_undersampling,age,undersampling,False,undersampling,random,TBR_2,D,81.69,6.35,79.69,2.0,2.509725185092232,-2.509725185092232
T1DiabetesGranada,balanced_age_undersampling,age,undersampling,False,undersampling,random,TBR_2,E,0.35,0.07,0.34,0.009999999999999953,2.9411764705882213,-2.9411764705882213
T1DiabetesGranada,balanced_age_undersampling,age,undersampling,False,undersampling,random,TBR_2,A + B,17.96,6.4,19.98,-2.0199999999999996,-10.110110110110107,-10.110110110110107
T1DiabetesGranada,balanced_age_undersampling,age,undersampling,False,undersampling,random,TBR_2,RMSE,39.49,1.44,39.38,0.10999999999999943,0.279329608938546,-0.279329608938546
T1DiabetesGranada,balanced_age_undersampling,age,undersampling,False,undersampling,random,TBR_2,MSE,1561.37,115.04,1552.07,9.299999999999955,0.5991997783605092,-0.5991997783605092
T1DiabetesGranada,balanced_age_undersampling,age,undersampling,False,undersampling,random,TBR_2,MAE,35.34,1.51,35.1,0.240000000000002,0.6837606837606894,-0.6837606837606894
T1DiabetesGranada,balanced_age_undersampling,age,undersampling,False,undersampling,random,TBR_2,MAPE,0.74,0.03,0.73,0.010000000000000009,1.3698630136986314,-1.3698630136986314
T1DiabetesGranada,balanced_age_undersampling,age,undersampling,False,undersampling,random,TBR_1,A,10.48,3.5,11.95,-1.4699999999999989,-12.301255230125514,-12.301255230125514
T1DiabetesGranada,balanced_age_undersampling,age,undersampling,False,undersampling,random,TBR_1,B,0.0,0.0,0.0,0.0,,
T1DiabetesGranada,balanced_age_undersampling,age,undersampling,False,undersampling,random,TBR_1,C,0.0,0.0,0.0,0.0,,
T1DiabetesGranada,balanced_age_undersampling,age,undersampling,False,undersampling,random,TBR_1,D,88.99,3.49,87.54,1.4499999999999886,1.6563856522732334,-1.6563856522732334
T1DiabetesGranada,balanced_age_undersampling,age,undersampling,False,undersampling,random,TBR_1,E,0.53,0.06,0.52,0.010000000000000009,1.9230769230769247,-1.9230769230769247
T1DiabetesGranada,balanced_age_undersampling,age,undersampling,False,undersampling,random,TBR_1,A + B,10.48,3.5,11.95,-1.4699999999999989,-12.301255230125514,-12.301255230125514
T1DiabetesGranada,balanced_age_undersampling,age,undersampling,False,undersampling,random,TBR_1,RMSE,36.0,0.96,35.92,0.0799999999999983,0.22271714922048524,-0.22271714922048524
T1DiabetesGranada,balanced_age_undersampling,age,undersampling,False,undersampling,random,TBR_1,MSE,1296.51,69.49,1290.64,5.869999999999891,0.454813115973462,-0.454813115973462
T1DiabetesGranada,balanced_age_undersampling,age,undersampling,False,undersampling,random,TBR_1,MAE,30.78,0.87,30.64,0.14000000000000057,0.45691906005222116,-0.45691906005222116
T1DiabetesGranada,balanced_age_undersampling,age,undersampling,False,undersampling,random,TBR_1,MAPE,0.5,0.01,0.5,0.0,0.0,-0.0
T1DiabetesGranada,balanced_age_undersampling,age,undersampling,False,undersampling,random,TIR,A,71.68,0.85,71.8,-0.11999999999999034,-0.16713091922004225,-0.16713091922004225
T1DiabetesGranada,balanced_age_undersampling,age,undersampling,False,undersampling,random,TIR,B,28.08,0.8,27.96,0.11999999999999744,0.429184549356214,
T1DiabetesGranada,balanced_age_undersampling,age,undersampling,False,undersampling,random,TIR,C,0.24,0.05,0.24,0.0,0.0,-0.0
T1DiabetesGranada,balanced_age_undersampling,age,undersampling,False,undersampling,random,TIR,D,0.0,0.0,0.0,0.0,,
T1DiabetesGranada,balanced_age_undersampling,age,undersampling,False,undersampling,random,TIR,E,0.0,0.0,0.0,0.0,,
T1DiabetesGranada,balanced_age_undersampling,age,undersampling,False,undersampling,random,TIR,A + B,99.76,0.05,99.76,0.0,0.0,0.0
T1DiabetesGranada,balanced_age_undersampling,age,undersampling,False,undersampling,random,TIR,RMSE,26.73,0.66,26.62,0.10999999999999943,0.4132231404958656,-0.4132231404958656
T1DiabetesGranada,balanced_age_undersampling,age,undersampling,False,undersampling,random,TIR,MSE,714.7,35.43,708.96,5.740000000000009,0.8096366508688797,-0.8096366508688797
T1DiabetesGranada,balanced_age_undersampling,age,undersampling,False,undersampling,random,TIR,MAE,19.45,0.42,19.37,0.0799999999999983,0.41300980898295453,-0.41300980898295453
T1DiabetesGranada,balanced_age_undersampling,age,undersampling,False,undersampling,random,TIR,MAPE,0.16,0.0,0.16,0.0,0.0,-0.0
T1DiabetesGranada,balanced_age_undersampling,age,undersampling,False,undersampling,random,TAR_1,A,70.57,0.99,70.58,-0.010000000000005116,-0.014168319637298267,-0.014168319637298267
T1DiabetesGranada,balanced_age_undersampling,age,undersampling,False,undersampling,random,TAR_1,B,27.53,0.97,27.52,0.010000000000001563,0.03633720930233126,
T1DiabetesGranada,balanced_age_undersampling,age,undersampling,False,undersampling,random,TAR_1,C,0.06,0.03,0.06,0.0,0.0,-0.0
T1DiabetesGranada,balanced_age_undersampling,age,undersampling,False,undersampling,random,TAR_1,D,1.8,0.06,1.8,0.0,0.0,-0.0
T1DiabetesGranada,balanced_age_undersampling,age,undersampling,False,undersampling,random,TAR_1,E,0.03,0.01,0.03,0.0,0.0,-0.0
T1DiabetesGranada,balanced_age_undersampling,age,undersampling,False,undersampling,random,TAR_1,A + B,98.1,0.06,98.1,0.0,0.0,0.0
T1DiabetesGranada,balanced_age_undersampling,age,undersampling,False,undersampling,random,TAR_1,RMSE,43.02,0.77,42.95,0.07000000000000028,0.16298020954598436,-0.16298020954598436
T1DiabetesGranada,balanced_age_undersampling,age,undersampling,False,undersampling,random,TAR_1,MSE,1851.09,65.66,1844.89,6.199999999999818,0.33606339673367075,-0.33606339673367075
T1DiabetesGranada,balanced_age_undersampling,age,undersampling,False,undersampling,random,TAR_1,MAE,33.74,0.71,33.73,0.010000000000005116,0.029647198339772064,-0.029647198339772064
T1DiabetesGranada,balanced_age_undersampling,age,undersampling,False,undersampling,random,TAR_1,MAPE,0.16,0.0,0.16,0.0,0.0,-0.0
T1DiabetesGranada,balanced_age_undersampling,age,undersampling,False,undersampling,random,TAR_2,A,61.41,0.7,61.68,-0.2700000000000031,-0.43774319066148365,-0.43774319066148365
T1DiabetesGranada,balanced_age_undersampling,age,undersampling,False,undersampling,random,TAR_2,B,30.98,0.92,30.69,0.28999999999999915,0.9449332029977162,
T1DiabetesGranada,balanced_age_undersampling,age,undersampling,False,undersampling,random,TAR_2,C,0.02,0.02,0.03,-0.009999999999999998,-33.33333333333333,33.33333333333333
T1DiabetesGranada,balanced_age_undersampling,age,undersampling,False,undersampling,random,TAR_2,D,7.58,0.7,7.6,-0.019999999999999574,-0.2631578947368365,0.2631578947368365
T1DiabetesGranada,balanced_age_undersampling,age,undersampling,False,undersampling,random,TAR_2,E,0.0,0.0,0.0,0.0,,
T1DiabetesGranada,balanced_age_undersampling,age,undersampling,False,undersampling,random,TAR_2,A + B,92.39,0.68,92.37,0.01999999999999602,0.02165205153187834,0.02165205153187834
T1DiabetesGranada,balanced_age_undersampling,age,undersampling,False,undersampling,random,TAR_2,RMSE,66.51,1.13,66.33,0.18000000000000682,0.2713704206241623,-0.2713704206241623
T1DiabetesGranada,balanced_age_undersampling,age,undersampling,False,undersampling,random,TAR_2,MSE,4424.6,150.66,4400.96,23.640000000000327,0.5371555297026178,-0.5371555297026178
T1DiabetesGranada,balanced_age_undersampling,age,undersampling,False,undersampling,random,TAR_2,MAE,56.07,1.0,55.9,0.1700000000000017,0.30411449016100484,-0.30411449016100484
T1DiabetesGranada,balanced_age_undersampling,age,undersampling,False,undersampling,random,TAR_2,MAPE,0.18,0.0,0.18,0.0,0.0,-0.0
T1DiabetesGranada,balanced_age_undersampling,age,undersampling,False,undersampling,random,ENTIRE,A,67.4,0.82,67.59,-0.18999999999999773,-0.2811066725846985,-0.2811066725846985
T1DiabetesGranada,balanced_age_undersampling,age,undersampling,False,undersampling,random,ENTIRE,B,26.95,0.45,26.84,0.10999999999999943,0.40983606557376834,
T1DiabetesGranada,balanced_age_undersampling,age,undersampling,False,undersampling,random,ENTIRE,C,0.16,0.04,0.16,0.0,0.0,-0.0
T1DiabetesGranada,balanced_age_undersampling,age,undersampling,False,undersampling,random,ENTIRE,D,5.45,0.4,5.38,0.07000000000000028,1.301115241635693,-1.301115241635693
T1DiabetesGranada,balanced_age_undersampling,age,undersampling,False,undersampling,random,ENTIRE,E,0.03,0.01,0.03,0.0,0.0,-0.0
T1DiabetesGranada,balanced_age_undersampling,age,undersampling,False,undersampling,random,ENTIRE,A + B,94.35,0.43,94.43,-0.0800000000000125,-0.08471883935191411,-0.08471883935191411
T1DiabetesGranada,balanced_age_undersampling,age,undersampling,False,undersampling,random,ENTIRE,RMSE,37.9,0.75,37.8,0.10000000000000142,0.2645502645502683,-0.2645502645502683
T1DiabetesGranada,balanced_age_undersampling,age,undersampling,False,undersampling,random,ENTIRE,MSE,1437.2,57.09,1429.28,7.920000000000073,0.554125153923659,-0.554125153923659
T1DiabetesGranada,balanced_age_undersampling,age,undersampling,False,undersampling,random,ENTIRE,MAE,27.59,0.51,27.51,0.0799999999999983,0.2908033442384525,-0.2908033442384525
T1DiabetesGranada,balanced_age_undersampling,age,undersampling,False,undersampling,random,ENTIRE,MAPE,0.18,0.0,0.18,0.0,0.0,-0.0
T1DiabetesGranada,balanced_age_undersampling_oversampling,age,undersampling_oversampling,False,same_size,random,TBR_2,A,21.53,2.43,19.98,1.5500000000000007,7.75775775775776,7.75775775775776
T1DiabetesGranada,balanced_age_undersampling_oversampling,age,undersampling_oversampling,False,same_size,random,TBR_2,B,0.0,0.0,0.0,0.0,,
T1DiabetesGranada,balanced_age_undersampling_oversampling,age,undersampling_oversampling,False,same_size,random,TBR_2,C,0.0,0.0,0.0,0.0,,
T1DiabetesGranada,balanced_age_undersampling_oversampling,age,undersampling_oversampling,False,same_size,random,TBR_2,D,78.13,2.49,79.69,-1.5600000000000023,-1.9575856443719442,1.9575856443719442
T1DiabetesGranada,balanced_age_undersampling_oversampling,age,undersampling_oversampling,False,same_size,random,TBR_2,E,0.33,0.07,0.34,-0.010000000000000009,-2.9411764705882377,2.9411764705882377
T1DiabetesGranada,balanced_age_undersampling_oversampling,age,undersampling_oversampling,False,same_size,random,TBR_2,A + B,21.53,2.43,19.98,1.5500000000000007,7.75775775775776,7.75775775775776
T1DiabetesGranada,balanced_age_undersampling_oversampling,age,undersampling_oversampling,False,same_size,random,TBR_2,RMSE,39.57,1.67,39.38,0.18999999999999773,0.48247841543930353,-0.48247841543930353
T1DiabetesGranada,balanced_age_undersampling_oversampling,age,undersampling_oversampling,False,same_size,random,TBR_2,MSE,1568.33,132.75,1552.07,16.25999999999999,1.0476331608754754,-1.0476331608754754
T1DiabetesGranada,balanced_age_undersampling_oversampling,age,undersampling_oversampling,False,same_size,random,TBR_2,MAE,35.09,1.21,35.1,-0.00999999999999801,-0.02849002849002282,0.02849002849002282
T1DiabetesGranada,balanced_age_undersampling_oversampling,age,undersampling_oversampling,False,same_size,random,TBR_2,MAPE,0.73,0.03,0.73,0.0,0.0,-0.0
T1DiabetesGranada,balanced_age_undersampling_oversampling,age,undersampling_oversampling,False,same_size,random,TBR_1,A,12.48,1.55,11.95,0.5300000000000011,4.435146443514655,4.435146443514655
T1DiabetesGranada,balanced_age_undersampling_oversampling,age,undersampling_oversampling,False,same_size,random,TBR_1,B,0.0,0.0,0.0,0.0,,
T1DiabetesGranada,balanced_age_undersampling_oversampling,age,undersampling_oversampling,False,same_size,random,TBR_1,C,0.0,0.0,0.0,0.0,,
T1DiabetesGranada,balanced_age_undersampling_oversampling,age,undersampling_oversampling,False,same_size,random,TBR_1,D,87.0,1.59,87.54,-0.5400000000000063,-0.6168608636052162,0.6168608636052162
T1DiabetesGranada,balanced_age_undersampling_oversampling,age,undersampling_oversampling,False,same_size,random,TBR_1,E,0.51,0.08,0.52,-0.010000000000000009,-1.9230769230769247,1.9230769230769247
T1DiabetesGranada,balanced_age_undersampling_oversampling,age,undersampling_oversampling,False,same_size,random,TBR_1,A + B,12.48,1.55,11.95,0.5300000000000011,4.435146443514655,4.435146443514655
T1DiabetesGranada,balanced_age_undersampling_oversampling,age,undersampling_oversampling,False,same_size,random,TBR_1,RMSE,36.14,1.46,35.92,0.21999999999999886,0.6124721603563443,-0.6124721603563443
T1DiabetesGranada,balanced_age_undersampling_oversampling,age,undersampling_oversampling,False,same_size,random,TBR_1,MSE,1307.45,105.5,1290.64,16.809999999999945,1.302454596169338,-1.302454596169338
T1DiabetesGranada,balanced_age_undersampling_oversampling,age,undersampling_oversampling,False,same_size,random,TBR_1,MAE,30.86,1.23,30.64,0.21999999999999886,0.7180156657963409,-0.7180156657963409
T1DiabetesGranada,balanced_age_undersampling_oversampling,age,undersampling_oversampling,False,same_size,random,TBR_1,MAPE,0.5,0.02,0.5,0.0,0.0,-0.0
T1DiabetesGranada,balanced_age_undersampling_oversampling,age,undersampling_oversampling,False,same_size,random,TIR,A,71.76,0.91,71.8,-0.03999999999999204,-0.05571030640667416,-0.05571030640667416
T1DiabetesGranada,balanced_age_undersampling_oversampling,age,undersampling_oversampling,False,same_size,random,TIR,B,28.01,0.87,27.96,0.05000000000000071,0.17882689556509554,
T1DiabetesGranada,balanced_age_undersampling_oversampling,age,undersampling_oversampling,False,same_size,random,TIR,C,0.23,0.04,0.24,-0.009999999999999981,-4.166666666666659,4.166666666666659
T1DiabetesGranada,balanced_age_undersampling_oversampling,age,undersampling_oversampling,False,same_size,random,TIR,D,0.0,0.0,0.0,0.0,,
T1DiabetesGranada,balanced_age_undersampling_oversampling,age,undersampling_oversampling,False,same_size,random,TIR,E,0.0,0.0,0.0,0.0,,
T1DiabetesGranada,balanced_age_undersampling_oversampling,age,undersampling_oversampling,False,same_size,random,TIR,A + B,99.77,0.04,99.76,0.009999999999990905,0.010024057738563458,0.010024057738563458
T1DiabetesGranada,balanced_age_undersampling_oversampling,age,undersampling_oversampling,False,same_size,random,TIR,RMSE,26.58,0.56,26.62,-0.0400000000000027,-0.1502629601803257,0.1502629601803257
T1DiabetesGranada,balanced_age_undersampling_oversampling,age,undersampling_oversampling,False,same_size,random,TIR,MSE,706.76,29.99,708.96,-2.2000000000000455,-0.3103136989392978,0.3103136989392978
T1DiabetesGranada,balanced_age_undersampling_oversampling,age,undersampling_oversampling,False,same_size,random,TIR,MAE,19.4,0.38,19.37,0.029999999999997584,0.15487867836859878,-0.15487867836859878
T1DiabetesGranada,balanced_age_undersampling_oversampling,age,undersampling_oversampling,False,same_size,random,TIR,MAPE,0.16,0.0,0.16,0.0,0.0,-0.0
T1DiabetesGranada,balanced_age_undersampling_oversampling,age,undersampling_oversampling,False,same_size,random,TAR_1,A,69.9,0.6,70.58,-0.6799999999999926,-0.9634457353357786,-0.9634457353357786
T1DiabetesGranada,balanced_age_undersampling_oversampling,age,undersampling_oversampling,False,same_size,random,TAR_1,B,28.16,0.54,27.52,0.6400000000000006,2.325581395348839,
T1DiabetesGranada,balanced_age_undersampling_oversampling,age,undersampling_oversampling,False,same_size,random,TAR_1,C,0.06,0.02,0.06,0.0,0.0,-0.0
T1DiabetesGranada,balanced_age_undersampling_oversampling,age,undersampling_oversampling,False,same_size,random,TAR_1,D,1.85,0.06,1.8,0.050000000000000044,2.77777777777778,-2.77777777777778
T1DiabetesGranada,balanced_age_undersampling_oversampling,age,undersampling_oversampling,False,same_size,random,TAR_1,E,0.04,0.02,0.03,0.010000000000000002,33.33333333333334,-33.33333333333334
T1DiabetesGranada,balanced_age_undersampling_oversampling,age,undersampling_oversampling,False,same_size,random,TAR_1,A + B,98.05,0.07,98.1,-0.04999999999999716,-0.05096839959224991,-0.05096839959224991
T1DiabetesGranada,balanced_age_undersampling_oversampling,age,undersampling_oversampling,False,same_size,random,TAR_1,RMSE,43.36,0.41,42.95,0.4099999999999966,0.9545983701978965,-0.9545983701978965
T1DiabetesGranada,balanced_age_undersampling_oversampling,age,undersampling_oversampling,False,same_size,random,TAR_1,MSE,1880.34,35.28,1844.89,35.44999999999982,1.921523776485309,-1.921523776485309
T1DiabetesGranada,balanced_age_undersampling_oversampling,age,undersampling_oversampling,False,same_size,random,TAR_1,MAE,34.21,0.4,33.73,0.480000000000004,1.4230655203083429,-1.4230655203083429
T1DiabetesGranada,balanced_age_undersampling_oversampling,age,undersampling_oversampling,False,same_size,random,TAR_1,MAPE,0.16,0.0,0.16,0.0,0.0,-0.0
T1DiabetesGranada,balanced_age_undersampling_oversampling,age,undersampling_oversampling,False,same_size,random,TAR_2,A,61.0,0.67,61.68,-0.6799999999999997,-1.102464332036316,-1.102464332036316
T1DiabetesGranada,balanced_age_undersampling_oversampling,age,undersampling_oversampling,False,same_size,random,TAR_2,B,31.18,0.73,30.69,0.48999999999999844,1.5966112740306238,
T1DiabetesGranada,balanced_age_undersampling_oversampling,age,undersampling_oversampling,False,same_size,random,TAR_2,C,0.02,0.02,0.03,-0.009999999999999998,-33.33333333333333,33.33333333333333
T1DiabetesGranada,balanced_age_undersampling_oversampling,age,undersampling_oversampling,False,same_size,random,TAR_2,D,7.79,0.51,7.6,0.1900000000000004,2.5000000000000053,-2.5000000000000053
T1DiabetesGranada,balanced_age_undersampling_oversampling,age,undersampling_oversampling,False,same_size,random,TAR_2,E,0.0,0.0,0.0,0.0,,
T1DiabetesGranada,balanced_age_undersampling_oversampling,age,undersampling_oversampling,False,same_size,random,TAR_2,A + B,92.18,0.49,92.37,-0.18999999999999773,-0.20569448955288266,-0.20569448955288266
T1DiabetesGranada,balanced_age_undersampling_oversampling,age,undersampling_oversampling,False,same_size,random,TAR_2,RMSE,66.79,1.21,66.33,0.46000000000000796,0.6935021860395115,-0.6935021860395115
T1DiabetesGranada,balanced_age_undersampling_oversampling,age,undersampling_oversampling,False,same_size,random,TAR_2,MSE,4462.23,162.07,4400.96,61.26999999999953,1.3921962480913148,-1.3921962480913148
T1DiabetesGranada,balanced_age_undersampling_oversampling,age,undersampling_oversampling,False,same_size,random,TAR_2,MAE,56.41,1.09,55.9,0.509999999999998,0.9123434704830019,-0.9123434704830019
T1DiabetesGranada,balanced_age_undersampling_oversampling,age,undersampling_oversampling,False,same_size,random,TAR_2,MAPE,0.19,0.0,0.18,0.010000000000000009,5.555555555555561,-5.555555555555561
T1DiabetesGranada,balanced_age_undersampling_oversampling,age,undersampling_oversampling,False,same_size,random,ENTIRE,A,67.36,0.74,67.59,-0.23000000000000398,-0.34028702470780287,-0.34028702470780287
T1DiabetesGranada,balanced_age_undersampling_oversampling,age,undersampling_oversampling,False,same_size,random,ENTIRE,B,27.08,0.5,26.84,0.23999999999999844,0.8941877794336752,
T1DiabetesGranada,balanced_age_undersampling_oversampling,age,undersampling_oversampling,False,same_size,random,ENTIRE,C,0.15,0.03,0.16,-0.010000000000000009,-6.250000000000005,6.250000000000005
T1DiabetesGranada,balanced_age_undersampling_oversampling,age,undersampling_oversampling,False,same_size,random,ENTIRE,D,5.38,0.24,5.38,0.0,0.0,-0.0
T1DiabetesGranada,balanced_age_undersampling_oversampling,age,undersampling_oversampling,False,same_size,random,ENTIRE,E,0.03,0.01,0.03,0.0,0.0,-0.0
T1DiabetesGranada,balanced_age_undersampling_oversampling,age,undersampling_oversampling,False,same_size,random,ENTIRE,A + B,94.44,0.28,94.43,0.009999999999990905,0.010589854918977978,0.010589854918977978
T1DiabetesGranada,balanced_age_undersampling_oversampling,age,undersampling_oversampling,False,same_size,random,ENTIRE,RMSE,38.0,0.79,37.8,0.20000000000000284,0.5291005291005366,-0.5291005291005366
T1DiabetesGranada,balanced_age_undersampling_oversampling,age,undersampling_oversampling,False,same_size,random,ENTIRE,MSE,1444.42,60.66,1429.28,15.1400000000001,1.0592745997985071,-1.0592745997985071
T1DiabetesGranada,balanced_age_undersampling_oversampling,age,undersampling_oversampling,False,same_size,random,ENTIRE,MAE,27.71,0.64,27.51,0.1999999999999993,0.7270083605961443,-0.7270083605961443
T1DiabetesGranada,balanced_age_undersampling_oversampling,age,undersampling_oversampling,False,same_size,random,ENTIRE,MAPE,0.18,0.0,0.18,0.0,0.0,-0.0
T1DiabetesGranada,balanced_age_undersampling_smote,age,undersampling_smote,False,same_size,random+guided,TBR_2,A,20.07,8.65,19.98,0.08999999999999986,0.45045045045044974,0.45045045045044974
T1DiabetesGranada,balanced_age_undersampling_smote,age,undersampling_smote,False,same_size,random+guided,TBR_2,B,0.0,0.0,0.0,0.0,,
T1DiabetesGranada,balanced_age_undersampling_smote,age,undersampling_smote,False,same_size,random+guided,TBR_2,C,0.0,0.0,0.0,0.0,,
T1DiabetesGranada,balanced_age_undersampling_smote,age,undersampling_smote,False,same_size,random+guided,TBR_2,D,79.59,8.63,79.69,-0.09999999999999432,-0.1254862592546045,0.1254862592546045
T1DiabetesGranada,balanced_age_undersampling_smote,age,undersampling_smote,False,same_size,random+guided,TBR_2,E,0.34,0.07,0.34,0.0,0.0,-0.0
T1DiabetesGranada,balanced_age_undersampling_smote,age,undersampling_smote,False,same_size,random+guided,TBR_2,A + B,20.07,8.65,19.98,0.08999999999999986,0.45045045045044974,0.45045045045044974
T1DiabetesGranada,balanced_age_undersampling_smote,age,undersampling_smote,False,same_size,random+guided,TBR_2,RMSE,38.78,1.45,39.38,-0.6000000000000014,-1.523616048755717,1.523616048755717
T1DiabetesGranada,balanced_age_undersampling_smote,age,undersampling_smote,False,same_size,random+guided,TBR_2,MSE,1505.52,114.08,1552.07,-46.549999999999955,-2.9992203959872916,2.9992203959872916
T1DiabetesGranada,balanced_age_undersampling_smote,age,undersampling_smote,False,same_size,random+guided,TBR_2,MAE,34.35,1.51,35.1,-0.75,-2.1367521367521367,2.1367521367521367
T1DiabetesGranada,balanced_age_undersampling_smote,age,undersampling_smote,False,same_size,random+guided,TBR_2,MAPE,0.72,0.03,0.73,-0.010000000000000009,-1.3698630136986314,1.3698630136986314
T1DiabetesGranada,balanced_age_undersampling_smote,age,undersampling_smote,False,same_size,random+guided,TBR_1,A,12.54,3.76,11.95,0.5899999999999999,4.937238493723848,4.937238493723848
T1DiabetesGranada,balanced_age_undersampling_smote,age,undersampling_smote,False,same_size,random+guided,TBR_1,B,0.0,0.0,0.0,0.0,,
T1DiabetesGranada,balanced_age_undersampling_smote,age,undersampling_smote,False,same_size,random+guided,TBR_1,C,0.0,0.0,0.0,0.0,,
T1DiabetesGranada,balanced_age_undersampling_smote,age,undersampling_smote,False,same_size,random+guided,TBR_1,D,86.94,3.76,87.54,-0.6000000000000085,-0.685400959561353,0.685400959561353
T1DiabetesGranada,balanced_age_undersampling_smote,age,undersampling_smote,False,same_size,random+guided,TBR_1,E,0.52,0.07,0.52,0.0,0.0,-0.0
T1DiabetesGranada,balanced_age_undersampling_smote,age,undersampling_smote,False,same_size,random+guided,TBR_1,A + B,12.54,3.76,11.95,0.5899999999999999,4.937238493723848,4.937238493723848
T1DiabetesGranada,balanced_age_undersampling_smote,age,undersampling_smote,False,same_size,random+guided,TBR_1,RMSE,35.6,1.04,35.92,-0.3200000000000003,-0.8908685968819607,0.8908685968819607
T1DiabetesGranada,balanced_age_undersampling_smote,age,undersampling_smote,False,same_size,random+guided,TBR_1,MSE,1268.0,75.1,1290.64,-22.6400000000001,-1.754168474555267,1.754168474555267
T1DiabetesGranada,balanced_age_undersampling_smote,age,undersampling_smote,False,same_size,random+guided,TBR_1,MAE,30.18,0.81,30.64,-0.46000000000000085,-1.5013054830287234,1.5013054830287234
T1DiabetesGranada,balanced_age_undersampling_smote,age,undersampling_smote,False,same_size,random+guided,TBR_1,MAPE,0.49,0.01,0.5,-0.010000000000000009,-2.0000000000000018,2.0000000000000018
T1DiabetesGranada,balanced_age_undersampling_smote,age,undersampling_smote,False,same_size,random+guided,TIR,A,71.69,0.78,71.8,-0.10999999999999943,-0.15320334261838361,-0.15320334261838361
T1DiabetesGranada,balanced_age_undersampling_smote,age,undersampling_smote,False,same_size,random+guided,TIR,B,28.06,0.74,27.96,0.09999999999999787,0.35765379113017837,
T1DiabetesGranada,balanced_age_undersampling_smote,age,undersampling_smote,False,same_size,random+guided,TIR,C,0.24,0.04,0.24,0.0,0.0,-0.0
T1DiabetesGranada,balanced_age_undersampling_smote,age,undersampling_smote,False,same_size,random+guided,TIR,D,0.0,0.0,0.0,0.0,,
T1DiabetesGranada,balanced_age_undersampling_smote,age,undersampling_smote,False,same_size,random+guided,TIR,E,0.0,0.0,0.0,0.0,,
T1DiabetesGranada,balanced_age_undersampling_smote,age,undersampling_smote,False,same_size,random+guided,TIR,A + B,99.76,0.04,99.76,0.0,0.0,0.0
T1DiabetesGranada,balanced_age_undersampling_smote,age,undersampling_smote,False,same_size,random+guided,TIR,RMSE,26.69,0.59,26.62,0.07000000000000028,0.26296018031555324,-0.26296018031555324
T1DiabetesGranada,balanced_age_undersampling_smote,age,undersampling_smote,False,same_size,random+guided,TIR,MSE,712.84,31.81,708.96,3.8799999999999955,0.5472805235838404,-0.5472805235838404
T1DiabetesGranada,balanced_age_undersampling_smote,age,undersampling_smote,False,same_size,random+guided,TIR,MAE,19.41,0.37,19.37,0.03999999999999915,0.20650490449147726,-0.20650490449147726
T1DiabetesGranada,balanced_age_undersampling_smote,age,undersampling_smote,False,same_size,random+guided,TIR,MAPE,0.16,0.0,0.16,0.0,0.0,-0.0
T1DiabetesGranada,balanced_age_undersampling_smote,age,undersampling_smote,False,same_size,random+guided,TAR_1,A,70.43,0.57,70.58,-0.14999999999999147,-0.21252479455935316,-0.21252479455935316
T1DiabetesGranada,balanced_age_undersampling_smote,age,undersampling_smote,False,same_size,random+guided,TAR_1,B,27.65,0.47,27.52,0.129999999999999,0.47238372093022896,
T1DiabetesGranada,balanced_age_undersampling_smote,age,undersampling_smote,False,same_size,random+guided,TAR_1,C,0.06,0.02,0.06,0.0,0.0,-0.0
T1DiabetesGranada,balanced_age_undersampling_smote,age,undersampling_smote,False,same_size,random+guided,TAR_1,D,1.82,0.08,1.8,0.020000000000000018,1.111111111111112,-1.111111111111112
T1DiabetesGranada,balanced_age_undersampling_smote,age,undersampling_smote,False,same_size,random+guided,TAR_1,E,0.04,0.02,0.03,0.010000000000000002,33.33333333333334,-33.33333333333334
T1DiabetesGranada,balanced_age_undersampling_smote,age,undersampling_smote,False,same_size,random+guided,TAR_1,A + B,98.08,0.11,98.1,-0.01999999999999602,-0.020387359836897066,-0.020387359836897066
T1DiabetesGranada,balanced_age_undersampling_smote,age,undersampling_smote,False,same_size,random+guided,TAR_1,RMSE,43.09,0.42,42.95,0.14000000000000057,0.3259604190919687,-0.3259604190919687
T1DiabetesGranada,balanced_age_undersampling_smote,age,undersampling_smote,False,same_size,random+guided,TAR_1,MSE,1856.58,36.49,1844.89,11.689999999999827,0.6336421141639786,-0.6336421141639786
T1DiabetesGranada,balanced_age_undersampling_smote,age,undersampling_smote,False,same_size,random+guided,TAR_1,MAE,33.89,0.46,33.73,0.1600000000000037,0.47435517343612127,-0.47435517343612127
T1DiabetesGranada,balanced_age_undersampling_smote,age,undersampling_smote,False,same_size,random+guided,TAR_1,MAPE,0.16,0.0,0.16,0.0,0.0,-0.0
T1DiabetesGranada,balanced_age_undersampling_smote,age,undersampling_smote,False,same_size,random+guided,TAR_2,A,61.54,1.02,61.68,-0.14000000000000057,-0.2269779507133602,-0.2269779507133602
T1DiabetesGranada,balanced_age_undersampling_smote,age,undersampling_smote,False,same_size,random+guided,TAR_2,B,30.82,1.06,30.69,0.129999999999999,0.42359074617138803,
T1DiabetesGranada,balanced_age_undersampling_smote,age,undersampling_smote,False,same_size,random+guided,TAR_2,C,0.03,0.02,0.03,0.0,0.0,-0.0
T1DiabetesGranada,balanced_age_undersampling_smote,age,undersampling_smote,False,same_size,random+guided,TAR_2,D,7.61,0.4,7.6,0.010000000000000675,0.13157894736842993,-0.13157894736842993
T1DiabetesGranada,balanced_age_undersampling_smote,age,undersampling_smote,False,same_size,random+guided,TAR_2,E,0.0,0.0,0.0,0.0,,
T1DiabetesGranada,balanced_age_undersampling_smote,age,undersampling_smote,False,same_size,random+guided,TAR_2,A + B,92.36,0.38,92.37,-0.010000000000005116,-0.010826025765946861,-0.010826025765946861
T1DiabetesGranada,balanced_age_undersampling_smote,age,undersampling_smote,False,same_size,random+guided,TAR_2,RMSE,66.39,1.5,66.33,0.060000000000002274,0.09045680687472075,-0.09045680687472075
T1DiabetesGranada,balanced_age_undersampling_smote,age,undersampling_smote,False,same_size,random+guided,TAR_2,MSE,4410.06,199.31,4400.96,9.100000000000364,0.20677306769432952,-0.20677306769432952
T1DiabetesGranada,balanced_age_undersampling_smote,age,undersampling_smote,False,same_size,random+guided,TAR_2,MAE,56.01,1.47,55.9,0.10999999999999943,0.19677996422182367,-0.19677996422182367
T1DiabetesGranada,balanced_age_undersampling_smote,age,undersampling_smote,False,same_size,random+guided,TAR_2,MAPE,0.18,0.0,0.18,0.0,0.0,-0.0
T1DiabetesGranada,balanced_age_undersampling_smote,age,undersampling_smote,False,same_size,random+guided,ENTIRE,A,67.49,0.67,67.59,-0.10000000000000853,-0.14795088030775044,-0.14795088030775044
T1DiabetesGranada,balanced_age_undersampling_smote,age,undersampling_smote,False,same_size,random+guided,ENTIRE,B,26.96,0.46,26.84,0.120000000000001,0.4470938897168443,
T1DiabetesGranada,balanced_age_undersampling_smote,age,undersampling_smote,False,same_size,random+guided,ENTIRE,C,0.16,0.03,0.16,0.0,0.0,-0.0
T1DiabetesGranada,balanced_age_undersampling_smote,age,undersampling_smote,False,same_size,random+guided,ENTIRE,D,5.36,0.31,5.38,-0.019999999999999574,-0.3717472118959029,0.3717472118959029
T1DiabetesGranada,balanced_age_undersampling_smote,age,undersampling_smote,False,same_size,random+guided,ENTIRE,E,0.03,0.01,0.03,0.0,0.0,-0.0
T1DiabetesGranada,balanced_age_undersampling_smote,age,undersampling_smote,False,same_size,random+guided,ENTIRE,A + B,94.45,0.33,94.43,0.01999999999999602,0.021179709837971003,0.021179709837971003
T1DiabetesGranada,balanced_age_undersampling_smote,age,undersampling_smote,False,same_size,random+guided,ENTIRE,RMSE,37.87,0.93,37.8,0.07000000000000028,0.18518518518518595,-0.18518518518518595
T1DiabetesGranada,balanced_age_undersampling_smote,age,undersampling_smote,False,same_size,random+guided,ENTIRE,MSE,1434.78,70.93,1429.28,5.5,0.3848091346692041,-0.3848091346692041
T1DiabetesGranada,balanced_age_undersampling_smote,age,undersampling_smote,False,same_size,random+guided,ENTIRE,MAE,27.57,0.69,27.51,0.05999999999999872,0.2181025081788394,-0.2181025081788394
T1DiabetesGranada,balanced_age_undersampling_smote,age,undersampling_smote,False,same_size,random+guided,ENTIRE,MAPE,0.18,0.0,0.18,0.0,0.0,-0.0
T1DiabetesGranada,balanced_sex_jittering,sex,jittering,False,oversampling,guided,TBR_2,A,18.16,5.42,19.98,-1.8200000000000003,-9.109109109109111,-9.109109109109111
T1DiabetesGranada,balanced_sex_jittering,sex,jittering,False,oversampling,guided,TBR_2,B,0.0,0.0,0.0,0.0,,
T1DiabetesGranada,balanced_sex_jittering,sex,jittering,False,oversampling,guided,TBR_2,C,0.0,0.0,0.0,0.0,,
T1DiabetesGranada,balanced_sex_jittering,sex,jittering,False,oversampling,guided,TBR_2,D,81.5,5.45,79.69,1.8100000000000023,2.2713012925084732,-2.2713012925084732
T1DiabetesGranada,balanced_sex_jittering,sex,jittering,False,oversampling,guided,TBR_2,E,0.34,0.04,0.34,0.0,0.0,-0.0
T1DiabetesGranada,balanced_sex_jittering,sex,jittering,False,oversampling,guided,TBR_2,A + B,18.16,5.42,19.98,-1.8200000000000003,-9.109109109109111,-9.109109109109111
T1DiabetesGranada,balanced_sex_jittering,sex,jittering,False,oversampling,guided,TBR_2,RMSE,39.81,0.77,39.38,0.4299999999999997,1.091924834941594,-1.091924834941594
T1DiabetesGranada,balanced_sex_jittering,sex,jittering,False,oversampling,guided,TBR_2,MSE,1585.61,61.06,1552.07,33.539999999999964,2.160985007119522,-2.160985007119522
T1DiabetesGranada,balanced_sex_jittering,sex,jittering,False,oversampling,guided,TBR_2,MAE,35.67,0.5,35.1,0.5700000000000003,1.6239316239316248,-1.6239316239316248
T1DiabetesGranada,balanced_sex_jittering,sex,jittering,False,oversampling,guided,TBR_2,MAPE,0.75,0.01,0.73,0.020000000000000018,2.739726027397263,-2.739726027397263
T1DiabetesGranada,balanced_sex_jittering,sex,jittering,False,oversampling,guided,TBR_1,A,11.64,3.14,11.95,-0.3099999999999987,-2.5941422594142156,-2.5941422594142156
T1DiabetesGranada,balanced_sex_jittering,sex,jittering,False,oversampling,guided,TBR_1,B,0.0,0.0,0.0,0.0,,
T1DiabetesGranada,balanced_sex_jittering,sex,jittering,False,oversampling,guided,TBR_1,C,0.0,0.0,0.0,0.0,,
T1DiabetesGranada,balanced_sex_jittering,sex,jittering,False,oversampling,guided,TBR_1,D,87.84,3.14,87.54,0.29999999999999716,0.3427004797806684,-0.3427004797806684
T1DiabetesGranada,balanced_sex_jittering,sex,jittering,False,oversampling,guided,TBR_1,E,0.51,0.05,0.52,-0.010000000000000009,-1.9230769230769247,1.9230769230769247
T1DiabetesGranada,balanced_sex_jittering,sex,jittering,False,oversampling,guided,TBR_1,A + B,11.64,3.14,11.95,-0.3099999999999987,-2.5941422594142156,-2.5941422594142156
T1DiabetesGranada,balanced_sex_jittering,sex,jittering,False,oversampling,guided,TBR_1,RMSE,35.96,0.62,35.92,0.03999999999999915,0.11135857461024262,-0.11135857461024262
T1DiabetesGranada,balanced_sex_jittering,sex,jittering,False,oversampling,guided,TBR_1,MSE,1293.79,44.52,1290.64,3.1499999999998636,0.24406496001982453,-0.24406496001982453
T1DiabetesGranada,balanced_sex_jittering,sex,jittering,False,oversampling,guided,TBR_1,MAE,30.77,0.44,30.64,0.129999999999999,0.4242819843342004,-0.4242819843342004
T1DiabetesGranada,balanced_sex_jittering,sex,jittering,False,oversampling,guided,TBR_1,MAPE,0.5,0.01,0.5,0.0,0.0,-0.0
T1DiabetesGranada,balanced_sex_jittering,sex,jittering,False,oversampling,guided,TIR,A,71.93,0.74,71.8,0.13000000000000966,0.18105849582174047,0.18105849582174047
T1DiabetesGranada,balanced_sex_jittering,sex,jittering,False,oversampling,guided,TIR,B,27.85,0.71,27.96,-0.10999999999999943,-0.3934191702432025,
T1DiabetesGranada,balanced_sex_jittering,sex,jittering,False,oversampling,guided,TIR,C,0.23,0.04,0.24,-0.009999999999999981,-4.166666666666659,4.166666666666659
T1DiabetesGranada,balanced_sex_jittering,sex,jittering,False,oversampling,guided,TIR,D,0.0,0.0,0.0,0.0,,
T1DiabetesGranada,balanced_sex_jittering,sex,jittering,False,oversampling,guided,TIR,E,0.0,0.0,0.0,0.0,,
T1DiabetesGranada,balanced_sex_jittering,sex,jittering,False,oversampling,guided,TIR,A + B,99.77,0.04,99.76,0.009999999999990905,0.010024057738563458,0.010024057738563458
T1DiabetesGranada,balanced_sex_jittering,sex,jittering,False,oversampling,guided,TIR,RMSE,26.49,0.56,26.62,-0.13000000000000256,-0.4883546205860351,0.4883546205860351
T1DiabetesGranada,balanced_sex_jittering,sex,jittering,False,oversampling,guided,TIR,MSE,702.22,29.45,708.96,-6.740000000000009,-0.9506883322049211,0.9506883322049211
T1DiabetesGranada,balanced_sex_jittering,sex,jittering,False,oversampling,guided,TIR,MAE,19.3,0.38,19.37,-0.07000000000000028,-0.36138358286009437,0.36138358286009437
T1DiabetesGranada,balanced_sex_jittering,sex,jittering,False,oversampling,guided,TIR,MAPE,0.16,0.0,0.16,0.0,0.0,-0.0
T1DiabetesGranada,balanced_sex_jittering,sex,jittering,False,oversampling,guided,TAR_1,A,70.2,1.03,70.58,-0.37999999999999545,-0.5383961462170522,-0.5383961462170522
T1DiabetesGranada,balanced_sex_jittering,sex,jittering,False,oversampling,guided,TAR_1,B,27.87,0.95,27.52,0.3500000000000014,1.2718023255814006,
T1DiabetesGranada,balanced_sex_jittering,sex,jittering,False,oversampling,guided,TAR_1,C,0.06,0.03,0.06,0.0,0.0,-0.0
T1DiabetesGranada,balanced_sex_jittering,sex,jittering,False,oversampling,guided,TAR_1,D,1.84,0.09,1.8,0.040000000000000036,2.222222222222224,-2.222222222222224
T1DiabetesGranada,balanced_sex_jittering,sex,jittering,False,oversampling,guided,TAR_1,E,0.03,0.02,0.03,0.0,0.0,-0.0
T1DiabetesGranada,balanced_sex_jittering,sex,jittering,False,oversampling,guided,TAR_1,A + B,98.07,0.1,98.1,-0.030000000000001137,-0.03058103975535284,-0.03058103975535284
T1DiabetesGranada,balanced_sex_jittering,sex,jittering,False,oversampling,guided,TAR_1,RMSE,43.19,0.82,42.95,0.23999999999999488,0.5587892898719322,-0.5587892898719322
T1DiabetesGranada,balanced_sex_jittering,sex,jittering,False,oversampling,guided,TAR_1,MSE,1865.5,70.57,1844.89,20.6099999999999,1.1171397752711487,-1.1171397752711487
T1DiabetesGranada,balanced_sex_jittering,sex,jittering,False,oversampling,guided,TAR_1,MAE,34.01,0.79,33.73,0.28000000000000114,0.8301215535131964,-0.8301215535131964
T1DiabetesGranada,balanced_sex_jittering,sex,jittering,False,oversampling,guided,TAR_1,MAPE,0.16,0.0,0.16,0.0,0.0,-0.0
T1DiabetesGranada,balanced_sex_jittering,sex,jittering,False,oversampling,guided,TAR_2,A,60.9,1.46,61.68,-0.7800000000000011,-1.264591439688718,-1.264591439688718
T1DiabetesGranada,balanced_sex_jittering,sex,jittering,False,oversampling,guided,TAR_2,B,31.29,0.91,30.69,0.5999999999999979,1.9550342130987224,
T1DiabetesGranada,balanced_sex_jittering,sex,jittering,False,oversampling,guided,TAR_2,C,0.03,0.02,0.03,0.0,0.0,-0.0
T1DiabetesGranada,balanced_sex_jittering,sex,jittering,False,oversampling,guided,TAR_2,D,7.78,0.7,7.6,0.1800000000000006,2.368421052631587,-2.368421052631587
T1DiabetesGranada,balanced_sex_jittering,sex,jittering,False,oversampling,guided,TAR_2,E,0.0,0.0,0.0,0.0,,
T1DiabetesGranada,balanced_sex_jittering,sex,jittering,False,oversampling,guided,TAR_2,A + B,92.19,0.68,92.37,-0.18000000000000682,-0.1948684637869512,-0.1948684637869512
T1DiabetesGranada,balanced_sex_jittering,sex,jittering,False,oversampling,guided,TAR_2,RMSE,66.94,1.17,66.33,0.6099999999999994,0.9196442032262919,-0.9196442032262919
T1DiabetesGranada,balanced_sex_jittering,sex,jittering,False,oversampling,guided,TAR_2,MSE,4482.42,157.49,4400.96,81.46000000000004,1.8509597905911446,-1.8509597905911446
T1DiabetesGranada,balanced_sex_jittering,sex,jittering,False,oversampling,guided,TAR_2,MAE,56.53,1.04,55.9,0.6300000000000026,1.1270125223613643,-1.1270125223613643
T1DiabetesGranada,balanced_sex_jittering,sex,jittering,False,oversampling,guided,TAR_2,MAPE,0.19,0.0,0.18,0.010000000000000009,5.555555555555561,-5.555555555555561
T1DiabetesGranada,balanced_sex_jittering,sex,jittering,False,oversampling,guided,ENTIRE,A,67.47,0.77,67.59,-0.12000000000000455,-0.17754105636929213,-0.17754105636929213
T1DiabetesGranada,balanced_sex_jittering,sex,jittering,False,oversampling,guided,ENTIRE,B,26.92,0.6,26.84,0.08000000000000185,0.29806259314456723,
T1DiabetesGranada,balanced_sex_jittering,sex,jittering,False,oversampling,guided,ENTIRE,C,0.15,0.03,0.16,-0.010000000000000009,-6.250000000000005,6.250000000000005
T1DiabetesGranada,balanced_sex_jittering,sex,jittering,False,oversampling,guided,ENTIRE,D,5.42,0.18,5.38,0.040000000000000036,0.7434944237918222,-0.7434944237918222
T1DiabetesGranada,balanced_sex_jittering,sex,jittering,False,oversampling,guided,ENTIRE,E,0.03,0.01,0.03,0.0,0.0,-0.0
T1DiabetesGranada,balanced_sex_jittering,sex,jittering,False,oversampling,guided,ENTIRE,A + B,94.39,0.2,94.43,-0.04000000000000625,-0.04235941967595706,-0.04235941967595706
T1DiabetesGranada,balanced_sex_jittering,sex,jittering,False,oversampling,guided,ENTIRE,RMSE,37.93,0.91,37.8,0.13000000000000256,0.34391534391535067,-0.34391534391535067
T1DiabetesGranada,balanced_sex_jittering,sex,jittering,False,oversampling,guided,ENTIRE,MSE,1439.24,69.71,1429.28,9.960000000000036,0.6968543602373248,-0.6968543602373248
T1DiabetesGranada,balanced_sex_jittering,sex,jittering,False,oversampling,guided,ENTIRE,MAE,27.61,0.71,27.51,0.09999999999999787,0.3635041802980657,-0.3635041802980657
T1DiabetesGranada,balanced_sex_jittering,sex,jittering,False,oversampling,guided,ENTIRE,MAPE,0.18,0.0,0.18,0.0,0.0,-0.0
T1DiabetesGranada,balanced_sex_oversampling,sex,oversampling,False,oversampling,random,TBR_2,A,15.42,7.84,19.98,-4.5600000000000005,-22.822822822822825,-22.822822822822825
T1DiabetesGranada,balanced_sex_oversampling,sex,oversampling,False,oversampling,random,TBR_2,B,0.0,0.0,0.0,0.0,,
T1DiabetesGranada,balanced_sex_oversampling,sex,oversampling,False,oversampling,random,TBR_2,C,0.0,0.0,0.0,0.0,,
T1DiabetesGranada,balanced_sex_oversampling,sex,oversampling,False,oversampling,random,TBR_2,D,84.24,7.9,79.69,4.549999999999997,5.709624796084825,-5.709624796084825
T1DiabetesGranada,balanced_sex_oversampling,sex,oversampling,False,oversampling,random,TBR_2,E,0.34,0.07,0.34,0.0,0.0,-0.0
T1DiabetesGranada,balanced_sex_oversampling,sex,oversampling,False,oversampling,random,TBR_2,A + B,15.42,7.84,19.98,-4.5600000000000005,-22.822822822822825,-22.822822822822825
T1DiabetesGranada,balanced_sex_oversampling,sex,oversampling,False,oversampling,random,TBR_2,RMSE,39.66,0.72,39.38,0.27999999999999403,0.7110208227526511,-0.7110208227526511
T1DiabetesGranada,balanced_sex_oversampling,sex,oversampling,False,oversampling,random,TBR_2,MSE,1573.62,57.46,1552.07,21.549999999999955,1.3884683036203236,-1.3884683036203236
T1DiabetesGranada,balanced_sex_oversampling,sex,oversampling,False,oversampling,random,TBR_2,MAE,35.65,0.89,35.1,0.5499999999999972,1.5669515669515588,-1.5669515669515588
T1DiabetesGranada,balanced_sex_oversampling,sex,oversampling,False,oversampling,random,TBR_2,MAPE,0.75,0.02,0.73,0.020000000000000018,2.739726027397263,-2.739726027397263
T1DiabetesGranada,balanced_sex_oversampling,sex,oversampling,False,oversampling,random,TBR_1,A,10.54,3.6,11.95,-1.4100000000000001,-11.79916317991632,-11.79916317991632
T1DiabetesGranada,balanced_sex_oversampling,sex,oversampling,False,oversampling,random,TBR_1,B,0.0,0.0,0.0,0.0,,
T1DiabetesGranada,balanced_sex_oversampling,sex,oversampling,False,oversampling,random,TBR_1,C,0.0,0.0,0.0,0.0,,
T1DiabetesGranada,balanced_sex_oversampling,sex,oversampling,False,oversampling,random,TBR_1,D,88.93,3.63,87.54,1.3900000000000006,1.5878455563171128,-1.5878455563171128
T1DiabetesGranada,balanced_sex_oversampling,sex,oversampling,False,oversampling,random,TBR_1,E,0.52,0.07,0.52,0.0,0.0,-0.0
T1DiabetesGranada,balanced_sex_oversampling,sex,oversampling,False,oversampling,random,TBR_1,A + B,10.54,3.6,11.95,-1.4100000000000001,-11.79916317991632,-11.79916317991632
T1DiabetesGranada,balanced_sex_oversampling,sex,oversampling,False,oversampling,random,TBR_1,RMSE,35.86,0.79,35.92,-0.060000000000002274,-0.1670378619153738,0.1670378619153738
T1DiabetesGranada,balanced_sex_oversampling,sex,oversampling,False,oversampling,random,TBR_1,MSE,1286.17,56.93,1290.64,-4.470000000000027,-0.34633980040910145,0.34633980040910145
T1DiabetesGranada,balanced_sex_oversampling,sex,oversampling,False,oversampling,random,TBR_1,MAE,30.74,0.74,30.64,0.09999999999999787,0.3263707571801497,-0.3263707571801497
T1DiabetesGranada,balanced_sex_oversampling,sex,oversampling,False,oversampling,random,TBR_1,MAPE,0.5,0.01,0.5,0.0,0.0,-0.0
T1DiabetesGranada,balanced_sex_oversampling,sex,oversampling,False,oversampling,random,TIR,A,71.83,0.93,71.8,0.030000000000001137,0.04178272980501552,0.04178272980501552
T1DiabetesGranada,balanced_sex_oversampling,sex,oversampling,False,oversampling,random,TIR,B,27.94,0.89,27.96,-0.019999999999999574,-0.07153075822603566,
T1DiabetesGranada,balanced_sex_oversampling,sex,oversampling,False,oversampling,random,TIR,C,0.24,0.04,0.24,0.0,0.0,-0.0
T1DiabetesGranada,balanced_sex_oversampling,sex,oversampling,False,oversampling,random,TIR,D,0.0,0.0,0.0,0.0,,
T1DiabetesGranada,balanced_sex_oversampling,sex,oversampling,False,oversampling,random,TIR,E,0.0,0.0,0.0,0.0,,
T1DiabetesGranada,balanced_sex_oversampling,sex,oversampling,False,oversampling,random,TIR,A + B,99.77,0.04,99.76,0.009999999999990905,0.010024057738563458,0.010024057738563458
T1DiabetesGranada,balanced_sex_oversampling,sex,oversampling,False,oversampling,random,TIR,RMSE,26.64,0.65,26.62,0.019999999999999574,0.07513148009015617,-0.07513148009015617
T1DiabetesGranada,balanced_sex_oversampling,sex,oversampling,False,oversampling,random,TIR,MSE,709.96,34.55,708.96,1.0,0.1410516813360415,-0.1410516813360415
T1DiabetesGranada,balanced_sex_oversampling,sex,oversampling,False,oversampling,random,TIR,MAE,19.38,0.43,19.37,0.00999999999999801,0.05162622612286014,-0.05162622612286014
T1DiabetesGranada,balanced_sex_oversampling,sex,oversampling,False,oversampling,random,TIR,MAPE,0.16,0.0,0.16,0.0,0.0,-0.0
T1DiabetesGranada,balanced_sex_oversampling,sex,oversampling,False,oversampling,random,TAR_1,A,70.4,0.42,70.58,-0.1799999999999926,-0.25502975347122786,-0.25502975347122786
T1DiabetesGranada,balanced_sex_oversampling,sex,oversampling,False,oversampling,random,TAR_1,B,27.69,0.37,27.52,0.1700000000000017,0.6177325581395411,
T1DiabetesGranada,balanced_sex_oversampling,sex,oversampling,False,oversampling,random,TAR_1,C,0.06,0.03,0.06,0.0,0.0,-0.0
T1DiabetesGranada,balanced_sex_oversampling,sex,oversampling,False,oversampling,random,TAR_1,D,1.82,0.07,1.8,0.020000000000000018,1.111111111111112,-1.111111111111112
T1DiabetesGranada,balanced_sex_oversampling,sex,oversampling,False,oversampling,random,TAR_1,E,0.03,0.02,0.03,0.0,0.0,-0.0
T1DiabetesGranada,balanced_sex_oversampling,sex,oversampling,False,oversampling,random,TAR_1,A + B,98.1,0.08,98.1,0.0,0.0,0.0
T1DiabetesGranada,balanced_sex_oversampling,sex,oversampling,False,oversampling,random,TAR_1,RMSE,43.18,0.24,42.95,0.22999999999999687,0.5355064027939391,-0.5355064027939391
T1DiabetesGranada,balanced_sex_oversampling,sex,oversampling,False,oversampling,random,TAR_1,MSE,1864.42,20.46,1844.89,19.529999999999973,1.0585996997110925,-1.0585996997110925
T1DiabetesGranada,balanced_sex_oversampling,sex,oversampling,False,oversampling,random,TAR_1,MAE,33.88,0.31,33.73,0.15000000000000568,0.44470797509637033,-0.44470797509637033
T1DiabetesGranada,balanced_sex_oversampling,sex,oversampling,False,oversampling,random,TAR_1,MAPE,0.16,0.0,0.16,0.0,0.0,-0.0
T1DiabetesGranada,balanced_sex_oversampling,sex,oversampling,False,oversampling,random,TAR_2,A,61.25,0.76,61.68,-0.4299999999999997,-0.6971465629053173,-0.6971465629053173
T1DiabetesGranada,balanced_sex_oversampling,sex,oversampling,False,oversampling,random,TAR_2,B,31.04,0.98,30.69,0.34999999999999787,1.140436624307585,
T1DiabetesGranada,balanced_sex_oversampling,sex,oversampling,False,oversampling,random,TAR_2,C,0.03,0.02,0.03,0.0,0.0,-0.0
T1DiabetesGranada,balanced_sex_oversampling,sex,oversampling,False,oversampling,random,TAR_2,D,7.68,0.45,7.6,0.08000000000000007,1.0526315789473695,-1.0526315789473695
T1DiabetesGranada,balanced_sex_oversampling,sex,oversampling,False,oversampling,random,TAR_2,E,0.0,0.0,0.0,0.0,,
T1DiabetesGranada,balanced_sex_oversampling,sex,oversampling,False,oversampling,random,TAR_2,A + B,92.29,0.43,92.37,-0.0799999999999983,-0.08660820612752873,-0.08660820612752873
T1DiabetesGranada,balanced_sex_oversampling,sex,oversampling,False,oversampling,random,TAR_2,RMSE,66.77,1.51,66.33,0.4399999999999977,0.6633499170812569,-0.6633499170812569
T1DiabetesGranada,balanced_sex_oversampling,sex,oversampling,False,oversampling,random,TAR_2,MSE,4459.47,201.37,4400.96,58.51000000000022,1.3294826583290968,-1.3294826583290968
T1DiabetesGranada,balanced_sex_oversampling,sex,oversampling,False,oversampling,random,TAR_2,MAE,56.35,1.44,55.9,0.45000000000000284,0.8050089445438333,-0.8050089445438333
T1DiabetesGranada,balanced_sex_oversampling,sex,oversampling,False,oversampling,random,TAR_2,MAPE,0.19,0.0,0.18,0.010000000000000009,5.555555555555561,-5.555555555555561
T1DiabetesGranada,balanced_sex_oversampling,sex,oversampling,False,oversampling,random,ENTIRE,A,67.42,0.86,67.59,-0.1700000000000017,-0.25151649652315683,-0.25151649652315683
T1DiabetesGranada,balanced_sex_oversampling,sex,oversampling,False,oversampling,random,ENTIRE,B,26.91,0.57,26.84,0.07000000000000028,0.26080476900149135,
T1DiabetesGranada,balanced_sex_oversampling,sex,oversampling,False,oversampling,random,ENTIRE,C,0.16,0.03,0.16,0.0,0.0,-0.0
T1DiabetesGranada,balanced_sex_oversampling,sex,oversampling,False,oversampling,random,ENTIRE,D,5.48,0.32,5.38,0.10000000000000053,1.8587360594795637,-1.8587360594795637
T1DiabetesGranada,balanced_sex_oversampling,sex,oversampling,False,oversampling,random,ENTIRE,E,0.03,0.01,0.03,0.0,0.0,-0.0
T1DiabetesGranada,balanced_sex_oversampling,sex,oversampling,False,oversampling,random,ENTIRE,A + B,94.33,0.33,94.43,-0.10000000000000853,-0.10589854918988512,-0.10589854918988512
T1DiabetesGranada,balanced_sex_oversampling,sex,oversampling,False,oversampling,random,ENTIRE,RMSE,37.96,0.88,37.8,0.1600000000000037,0.42328042328043314,-0.42328042328043314
T1DiabetesGranada,balanced_sex_oversampling,sex,oversampling,False,oversampling,random,ENTIRE,MSE,1441.43,66.46,1429.28,12.150000000000091,0.8500783611328845,-0.8500783611328845
T1DiabetesGranada,balanced_sex_oversampling,sex,oversampling,False,oversampling,random,ENTIRE,MAE,27.61,0.68,27.51,0.09999999999999787,0.3635041802980657,-0.3635041802980657
T1DiabetesGranada,balanced_sex_oversampling,sex,oversampling,False,oversampling,random,ENTIRE,MAPE,0.18,0.0,0.18,0.0,0.0,-0.0
T1DiabetesGranada,balanced_sex_oversampling_tomek,sex,oversampling_tomek,False,same_size,random+guided,TBR_2,A,18.48,2.05,19.98,-1.5,-7.5075075075075075,-7.5075075075075075
T1DiabetesGranada,balanced_sex_oversampling_tomek,sex,oversampling_tomek,False,same_size,random+guided,TBR_2,B,0.0,0.0,0.0,0.0,,
T1DiabetesGranada,balanced_sex_oversampling_tomek,sex,oversampling_tomek,False,same_size,random+guided,TBR_2,C,0.0,0.0,0.0,0.0,,
T1DiabetesGranada,balanced_sex_oversampling_tomek,sex,oversampling_tomek,False,same_size,random+guided,TBR_2,D,81.18,2.0,79.69,1.490000000000009,1.8697452628937246,-1.8697452628937246
T1DiabetesGranada,balanced_sex_oversampling_tomek,sex,oversampling_tomek,False,same_size,random+guided,TBR_2,E,0.34,0.07,0.34,0.0,0.0,-0.0
T1DiabetesGranada,balanced_sex_oversampling_tomek,sex,oversampling_tomek,False,same_size,random+guided,TBR_2,A + B,18.48,2.05,19.98,-1.5,-7.5075075075075075,-7.5075075075075075
T1DiabetesGranada,balanced_sex_oversampling_tomek,sex,oversampling_tomek,False,same_size,random+guided,TBR_2,RMSE,39.56,1.54,39.38,0.17999999999999972,0.45708481462671335,-0.45708481462671335
T1DiabetesGranada,balanced_sex_oversampling_tomek,sex,oversampling_tomek,False,same_size,random+guided,TBR_2,MSE,1567.18,122.94,1552.07,15.110000000000127,0.9735385646266036,-0.9735385646266036
T1DiabetesGranada,balanced_sex_oversampling_tomek,sex,oversampling_tomek,False,same_size,random+guided,TBR_2,MAE,35.41,1.24,35.1,0.30999999999999517,0.8831908831908695,-0.8831908831908695
T1DiabetesGranada,balanced_sex_oversampling_tomek,sex,oversampling_tomek,False,same_size,random+guided,TBR_2,MAPE,0.74,0.03,0.73,0.010000000000000009,1.3698630136986314,-1.3698630136986314
T1DiabetesGranada,balanced_sex_oversampling_tomek,sex,oversampling_tomek,False,same_size,random+guided,TBR_1,A,11.75,1.27,11.95,-0.1999999999999993,-1.673640167364011,-1.673640167364011
T1DiabetesGranada,balanced_sex_oversampling_tomek,sex,oversampling_tomek,False,same_size,random+guided,TBR_1,B,0.0,0.0,0.0,0.0,,
T1DiabetesGranada,balanced_sex_oversampling_tomek,sex,oversampling_tomek,False,same_size,random+guided,TBR_1,C,0.0,0.0,0.0,0.0,,
T1DiabetesGranada,balanced_sex_oversampling_tomek,sex,oversampling_tomek,False,same_size,random+guided,TBR_1,D,87.73,1.23,87.54,0.18999999999999773,0.2170436371944228,-0.2170436371944228
T1DiabetesGranada,balanced_sex_oversampling_tomek,sex,oversampling_tomek,False,same_size,random+guided,TBR_1,E,0.52,0.07,0.52,0.0,0.0,-0.0
T1DiabetesGranada,balanced_sex_oversampling_tomek,sex,oversampling_tomek,False,same_size,random+guided,TBR_1,A + B,11.75,1.27,11.95,-0.1999999999999993,-1.673640167364011,-1.673640167364011
T1DiabetesGranada,balanced_sex_oversampling_tomek,sex,oversampling_tomek,False,same_size,random+guided,TBR_1,RMSE,35.86,1.31,35.92,-0.060000000000002274,-0.1670378619153738,0.1670378619153738
T1DiabetesGranada,balanced_sex_oversampling_tomek,sex,oversampling_tomek,False,same_size,random+guided,TBR_1,MSE,1287.2,94.09,1290.64,-3.4400000000000546,-0.26653443252960196,0.26653443252960196
T1DiabetesGranada,balanced_sex_oversampling_tomek,sex,oversampling_tomek,False,same_size,random+guided,TBR_1,MAE,30.63,1.14,30.64,-0.010000000000001563,-0.03263707571802077,0.03263707571802077
T1DiabetesGranada,balanced_sex_oversampling_tomek,sex,oversampling_tomek,False,same_size,random+guided,TBR_1,MAPE,0.5,0.02,0.5,0.0,0.0,-0.0
T1DiabetesGranada,balanced_sex_oversampling_tomek,sex,oversampling_tomek,False,same_size,random+guided,TIR,A,71.87,1.01,71.8,0.07000000000000739,0.09749303621170946,0.09749303621170946
T1DiabetesGranada,balanced_sex_oversampling_tomek,sex,oversampling_tomek,False,same_size,random+guided,TIR,B,27.9,0.96,27.96,-0.060000000000002274,-0.2145922746781197,
T1DiabetesGranada,balanced_sex_oversampling_tomek,sex,oversampling_tomek,False,same_size,random+guided,TIR,C,0.24,0.06,0.24,0.0,0.0,-0.0
T1DiabetesGranada,balanced_sex_oversampling_tomek,sex,oversampling_tomek,False,same_size,random+guided,TIR,D,0.0,0.0,0.0,0.0,,
T1DiabetesGranada,balanced_sex_oversampling_tomek,sex,oversampling_tomek,False,same_size,random+guided,TIR,E,0.0,0.0,0.0,0.0,,
T1DiabetesGranada,balanced_sex_oversampling_tomek,sex,oversampling_tomek,False,same_size,random+guided,TIR,A + B,99.76,0.06,99.76,0.0,0.0,0.0
T1DiabetesGranada,balanced_sex_oversampling_tomek,sex,oversampling_tomek,False,same_size,random+guided,TIR,RMSE,26.6,0.65,26.62,-0.019999999999999574,-0.07513148009015617,0.07513148009015617
T1DiabetesGranada,balanced_sex_oversampling_tomek,sex,oversampling_tomek,False,same_size,random+guided,TIR,MSE,708.04,34.68,708.96,-0.9200000000000728,-0.12976754682916847,0.12976754682916847
T1DiabetesGranada,balanced_sex_oversampling_tomek,sex,oversampling_tomek,False,same_size,random+guided,TIR,MAE,19.33,0.46,19.37,-0.0400000000000027,-0.2065049044914956,0.2065049044914956
T1DiabetesGranada,balanced_sex_oversampling_tomek,sex,oversampling_tomek,False,same_size,random+guided,TIR,MAPE,0.16,0.0,0.16,0.0,0.0,-0.0
T1DiabetesGranada,balanced_sex_oversampling_tomek,sex,oversampling_tomek,False,same_size,random+guided,TAR_1,A,70.59,0.66,70.58,0.010000000000005116,0.014168319637298267,0.014168319637298267
T1DiabetesGranada,balanced_sex_oversampling_tomek,sex,oversampling_tomek,False,same_size,random+guided,TAR_1,B,27.52,0.66,27.52,0.0,0.0,
T1DiabetesGranada,balanced_sex_oversampling_tomek,sex,oversampling_tomek,False,same_size,random+guided,TAR_1,C,0.06,0.03,0.06,0.0,0.0,-0.0
T1DiabetesGranada,balanced_sex_oversampling_tomek,sex,oversampling_tomek,False,same_size,random+guided,TAR_1,D,1.81,0.02,1.8,0.010000000000000009,0.555555555555556,-0.555555555555556
T1DiabetesGranada,balanced_sex_oversampling_tomek,sex,oversampling_tomek,False,same_size,random+guided,TAR_1,E,0.03,0.0,0.03,0.0,0.0,-0.0
T1DiabetesGranada,balanced_sex_oversampling_tomek,sex,oversampling_tomek,False,same_size,random+guided,TAR_1,A + B,98.1,0.03,98.1,0.0,0.0,0.0
T1DiabetesGranada,balanced_sex_oversampling_tomek,sex,oversampling_tomek,False,same_size,random+guided,TAR_1,RMSE,42.99,0.46,42.95,0.03999999999999915,0.0931315483119887,-0.0931315483119887
T1DiabetesGranada,balanced_sex_oversampling_tomek,sex,oversampling_tomek,False,same_size,random+guided,TAR_1,MSE,1848.19,39.39,1844.89,3.2999999999999545,0.17887245310018238,-0.17887245310018238
T1DiabetesGranada,balanced_sex_oversampling_tomek,sex,oversampling_tomek,False,same_size,random+guided,TAR_1,MAE,33.75,0.41,33.73,0.020000000000003126,0.05929439667952306,-0.05929439667952306
T1DiabetesGranada,balanced_sex_oversampling_tomek,sex,oversampling_tomek,False,same_size,random+guided,TAR_1,MAPE,0.16,0.0,0.16,0.0,0.0,-0.0
T1DiabetesGranada,balanced_sex_oversampling_tomek,sex,oversampling_tomek,False,same_size,random+guided,TAR_2,A,61.45,0.94,61.68,-0.22999999999999687,-0.37289234760051376,-0.37289234760051376
T1DiabetesGranada,balanced_sex_oversampling_tomek,sex,oversampling_tomek,False,same_size,random+guided,TAR_2,B,30.9,1.12,30.69,0.2099999999999973,0.6842619745845464,
T1DiabetesGranada,balanced_sex_oversampling_tomek,sex,oversampling_tomek,False,same_size,random+guided,TAR_2,C,0.03,0.02,0.03,0.0,0.0,-0.0
T1DiabetesGranada,balanced_sex_oversampling_tomek,sex,oversampling_tomek,False,same_size,random+guided,TAR_2,D,7.63,0.51,7.6,0.03000000000000025,0.3947368421052665,-0.3947368421052665
T1DiabetesGranada,balanced_sex_oversampling_tomek,sex,oversampling_tomek,False,same_size,random+guided,TAR_2,E,0.0,0.0,0.0,0.0,,
T1DiabetesGranada,balanced_sex_oversampling_tomek,sex,oversampling_tomek,False,same_size,random+guided,TAR_2,A + B,92.35,0.49,92.37,-0.020000000000010232,-0.021652051531893722,-0.021652051531893722
T1DiabetesGranada,balanced_sex_oversampling_tomek,sex,oversampling_tomek,False,same_size,random+guided,TAR_2,RMSE,66.48,1.33,66.33,0.15000000000000568,0.22614201718680185,-0.22614201718680185
T1DiabetesGranada,balanced_sex_oversampling_tomek,sex,oversampling_tomek,False,same_size,random+guided,TAR_2,MSE,4421.06,176.77,4400.96,20.100000000000364,0.4567185341380145,-0.4567185341380145
T1DiabetesGranada,balanced_sex_oversampling_tomek,sex,oversampling_tomek,False,same_size,random+guided,TAR_2,MAE,56.05,1.26,55.9,0.14999999999999858,0.26833631484794024,-0.26833631484794024
T1DiabetesGranada,balanced_sex_oversampling_tomek,sex,oversampling_tomek,False,same_size,random+guided,TAR_2,MAPE,0.18,0.0,0.18,0.0,0.0,-0.0
T1DiabetesGranada,balanced_sex_oversampling_tomek,sex,oversampling_tomek,False,same_size,random+guided,ENTIRE,A,67.59,0.87,67.59,0.0,0.0,0.0
T1DiabetesGranada,balanced_sex_oversampling_tomek,sex,oversampling_tomek,False,same_size,random+guided,ENTIRE,B,26.82,0.52,26.84,-0.019999999999999574,-0.0745156482861385,
T1DiabetesGranada,balanced_sex_oversampling_tomek,sex,oversampling_tomek,False,same_size,random+guided,ENTIRE,C,0.16,0.04,0.16,0.0,0.0,-0.0
T1DiabetesGranada,balanced_sex_oversampling_tomek,sex,oversampling_tomek,False,same_size,random+guided,ENTIRE,D,5.4,0.32,5.38,0.020000000000000462,0.3717472118959194,-0.3717472118959194
T1DiabetesGranada,balanced_sex_oversampling_tomek,sex,oversampling_tomek,False,same_size,random+guided,ENTIRE,E,0.03,0.01,0.03,0.0,0.0,-0.0
T1DiabetesGranada,balanced_sex_oversampling_tomek,sex,oversampling_tomek,False,same_size,random+guided,ENTIRE,A + B,94.41,0.35,94.43,-0.020000000000010232,-0.021179709837986054,-0.021179709837986054
T1DiabetesGranada,balanced_sex_oversampling_tomek,sex,oversampling_tomek,False,same_size,random+guided,ENTIRE,RMSE,37.83,0.68,37.8,0.030000000000001137,0.07936507936508239,-0.07936507936508239
T1DiabetesGranada,balanced_sex_oversampling_tomek,sex,oversampling_tomek,False,same_size,random+guided,ENTIRE,MSE,1431.43,51.28,1429.28,2.150000000000091,0.15042538900705887,-0.15042538900705887
T1DiabetesGranada,balanced_sex_oversampling_tomek,sex,oversampling_tomek,False,same_size,random+guided,ENTIRE,MAE,27.51,0.53,27.51,0.0,0.0,-0.0
T1DiabetesGranada,balanced_sex_oversampling_tomek,sex,oversampling_tomek,False,same_size,random+guided,ENTIRE,MAPE,0.18,0.01,0.18,0.0,0.0,-0.0
T1DiabetesGranada,balanced_sex_patient_aware_undersampling,sex,patient_aware_undersampling,False,undersampling,guided,TBR_2,A,22.28,3.45,19.98,2.3000000000000007,11.511511511511515,11.511511511511515
T1DiabetesGranada,balanced_sex_patient_aware_undersampling,sex,patient_aware_undersampling,False,undersampling,guided,TBR_2,B,0.0,0.0,0.0,0.0,,
T1DiabetesGranada,balanced_sex_patient_aware_undersampling,sex,patient_aware_undersampling,False,undersampling,guided,TBR_2,C,0.0,0.0,0.0,0.0,,
T1DiabetesGranada,balanced_sex_patient_aware_undersampling,sex,patient_aware_undersampling,False,undersampling,guided,TBR_2,D,77.39,3.4,79.69,-2.299999999999997,-2.8861839628560637,2.8861839628560637
T1DiabetesGranada,balanced_sex_patient_aware_undersampling,sex,patient_aware_undersampling,False,undersampling,guided,TBR_2,E,0.33,0.05,0.34,-0.010000000000000009,-2.9411764705882377,2.9411764705882377
T1DiabetesGranada,balanced_sex_patient_aware_undersampling,sex,patient_aware_undersampling,False,undersampling,guided,TBR_2,A + B,22.28,3.45,19.98,2.3000000000000007,11.511511511511515,11.511511511511515
T1DiabetesGranada,balanced_sex_patient_aware_undersampling,sex,patient_aware_undersampling,False,undersampling,guided,TBR_2,RMSE,39.35,1.52,39.38,-0.030000000000001137,-0.07618080243778856,0.07618080243778856
T1DiabetesGranada,balanced_sex_patient_aware_undersampling,sex,patient_aware_undersampling,False,undersampling,guided,TBR_2,MSE,1550.58,119.72,1552.07,-1.490000000000009,-0.09600082470507187,0.09600082470507187
T1DiabetesGranada,balanced_sex_patient_aware_undersampling,sex,patient_aware_undersampling,False,undersampling,guided,TBR_2,MAE,34.99,1.34,35.1,-0.10999999999999943,-0.31339031339031176,0.31339031339031176
T1DiabetesGranada,balanced_sex_patient_aware_undersampling,sex,patient_aware_undersampling,False,undersampling,guided,TBR_2,MAPE,0.73,0.03,0.73,0.0,0.0,-0.0
T1DiabetesGranada,balanced_sex_patient_aware_undersampling,sex,patient_aware_undersampling,False,undersampling,guided,TBR_1,A,13.45,2.46,11.95,1.5,12.552301255230125,12.552301255230125
T1DiabetesGranada,balanced_sex_patient_aware_undersampling,sex,patient_aware_undersampling,False,undersampling,guided,TBR_1,B,0.0,0.0,0.0,0.0,,
T1DiabetesGranada,balanced_sex_patient_aware_undersampling,sex,patient_aware_undersampling,False,undersampling,guided,TBR_1,C,0.0,0.0,0.0,0.0,,
T1DiabetesGranada,balanced_sex_patient_aware_undersampling,sex,patient_aware_undersampling,False,undersampling,guided,TBR_1,D,86.04,2.42,87.54,-1.5,-1.7135023989033584,1.7135023989033584
T1DiabetesGranada,balanced_sex_patient_aware_undersampling,sex,patient_aware_undersampling,False,undersampling,guided,TBR_1,E,0.51,0.05,0.52,-0.010000000000000009,-1.9230769230769247,1.9230769230769247
T1DiabetesGranada,balanced_sex_patient_aware_undersampling,sex,patient_aware_undersampling,False,undersampling,guided,TBR_1,A + B,13.45,2.46,11.95,1.5,12.552301255230125,12.552301255230125
T1DiabetesGranada,balanced_sex_patient_aware_undersampling,sex,patient_aware_undersampling,False,undersampling,guided,TBR_1,RMSE,35.83,1.27,35.92,-0.09000000000000341,-0.2505567928730607,0.2505567928730607
T1DiabetesGranada,balanced_sex_patient_aware_undersampling,sex,patient_aware_undersampling,False,undersampling,guided,TBR_1,MSE,1284.84,91.05,1290.64,-5.800000000000182,-0.449389450195266,0.449389450195266
T1DiabetesGranada,balanced_sex_patient_aware_undersampling,sex,patient_aware_undersampling,False,undersampling,guided,TBR_1,MAE,30.48,1.36,30.64,-0.16000000000000014,-0.522193211488251,0.522193211488251
T1DiabetesGranada,balanced_sex_patient_aware_undersampling,sex,patient_aware_undersampling,False,undersampling,guided,TBR_1,MAPE,0.5,0.02,0.5,0.0,0.0,-0.0
T1DiabetesGranada,balanced_sex_patient_aware_undersampling,sex,patient_aware_undersampling,False,undersampling,guided,TIR,A,71.81,0.97,71.8,0.010000000000005116,0.013927576601678435,0.013927576601678435
T1DiabetesGranada,balanced_sex_patient_aware_undersampling,sex,patient_aware_undersampling,False,undersampling,guided,TIR,B,27.96,0.93,27.96,0.0,0.0,
T1DiabetesGranada,balanced_sex_patient_aware_undersampling,sex,patient_aware_undersampling,False,undersampling,guided,TIR,C,0.23,0.03,0.24,-0.009999999999999981,-4.166666666666659,4.166666666666659
T1DiabetesGranada,balanced_sex_patient_aware_undersampling,sex,patient_aware_undersampling,False,undersampling,guided,TIR,D,0.0,0.0,0.0,0.0,,
T1DiabetesGranada,balanced_sex_patient_aware_undersampling,sex,patient_aware_undersampling,False,undersampling,guided,TIR,E,0.0,0.0,0.0,0.0,,
T1DiabetesGranada,balanced_sex_patient_aware_undersampling,sex,patient_aware_undersampling,False,undersampling,guided,TIR,A + B,99.77,0.04,99.76,0.009999999999990905,0.010024057738563458,0.010024057738563458
T1DiabetesGranada,balanced_sex_patient_aware_undersampling,sex,patient_aware_undersampling,False,undersampling,guided,TIR,RMSE,26.6,0.51,26.62,-0.019999999999999574,-0.07513148009015617,0.07513148009015617
T1DiabetesGranada,balanced_sex_patient_aware_undersampling,sex,patient_aware_undersampling,False,undersampling,guided,TIR,MSE,707.82,27.11,708.96,-1.1399999999999864,-0.1607989167230854,0.1607989167230854
T1DiabetesGranada,balanced_sex_patient_aware_undersampling,sex,patient_aware_undersampling,False,undersampling,guided,TIR,MAE,19.38,0.39,19.37,0.00999999999999801,0.05162622612286014,-0.05162622612286014
T1DiabetesGranada,balanced_sex_patient_aware_undersampling,sex,patient_aware_undersampling,False,undersampling,guided,TIR,MAPE,0.16,0.0,0.16,0.0,0.0,-0.0
T1DiabetesGranada,balanced_sex_patient_aware_undersampling,sex,patient_aware_undersampling,False,undersampling,guided,TAR_1,A,70.21,0.87,70.58,-0.37000000000000455,-0.5242278265797741,-0.5242278265797741
T1DiabetesGranada,balanced_sex_patient_aware_undersampling,sex,patient_aware_undersampling,False,undersampling,guided,TAR_1,B,27.86,0.85,27.52,0.33999999999999986,1.235465116279069,
T1DiabetesGranada,balanced_sex_patient_aware_undersampling,sex,patient_aware_undersampling,False,undersampling,guided,TAR_1,C,0.06,0.02,0.06,0.0,0.0,-0.0
T1DiabetesGranada,balanced_sex_patient_aware_undersampling,sex,patient_aware_undersampling,False,undersampling,guided,TAR_1,D,1.83,0.05,1.8,0.030000000000000027,1.666666666666668,-1.666666666666668
T1DiabetesGranada,balanced_sex_patient_aware_undersampling,sex,patient_aware_undersampling,False,undersampling,guided,TAR_1,E,0.04,0.01,0.03,0.010000000000000002,33.33333333333334,-33.33333333333334
T1DiabetesGranada,balanced_sex_patient_aware_undersampling,sex,patient_aware_undersampling,False,undersampling,guided,TAR_1,A + B,98.07,0.05,98.1,-0.030000000000001137,-0.03058103975535284,-0.03058103975535284
T1DiabetesGranada,balanced_sex_patient_aware_undersampling,sex,patient_aware_undersampling,False,undersampling,guided,TAR_1,RMSE,43.22,0.63,42.95,0.269999999999996,0.6286379511059278,-0.6286379511059278
T1DiabetesGranada,balanced_sex_patient_aware_undersampling,sex,patient_aware_undersampling,False,undersampling,guided,TAR_1,MSE,1868.32,54.55,1844.89,23.429999999999836,1.2699944170113033,-1.2699944170113033
T1DiabetesGranada,balanced_sex_patient_aware_undersampling,sex,patient_aware_undersampling,False,undersampling,guided,TAR_1,MAE,34.04,0.61,33.73,0.3100000000000023,0.9190631485324705,-0.9190631485324705
T1DiabetesGranada,balanced_sex_patient_aware_undersampling,sex,patient_aware_undersampling,False,undersampling,guided,TAR_1,MAPE,0.16,0.0,0.16,0.0,0.0,-0.0
T1DiabetesGranada,balanced_sex_patient_aware_undersampling,sex,patient_aware_undersampling,False,undersampling,guided,TAR_2,A,61.28,1.18,61.68,-0.3999999999999986,-0.6485084306095956,-0.6485084306095956
T1DiabetesGranada,balanced_sex_patient_aware_undersampling,sex,patient_aware_undersampling,False,undersampling,guided,TAR_2,B,30.97,1.15,30.69,0.2799999999999976,0.9123492994460657,
T1DiabetesGranada,balanced_sex_patient_aware_undersampling,sex,patient_aware_undersampling,False,undersampling,guided,TAR_2,C,0.03,0.02,0.03,0.0,0.0,-0.0
T1DiabetesGranada,balanced_sex_patient_aware_undersampling,sex,patient_aware_undersampling,False,undersampling,guided,TAR_2,D,7.73,0.65,7.6,0.13000000000000078,1.710526315789484,-1.710526315789484
T1DiabetesGranada,balanced_sex_patient_aware_undersampling,sex,patient_aware_undersampling,False,undersampling,guided,TAR_2,E,0.0,0.0,0.0,0.0,,
T1DiabetesGranada,balanced_sex_patient_aware_undersampling,sex,patient_aware_undersampling,False,undersampling,guided,TAR_2,A + B,92.24,0.64,92.37,-0.13000000000000966,-0.14073833495724766,-0.14073833495724766
T1DiabetesGranada,balanced_sex_patient_aware_undersampling,sex,patient_aware_undersampling,False,undersampling,guided,TAR_2,RMSE,66.64,1.46,66.33,0.3100000000000023,0.4673601688527096,-0.4673601688527096
T1DiabetesGranada,balanced_sex_patient_aware_undersampling,sex,patient_aware_undersampling,False,undersampling,guided,TAR_2,MSE,4442.64,194.94,4400.96,41.68000000000029,0.9470660946702604,-0.9470660946702604
T1DiabetesGranada,balanced_sex_patient_aware_undersampling,sex,patient_aware_undersampling,False,undersampling,guided,TAR_2,MAE,56.24,1.4,55.9,0.3400000000000034,0.6082289803220097,-0.6082289803220097
T1DiabetesGranada,balanced_sex_patient_aware_undersampling,sex,patient_aware_undersampling,False,undersampling,guided,TAR_2,MAPE,0.19,0.0,0.18,0.010000000000000009,5.555555555555561,-5.555555555555561
T1DiabetesGranada,balanced_sex_patient_aware_undersampling,sex,patient_aware_undersampling,False,undersampling,guided,ENTIRE,A,67.54,0.95,67.59,-0.04999999999999716,-0.0739754401538647,-0.0739754401538647
T1DiabetesGranada,balanced_sex_patient_aware_undersampling,sex,patient_aware_undersampling,False,undersampling,guided,ENTIRE,B,26.95,0.59,26.84,0.10999999999999943,0.40983606557376834,
T1DiabetesGranada,balanced_sex_patient_aware_undersampling,sex,patient_aware_undersampling,False,undersampling,guided,ENTIRE,C,0.16,0.02,0.16,0.0,0.0,-0.0
T1DiabetesGranada,balanced_sex_patient_aware_undersampling,sex,patient_aware_undersampling,False,undersampling,guided,ENTIRE,D,5.32,0.36,5.38,-0.05999999999999961,-1.1152416356877253,1.1152416356877253
T1DiabetesGranada,balanced_sex_patient_aware_undersampling,sex,patient_aware_undersampling,False,undersampling,guided,ENTIRE,E,0.03,0.01,0.03,0.0,0.0,-0.0
T1DiabetesGranada,balanced_sex_patient_aware_undersampling,sex,patient_aware_undersampling,False,undersampling,guided,ENTIRE,A + B,94.49,0.38,94.43,0.05999999999998806,0.06353912951391302,0.06353912951391302
T1DiabetesGranada,balanced_sex_patient_aware_undersampling,sex,patient_aware_undersampling,False,undersampling,guided,ENTIRE,RMSE,37.92,0.77,37.8,0.12000000000000455,0.31746031746032954,-0.31746031746032954
T1DiabetesGranada,balanced_sex_patient_aware_undersampling,sex,patient_aware_undersampling,False,undersampling,guided,ENTIRE,MSE,1438.54,58.76,1429.28,9.259999999999991,0.6478786521885138,-0.6478786521885138
T1DiabetesGranada,balanced_sex_patient_aware_undersampling,sex,patient_aware_undersampling,False,undersampling,guided,ENTIRE,MAE,27.62,0.61,27.51,0.10999999999999943,0.3998545983278787,-0.3998545983278787
T1DiabetesGranada,balanced_sex_patient_aware_undersampling,sex,patient_aware_undersampling,False,undersampling,guided,ENTIRE,MAPE,0.18,0.0,0.18,0.0,0.0,-0.0
T1DiabetesGranada,balanced_sex_smote,sex,smote,False,oversampling,guided,TBR_2,A,17.23,3.93,19.98,-2.75,-13.763763763763764,-13.763763763763764
T1DiabetesGranada,balanced_sex_smote,sex,smote,False,oversampling,guided,TBR_2,B,0.0,0.0,0.0,0.0,,
T1DiabetesGranada,balanced_sex_smote,sex,smote,False,oversampling,guided,TBR_2,C,0.0,0.0,0.0,0.0,,
T1DiabetesGranada,balanced_sex_smote,sex,smote,False,oversampling,guided,TBR_2,D,82.43,3.9,79.69,2.740000000000009,3.4383235035763695,-3.4383235035763695
T1DiabetesGranada,balanced_sex_smote,sex,smote,False,oversampling,guided,TBR_2,E,0.34,0.05,0.34,0.0,0.0,-0.0
T1DiabetesGranada,balanced_sex_smote,sex,smote,False,oversampling,guided,TBR_2,A + B,17.23,3.93,19.98,-2.75,-13.763763763763764,-13.763763763763764
T1DiabetesGranada,balanced_sex_smote,sex,smote,False,oversampling,guided,TBR_2,RMSE,39.6,1.33,39.38,0.21999999999999886,0.558659217877092,-0.558659217877092
T1DiabetesGranada,balanced_sex_smote,sex,smote,False,oversampling,guided,TBR_2,MSE,1569.54,105.44,1552.07,17.470000000000027,1.125593562146039,-1.125593562146039
T1DiabetesGranada,balanced_sex_smote,sex,smote,False,oversampling,guided,TBR_2,MAE,35.34,1.18,35.1,0.240000000000002,0.6837606837606894,-0.6837606837606894
T1DiabetesGranada,balanced_sex_smote,sex,smote,False,oversampling,guided,TBR_2,MAPE,0.74,0.03,0.73,0.010000000000000009,1.3698630136986314,-1.3698630136986314
T1DiabetesGranada,balanced_sex_smote,sex,smote,False,oversampling,guided,TBR_1,A,12.0,1.84,11.95,0.05000000000000071,0.41841004184101016,0.41841004184101016
T1DiabetesGranada,balanced_sex_smote,sex,smote,False,oversampling,guided,TBR_1,B,0.0,0.0,0.0,0.0,,
T1DiabetesGranada,balanced_sex_smote,sex,smote,False,oversampling,guided,TBR_1,C,0.0,0.0,0.0,0.0,,
T1DiabetesGranada,balanced_sex_smote,sex,smote,False,oversampling,guided,TBR_1,D,87.48,1.83,87.54,-0.060000000000002274,-0.06854009595613693,0.06854009595613693
T1DiabetesGranada,balanced_sex_smote,sex,smote,False,oversampling,guided,TBR_1,E,0.52,0.05,0.52,0.0,0.0,-0.0
T1DiabetesGranada,balanced_sex_smote,sex,smote,False,oversampling,guided,TBR_1,A + B,12.0,1.84,11.95,0.05000000000000071,0.41841004184101016,0.41841004184101016
T1DiabetesGranada,balanced_sex_smote,sex,smote,False,oversampling,guided,TBR_1,RMSE,35.91,1.03,35.92,-0.010000000000005116,-0.027839643652575487,0.027839643652575487
T1DiabetesGranada,balanced_sex_smote,sex,smote,False,oversampling,guided,TBR_1,MSE,1290.04,74.33,1290.64,-0.6000000000001364,-0.0464885638133125,0.0464885638133125
T1DiabetesGranada,balanced_sex_smote,sex,smote,False,oversampling,guided,TBR_1,MAE,30.57,0.96,30.64,-0.07000000000000028,-0.22845953002611058,0.22845953002611058
T1DiabetesGranada,balanced_sex_smote,sex,smote,False,oversampling,guided,TBR_1,MAPE,0.5,0.02,0.5,0.0,0.0,-0.0
T1DiabetesGranada,balanced_sex_smote,sex,smote,False,oversampling,guided,TIR,A,71.84,0.89,71.8,0.04000000000000625,0.055710306406693944,0.055710306406693944
T1DiabetesGranada,balanced_sex_smote,sex,smote,False,oversampling,guided,TIR,B,27.93,0.86,27.96,-0.030000000000001137,-0.10729613733905985,
T1DiabetesGranada,balanced_sex_smote,sex,smote,False,oversampling,guided,TIR,C,0.24,0.04,0.24,0.0,0.0,-0.0
T1DiabetesGranada,balanced_sex_smote,sex,smote,False,oversampling,guided,TIR,D,0.0,0.0,0.0,0.0,,
T1DiabetesGranada,balanced_sex_smote,sex,smote,False,oversampling,guided,TIR,E,0.0,0.0,0.0,0.0,,
T1DiabetesGranada,balanced_sex_smote,sex,smote,False,oversampling,guided,TIR,A + B,99.76,0.03,99.76,0.0,0.0,0.0
T1DiabetesGranada,balanced_sex_smote,sex,smote,False,oversampling,guided,TIR,RMSE,26.66,0.52,26.62,0.03999999999999915,0.15026296018031235,-0.15026296018031235
T1DiabetesGranada,balanced_sex_smote,sex,smote,False,oversampling,guided,TIR,MSE,710.82,27.55,708.96,1.8600000000000136,0.26235612728503915,-0.26235612728503915
T1DiabetesGranada,balanced_sex_smote,sex,smote,False,oversampling,guided,TIR,MAE,19.4,0.4,19.37,0.029999999999997584,0.15487867836859878,-0.15487867836859878
T1DiabetesGranada,balanced_sex_smote,sex,smote,False,oversampling,guided,TIR,MAPE,0.16,0.0,0.16,0.0,0.0,-0.0
T1DiabetesGranada,balanced_sex_smote,sex,smote,False,oversampling,guided,TAR_1,A,70.61,1.28,70.58,0.030000000000001137,0.04250495891187466,0.04250495891187466
T1DiabetesGranada,balanced_sex_smote,sex,smote,False,oversampling,guided,TAR_1,B,27.5,1.23,27.52,-0.019999999999999574,-0.07267441860464961,
T1DiabetesGranada,balanced_sex_smote,sex,smote,False,oversampling,guided,TAR_1,C,0.06,0.03,0.06,0.0,0.0,-0.0
T1DiabetesGranada,balanced_sex_smote,sex,smote,False,oversampling,guided,TAR_1,D,1.8,0.08,1.8,0.0,0.0,-0.0
T1DiabetesGranada,balanced_sex_smote,sex,smote,False,oversampling,guided,TAR_1,E,0.03,0.01,0.03,0.0,0.0,-0.0
T1DiabetesGranada,balanced_sex_smote,sex,smote,False,oversampling,guided,TAR_1,A + B,98.11,0.08,98.1,0.010000000000005116,0.010193679918455776,0.010193679918455776
T1DiabetesGranada,balanced_sex_smote,sex,smote,False,oversampling,guided,TAR_1,RMSE,42.96,0.93,42.95,0.00999999999999801,0.023282887077993038,-0.023282887077993038
T1DiabetesGranada,balanced_sex_smote,sex,smote,False,oversampling,guided,TAR_1,MSE,1846.32,79.66,1844.89,1.4299999999998363,0.07751139634340455,-0.07751139634340455
T1DiabetesGranada,balanced_sex_smote,sex,smote,False,oversampling,guided,TAR_1,MAE,33.73,0.96,33.73,0.0,0.0,-0.0
T1DiabetesGranada,balanced_sex_smote,sex,smote,False,oversampling,guided,TAR_1,MAPE,0.16,0.0,0.16,0.0,0.0,-0.0
T1DiabetesGranada,balanced_sex_smote,sex,smote,False,oversampling,guided,TAR_2,A,61.74,1.37,61.68,0.060000000000002274,0.09727626459144338,0.09727626459144338
T1DiabetesGranada,balanced_sex_smote,sex,smote,False,oversampling,guided,TAR_2,B,30.63,1.1,30.69,-0.060000000000002274,-0.19550342130988033,
T1DiabetesGranada,balanced_sex_smote,sex,smote,False,oversampling,guided,TAR_2,C,0.03,0.02,0.03,0.0,0.0,-0.0
T1DiabetesGranada,balanced_sex_smote,sex,smote,False,oversampling,guided,TAR_2,D,7.6,0.73,7.6,0.0,0.0,-0.0
T1DiabetesGranada,balanced_sex_smote,sex,smote,False,oversampling,guided,TAR_2,E,0.0,0.0,0.0,0.0,,
T1DiabetesGranada,balanced_sex_smote,sex,smote,False,oversampling,guided,TAR_2,A + B,92.37,0.72,92.37,0.0,0.0,0.0
T1DiabetesGranada,balanced_sex_smote,sex,smote,False,oversampling,guided,TAR_2,RMSE,66.25,1.2,66.33,-0.0799999999999983,-0.12060907583295387,0.12060907583295387
T1DiabetesGranada,balanced_sex_smote,sex,smote,False,oversampling,guided,TAR_2,MSE,4390.09,159.71,4400.96,-10.86999999999989,-0.2469915654766208,0.2469915654766208
T1DiabetesGranada,balanced_sex_smote,sex,smote,False,oversampling,guided,TAR_2,MAE,55.76,1.16,55.9,-0.14000000000000057,-0.25044722719141427,0.25044722719141427
T1DiabetesGranada,balanced_sex_smote,sex,smote,False,oversampling,guided,TAR_2,MAPE,0.18,0.0,0.18,0.0,0.0,-0.0
T1DiabetesGranada,balanced_sex_smote,sex,smote,False,oversampling,guided,ENTIRE,A,67.6,1.09,67.59,0.009999999999990905,0.014795088030760324,0.014795088030760324
T1DiabetesGranada,balanced_sex_smote,sex,smote,False,oversampling,guided,ENTIRE,B,26.81,0.71,26.84,-0.030000000000001137,-0.11177347242921436,
T1DiabetesGranada,balanced_sex_smote,sex,smote,False,oversampling,guided,ENTIRE,C,0.16,0.03,0.16,0.0,0.0,-0.0
T1DiabetesGranada,balanced_sex_smote,sex,smote,False,oversampling,guided,ENTIRE,D,5.4,0.37,5.38,0.020000000000000462,0.3717472118959194,-0.3717472118959194
T1DiabetesGranada,balanced_sex_smote,sex,smote,False,oversampling,guided,ENTIRE,E,0.03,0.01,0.03,0.0,0.0,-0.0
T1DiabetesGranada,balanced_sex_smote,sex,smote,False,oversampling,guided,ENTIRE,A + B,94.41,0.39,94.43,-0.020000000000010232,-0.021179709837986054,-0.021179709837986054
T1DiabetesGranada,balanced_sex_smote,sex,smote,False,oversampling,guided,ENTIRE,RMSE,37.8,0.86,37.8,0.0,0.0,-0.0
T1DiabetesGranada,balanced_sex_smote,sex,smote,False,oversampling,guided,ENTIRE,MSE,1429.51,65.12,1429.28,0.2300000000000182,0.01609201835889526,-0.01609201835889526
T1DiabetesGranada,balanced_sex_smote,sex,smote,False,oversampling,guided,ENTIRE,MAE,27.51,0.69,27.51,0.0,0.0,-0.0
T1DiabetesGranada,balanced_sex_smote,sex,smote,False,oversampling,guided,ENTIRE,MAPE,0.18,0.01,0.18,0.0,0.0,-0.0
T1DiabetesGranada,balanced_sex_smote_tomek,sex,smote_tomek,False,same_size,guided,TBR_2,A,17.76,9.62,19.98,-2.219999999999999,-11.111111111111105,-11.111111111111105
T1DiabetesGranada,balanced_sex_smote_tomek,sex,smote_tomek,False,same_size,guided,TBR_2,B,0.0,0.0,0.0,0.0,,
T1DiabetesGranada,balanced_sex_smote_tomek,sex,smote_tomek,False,same_size,guided,TBR_2,C,0.0,0.0,0.0,0.0,,
T1DiabetesGranada,balanced_sex_smote_tomek,sex,smote_tomek,False,same_size,guided,TBR_2,D,81.91,9.65,79.69,2.219999999999999,2.785794955452377,-2.785794955452377
T1DiabetesGranada,balanced_sex_smote_tomek,sex,smote_tomek,False,same_size,guided,TBR_2,E,0.34,0.06,0.34,0.0,0.0,-0.0
T1DiabetesGranada,balanced_sex_smote_tomek,sex,smote_tomek,False,same_size,guided,TBR_2,A + B,17.76,9.62,19.98,-2.219999999999999,-11.111111111111105,-11.111111111111105
T1DiabetesGranada,balanced_sex_smote_tomek,sex,smote_tomek,False,same_size,guided,TBR_2,RMSE,39.63,0.94,39.38,0.25,0.6348400203148806,-0.6348400203148806
T1DiabetesGranada,balanced_sex_smote_tomek,sex,smote_tomek,False,same_size,guided,TBR_2,MSE,1571.09,74.61,1552.07,19.019999999999982,1.225460191872788,-1.225460191872788
T1DiabetesGranada,balanced_sex_smote_tomek,sex,smote_tomek,False,same_size,guided,TBR_2,MAE,35.46,1.21,35.1,0.35999999999999943,1.025641025641024,-1.025641025641024
T1DiabetesGranada,balanced_sex_smote_tomek,sex,smote_tomek,False,same_size,guided,TBR_2,MAPE,0.74,0.02,0.73,0.010000000000000009,1.3698630136986314,-1.3698630136986314
T1DiabetesGranada,balanced_sex_smote_tomek,sex,smote_tomek,False,same_size,guided,TBR_1,A,11.8,5.37,11.95,-0.14999999999999858,-1.2552301255230007,-1.2552301255230007
T1DiabetesGranada,balanced_sex_smote_tomek,sex,smote_tomek,False,same_size,guided,TBR_1,B,0.0,0.0,0.0,0.0,,
T1DiabetesGranada,balanced_sex_smote_tomek,sex,smote_tomek,False,same_size,guided,TBR_1,C,0.0,0.0,0.0,0.0,,
T1DiabetesGranada,balanced_sex_smote_tomek,sex,smote_tomek,False,same_size,guided,TBR_1,D,87.68,5.38,87.54,0.14000000000000057,0.1599268905643141,-0.1599268905643141
T1DiabetesGranada,balanced_sex_smote_tomek,sex,smote_tomek,False,same_size,guided,TBR_1,E,0.52,0.06,0.52,0.0,0.0,-0.0
T1DiabetesGranada,balanced_sex_smote_tomek,sex,smote_tomek,False,same_size,guided,TBR_1,A + B,11.8,5.37,11.95,-0.14999999999999858,-1.2552301255230007,-1.2552301255230007
T1DiabetesGranada,balanced_sex_smote_tomek,sex,smote_tomek,False,same_size,guided,TBR_1,RMSE,36.03,0.91,35.92,0.10999999999999943,0.30623608017817217,-0.30623608017817217
T1DiabetesGranada,balanced_sex_smote_tomek,sex,smote_tomek,False,same_size,guided,TBR_1,MSE,1298.63,65.71,1290.64,7.990000000000009,0.6190727081138047,-0.6190727081138047
T1DiabetesGranada,balanced_sex_smote_tomek,sex,smote_tomek,False,same_size,guided,TBR_1,MAE,30.81,1.17,30.64,0.16999999999999815,0.5548302872062603,-0.5548302872062603
T1DiabetesGranada,balanced_sex_smote_tomek,sex,smote_tomek,False,same_size,guided,TBR_1,MAPE,0.5,0.02,0.5,0.0,0.0,-0.0
T1DiabetesGranada,balanced_sex_smote_tomek,sex,smote_tomek,False,same_size,guided,TIR,A,71.73,0.62,71.8,-0.06999999999999318,-0.09749303621168966,-0.09749303621168966
T1DiabetesGranada,balanced_sex_smote_tomek,sex,smote_tomek,False,same_size,guided,TIR,B,28.04,0.6,27.96,0.0799999999999983,0.28612303290414265,
T1DiabetesGranada,balanced_sex_smote_tomek,sex,smote_tomek,False,same_size,guided,TIR,C,0.22,0.03,0.24,-0.01999999999999999,-8.33333333333333,8.33333333333333
T1DiabetesGranada,balanced_sex_smote_tomek,sex,smote_tomek,False,same_size,guided,TIR,D,0.0,0.0,0.0,0.0,,
T1DiabetesGranada,balanced_sex_smote_tomek,sex,smote_tomek,False,same_size,guided,TIR,E,0.0,0.0,0.0,0.0,,
T1DiabetesGranada,balanced_sex_smote_tomek,sex,smote_tomek,False,same_size,guided,TIR,A + B,99.77,0.03,99.76,0.009999999999990905,0.010024057738563458,0.010024057738563458
T1DiabetesGranada,balanced_sex_smote_tomek,sex,smote_tomek,False,same_size,guided,TIR,RMSE,26.56,0.64,26.62,-0.060000000000002274,-0.22539444027048186,0.22539444027048186
T1DiabetesGranada,balanced_sex_smote_tomek,sex,smote_tomek,False,same_size,guided,TIR,MSE,705.51,33.9,708.96,-3.4500000000000455,-0.48662830060934964,0.48662830060934964
T1DiabetesGranada,balanced_sex_smote_tomek,sex,smote_tomek,False,same_size,guided,TIR,MAE,19.35,0.4,19.37,-0.019999999999999574,-0.10325245224573863,0.10325245224573863
T1DiabetesGranada,balanced_sex_smote_tomek,sex,smote_tomek,False,same_size,guided,TIR,MAPE,0.16,0.0,0.16,0.0,0.0,-0.0
T1DiabetesGranada,balanced_sex_smote_tomek,sex,smote_tomek,False,same_size,guided,TAR_1,A,70.41,0.93,70.58,-0.1700000000000017,-0.24086143383394973,-0.24086143383394973
T1DiabetesGranada,balanced_sex_smote_tomek,sex,smote_tomek,False,same_size,guided,TAR_1,B,27.67,0.82,27.52,0.15000000000000213,0.5450581395348915,
T1DiabetesGranada,balanced_sex_smote_tomek,sex,smote_tomek,False,same_size,guided,TAR_1,C,0.05,0.02,0.06,-0.009999999999999995,-16.66666666666666,16.66666666666666
T1DiabetesGranada,balanced_sex_smote_tomek,sex,smote_tomek,False,same_size,guided,TAR_1,D,1.83,0.08,1.8,0.030000000000000027,1.666666666666668,-1.666666666666668
T1DiabetesGranada,balanced_sex_smote_tomek,sex,smote_tomek,False,same_size,guided,TAR_1,E,0.04,0.03,0.03,0.010000000000000002,33.33333333333334,-33.33333333333334
T1DiabetesGranada,balanced_sex_smote_tomek,sex,smote_tomek,False,same_size,guided,TAR_1,A + B,98.08,0.12,98.1,-0.01999999999999602,-0.020387359836897066,-0.020387359836897066
T1DiabetesGranada,balanced_sex_smote_tomek,sex,smote_tomek,False,same_size,guided,TAR_1,RMSE,43.07,0.72,42.95,0.11999999999999744,0.2793946449359661,-0.2793946449359661
T1DiabetesGranada,balanced_sex_smote_tomek,sex,smote_tomek,False,same_size,guided,TAR_1,MSE,1855.6,62.25,1844.89,10.709999999999809,0.5805224159705895,-0.5805224159705895
T1DiabetesGranada,balanced_sex_smote_tomek,sex,smote_tomek,False,same_size,guided,TAR_1,MAE,33.87,0.58,33.73,0.14000000000000057,0.4150607767565982,-0.4150607767565982
T1DiabetesGranada,balanced_sex_smote_tomek,sex,smote_tomek,False,same_size,guided,TAR_1,MAPE,0.16,0.0,0.16,0.0,0.0,-0.0
T1DiabetesGranada,balanced_sex_smote_tomek,sex,smote_tomek,False,same_size,guided,TAR_2,A,60.46,1.18,61.68,-1.2199999999999989,-1.9779507133592718,-1.9779507133592718
T1DiabetesGranada,balanced_sex_smote_tomek,sex,smote_tomek,False,same_size,guided,TAR_2,B,31.83,1.26,30.69,1.139999999999997,3.714565004887576,
T1DiabetesGranada,balanced_sex_smote_tomek,sex,smote_tomek,False,same_size,guided,TAR_2,C,0.02,0.02,0.03,-0.009999999999999998,-33.33333333333333,33.33333333333333
T1DiabetesGranada,balanced_sex_smote_tomek,sex,smote_tomek,False,same_size,guided,TAR_2,D,7.68,0.43,7.6,0.08000000000000007,1.0526315789473695,-1.0526315789473695
T1DiabetesGranada,balanced_sex_smote_tomek,sex,smote_tomek,False,same_size,guided,TAR_2,E,0.0,0.0,0.0,0.0,,
T1DiabetesGranada,balanced_sex_smote_tomek,sex,smote_tomek,False,same_size,guided,TAR_2,A + B,92.29,0.43,92.37,-0.0799999999999983,-0.08660820612752873,-0.08660820612752873
T1DiabetesGranada,balanced_sex_smote_tomek,sex,smote_tomek,False,same_size,guided,TAR_2,RMSE,67.11,1.63,66.33,0.7800000000000011,1.175938489371327,-1.175938489371327
T1DiabetesGranada,balanced_sex_smote_tomek,sex,smote_tomek,False,same_size,guided,TAR_2,MSE,4505.99,220.18,4400.96,105.02999999999975,2.386524758234561,-2.386524758234561
T1DiabetesGranada,balanced_sex_smote_tomek,sex,smote_tomek,False,same_size,guided,TAR_2,MAE,56.81,1.5,55.9,0.9100000000000037,1.6279069767441927,-1.6279069767441927
T1DiabetesGranada,balanced_sex_smote_tomek,sex,smote_tomek,False,same_size,guided,TAR_2,MAPE,0.19,0.0,0.18,0.010000000000000009,5.555555555555561,-5.555555555555561
T1DiabetesGranada,balanced_sex_smote_tomek,sex,smote_tomek,False,same_size,guided,ENTIRE,A,67.35,0.5,67.59,-0.2400000000000091,-0.35508211273858425,-0.35508211273858425
T1DiabetesGranada,balanced_sex_smote_tomek,sex,smote_tomek,False,same_size,guided,ENTIRE,B,27.06,0.49,26.84,0.21999999999999886,0.8196721311475367,
T1DiabetesGranada,balanced_sex_smote_tomek,sex,smote_tomek,False,same_size,guided,ENTIRE,C,0.15,0.02,0.16,-0.010000000000000009,-6.250000000000005,6.250000000000005
T1DiabetesGranada,balanced_sex_smote_tomek,sex,smote_tomek,False,same_size,guided,ENTIRE,D,5.41,0.12,5.38,0.03000000000000025,0.5576208178438709,-0.5576208178438709
T1DiabetesGranada,balanced_sex_smote_tomek,sex,smote_tomek,False,same_size,guided,ENTIRE,E,0.03,0.01,0.03,0.0,0.0,-0.0
T1DiabetesGranada,balanced_sex_smote_tomek,sex,smote_tomek,False,same_size,guided,ENTIRE,A + B,94.41,0.13,94.43,-0.020000000000010232,-0.021179709837986054,-0.021179709837986054
T1DiabetesGranada,balanced_sex_smote_tomek,sex,smote_tomek,False,same_size,guided,ENTIRE,RMSE,37.97,0.98,37.8,0.1700000000000017,0.44973544973545426,-0.44973544973545426
T1DiabetesGranada,balanced_sex_smote_tomek,sex,smote_tomek,False,same_size,guided,ENTIRE,MSE,1442.4,75.16,1429.28,13.120000000000118,0.9179446994290914,-0.9179446994290914
T1DiabetesGranada,balanced_sex_smote_tomek,sex,smote_tomek,False,same_size,guided,ENTIRE,MAE,27.65,0.68,27.51,0.13999999999999702,0.5089058524172919,-0.5089058524172919
T1DiabetesGranada,balanced_sex_smote_tomek,sex,smote_tomek,False,same_size,guided,ENTIRE,MAPE,0.18,0.0,0.18,0.0,0.0,-0.0
T1DiabetesGranada,balanced_sex_tomek_links,sex,tomek_links,False,undersampling,guided,TBR_2,A,17.17,10.47,19.98,-2.8099999999999987,-14.064064064064057,-14.064064064064057
T1DiabetesGranada,balanced_sex_tomek_links,sex,tomek_links,False,undersampling,guided,TBR_2,B,0.0,0.0,0.0,0.0,,
T1DiabetesGranada,balanced_sex_tomek_links,sex,tomek_links,False,undersampling,guided,TBR_2,C,0.0,0.0,0.0,0.0,,
T1DiabetesGranada,balanced_sex_tomek_links,sex,tomek_links,False,undersampling,guided,TBR_2,D,82.45,10.47,79.69,2.760000000000005,3.463420755427287,-3.463420755427287
T1DiabetesGranada,balanced_sex_tomek_links,sex,tomek_links,False,undersampling,guided,TBR_2,E,0.38,0.09,0.34,0.03999999999999998,11.764705882352935,-11.764705882352935
T1DiabetesGranada,balanced_sex_tomek_links,sex,tomek_links,False,undersampling,guided,TBR_2,A + B,17.17,10.47,19.98,-2.8099999999999987,-14.064064064064057,-14.064064064064057
T1DiabetesGranada,balanced_sex_tomek_links,sex,tomek_links,False,undersampling,guided,TBR_2,RMSE,39.99,1.7,39.38,0.6099999999999994,1.5490096495683072,-1.5490096495683072
T1DiabetesGranada,balanced_sex_tomek_links,sex,tomek_links,False,undersampling,guided,TBR_2,MSE,1601.16,135.14,1552.07,49.090000000000146,3.162872808571788,-3.162872808571788
T1DiabetesGranada,balanced_sex_tomek_links,sex,tomek_links,False,undersampling,guided,TBR_2,MAE,35.95,2.27,35.1,0.8500000000000014,2.421652421652426,-2.421652421652426
T1DiabetesGranada,balanced_sex_tomek_links,sex,tomek_links,False,undersampling,guided,TBR_2,MAPE,0.75,0.04,0.73,0.020000000000000018,2.739726027397263,-2.739726027397263
T1DiabetesGranada,balanced_sex_tomek_links,sex,tomek_links,False,undersampling,guided,TBR_1,A,10.12,5.99,11.95,-1.83,-15.313807531380755,-15.313807531380755
T1DiabetesGranada,balanced_sex_tomek_links,sex,tomek_links,False,undersampling,guided,TBR_1,B,0.0,0.0,0.0,0.0,,
T1DiabetesGranada,balanced_sex_tomek_links,sex,tomek_links,False,undersampling,guided,TBR_1,C,0.0,0.0,0.0,0.0,,
T1DiabetesGranada,balanced_sex_tomek_links,sex,tomek_links,False,undersampling,guided,TBR_1,D,89.31,6.01,87.54,1.769999999999996,2.0219328307059583,-2.0219328307059583
T1DiabetesGranada,balanced_sex_tomek_links,sex,tomek_links,False,undersampling,guided,TBR_1,E,0.57,0.12,0.52,0.04999999999999993,9.615384615384603,-9.615384615384603
T1DiabetesGranada,balanced_sex_tomek_links,sex,tomek_links,False,undersampling,guided,TBR_1,A + B,10.12,5.99,11.95,-1.83,-15.313807531380755,-15.313807531380755
T1DiabetesGranada,balanced_sex_tomek_links,sex,tomek_links,False,undersampling,guided,TBR_1,RMSE,36.28,1.39,35.92,0.35999999999999943,1.0022271714922033,-1.0022271714922033
T1DiabetesGranada,balanced_sex_tomek_links,sex,tomek_links,False,undersampling,guided,TBR_1,MSE,1317.55,99.56,1290.64,26.909999999999854,2.08501208702658,-2.08501208702658
T1DiabetesGranada,balanced_sex_tomek_links,sex,tomek_links,False,undersampling,guided,TBR_1,MAE,31.12,1.65,30.64,0.4800000000000004,1.5665796344647531,-1.5665796344647531
T1DiabetesGranada,balanced_sex_tomek_links,sex,tomek_links,False,undersampling,guided,TBR_1,MAPE,0.51,0.03,0.5,0.010000000000000009,2.0000000000000018,-2.0000000000000018
T1DiabetesGranada,balanced_sex_tomek_links,sex,tomek_links,False,undersampling,guided,TIR,A,71.46,1.23,71.8,-0.3400000000000034,-0.4735376044568293,-0.4735376044568293
T1DiabetesGranada,balanced_sex_tomek_links,sex,tomek_links,False,undersampling,guided,TIR,B,28.28,1.17,27.96,0.3200000000000003,1.1444921316165961,
T1DiabetesGranada,balanced_sex_tomek_links,sex,tomek_links,False,undersampling,guided,TIR,C,0.25,0.06,0.24,0.010000000000000009,4.1666666666666705,-4.1666666666666705
T1DiabetesGranada,balanced_sex_tomek_links,sex,tomek_links,False,undersampling,guided,TIR,D,0.0,0.0,0.0,0.0,,
T1DiabetesGranada,balanced_sex_tomek_links,sex,tomek_links,False,undersampling,guided,TIR,E,0.0,0.0,0.0,0.0,,
T1DiabetesGranada,balanced_sex_tomek_links,sex,tomek_links,False,undersampling,guided,TIR,A + B,99.75,0.06,99.76,-0.010000000000005116,-0.010024057738577702,-0.010024057738577702
T1DiabetesGranada,balanced_sex_tomek_links,sex,tomek_links,False,undersampling,guided,TIR,RMSE,26.87,0.89,26.62,0.25,0.9391435011269721,-0.9391435011269721
T1DiabetesGranada,balanced_sex_tomek_links,sex,tomek_links,False,undersampling,guided,TIR,MSE,722.8,48.24,708.96,13.839999999999918,1.9521552696908033,-1.9521552696908033
T1DiabetesGranada,balanced_sex_tomek_links,sex,tomek_links,False,undersampling,guided,TIR,MAE,19.54,0.58,19.37,0.16999999999999815,0.8776458440887875,-0.8776458440887875
T1DiabetesGranada,balanced_sex_tomek_links,sex,tomek_links,False,undersampling,guided,TIR,MAPE,0.16,0.01,0.16,0.0,0.0,-0.0
T1DiabetesGranada,balanced_sex_tomek_links,sex,tomek_links,False,undersampling,guided,TAR_1,A,71.32,1.92,70.58,0.7399999999999949,1.0484556531595282,1.0484556531595282
T1DiabetesGranada,balanced_sex_tomek_links,sex,tomek_links,False,undersampling,guided,TAR_1,B,26.84,1.78,27.52,-0.6799999999999997,-2.470930232558138,
T1DiabetesGranada,balanced_sex_tomek_links,sex,tomek_links,False,undersampling,guided,TAR_1,C,0.06,0.02,0.06,0.0,0.0,-0.0
T1DiabetesGranada,balanced_sex_tomek_links,sex,tomek_links,False,undersampling,guided,TAR_1,D,1.75,0.17,1.8,-0.050000000000000044,-2.77777777777778,2.77777777777778
T1DiabetesGranada,balanced_sex_tomek_links,sex,tomek_links,False,undersampling,guided,TAR_1,E,0.03,0.02,0.03,0.0,0.0,-0.0
T1DiabetesGranada,balanced_sex_tomek_links,sex,tomek_links,False,undersampling,guided,TAR_1,A + B,98.15,0.16,98.1,0.05000000000001137,0.050968399592264395,0.050968399592264395
T1DiabetesGranada,balanced_sex_tomek_links,sex,tomek_links,False,undersampling,guided,TAR_1,RMSE,42.63,1.1,42.95,-0.3200000000000003,-0.7450523864959261,0.7450523864959261
T1DiabetesGranada,balanced_sex_tomek_links,sex,tomek_links,False,undersampling,guided,TAR_1,MSE,1817.89,92.22,1844.89,-27.0,-1.4635018890015121,1.4635018890015121
T1DiabetesGranada,balanced_sex_tomek_links,sex,tomek_links,False,undersampling,guided,TAR_1,MAE,33.18,1.54,33.73,-0.5499999999999972,-1.6305959086866206,1.6305959086866206
T1DiabetesGranada,balanced_sex_tomek_links,sex,tomek_links,False,undersampling,guided,TAR_1,MAPE,0.16,0.01,0.16,0.0,0.0,-0.0
T1DiabetesGranada,balanced_sex_tomek_links,sex,tomek_links,False,undersampling,guided,TAR_2,A,62.31,2.16,61.68,0.6300000000000026,1.0214007782101209,1.0214007782101209
T1DiabetesGranada,balanced_sex_tomek_links,sex,tomek_links,False,undersampling,guided,TAR_2,B,30.31,1.69,30.69,-0.38000000000000256,-1.2381883349625369,
T1DiabetesGranada,balanced_sex_tomek_links,sex,tomek_links,False,undersampling,guided,TAR_2,C,0.03,0.02,0.03,0.0,0.0,-0.0
T1DiabetesGranada,balanced_sex_tomek_links,sex,tomek_links,False,undersampling,guided,TAR_2,D,7.35,0.7,7.6,-0.25,-3.289473684210526,3.289473684210526
T1DiabetesGranada,balanced_sex_tomek_links,sex,tomek_links,False,undersampling,guided,TAR_2,E,0.0,0.0,0.0,0.0,,
T1DiabetesGranada,balanced_sex_tomek_links,sex,tomek_links,False,undersampling,guided,TAR_2,A + B,92.62,0.69,92.37,0.25,0.27065064414853307,0.27065064414853307
T1DiabetesGranada,balanced_sex_tomek_links,sex,tomek_links,False,undersampling,guided,TAR_2,RMSE,65.91,2.06,66.33,-0.4200000000000017,-0.6331976481230238,0.6331976481230238
T1DiabetesGranada,balanced_sex_tomek_links,sex,tomek_links,False,undersampling,guided,TAR_2,MSE,4347.68,270.52,4400.96,-53.279999999999745,-1.2106449501926793,1.2106449501926793
T1DiabetesGranada,balanced_sex_tomek_links,sex,tomek_links,False,undersampling,guided,TAR_2,MAE,55.41,2.19,55.9,-0.490000000000002,-0.87656529516995,0.87656529516995
T1DiabetesGranada,balanced_sex_tomek_links,sex,tomek_links,False,undersampling,guided,TAR_2,MAPE,0.18,0.01,0.18,0.0,0.0,-0.0
T1DiabetesGranada,balanced_sex_tomek_links,sex,tomek_links,False,undersampling,guided,ENTIRE,A,67.52,0.78,67.59,-0.07000000000000739,-0.10356561621542743,-0.10356561621542743
T1DiabetesGranada,balanced_sex_tomek_links,sex,tomek_links,False,undersampling,guided,ENTIRE,B,26.85,0.53,26.84,0.010000000000001563,0.037257824143075866,
T1DiabetesGranada,balanced_sex_tomek_links,sex,tomek_links,False,undersampling,guided,ENTIRE,C,0.17,0.04,0.16,0.010000000000000009,6.250000000000005,-6.250000000000005
T1DiabetesGranada,balanced_sex_tomek_links,sex,tomek_links,False,undersampling,guided,ENTIRE,D,5.42,0.28,5.38,0.040000000000000036,0.7434944237918222,-0.7434944237918222
T1DiabetesGranada,balanced_sex_tomek_links,sex,tomek_links,False,undersampling,guided,ENTIRE,E,0.03,0.01,0.03,0.0,0.0,-0.0
T1DiabetesGranada,balanced_sex_tomek_links,sex,tomek_links,False,undersampling,guided,ENTIRE,A + B,94.37,0.3,94.43,-0.060000000000002274,-0.06353912951392807,-0.06353912951392807
T1DiabetesGranada,balanced_sex_tomek_links,sex,tomek_links,False,undersampling,guided,ENTIRE,RMSE,37.78,0.89,37.8,-0.01999999999999602,-0.05291005291004239,0.05291005291004239
T1DiabetesGranada,balanced_sex_tomek_links,sex,tomek_links,False,undersampling,guided,ENTIRE,MSE,1428.01,67.99,1429.28,-1.2699999999999818,-0.08885592745997857,0.08885592745997857
T1DiabetesGranada,balanced_sex_tomek_links,sex,tomek_links,False,undersampling,guided,ENTIRE,MAE,27.47,0.74,27.51,-0.0400000000000027,-0.14540167211923918,0.14540167211923918
T1DiabetesGranada,balanced_sex_tomek_links,sex,tomek_links,False,undersampling,guided,ENTIRE,MAPE,0.18,0.0,0.18,0.0,0.0,-0.0
T1DiabetesGranada,balanced_sex_undersampling,sex,undersampling,False,undersampling,random,TBR_2,A,18.41,5.11,19.98,-1.5700000000000003,-7.8578578578578595,-7.8578578578578595
T1DiabetesGranada,balanced_sex_undersampling,sex,undersampling,False,undersampling,random,TBR_2,B,0.0,0.0,0.0,0.0,,
T1DiabetesGranada,balanced_sex_undersampling,sex,undersampling,False,undersampling,random,TBR_2,C,0.0,0.0,0.0,0.0,,
T1DiabetesGranada,balanced_sex_undersampling,sex,undersampling,False,undersampling,random,TBR_2,D,81.25,5.12,79.69,1.5600000000000023,1.9575856443719442,-1.9575856443719442
T1DiabetesGranada,balanced_sex_undersampling,sex,undersampling,False,undersampling,random,TBR_2,E,0.33,0.06,0.34,-0.010000000000000009,-2.9411764705882377,2.9411764705882377
T1DiabetesGranada,balanced_sex_undersampling,sex,undersampling,False,undersampling,random,TBR_2,A + B,18.41,5.11,19.98,-1.5700000000000003,-7.8578578578578595,-7.8578578578578595
T1DiabetesGranada,balanced_sex_undersampling,sex,undersampling,False,undersampling,random,TBR_2,RMSE,39.72,1.31,39.38,0.3399999999999963,0.8633824276282281,-0.8633824276282281
T1DiabetesGranada,balanced_sex_undersampling,sex,undersampling,False,undersampling,random,TBR_2,MSE,1579.29,104.36,1552.07,27.220000000000027,1.7537868781691568,-1.7537868781691568
T1DiabetesGranada,balanced_sex_undersampling,sex,undersampling,False,undersampling,random,TBR_2,MAE,35.55,1.12,35.1,0.44999999999999574,1.28205128205127,-1.28205128205127
T1DiabetesGranada,balanced_sex_undersampling,sex,undersampling,False,undersampling,random,TBR_2,MAPE,0.74,0.02,0.73,0.010000000000000009,1.3698630136986314,-1.3698630136986314
T1DiabetesGranada,balanced_sex_undersampling,sex,undersampling,False,undersampling,random,TBR_1,A,10.49,2.02,11.95,-1.459999999999999,-12.217573221757315,-12.217573221757315
T1DiabetesGranada,balanced_sex_undersampling,sex,undersampling,False,undersampling,random,TBR_1,B,0.0,0.0,0.0,0.0,,
T1DiabetesGranada,balanced_sex_undersampling,sex,undersampling,False,undersampling,random,TBR_1,C,0.0,0.0,0.0,0.0,,
T1DiabetesGranada,balanced_sex_undersampling,sex,undersampling,False,undersampling,random,TBR_1,D,88.99,2.0,87.54,1.4499999999999886,1.6563856522732334,-1.6563856522732334
T1DiabetesGranada,balanced_sex_undersampling,sex,undersampling,False,undersampling,random,TBR_1,E,0.51,0.05,0.52,-0.010000000000000009,-1.9230769230769247,1.9230769230769247
T1DiabetesGranada,balanced_sex_undersampling,sex,undersampling,False,undersampling,random,TBR_1,A + B,10.49,2.02,11.95,-1.459999999999999,-12.217573221757315,-12.217573221757315
T1DiabetesGranada,balanced_sex_undersampling,sex,undersampling,False,undersampling,random,TBR_1,RMSE,36.13,1.0,35.92,0.21000000000000085,0.5846325167037886,-0.5846325167037886
T1DiabetesGranada,balanced_sex_undersampling,sex,undersampling,False,undersampling,random,TBR_1,MSE,1305.99,72.46,1290.64,15.349999999999909,1.1893324242236338,-1.1893324242236338
T1DiabetesGranada,balanced_sex_undersampling,sex,undersampling,False,undersampling,random,TBR_1,MAE,31.01,0.81,30.64,0.370000000000001,1.2075718015665828,-1.2075718015665828
T1DiabetesGranada,balanced_sex_undersampling,sex,undersampling,False,undersampling,random,TBR_1,MAPE,0.5,0.01,0.5,0.0,0.0,-0.0
T1DiabetesGranada,balanced_sex_undersampling,sex,undersampling,False,undersampling,random,TIR,A,71.86,0.81,71.8,0.060000000000002274,0.08356545961003103,0.08356545961003103
T1DiabetesGranada,balanced_sex_undersampling,sex,undersampling,False,undersampling,random,TIR,B,27.91,0.77,27.96,-0.05000000000000071,-0.17882689556509554,
T1DiabetesGranada,balanced_sex_undersampling,sex,undersampling,False,undersampling,random,TIR,C,0.23,0.04,0.24,-0.009999999999999981,-4.166666666666659,4.166666666666659
T1DiabetesGranada,balanced_sex_undersampling,sex,undersampling,False,undersampling,random,TIR,D,0.0,0.0,0.0,0.0,,
T1DiabetesGranada,balanced_sex_undersampling,sex,undersampling,False,undersampling,random,TIR,E,0.0,0.0,0.0,0.0,,
T1DiabetesGranada,balanced_sex_undersampling,sex,undersampling,False,undersampling,random,TIR,A + B,99.77,0.04,99.76,0.009999999999990905,0.010024057738563458,0.010024057738563458
T1DiabetesGranada,balanced_sex_undersampling,sex,undersampling,False,undersampling,random,TIR,RMSE,26.52,0.66,26.62,-0.10000000000000142,-0.3756574004507942,0.3756574004507942
T1DiabetesGranada,balanced_sex_undersampling,sex,undersampling,False,undersampling,random,TIR,MSE,703.65,35.18,708.96,-5.310000000000059,-0.7489844278943888,0.7489844278943888
T1DiabetesGranada,balanced_sex_undersampling,sex,undersampling,False,undersampling,random,TIR,MAE,19.32,0.45,19.37,-0.05000000000000071,-0.2581311306143557,0.2581311306143557
T1DiabetesGranada,balanced_sex_undersampling,sex,undersampling,False,undersampling,random,TIR,MAPE,0.16,0.0,0.16,0.0,0.0,-0.0
T1DiabetesGranada,balanced_sex_undersampling,sex,undersampling,False,undersampling,random,TAR_1,A,70.42,0.67,70.58,-0.1599999999999966,-0.22669311419665142,-0.22669311419665142
T1DiabetesGranada,balanced_sex_undersampling,sex,undersampling,False,undersampling,random,TAR_1,B,27.67,0.61,27.52,0.15000000000000213,0.5450581395348915,
T1DiabetesGranada,balanced_sex_undersampling,sex,undersampling,False,undersampling,random,TAR_1,C,0.06,0.02,0.06,0.0,0.0,-0.0
T1DiabetesGranada,balanced_sex_undersampling,sex,undersampling,False,undersampling,random,TAR_1,D,1.82,0.05,1.8,0.020000000000000018,1.111111111111112,-1.111111111111112
T1DiabetesGranada,balanced_sex_undersampling,sex,undersampling,False,undersampling,random,TAR_1,E,0.03,0.01,0.03,0.0,0.0,-0.0
T1DiabetesGranada,balanced_sex_undersampling,sex,undersampling,False,undersampling,random,TAR_1,A + B,98.09,0.07,98.1,-0.009999999999990905,-0.010193679918441289,-0.010193679918441289
T1DiabetesGranada,balanced_sex_undersampling,sex,undersampling,False,undersampling,random,TAR_1,RMSE,43.05,0.66,42.95,0.09999999999999432,0.23282887077996348,-0.23282887077996348
T1DiabetesGranada,balanced_sex_undersampling,sex,undersampling,False,undersampling,random,TAR_1,MSE,1853.86,56.63,1844.89,8.9699999999998,0.4862078497904916,-0.4862078497904916
T1DiabetesGranada,balanced_sex_undersampling,sex,undersampling,False,undersampling,random,TAR_1,MAE,33.87,0.53,33.73,0.14000000000000057,0.4150607767565982,-0.4150607767565982
T1DiabetesGranada,balanced_sex_undersampling,sex,undersampling,False,undersampling,random,TAR_1,MAPE,0.16,0.0,0.16,0.0,0.0,-0.0
T1DiabetesGranada,balanced_sex_undersampling,sex,undersampling,False,undersampling,random,TAR_2,A,60.6,0.96,61.68,-1.0799999999999983,-1.7509727626459117,-1.7509727626459117
T1DiabetesGranada,balanced_sex_undersampling,sex,undersampling,False,undersampling,random,TAR_2,B,31.68,0.75,30.69,0.9899999999999984,3.225806451612898,
T1DiabetesGranada,balanced_sex_undersampling,sex,undersampling,False,undersampling,random,TAR_2,C,0.03,0.02,0.03,0.0,0.0,-0.0
T1DiabetesGranada,balanced_sex_undersampling,sex,undersampling,False,undersampling,random,TAR_2,D,7.68,0.67,7.6,0.08000000000000007,1.0526315789473695,-1.0526315789473695
T1DiabetesGranada,balanced_sex_undersampling,sex,undersampling,False,undersampling,random,TAR_2,E,0.0,0.0,0.0,0.0,,
T1DiabetesGranada,balanced_sex_undersampling,sex,undersampling,False,undersampling,random,TAR_2,A + B,92.29,0.65,92.37,-0.0799999999999983,-0.08660820612752873,-0.08660820612752873
T1DiabetesGranada,balanced_sex_undersampling,sex,undersampling,False,undersampling,random,TAR_2,RMSE,67.05,1.06,66.33,0.7199999999999989,1.0854816824966063,-1.0854816824966063
T1DiabetesGranada,balanced_sex_undersampling,sex,undersampling,False,undersampling,random,TAR_2,MSE,4496.55,141.19,4400.96,95.59000000000015,2.172026103395626,-2.172026103395626
T1DiabetesGranada,balanced_sex_undersampling,sex,undersampling,False,undersampling,random,TAR_2,MAE,56.76,0.89,55.9,0.8599999999999994,1.5384615384615374,-1.5384615384615374
T1DiabetesGranada,balanced_sex_undersampling,sex,undersampling,False,undersampling,random,TAR_2,MAPE,0.19,0.0,0.18,0.010000000000000009,5.555555555555561,-5.555555555555561
T1DiabetesGranada,balanced_sex_undersampling,sex,undersampling,False,undersampling,random,ENTIRE,A,67.41,0.77,67.59,-0.18000000000000682,-0.26631158455393816,-0.26631158455393816
T1DiabetesGranada,balanced_sex_undersampling,sex,undersampling,False,undersampling,random,ENTIRE,B,26.95,0.49,26.84,0.10999999999999943,0.40983606557376834,
T1DiabetesGranada,balanced_sex_undersampling,sex,undersampling,False,undersampling,random,ENTIRE,C,0.15,0.03,0.16,-0.010000000000000009,-6.250000000000005,6.250000000000005
T1DiabetesGranada,balanced_sex_undersampling,sex,undersampling,False,undersampling,random,ENTIRE,D,5.46,0.29,5.38,0.08000000000000007,1.4869888475836444,-1.4869888475836444
T1DiabetesGranada,balanced_sex_undersampling,sex,undersampling,False,undersampling,random,ENTIRE,E,0.03,0.01,0.03,0.0,0.0,-0.0
T1DiabetesGranada,balanced_sex_undersampling,sex,undersampling,False,undersampling,random,ENTIRE,A + B,94.35,0.32,94.43,-0.0800000000000125,-0.08471883935191411,-0.08471883935191411
T1DiabetesGranada,balanced_sex_undersampling,sex,undersampling,False,undersampling,random,ENTIRE,RMSE,37.93,0.83,37.8,0.13000000000000256,0.34391534391535067,-0.34391534391535067
T1DiabetesGranada,balanced_sex_undersampling,sex,undersampling,False,undersampling,random,ENTIRE,MSE,1439.44,63.13,1429.28,10.160000000000082,0.7108474196798445,-0.7108474196798445
T1DiabetesGranada,balanced_sex_undersampling,sex,undersampling,False,undersampling,random,ENTIRE,MAE,27.62,0.61,27.51,0.10999999999999943,0.3998545983278787,-0.3998545983278787
T1DiabetesGranada,balanced_sex_undersampling,sex,undersampling,False,undersampling,random,ENTIRE,MAPE,0.18,0.0,0.18,0.0,0.0,-0.0
T1DiabetesGranada,balanced_sex_undersampling_oversampling,sex,undersampling_oversampling,False,same_size,random,TBR_2,A,15.07,8.98,19.98,-4.91,-24.574574574574577,-24.574574574574577
T1DiabetesGranada,balanced_sex_undersampling_oversampling,sex,undersampling_oversampling,False,same_size,random,TBR_2,B,0.0,0.0,0.0,0.0,,
T1DiabetesGranada,balanced_sex_undersampling_oversampling,sex,undersampling_oversampling,False,same_size,random,TBR_2,C,0.0,0.0,0.0,0.0,,
T1DiabetesGranada,balanced_sex_undersampling_oversampling,sex,undersampling_oversampling,False,same_size,random,TBR_2,D,84.59,9.0,79.69,4.900000000000006,6.148826703475977,-6.148826703475977
T1DiabetesGranada,balanced_sex_undersampling_oversampling,sex,undersampling_oversampling,False,same_size,random,TBR_2,E,0.33,0.05,0.34,-0.010000000000000009,-2.9411764705882377,2.9411764705882377
T1DiabetesGranada,balanced_sex_undersampling_oversampling,sex,undersampling_oversampling,False,same_size,random,TBR_2,A + B,15.07,8.98,19.98,-4.91,-24.574574574574577,-24.574574574574577
T1DiabetesGranada,balanced_sex_undersampling_oversampling,sex,undersampling_oversampling,False,same_size,random,TBR_2,RMSE,39.79,1.31,39.38,0.4099999999999966,1.0411376333163955,-1.0411376333163955
T1DiabetesGranada,balanced_sex_undersampling_oversampling,sex,undersampling_oversampling,False,same_size,random,TBR_2,MSE,1584.35,104.22,1552.07,32.27999999999997,2.0798031016642273,-2.0798031016642273
T1DiabetesGranada,balanced_sex_undersampling_oversampling,sex,undersampling_oversampling,False,same_size,random,TBR_2,MAE,35.73,1.29,35.1,0.6299999999999955,1.7948717948717818,-1.7948717948717818
T1DiabetesGranada,balanced_sex_undersampling_oversampling,sex,undersampling_oversampling,False,same_size,random,TBR_2,MAPE,0.75,0.03,0.73,0.020000000000000018,2.739726027397263,-2.739726027397263
T1DiabetesGranada,balanced_sex_undersampling_oversampling,sex,undersampling_oversampling,False,same_size,random,TBR_1,A,10.25,4.54,11.95,-1.6999999999999993,-14.225941422594138,-14.225941422594138
T1DiabetesGranada,balanced_sex_undersampling_oversampling,sex,undersampling_oversampling,False,same_size,random,TBR_1,B,0.0,0.0,0.0,0.0,,
T1DiabetesGranada,balanced_sex_undersampling_oversampling,sex,undersampling_oversampling,False,same_size,random,TBR_1,C,0.0,0.0,0.0,0.0,,
T1DiabetesGranada,balanced_sex_undersampling_oversampling,sex,undersampling_oversampling,False,same_size,random,TBR_1,D,89.23,4.57,87.54,1.6899999999999977,1.930546036097781,-1.930546036097781
T1DiabetesGranada,balanced_sex_undersampling_oversampling,sex,undersampling_oversampling,False,same_size,random,TBR_1,E,0.52,0.05,0.52,0.0,0.0,-0.0
T1DiabetesGranada,balanced_sex_undersampling_oversampling,sex,undersampling_oversampling,False,same_size,random,TBR_1,A + B,10.25,4.54,11.95,-1.6999999999999993,-14.225941422594138,-14.225941422594138
T1DiabetesGranada,balanced_sex_undersampling_oversampling,sex,undersampling_oversampling,False,same_size,random,TBR_1,RMSE,36.13,1.0,35.92,0.21000000000000085,0.5846325167037886,-0.5846325167037886
T1DiabetesGranada,balanced_sex_undersampling_oversampling,sex,undersampling_oversampling,False,same_size,random,TBR_1,MSE,1306.15,72.63,1290.64,15.509999999999991,1.201729374573854,-1.201729374573854
T1DiabetesGranada,balanced_sex_undersampling_oversampling,sex,undersampling_oversampling,False,same_size,random,TBR_1,MAE,31.08,1.13,30.64,0.4399999999999977,1.4360313315926818,-1.4360313315926818
T1DiabetesGranada,balanced_sex_undersampling_oversampling,sex,undersampling_oversampling,False,same_size,random,TBR_1,MAPE,0.51,0.02,0.5,0.010000000000000009,2.0000000000000018,-2.0000000000000018
T1DiabetesGranada,balanced_sex_undersampling_oversampling,sex,undersampling_oversampling,False,same_size,random,TIR,A,71.71,0.77,71.8,-0.09000000000000341,-0.12534818941504652,-0.12534818941504652
T1DiabetesGranada,balanced_sex_undersampling_oversampling,sex,undersampling_oversampling,False,same_size,random,TIR,B,28.06,0.74,27.96,0.09999999999999787,0.35765379113017837,
T1DiabetesGranada,balanced_sex_undersampling_oversampling,sex,undersampling_oversampling,False,same_size,random,TIR,C,0.23,0.02,0.24,-0.009999999999999981,-4.166666666666659,4.166666666666659
T1DiabetesGranada,balanced_sex_undersampling_oversampling,sex,undersampling_oversampling,False,same_size,random,TIR,D,0.0,0.0,0.0,0.0,,
T1DiabetesGranada,balanced_sex_undersampling_oversampling,sex,undersampling_oversampling,False,same_size,random,TIR,E,0.0,0.0,0.0,0.0,,
T1DiabetesGranada,balanced_sex_undersampling_oversampling,sex,undersampling_oversampling,False,same_size,random,TIR,A + B,99.77,0.03,99.76,0.009999999999990905,0.010024057738563458,0.010024057738563458
T1DiabetesGranada,balanced_sex_undersampling_oversampling,sex,undersampling_oversampling,False,same_size,random,TIR,RMSE,26.6,0.49,26.62,-0.019999999999999574,-0.07513148009015617,0.07513148009015617
T1DiabetesGranada,balanced_sex_undersampling_oversampling,sex,undersampling_oversampling,False,same_size,random,TIR,MSE,707.8,25.88,708.96,-1.1600000000000819,-0.1636199503498197,0.1636199503498197
T1DiabetesGranada,balanced_sex_undersampling_oversampling,sex,undersampling_oversampling,False,same_size,random,TIR,MAE,19.4,0.33,19.37,0.029999999999997584,0.15487867836859878,-0.15487867836859878
T1DiabetesGranada,balanced_sex_undersampling_oversampling,sex,undersampling_oversampling,False,same_size,random,TIR,MAPE,0.16,0.0,0.16,0.0,0.0,-0.0
T1DiabetesGranada,balanced_sex_undersampling_oversampling,sex,undersampling_oversampling,False,same_size,random,TAR_1,A,70.25,0.74,70.58,-0.3299999999999983,-0.46755454803060115,-0.46755454803060115
T1DiabetesGranada,balanced_sex_undersampling_oversampling,sex,undersampling_oversampling,False,same_size,random,TAR_1,B,27.85,0.66,27.52,0.33000000000000185,1.199127906976751,
T1DiabetesGranada,balanced_sex_undersampling_oversampling,sex,undersampling_oversampling,False,same_size,random,TAR_1,C,0.06,0.02,0.06,0.0,0.0,-0.0
T1DiabetesGranada,balanced_sex_undersampling_oversampling,sex,undersampling_oversampling,False,same_size,random,TAR_1,D,1.82,0.08,1.8,0.020000000000000018,1.111111111111112,-1.111111111111112
T1DiabetesGranada,balanced_sex_undersampling_oversampling,sex,undersampling_oversampling,False,same_size,random,TAR_1,E,0.02,0.02,0.03,-0.009999999999999998,-33.33333333333333,33.33333333333333
T1DiabetesGranada,balanced_sex_undersampling_oversampling,sex,undersampling_oversampling,False,same_size,random,TAR_1,A + B,98.09,0.11,98.1,-0.009999999999990905,-0.010193679918441289,-0.010193679918441289
T1DiabetesGranada,balanced_sex_undersampling_oversampling,sex,undersampling_oversampling,False,same_size,random,TAR_1,RMSE,43.27,0.68,42.95,0.3200000000000003,0.7450523864959261,-0.7450523864959261
T1DiabetesGranada,balanced_sex_undersampling_oversampling,sex,undersampling_oversampling,False,same_size,random,TAR_1,MSE,1872.39,58.27,1844.89,27.5,1.4906037758348736,-1.4906037758348736
T1DiabetesGranada,balanced_sex_undersampling_oversampling,sex,undersampling_oversampling,False,same_size,random,TAR_1,MAE,34.07,0.6,33.73,0.3400000000000034,1.0080047435517445,-1.0080047435517445
T1DiabetesGranada,balanced_sex_undersampling_oversampling,sex,undersampling_oversampling,False,same_size,random,TAR_1,MAPE,0.16,0.0,0.16,0.0,0.0,-0.0
T1DiabetesGranada,balanced_sex_undersampling_oversampling,sex,undersampling_oversampling,False,same_size,random,TAR_2,A,61.03,2.12,61.68,-0.6499999999999986,-1.0538261997405942,-1.0538261997405942
T1DiabetesGranada,balanced_sex_undersampling_oversampling,sex,undersampling_oversampling,False,same_size,random,TAR_2,B,31.25,1.97,30.69,0.5599999999999987,1.8246985988921431,
T1DiabetesGranada,balanced_sex_undersampling_oversampling,sex,undersampling_oversampling,False,same_size,random,TAR_2,C,0.03,0.02,0.03,0.0,0.0,-0.0
T1DiabetesGranada,balanced_sex_undersampling_oversampling,sex,undersampling_oversampling,False,same_size,random,TAR_2,D,7.69,0.56,7.6,0.09000000000000075,1.1842105263157994,-1.1842105263157994
T1DiabetesGranada,balanced_sex_undersampling_oversampling,sex,undersampling_oversampling,False,same_size,random,TAR_2,E,0.0,0.0,0.0,0.0,,
T1DiabetesGranada,balanced_sex_undersampling_oversampling,sex,undersampling_oversampling,False,same_size,random,TAR_2,A + B,92.28,0.54,92.37,-0.09000000000000341,-0.0974342318934756,-0.0974342318934756
T1DiabetesGranada,balanced_sex_undersampling_oversampling,sex,undersampling_oversampling,False,same_size,random,TAR_2,RMSE,66.81,1.99,66.33,0.480000000000004,0.7236544549977446,-0.7236544549977446
T1DiabetesGranada,balanced_sex_undersampling_oversampling,sex,undersampling_oversampling,False,same_size,random,TAR_2,MSE,4466.76,268.29,4400.96,65.80000000000018,1.4951283356358653,-1.4951283356358653
T1DiabetesGranada,balanced_sex_undersampling_oversampling,sex,undersampling_oversampling,False,same_size,random,TAR_2,MAE,56.47,2.07,55.9,0.5700000000000003,1.0196779964221832,-1.0196779964221832
T1DiabetesGranada,balanced_sex_undersampling_oversampling,sex,undersampling_oversampling,False,same_size,random,TAR_2,MAPE,0.19,0.01,0.18,0.010000000000000009,5.555555555555561,-5.555555555555561
T1DiabetesGranada,balanced_sex_undersampling_oversampling,sex,undersampling_oversampling,False,same_size,random,ENTIRE,A,67.27,0.97,67.59,-0.3200000000000074,-0.473442816984772,-0.473442816984772
T1DiabetesGranada,balanced_sex_undersampling_oversampling,sex,undersampling_oversampling,False,same_size,random,ENTIRE,B,27.05,0.68,26.84,0.21000000000000085,0.7824143070044741,
T1DiabetesGranada,balanced_sex_undersampling_oversampling,sex,undersampling_oversampling,False,same_size,random,ENTIRE,C,0.16,0.02,0.16,0.0,0.0,-0.0
T1DiabetesGranada,balanced_sex_undersampling_oversampling,sex,undersampling_oversampling,False,same_size,random,ENTIRE,D,5.5,0.32,5.38,0.1200000000000001,2.2304832713754665,-2.2304832713754665
T1DiabetesGranada,balanced_sex_undersampling_oversampling,sex,undersampling_oversampling,False,same_size,random,ENTIRE,E,0.03,0.01,0.03,0.0,0.0,-0.0
T1DiabetesGranada,balanced_sex_undersampling_oversampling,sex,undersampling_oversampling,False,same_size,random,ENTIRE,A + B,94.31,0.34,94.43,-0.12000000000000455,-0.12707825902785613,-0.12707825902785613
T1DiabetesGranada,balanced_sex_undersampling_oversampling,sex,undersampling_oversampling,False,same_size,random,ENTIRE,RMSE,37.99,0.93,37.8,0.19000000000000483,0.5026455026455154,-0.5026455026455154
T1DiabetesGranada,balanced_sex_undersampling_oversampling,sex,undersampling_oversampling,False,same_size,random,ENTIRE,MSE,1444.1,71.24,1429.28,14.819999999999936,1.0368857046904691,-1.0368857046904691
T1DiabetesGranada,balanced_sex_undersampling_oversampling,sex,undersampling_oversampling,False,same_size,random,ENTIRE,MAE,27.7,0.75,27.51,0.18999999999999773,0.6906579425663312,-0.6906579425663312
T1DiabetesGranada,balanced_sex_undersampling_oversampling,sex,undersampling_oversampling,False,same_size,random,ENTIRE,MAPE,0.18,0.0,0.18,0.0,0.0,-0.0
T1DiabetesGranada,balanced_sex_undersampling_smote,sex,undersampling_smote,False,same_size,random+guided,TBR_2,A,19.08,6.38,19.98,-0.9000000000000021,-4.504504504504515,-4.504504504504515
T1DiabetesGranada,balanced_sex_undersampling_smote,sex,undersampling_smote,False,same_size,random+guided,TBR_2,B,0.0,0.0,0.0,0.0,,
T1DiabetesGranada,balanced_sex_undersampling_smote,sex,undersampling_smote,False,same_size,random+guided,TBR_2,C,0.0,0.0,0.0,0.0,,
T1DiabetesGranada,balanced_sex_undersampling_smote,sex,undersampling_smote,False,same_size,random+guided,TBR_2,D,80.58,6.42,79.69,0.8900000000000006,1.1168277073660442,-1.1168277073660442
T1DiabetesGranada,balanced_sex_undersampling_smote,sex,undersampling_smote,False,same_size,random+guided,TBR_2,E,0.34,0.06,0.34,0.0,0.0,-0.0
T1DiabetesGranada,balanced_sex_undersampling_smote,sex,undersampling_smote,False,same_size,random+guided,TBR_2,A + B,19.08,6.38,19.98,-0.9000000000000021,-4.504504504504515,-4.504504504504515
T1DiabetesGranada,balanced_sex_undersampling_smote,sex,undersampling_smote,False,same_size,random+guided,TBR_2,RMSE,39.34,0.9,39.38,-0.03999999999999915,-0.10157440325037873,0.10157440325037873
T1DiabetesGranada,balanced_sex_undersampling_smote,sex,undersampling_smote,False,same_size,random+guided,TBR_2,MSE,1548.65,71.13,1552.07,-3.4199999999998454,-0.22035088623579127,0.22035088623579127
T1DiabetesGranada,balanced_sex_undersampling_smote,sex,undersampling_smote,False,same_size,random+guided,TBR_2,MAE,35.17,0.63,35.1,0.07000000000000028,0.19943019943020024,-0.19943019943020024
T1DiabetesGranada,balanced_sex_undersampling_smote,sex,undersampling_smote,False,same_size,random+guided,TBR_2,MAPE,0.74,0.02,0.73,0.010000000000000009,1.3698630136986314,-1.3698630136986314
T1DiabetesGranada,balanced_sex_undersampling_smote,sex,undersampling_smote,False,same_size,random+guided,TBR_1,A,12.61,3.71,11.95,0.6600000000000001,5.523012552301257,5.523012552301257
T1DiabetesGranada,balanced_sex_undersampling_smote,sex,undersampling_smote,False,same_size,random+guided,TBR_1,B,0.0,0.0,0.0,0.0,,
T1DiabetesGranada,balanced_sex_undersampling_smote,sex,undersampling_smote,False,same_size,random+guided,TBR_1,C,0.0,0.0,0.0,0.0,,
T1DiabetesGranada,balanced_sex_undersampling_smote,sex,undersampling_smote,False,same_size,random+guided,TBR_1,D,86.88,3.74,87.54,-0.6600000000000108,-0.75394105551749,0.75394105551749
T1DiabetesGranada,balanced_sex_undersampling_smote,sex,undersampling_smote,False,same_size,random+guided,TBR_1,E,0.51,0.05,0.52,-0.010000000000000009,-1.9230769230769247,1.9230769230769247
T1DiabetesGranada,balanced_sex_undersampling_smote,sex,undersampling_smote,False,same_size,random+guided,TBR_1,A + B,12.61,3.71,11.95,0.6600000000000001,5.523012552301257,5.523012552301257
T1DiabetesGranada,balanced_sex_undersampling_smote,sex,undersampling_smote,False,same_size,random+guided,TBR_1,RMSE,35.51,0.9,35.92,-0.4100000000000037,-1.1414253897550215,1.1414253897550215
T1DiabetesGranada,balanced_sex_undersampling_smote,sex,undersampling_smote,False,same_size,random+guided,TBR_1,MSE,1261.83,64.07,1290.64,-28.810000000000173,-2.2322258724353943,2.2322258724353943
T1DiabetesGranada,balanced_sex_undersampling_smote,sex,undersampling_smote,False,same_size,random+guided,TBR_1,MAE,30.25,0.6,30.64,-0.39000000000000057,-1.2728459530026128,1.2728459530026128
T1DiabetesGranada,balanced_sex_undersampling_smote,sex,undersampling_smote,False,same_size,random+guided,TBR_1,MAPE,0.49,0.01,0.5,-0.010000000000000009,-2.0000000000000018,2.0000000000000018
T1DiabetesGranada,balanced_sex_undersampling_smote,sex,undersampling_smote,False,same_size,random+guided,TIR,A,71.88,0.97,71.8,0.0799999999999983,0.1114206128133681,0.1114206128133681
T1DiabetesGranada,balanced_sex_undersampling_smote,sex,undersampling_smote,False,same_size,random+guided,TIR,B,27.89,0.92,27.96,-0.07000000000000028,-0.2503576537911312,
T1DiabetesGranada,balanced_sex_undersampling_smote,sex,undersampling_smote,False,same_size,random+guided,TIR,C,0.24,0.05,0.24,0.0,0.0,-0.0
T1DiabetesGranada,balanced_sex_undersampling_smote,sex,undersampling_smote,False,same_size,random+guided,TIR,D,0.0,0.0,0.0,0.0,,
T1DiabetesGranada,balanced_sex_undersampling_smote,sex,undersampling_smote,False,same_size,random+guided,TIR,E,0.0,0.0,0.0,0.0,,
T1DiabetesGranada,balanced_sex_undersampling_smote,sex,undersampling_smote,False,same_size,random+guided,TIR,A + B,99.76,0.05,99.76,0.0,0.0,0.0
T1DiabetesGranada,balanced_sex_undersampling_smote,sex,undersampling_smote,False,same_size,random+guided,TIR,RMSE,26.65,0.69,26.62,0.029999999999997584,0.1126972201352276,-0.1126972201352276
T1DiabetesGranada,balanced_sex_undersampling_smote,sex,undersampling_smote,False,same_size,random+guided,TIR,MSE,710.8,36.93,708.96,1.8399999999999181,0.25953509365830485,-0.25953509365830485
T1DiabetesGranada,balanced_sex_undersampling_smote,sex,undersampling_smote,False,same_size,random+guided,TIR,MAE,19.41,0.48,19.37,0.03999999999999915,0.20650490449147726,-0.20650490449147726
T1DiabetesGranada,balanced_sex_undersampling_smote,sex,undersampling_smote,False,same_size,random+guided,TIR,MAPE,0.16,0.0,0.16,0.0,0.0,-0.0
T1DiabetesGranada,balanced_sex_undersampling_smote,sex,undersampling_smote,False,same_size,random+guided,TAR_1,A,69.87,0.62,70.58,-0.7099999999999937,-1.0059506942476533,-1.0059506942476533
T1DiabetesGranada,balanced_sex_undersampling_smote,sex,undersampling_smote,False,same_size,random+guided,TAR_1,B,28.19,0.62,27.52,0.6700000000000017,2.4345930232558204,
T1DiabetesGranada,balanced_sex_undersampling_smote,sex,undersampling_smote,False,same_size,random+guided,TAR_1,C,0.06,0.02,0.06,0.0,0.0,-0.0
T1DiabetesGranada,balanced_sex_undersampling_smote,sex,undersampling_smote,False,same_size,random+guided,TAR_1,D,1.84,0.01,1.8,0.040000000000000036,2.222222222222224,-2.222222222222224
T1DiabetesGranada,balanced_sex_undersampling_smote,sex,undersampling_smote,False,same_size,random+guided,TAR_1,E,0.03,0.02,0.03,0.0,0.0,-0.0
T1DiabetesGranada,balanced_sex_undersampling_smote,sex,undersampling_smote,False,same_size,random+guided,TAR_1,A + B,98.06,0.04,98.1,-0.03999999999999204,-0.04077471967379413,-0.04077471967379413
T1DiabetesGranada,balanced_sex_undersampling_smote,sex,undersampling_smote,False,same_size,random+guided,TAR_1,RMSE,43.5,0.47,42.95,0.5499999999999972,1.2805587892898653,-1.2805587892898653
T1DiabetesGranada,balanced_sex_undersampling_smote,sex,undersampling_smote,False,same_size,random+guided,TAR_1,MSE,1892.37,41.06,1844.89,47.47999999999979,2.5735951736959812,-2.5735951736959812
T1DiabetesGranada,balanced_sex_undersampling_smote,sex,undersampling_smote,False,same_size,random+guided,TAR_1,MAE,34.33,0.47,33.73,0.6000000000000014,1.778831900385418,-1.778831900385418
T1DiabetesGranada,balanced_sex_undersampling_smote,sex,undersampling_smote,False,same_size,random+guided,TAR_1,MAPE,0.16,0.0,0.16,0.0,0.0,-0.0
T1DiabetesGranada,balanced_sex_undersampling_smote,sex,undersampling_smote,False,same_size,random+guided,TAR_2,A,61.0,0.95,61.68,-0.6799999999999997,-1.102464332036316,-1.102464332036316
T1DiabetesGranada,balanced_sex_undersampling_smote,sex,undersampling_smote,False,same_size,random+guided,TAR_2,B,31.2,0.73,30.69,0.509999999999998,1.6617790811339133,
T1DiabetesGranada,balanced_sex_undersampling_smote,sex,undersampling_smote,False,same_size,random+guided,TAR_2,C,0.03,0.02,0.03,0.0,0.0,-0.0
T1DiabetesGranada,balanced_sex_undersampling_smote,sex,undersampling_smote,False,same_size,random+guided,TAR_2,D,7.76,0.54,7.6,0.16000000000000014,2.105263157894739,-2.105263157894739
T1DiabetesGranada,balanced_sex_undersampling_smote,sex,undersampling_smote,False,same_size,random+guided,TAR_2,E,0.0,0.0,0.0,0.0,,
T1DiabetesGranada,balanced_sex_undersampling_smote,sex,undersampling_smote,False,same_size,random+guided,TAR_2,A + B,92.21,0.53,92.37,-0.1600000000000108,-0.17321641225507284,-0.17321641225507284
T1DiabetesGranada,balanced_sex_undersampling_smote,sex,undersampling_smote,False,same_size,random+guided,TAR_2,RMSE,66.82,1.2,66.33,0.4899999999999949,0.7387305894768504,-0.7387305894768504
T1DiabetesGranada,balanced_sex_undersampling_smote,sex,undersampling_smote,False,same_size,random+guided,TAR_2,MSE,4466.07,158.93,4400.96,65.10999999999967,1.4794499381952955,-1.4794499381952955
T1DiabetesGranada,balanced_sex_undersampling_smote,sex,undersampling_smote,False,same_size,random+guided,TAR_2,MAE,56.42,1.03,55.9,0.5200000000000031,0.9302325581395404,-0.9302325581395404
T1DiabetesGranada,balanced_sex_undersampling_smote,sex,undersampling_smote,False,same_size,random+guided,TAR_2,MAPE,0.19,0.0,0.18,0.010000000000000009,5.555555555555561,-5.555555555555561
T1DiabetesGranada,balanced_sex_undersampling_smote,sex,undersampling_smote,False,same_size,random+guided,ENTIRE,A,67.42,0.75,67.59,-0.1700000000000017,-0.25151649652315683,-0.25151649652315683
T1DiabetesGranada,balanced_sex_undersampling_smote,sex,undersampling_smote,False,same_size,random+guided,ENTIRE,B,27.01,0.52,26.84,0.1700000000000017,0.6333830104321971,
T1DiabetesGranada,balanced_sex_undersampling_smote,sex,undersampling_smote,False,same_size,random+guided,ENTIRE,C,0.16,0.03,0.16,0.0,0.0,-0.0
T1DiabetesGranada,balanced_sex_undersampling_smote,sex,undersampling_smote,False,same_size,random+guided,ENTIRE,D,5.38,0.32,5.38,0.0,0.0,-0.0
T1DiabetesGranada,balanced_sex_undersampling_smote,sex,undersampling_smote,False,same_size,random+guided,ENTIRE,E,0.03,0.01,0.03,0.0,0.0,-0.0
T1DiabetesGranada,balanced_sex_undersampling_smote,sex,undersampling_smote,False,same_size,random+guided,ENTIRE,A + B,94.42,0.33,94.43,-0.010000000000005116,-0.010589854918993027,-0.010589854918993027
T1DiabetesGranada,balanced_sex_undersampling_smote,sex,undersampling_smote,False,same_size,random+guided,ENTIRE,RMSE,38.03,0.8,37.8,0.23000000000000398,0.608465608465619,-0.608465608465619
T1DiabetesGranada,balanced_sex_undersampling_smote,sex,undersampling_smote,False,same_size,random+guided,ENTIRE,MSE,1447.15,60.78,1429.28,17.87000000000012,1.2502798611888586,-1.2502798611888586
T1DiabetesGranada,balanced_sex_undersampling_smote,sex,undersampling_smote,False,same_size,random+guided,ENTIRE,MAE,27.71,0.57,27.51,0.1999999999999993,0.7270083605961443,-0.7270083605961443
T1DiabetesGranada,balanced_sex_undersampling_smote,sex,undersampling_smote,False,same_size,random+guided,ENTIRE,MAPE,0.18,0.0,0.18,0.0,0.0,-0.0
T1DiabetesGranada,original,,original,True,baseline,baseline,TBR_2,A,19.98,5.16,19.98,0.0,0.0,0.0
T1DiabetesGranada,original,,original,True,baseline,baseline,TBR_2,B,0.0,0.0,0.0,0.0,,
T1DiabetesGranada,original,,original,True,baseline,baseline,TBR_2,C,0.0,0.0,0.0,0.0,,
T1DiabetesGranada,original,,original,True,baseline,baseline,TBR_2,D,79.69,5.11,79.69,0.0,0.0,-0.0
T1DiabetesGranada,original,,original,True,baseline,baseline,TBR_2,E,0.34,0.06,0.34,0.0,0.0,-0.0
T1DiabetesGranada,original,,original,True,baseline,baseline,TBR_2,A + B,19.98,5.16,19.98,0.0,0.0,0.0
T1DiabetesGranada,original,,original,True,baseline,baseline,TBR_2,RMSE,39.38,1.38,39.38,0.0,0.0,-0.0
T1DiabetesGranada,original,,original,True,baseline,baseline,TBR_2,MSE,1552.07,108.63,1552.07,0.0,0.0,-0.0
T1DiabetesGranada,original,,original,True,baseline,baseline,TBR_2,MAE,35.1,1.31,35.1,0.0,0.0,-0.0
T1DiabetesGranada,original,,original,True,baseline,baseline,TBR_2,MAPE,0.73,0.03,0.73,0.0,0.0,-0.0
T1DiabetesGranada,original,,original,True,baseline,baseline,TBR_1,A,11.95,1.44,11.95,0.0,0.0,0.0
T1DiabetesGranada,original,,original,True,baseline,baseline,TBR_1,B,0.0,0.0,0.0,0.0,,
T1DiabetesGranada,original,,original,True,baseline,baseline,TBR_1,C,0.0,0.0,0.0,0.0,,
T1DiabetesGranada,original,,original,True,baseline,baseline,TBR_1,D,87.54,1.42,87.54,0.0,0.0,-0.0
T1DiabetesGranada,original,,original,True,baseline,baseline,TBR_1,E,0.52,0.06,0.52,0.0,0.0,-0.0
T1DiabetesGranada,original,,original,True,baseline,baseline,TBR_1,A + B,11.95,1.44,11.95,0.0,0.0,0.0
T1DiabetesGranada,original,,original,True,baseline,baseline,TBR_1,RMSE,35.92,0.9,35.92,0.0,0.0,-0.0
T1DiabetesGranada,original,,original,True,baseline,baseline,TBR_1,MSE,1290.64,64.65,1290.64,0.0,0.0,-0.0
T1DiabetesGranada,original,,original,True,baseline,baseline,TBR_1,MAE,30.64,0.77,30.64,0.0,0.0,-0.0
T1DiabetesGranada,original,,original,True,baseline,baseline,TBR_1,MAPE,0.5,0.01,0.5,0.0,0.0,-0.0
T1DiabetesGranada,original,,original,True,baseline,baseline,TIR,A,71.8,0.77,71.8,0.0,0.0,0.0
T1DiabetesGranada,original,,original,True,baseline,baseline,TIR,B,27.96,0.73,27.96,0.0,0.0,
T1DiabetesGranada,original,,original,True,baseline,baseline,TIR,C,0.24,0.04,0.24,0.0,0.0,-0.0
T1DiabetesGranada,original,,original,True,baseline,baseline,TIR,D,0.0,0.0,0.0,0.0,,
T1DiabetesGranada,original,,original,True,baseline,baseline,TIR,E,0.0,0.0,0.0,0.0,,
T1DiabetesGranada,original,,original,True,baseline,baseline,TIR,A + B,99.76,0.05,99.76,0.0,0.0,0.0
T1DiabetesGranada,original,,original,True,baseline,baseline,TIR,RMSE,26.62,0.64,26.62,0.0,0.0,-0.0
T1DiabetesGranada,original,,original,True,baseline,baseline,TIR,MSE,708.96,34.27,708.96,0.0,0.0,-0.0
T1DiabetesGranada,original,,original,True,baseline,baseline,TIR,MAE,19.37,0.42,19.37,0.0,0.0,-0.0
T1DiabetesGranada,original,,original,True,baseline,baseline,TIR,MAPE,0.16,0.0,0.16,0.0,0.0,-0.0
T1DiabetesGranada,original,,original,True,baseline,baseline,TAR_1,A,70.58,0.76,70.58,0.0,0.0,0.0
T1DiabetesGranada,original,,original,True,baseline,baseline,TAR_1,B,27.52,0.73,27.52,0.0,0.0,
T1DiabetesGranada,original,,original,True,baseline,baseline,TAR_1,C,0.06,0.02,0.06,0.0,0.0,-0.0
T1DiabetesGranada,original,,original,True,baseline,baseline,TAR_1,D,1.8,0.06,1.8,0.0,0.0,-0.0
T1DiabetesGranada,original,,original,True,baseline,baseline,TAR_1,E,0.03,0.01,0.03,0.0,0.0,-0.0
T1DiabetesGranada,original,,original,True,baseline,baseline,TAR_1,A + B,98.1,0.06,98.1,0.0,0.0,0.0
T1DiabetesGranada,original,,original,True,baseline,baseline,TAR_1,RMSE,42.95,0.65,42.95,0.0,0.0,-0.0
T1DiabetesGranada,original,,original,True,baseline,baseline,TAR_1,MSE,1844.89,55.59,1844.89,0.0,0.0,-0.0
T1DiabetesGranada,original,,original,True,baseline,baseline,TAR_1,MAE,33.73,0.51,33.73,0.0,0.0,-0.0
T1DiabetesGranada,original,,original,True,baseline,baseline,TAR_1,MAPE,0.16,0.0,0.16,0.0,0.0,-0.0
T1DiabetesGranada,original,,original,True,baseline,baseline,TAR_2,A,61.68,0.63,61.68,0.0,0.0,0.0
T1DiabetesGranada,original,,original,True,baseline,baseline,TAR_2,B,30.69,1.09,30.69,0.0,0.0,
T1DiabetesGranada,original,,original,True,baseline,baseline,TAR_2,C,0.03,0.02,0.03,0.0,0.0,-0.0
T1DiabetesGranada,original,,original,True,baseline,baseline,TAR_2,D,7.6,0.59,7.6,0.0,0.0,-0.0
T1DiabetesGranada,original,,original,True,baseline,baseline,TAR_2,E,0.0,0.0,0.0,0.0,,
T1DiabetesGranada,original,,original,True,baseline,baseline,TAR_2,A + B,92.37,0.57,92.37,0.0,0.0,0.0
T1DiabetesGranada,original,,original,True,baseline,baseline,TAR_2,RMSE,66.33,1.27,66.33,0.0,0.0,-0.0
T1DiabetesGranada,original,,original,True,baseline,baseline,TAR_2,MSE,4400.96,168.79,4400.96,0.0,0.0,-0.0
T1DiabetesGranada,original,,original,True,baseline,baseline,TAR_2,MAE,55.9,1.29,55.9,0.0,0.0,-0.0
T1DiabetesGranada,original,,original,True,baseline,baseline,TAR_2,MAPE,0.18,0.0,0.18,0.0,0.0,-0.0
T1DiabetesGranada,original,,original,True,baseline,baseline,ENTIRE,A,67.59,0.81,67.59,0.0,0.0,0.0
T1DiabetesGranada,original,,original,True,baseline,baseline,ENTIRE,B,26.84,0.48,26.84,0.0,0.0,
T1DiabetesGranada,original,,original,True,baseline,baseline,ENTIRE,C,0.16,0.03,0.16,0.0,0.0,-0.0
T1DiabetesGranada,original,,original,True,baseline,baseline,ENTIRE,D,5.38,0.33,5.38,0.0,0.0,-0.0
T1DiabetesGranada,original,,original,True,baseline,baseline,ENTIRE,E,0.03,0.01,0.03,0.0,0.0,-0.0
T1DiabetesGranada,original,,original,True,baseline,baseline,ENTIRE,A + B,94.43,0.36,94.43,0.0,0.0,0.0
T1DiabetesGranada,original,,original,True,baseline,baseline,ENTIRE,RMSE,37.8,0.81,37.8,0.0,0.0,-0.0
T1DiabetesGranada,original,,original,True,baseline,baseline,ENTIRE,MSE,1429.28,61.53,1429.28,0.0,0.0,-0.0
T1DiabetesGranada,original,,original,True,baseline,baseline,ENTIRE,MAE,27.51,0.62,27.51,0.0,0.0,-0.0
T1DiabetesGranada,original,,original,True,baseline,baseline,ENTIRE,MAPE,0.18,0.0,0.18,0.0,0.0,-0.0
