dataset,condition,dimension,technique,range,metric,mean,std,rank
DIATREND,balanced_sex_smote,sex,smote,TBR_2,A,4.49,4.22,1
DIATREND,balanced_age_jittering,age,jittering,TBR_2,A,3.53,5.09,2
DIATREND,balanced_sex_jittering,sex,jittering,TBR_2,A,3.4,3.53,3
DIATREND,balanced_sex_oversampling,sex,oversampling,TBR_2,A,1.97,3.8,4
DIATREND,balanced_age_smote,age,smote,TBR_2,A,1.24,2.63,5
DIATREND,balanced_age_oversampling,age,oversampling,TBR_2,A,0.76,1.7,6
DIATREND,balanced_sex_reference_proportional,sex,reference_proportional,TBR_2,A,0.47,0.86,7
DIATREND,balanced_sex_undersampling,sex,undersampling,TBR_2,A,0.05,0.11,8
DIATREND,balanced_age_reference_proportional,age,reference_proportional,TBR_2,A,0.01,0.01,9
DIATREND,balanced_sex_patient_aware_undersampling,sex,patient_aware_undersampling,TBR_2,A,0.01,0.03,10
DIATREND,balanced_age_patient_aware_undersampling,age,patient_aware_undersampling,TBR_2,A,0.0,0.0,11
DIATREND,balanced_age_undersampling,age,undersampling,TBR_2,A,0.0,0.0,12
DIATREND,original,,original,TBR_2,A,0.0,0.0,13
DIATREND,balanced_age_jittering,age,jittering,TBR_2,B,0.0,0.0,1
DIATREND,balanced_age_oversampling,age,oversampling,TBR_2,B,0.0,0.0,2
DIATREND,balanced_age_patient_aware_undersampling,age,patient_aware_undersampling,TBR_2,B,0.0,0.0,3
DIATREND,balanced_age_reference_proportional,age,reference_proportional,TBR_2,B,0.0,0.0,4
DIATREND,balanced_age_smote,age,smote,TBR_2,B,0.0,0.0,5
DIATREND,balanced_age_undersampling,age,undersampling,TBR_2,B,0.0,0.0,6
DIATREND,balanced_sex_jittering,sex,jittering,TBR_2,B,0.0,0.0,7
DIATREND,balanced_sex_oversampling,sex,oversampling,TBR_2,B,0.0,0.0,8
DIATREND,balanced_sex_patient_aware_undersampling,sex,patient_aware_undersampling,TBR_2,B,0.0,0.0,9
DIATREND,balanced_sex_reference_proportional,sex,reference_proportional,TBR_2,B,0.0,0.0,10
DIATREND,balanced_sex_smote,sex,smote,TBR_2,B,0.0,0.0,11
DIATREND,balanced_sex_undersampling,sex,undersampling,TBR_2,B,0.0,0.0,12
DIATREND,original,,original,TBR_2,B,0.0,0.0,13
DIATREND,balanced_age_jittering,age,jittering,TBR_2,C,0.0,0.0,1
DIATREND,balanced_age_oversampling,age,oversampling,TBR_2,C,0.0,0.0,2
DIATREND,balanced_age_patient_aware_undersampling,age,patient_aware_undersampling,TBR_2,C,0.0,0.0,3
DIATREND,balanced_age_reference_proportional,age,reference_proportional,TBR_2,C,0.0,0.0,4
DIATREND,balanced_age_smote,age,smote,TBR_2,C,0.0,0.0,5
DIATREND,balanced_age_undersampling,age,undersampling,TBR_2,C,0.0,0.0,6
DIATREND,balanced_sex_jittering,sex,jittering,TBR_2,C,0.0,0.0,7
DIATREND,balanced_sex_oversampling,sex,oversampling,TBR_2,C,0.0,0.0,8
DIATREND,balanced_sex_patient_aware_undersampling,sex,patient_aware_undersampling,TBR_2,C,0.0,0.0,9
DIATREND,balanced_sex_reference_proportional,sex,reference_proportional,TBR_2,C,0.0,0.0,10
DIATREND,balanced_sex_smote,sex,smote,TBR_2,C,0.0,0.0,11
DIATREND,balanced_sex_undersampling,sex,undersampling,TBR_2,C,0.0,0.0,12
DIATREND,original,,original,TBR_2,C,0.0,0.0,13
DIATREND,balanced_sex_smote,sex,smote,TBR_2,D,92.72,2.79,1
DIATREND,balanced_sex_jittering,sex,jittering,TBR_2,D,93.55,2.31,2
DIATREND,balanced_age_jittering,age,jittering,TBR_2,D,93.6,4.07,3
DIATREND,balanced_sex_oversampling,sex,oversampling,TBR_2,D,95.1,3.6,4
DIATREND,balanced_age_smote,age,smote,TBR_2,D,96.33,2.22,5
DIATREND,balanced_age_undersampling,age,undersampling,TBR_2,D,96.43,2.39,6
DIATREND,original,,original,TBR_2,D,96.53,2.02,7
DIATREND,balanced_sex_reference_proportional,sex,reference_proportional,TBR_2,D,96.66,1.4,8
DIATREND,balanced_age_oversampling,age,oversampling,TBR_2,D,96.77,1.87,9
DIATREND,balanced_age_patient_aware_undersampling,age,patient_aware_undersampling,TBR_2,D,96.98,1.52,10
DIATREND,balanced_sex_undersampling,sex,undersampling,TBR_2,D,97.04,1.59,11
DIATREND,balanced_sex_patient_aware_undersampling,sex,patient_aware_undersampling,TBR_2,D,97.13,1.6,12
DIATREND,balanced_age_reference_proportional,age,reference_proportional,TBR_2,D,97.25,1.7,13
DIATREND,balanced_age_smote,age,smote,TBR_2,E,2.43,1.29,1
DIATREND,balanced_age_oversampling,age,oversampling,TBR_2,E,2.47,1.47,2
DIATREND,balanced_age_reference_proportional,age,reference_proportional,TBR_2,E,2.75,1.7,3
DIATREND,balanced_sex_smote,sex,smote,TBR_2,E,2.79,1.58,4
DIATREND,balanced_sex_patient_aware_undersampling,sex,patient_aware_undersampling,TBR_2,E,2.86,1.58,5
DIATREND,balanced_sex_reference_proportional,sex,reference_proportional,TBR_2,E,2.87,1.54,6
DIATREND,balanced_age_jittering,age,jittering,TBR_2,E,2.88,1.87,7
DIATREND,balanced_sex_undersampling,sex,undersampling,TBR_2,E,2.91,1.51,8
DIATREND,balanced_sex_oversampling,sex,oversampling,TBR_2,E,2.92,1.82,9
DIATREND,balanced_age_patient_aware_undersampling,age,patient_aware_undersampling,TBR_2,E,3.02,1.52,10
DIATREND,balanced_sex_jittering,sex,jittering,TBR_2,E,3.05,1.84,11
DIATREND,original,,original,TBR_2,E,3.47,2.02,12
DIATREND,balanced_age_undersampling,age,undersampling,TBR_2,E,3.57,2.39,13
DIATREND,balanced_sex_smote,sex,smote,TBR_2,A + B,4.49,4.22,1
DIATREND,balanced_age_jittering,age,jittering,TBR_2,A + B,3.53,5.09,2
DIATREND,balanced_sex_jittering,sex,jittering,TBR_2,A + B,3.4,3.53,3
DIATREND,balanced_sex_oversampling,sex,oversampling,TBR_2,A + B,1.97,3.8,4
DIATREND,balanced_age_smote,age,smote,TBR_2,A + B,1.24,2.63,5
DIATREND,balanced_age_oversampling,age,oversampling,TBR_2,A + B,0.76,1.7,6
DIATREND,balanced_sex_reference_proportional,sex,reference_proportional,TBR_2,A + B,0.47,0.86,7
DIATREND,balanced_sex_undersampling,sex,undersampling,TBR_2,A + B,0.05,0.11,8
DIATREND,balanced_age_reference_proportional,age,reference_proportional,TBR_2,A + B,0.01,0.01,9
DIATREND,balanced_sex_patient_aware_undersampling,sex,patient_aware_undersampling,TBR_2,A + B,0.01,0.03,10
DIATREND,balanced_age_patient_aware_undersampling,age,patient_aware_undersampling,TBR_2,A + B,0.0,0.0,11
DIATREND,balanced_age_undersampling,age,undersampling,TBR_2,A + B,0.0,0.0,12
DIATREND,original,,original,TBR_2,A + B,0.0,0.0,13
DIATREND,balanced_age_oversampling,age,oversampling,TBR_2,RMSE,72.16,7.31,1
DIATREND,balanced_age_smote,age,smote,TBR_2,RMSE,72.41,6.96,2
DIATREND,balanced_age_reference_proportional,age,reference_proportional,TBR_2,RMSE,72.8,7.59,3
DIATREND,balanced_age_jittering,age,jittering,TBR_2,RMSE,72.85,8.41,4
DIATREND,balanced_sex_smote,sex,smote,TBR_2,RMSE,73.08,8.58,5
DIATREND,balanced_sex_jittering,sex,jittering,TBR_2,RMSE,73.21,9.42,6
DIATREND,balanced_age_patient_aware_undersampling,age,patient_aware_undersampling,TBR_2,RMSE,73.62,6.87,7
DIATREND,balanced_sex_oversampling,sex,oversampling,TBR_2,RMSE,73.63,8.96,8
DIATREND,balanced_sex_undersampling,sex,undersampling,TBR_2,RMSE,73.99,8.24,9
DIATREND,balanced_sex_reference_proportional,sex,reference_proportional,TBR_2,RMSE,73.99,7.42,10
DIATREND,balanced_age_undersampling,age,undersampling,TBR_2,RMSE,74.69,8.27,11
DIATREND,balanced_sex_patient_aware_undersampling,sex,patient_aware_undersampling,TBR_2,RMSE,74.7,7.63,12
DIATREND,original,,original,TBR_2,RMSE,75.28,7.33,13
DIATREND,balanced_age_oversampling,age,oversampling,TBR_2,MSE,5250.55,1074.88,1
DIATREND,balanced_age_smote,age,smote,TBR_2,MSE,5282.45,1014.8,2
DIATREND,balanced_age_reference_proportional,age,reference_proportional,TBR_2,MSE,5346.35,1125.81,3
DIATREND,balanced_age_jittering,age,jittering,TBR_2,MSE,5364.03,1239.87,4
DIATREND,balanced_sex_smote,sex,smote,TBR_2,MSE,5399.45,1274.08,5
DIATREND,balanced_sex_jittering,sex,jittering,TBR_2,MSE,5430.19,1397.65,6
DIATREND,balanced_age_patient_aware_undersampling,age,patient_aware_undersampling,TBR_2,MSE,5457.04,1020.97,7
DIATREND,balanced_sex_oversampling,sex,oversampling,TBR_2,MSE,5485.43,1341.98,8
DIATREND,balanced_sex_reference_proportional,sex,reference_proportional,TBR_2,MSE,5518.39,1107.71,9
DIATREND,balanced_sex_undersampling,sex,undersampling,TBR_2,MSE,5528.29,1239.7,10
DIATREND,balanced_sex_patient_aware_undersampling,sex,patient_aware_undersampling,TBR_2,MSE,5626.54,1156.54,11
DIATREND,balanced_age_undersampling,age,undersampling,TBR_2,MSE,5633.38,1256.87,12
DIATREND,original,,original,TBR_2,MSE,5710.57,1119.85,13
DIATREND,balanced_sex_jittering,sex,jittering,TBR_2,MAE,68.08,9.56,1
DIATREND,balanced_sex_smote,sex,smote,TBR_2,MAE,68.09,8.77,2
DIATREND,balanced_age_oversampling,age,oversampling,TBR_2,MAE,68.23,6.95,3
DIATREND,balanced_age_jittering,age,jittering,TBR_2,MAE,68.35,8.52,4
DIATREND,balanced_age_smote,age,smote,TBR_2,MAE,68.53,6.67,5
DIATREND,balanced_sex_oversampling,sex,oversampling,TBR_2,MAE,68.85,9.04,6
DIATREND,balanced_age_reference_proportional,age,reference_proportional,TBR_2,MAE,68.87,7.07,7
DIATREND,balanced_age_patient_aware_undersampling,age,patient_aware_undersampling,TBR_2,MAE,69.39,6.19,8
DIATREND,balanced_sex_reference_proportional,sex,reference_proportional,TBR_2,MAE,69.5,7.07,9
DIATREND,balanced_sex_undersampling,sex,undersampling,TBR_2,MAE,69.62,8.04,10
DIATREND,balanced_age_undersampling,age,undersampling,TBR_2,MAE,70.55,7.32,11
DIATREND,balanced_sex_patient_aware_undersampling,sex,patient_aware_undersampling,TBR_2,MAE,70.57,7.24,12
DIATREND,original,,original,TBR_2,MAE,71.22,6.14,13
DIATREND,balanced_age_oversampling,age,oversampling,TBR_2,MAPE,1.5,0.14,1
DIATREND,balanced_sex_jittering,sex,jittering,TBR_2,MAPE,1.5,0.2,2
DIATREND,balanced_sex_smote,sex,smote,TBR_2,MAPE,1.5,0.18,3
DIATREND,balanced_age_smote,age,smote,TBR_2,MAPE,1.51,0.13,4
DIATREND,balanced_age_jittering,age,jittering,TBR_2,MAPE,1.51,0.17,5
DIATREND,balanced_sex_oversampling,sex,oversampling,TBR_2,MAPE,1.52,0.19,6
DIATREND,balanced_age_reference_proportional,age,reference_proportional,TBR_2,MAPE,1.52,0.14,7
DIATREND,balanced_age_patient_aware_undersampling,age,patient_aware_undersampling,TBR_2,MAPE,1.53,0.12,8
DIATREND,balanced_sex_undersampling,sex,undersampling,TBR_2,MAPE,1.53,0.16,9
DIATREND,balanced_sex_reference_proportional,sex,reference_proportional,TBR_2,MAPE,1.53,0.14,10
DIATREND,balanced_age_undersampling,age,undersampling,TBR_2,MAPE,1.56,0.15,11
DIATREND,balanced_sex_patient_aware_undersampling,sex,patient_aware_undersampling,TBR_2,MAPE,1.56,0.14,12
DIATREND,original,,original,TBR_2,MAPE,1.57,0.12,13
DIATREND,balanced_sex_jittering,sex,jittering,TBR_1,A,1.01,0.78,1
DIATREND,balanced_sex_smote,sex,smote,TBR_1,A,0.98,0.73,2
DIATREND,balanced_age_jittering,age,jittering,TBR_1,A,0.67,0.81,3
DIATREND,balanced_sex_oversampling,sex,oversampling,TBR_1,A,0.62,0.56,4
DIATREND,balanced_age_oversampling,age,oversampling,TBR_1,A,0.38,0.48,5
DIATREND,balanced_age_smote,age,smote,TBR_1,A,0.36,0.51,6
DIATREND,balanced_sex_reference_proportional,sex,reference_proportional,TBR_1,A,0.36,0.28,7
DIATREND,balanced_age_reference_proportional,age,reference_proportional,TBR_1,A,0.32,0.32,8
DIATREND,balanced_sex_undersampling,sex,undersampling,TBR_1,A,0.2,0.16,9
DIATREND,balanced_sex_patient_aware_undersampling,sex,patient_aware_undersampling,TBR_1,A,0.16,0.16,10
DIATREND,balanced_age_patient_aware_undersampling,age,patient_aware_undersampling,TBR_1,A,0.03,0.04,11
DIATREND,balanced_age_undersampling,age,undersampling,TBR_1,A,0.03,0.07,12
DIATREND,original,,original,TBR_1,A,0.01,0.01,13
DIATREND,balanced_age_jittering,age,jittering,TBR_1,B,0.0,0.0,1
DIATREND,balanced_age_oversampling,age,oversampling,TBR_1,B,0.0,0.0,2
DIATREND,balanced_age_patient_aware_undersampling,age,patient_aware_undersampling,TBR_1,B,0.0,0.0,3
DIATREND,balanced_age_reference_proportional,age,reference_proportional,TBR_1,B,0.0,0.0,4
DIATREND,balanced_age_smote,age,smote,TBR_1,B,0.0,0.0,5
DIATREND,balanced_age_undersampling,age,undersampling,TBR_1,B,0.0,0.0,6
DIATREND,balanced_sex_jittering,sex,jittering,TBR_1,B,0.0,0.0,7
DIATREND,balanced_sex_oversampling,sex,oversampling,TBR_1,B,0.0,0.0,8
DIATREND,balanced_sex_patient_aware_undersampling,sex,patient_aware_undersampling,TBR_1,B,0.0,0.0,9
DIATREND,balanced_sex_reference_proportional,sex,reference_proportional,TBR_1,B,0.0,0.0,10
DIATREND,balanced_sex_smote,sex,smote,TBR_1,B,0.0,0.0,11
DIATREND,balanced_sex_undersampling,sex,undersampling,TBR_1,B,0.0,0.0,12
DIATREND,original,,original,TBR_1,B,0.0,0.0,13
DIATREND,balanced_age_jittering,age,jittering,TBR_1,C,0.0,0.0,1
DIATREND,balanced_age_oversampling,age,oversampling,TBR_1,C,0.0,0.0,2
DIATREND,balanced_age_patient_aware_undersampling,age,patient_aware_undersampling,TBR_1,C,0.0,0.0,3
DIATREND,balanced_age_reference_proportional,age,reference_proportional,TBR_1,C,0.0,0.0,4
DIATREND,balanced_age_smote,age,smote,TBR_1,C,0.0,0.0,5
DIATREND,balanced_age_undersampling,age,undersampling,TBR_1,C,0.0,0.0,6
DIATREND,balanced_sex_jittering,sex,jittering,TBR_1,C,0.0,0.0,7
DIATREND,balanced_sex_oversampling,sex,oversampling,TBR_1,C,0.0,0.0,8
DIATREND,balanced_sex_patient_aware_undersampling,sex,patient_aware_undersampling,TBR_1,C,0.0,0.0,9
DIATREND,balanced_sex_reference_proportional,sex,reference_proportional,TBR_1,C,0.0,0.0,10
DIATREND,balanced_sex_smote,sex,smote,TBR_1,C,0.0,0.0,11
DIATREND,balanced_sex_undersampling,sex,undersampling,TBR_1,C,0.0,0.0,12
DIATREND,original,,original,TBR_1,C,0.0,0.0,13
DIATREND,balanced_sex_jittering,sex,jittering,TBR_1,D,96.41,0.82,1
DIATREND,balanced_sex_smote,sex,smote,TBR_1,D,96.51,0.64,2
DIATREND,balanced_sex_oversampling,sex,oversampling,TBR_1,D,96.79,0.86,3
DIATREND,balanced_age_jittering,age,jittering,TBR_1,D,97.01,0.84,4
DIATREND,balanced_age_undersampling,age,undersampling,TBR_1,D,97.1,1.45,5
DIATREND,original,,original,TBR_1,D,97.11,1.26,6
DIATREND,balanced_sex_reference_proportional,sex,reference_proportional,TBR_1,D,97.12,1.04,7
DIATREND,balanced_sex_undersampling,sex,undersampling,TBR_1,D,97.22,1.01,8
DIATREND,balanced_sex_patient_aware_undersampling,sex,patient_aware_undersampling,TBR_1,D,97.3,1.12,9
DIATREND,balanced_age_patient_aware_undersampling,age,patient_aware_undersampling,TBR_1,D,97.34,1.04,10
DIATREND,balanced_age_reference_proportional,age,reference_proportional,TBR_1,D,97.39,1.07,11
DIATREND,balanced_age_smote,age,smote,TBR_1,D,97.4,1.01,12
DIATREND,balanced_age_oversampling,age,oversampling,TBR_1,D,97.45,0.85,13
DIATREND,balanced_age_oversampling,age,oversampling,TBR_1,E,2.17,0.99,1
DIATREND,balanced_age_smote,age,smote,TBR_1,E,2.23,0.94,2
DIATREND,balanced_age_reference_proportional,age,reference_proportional,TBR_1,E,2.29,1.08,3
DIATREND,balanced_age_jittering,age,jittering,TBR_1,E,2.33,1.1,4
DIATREND,balanced_sex_smote,sex,smote,TBR_1,E,2.51,1.12,5
DIATREND,balanced_sex_reference_proportional,sex,reference_proportional,TBR_1,E,2.52,1.1,6
DIATREND,balanced_sex_patient_aware_undersampling,sex,patient_aware_undersampling,TBR_1,E,2.54,1.13,7
DIATREND,balanced_sex_jittering,sex,jittering,TBR_1,E,2.57,1.12,8
DIATREND,balanced_sex_undersampling,sex,undersampling,TBR_1,E,2.58,1.13,9
DIATREND,balanced_sex_oversampling,sex,oversampling,TBR_1,E,2.59,1.23,10
DIATREND,balanced_age_patient_aware_undersampling,age,patient_aware_undersampling,TBR_1,E,2.63,1.04,11
DIATREND,balanced_age_undersampling,age,undersampling,TBR_1,E,2.87,1.49,12
DIATREND,original,,original,TBR_1,E,2.88,1.25,13
DIATREND,balanced_sex_jittering,sex,jittering,TBR_1,A + B,1.01,0.78,1
DIATREND,balanced_sex_smote,sex,smote,TBR_1,A + B,0.98,0.73,2
DIATREND,balanced_age_jittering,age,jittering,TBR_1,A + B,0.67,0.81,3
DIATREND,balanced_sex_oversampling,sex,oversampling,TBR_1,A + B,0.62,0.56,4
DIATREND,balanced_age_oversampling,age,oversampling,TBR_1,A + B,0.38,0.48,5
DIATREND,balanced_age_smote,age,smote,TBR_1,A + B,0.36,0.51,6
DIATREND,balanced_sex_reference_proportional,sex,reference_proportional,TBR_1,A + B,0.36,0.28,7
DIATREND,balanced_age_reference_proportional,age,reference_proportional,TBR_1,A + B,0.32,0.32,8
DIATREND,balanced_sex_undersampling,sex,undersampling,TBR_1,A + B,0.2,0.16,9
DIATREND,balanced_sex_patient_aware_undersampling,sex,patient_aware_undersampling,TBR_1,A + B,0.16,0.16,10
DIATREND,balanced_age_patient_aware_undersampling,age,patient_aware_undersampling,TBR_1,A + B,0.03,0.04,11
DIATREND,balanced_age_undersampling,age,undersampling,TBR_1,A + B,0.03,0.07,12
DIATREND,original,,original,TBR_1,A + B,0.01,0.01,13
DIATREND,balanced_age_oversampling,age,oversampling,TBR_1,RMSE,56.8,4.48,1
DIATREND,balanced_age_smote,age,smote,TBR_1,RMSE,57.09,4.04,2
DIATREND,balanced_age_reference_proportional,age,reference_proportional,TBR_1,RMSE,57.12,4.67,3
DIATREND,balanced_age_jittering,age,jittering,TBR_1,RMSE,57.97,4.78,4
DIATREND,balanced_sex_jittering,sex,jittering,TBR_1,RMSE,58.11,5.43,5
DIATREND,balanced_sex_smote,sex,smote,TBR_1,RMSE,58.42,4.87,6
DIATREND,balanced_age_patient_aware_undersampling,age,patient_aware_undersampling,TBR_1,RMSE,58.62,3.75,7
DIATREND,balanced_sex_oversampling,sex,oversampling,TBR_1,RMSE,58.68,5.39,8
DIATREND,balanced_sex_reference_proportional,sex,reference_proportional,TBR_1,RMSE,58.9,4.07,9
DIATREND,balanced_sex_undersampling,sex,undersampling,TBR_1,RMSE,59.01,4.74,10
DIATREND,balanced_sex_patient_aware_undersampling,sex,patient_aware_undersampling,TBR_1,RMSE,59.38,4.33,11
DIATREND,balanced_age_undersampling,age,undersampling,TBR_1,RMSE,59.47,4.87,12
DIATREND,original,,original,TBR_1,RMSE,59.82,3.94,13
DIATREND,balanced_age_oversampling,age,oversampling,TBR_1,MSE,3241.96,516.68,1
DIATREND,balanced_age_smote,age,smote,TBR_1,MSE,3272.38,464.55,2
DIATREND,balanced_age_reference_proportional,age,reference_proportional,TBR_1,MSE,3279.97,541.03,3
DIATREND,balanced_age_jittering,age,jittering,TBR_1,MSE,3379.02,558.87,4
DIATREND,balanced_sex_jittering,sex,jittering,TBR_1,MSE,3400.73,630.6,5
DIATREND,balanced_sex_smote,sex,smote,TBR_1,MSE,3431.98,573.62,6
DIATREND,balanced_age_patient_aware_undersampling,age,patient_aware_undersampling,TBR_1,MSE,3447.28,441.11,7
DIATREND,balanced_sex_oversampling,sex,oversampling,TBR_1,MSE,3466.41,637.69,8
DIATREND,balanced_sex_reference_proportional,sex,reference_proportional,TBR_1,MSE,3482.81,478.91,9
DIATREND,balanced_sex_undersampling,sex,undersampling,TBR_1,MSE,3500.15,565.44,10
DIATREND,balanced_sex_patient_aware_undersampling,sex,patient_aware_undersampling,TBR_1,MSE,3541.34,519.75,11
DIATREND,balanced_age_undersampling,age,undersampling,TBR_1,MSE,3555.24,586.04,12
DIATREND,original,,original,TBR_1,MSE,3591.41,476.87,13
DIATREND,balanced_age_oversampling,age,oversampling,TBR_1,MAE,52.35,3.64,1
DIATREND,balanced_age_smote,age,smote,TBR_1,MAE,52.57,3.28,2
DIATREND,balanced_age_reference_proportional,age,reference_proportional,TBR_1,MAE,52.6,3.78,3
DIATREND,balanced_sex_jittering,sex,jittering,TBR_1,MAE,52.75,5.04,4
DIATREND,balanced_sex_smote,sex,smote,TBR_1,MAE,53.3,4.23,5
DIATREND,balanced_age_jittering,age,jittering,TBR_1,MAE,53.35,4.12,6
DIATREND,balanced_sex_oversampling,sex,oversampling,TBR_1,MAE,53.7,4.82,7
DIATREND,balanced_age_patient_aware_undersampling,age,patient_aware_undersampling,TBR_1,MAE,53.84,2.91,8
DIATREND,balanced_sex_reference_proportional,sex,reference_proportional,TBR_1,MAE,54.04,3.27,9
DIATREND,balanced_sex_undersampling,sex,undersampling,TBR_1,MAE,54.23,4.0,10
DIATREND,balanced_sex_patient_aware_undersampling,sex,patient_aware_undersampling,TBR_1,MAE,54.8,3.68,11
DIATREND,balanced_age_undersampling,age,undersampling,TBR_1,MAE,54.88,3.79,12
DIATREND,original,,original,TBR_1,MAE,55.15,2.65,13
DIATREND,balanced_age_oversampling,age,oversampling,TBR_1,MAPE,0.84,0.06,1
DIATREND,balanced_age_reference_proportional,age,reference_proportional,TBR_1,MAPE,0.84,0.06,2
DIATREND,balanced_age_smote,age,smote,TBR_1,MAPE,0.84,0.05,3
DIATREND,balanced_age_jittering,age,jittering,TBR_1,MAPE,0.85,0.06,4
DIATREND,balanced_sex_jittering,sex,jittering,TBR_1,MAPE,0.85,0.08,5
DIATREND,balanced_sex_smote,sex,smote,TBR_1,MAPE,0.85,0.07,6
DIATREND,balanced_sex_oversampling,sex,oversampling,TBR_1,MAPE,0.86,0.08,7
DIATREND,balanced_age_patient_aware_undersampling,age,patient_aware_undersampling,TBR_1,MAPE,0.86,0.04,8
DIATREND,balanced_sex_undersampling,sex,undersampling,TBR_1,MAPE,0.87,0.06,9
DIATREND,balanced_sex_reference_proportional,sex,reference_proportional,TBR_1,MAPE,0.87,0.05,10
DIATREND,balanced_age_undersampling,age,undersampling,TBR_1,MAPE,0.88,0.06,11
DIATREND,balanced_sex_patient_aware_undersampling,sex,patient_aware_undersampling,TBR_1,MAPE,0.88,0.06,12
DIATREND,original,,original,TBR_1,MAPE,0.88,0.04,13
DIATREND,balanced_age_oversampling,age,oversampling,TIR,A,68.85,1.85,1
DIATREND,balanced_age_reference_proportional,age,reference_proportional,TIR,A,68.45,2.01,2
DIATREND,balanced_age_smote,age,smote,TIR,A,68.32,1.88,3
DIATREND,balanced_age_jittering,age,jittering,TIR,A,68.21,1.98,4
DIATREND,balanced_sex_jittering,sex,jittering,TIR,A,67.77,1.92,5
DIATREND,balanced_sex_smote,sex,smote,TIR,A,67.52,1.99,6
DIATREND,balanced_sex_reference_proportional,sex,reference_proportional,TIR,A,67.45,1.89,7
DIATREND,balanced_sex_patient_aware_undersampling,sex,patient_aware_undersampling,TIR,A,67.45,2.17,8
DIATREND,balanced_sex_undersampling,sex,undersampling,TIR,A,67.35,1.91,9
DIATREND,balanced_sex_oversampling,sex,oversampling,TIR,A,67.33,2.11,10
DIATREND,balanced_age_patient_aware_undersampling,age,patient_aware_undersampling,TIR,A,66.74,2.17,11
DIATREND,balanced_age_undersampling,age,undersampling,TIR,A,66.68,2.25,12
DIATREND,original,,original,TIR,A,66.2,2.33,13
DIATREND,original,,original,TIR,B,33.14,2.32,1
DIATREND,balanced_age_undersampling,age,undersampling,TIR,B,32.67,2.17,2
DIATREND,balanced_age_patient_aware_undersampling,age,patient_aware_undersampling,TIR,B,32.65,2.19,3
DIATREND,balanced_sex_oversampling,sex,oversampling,TIR,B,32.07,2.02,4
DIATREND,balanced_sex_undersampling,sex,undersampling,TIR,B,32.05,1.88,5
DIATREND,balanced_sex_reference_proportional,sex,reference_proportional,TIR,B,31.95,1.88,6
DIATREND,balanced_sex_patient_aware_undersampling,sex,patient_aware_undersampling,TIR,B,31.94,2.13,7
DIATREND,balanced_sex_smote,sex,smote,TIR,B,31.89,1.92,8
DIATREND,balanced_sex_jittering,sex,jittering,TIR,B,31.61,1.88,9
DIATREND,balanced_age_jittering,age,jittering,TIR,B,31.25,1.91,10
DIATREND,balanced_age_smote,age,smote,TIR,B,31.14,1.81,11
DIATREND,balanced_age_reference_proportional,age,reference_proportional,TIR,B,31.03,1.95,12
DIATREND,balanced_age_oversampling,age,oversampling,TIR,B,30.63,1.77,13
DIATREND,balanced_age_oversampling,age,oversampling,TIR,C,0.51,0.18,1
DIATREND,balanced_age_reference_proportional,age,reference_proportional,TIR,C,0.52,0.18,2
DIATREND,balanced_age_jittering,age,jittering,TIR,C,0.54,0.21,3
DIATREND,balanced_age_smote,age,smote,TIR,C,0.54,0.19,4
DIATREND,balanced_sex_smote,sex,smote,TIR,C,0.6,0.21,5
DIATREND,balanced_sex_undersampling,sex,undersampling,TIR,C,0.6,0.2,6
DIATREND,balanced_sex_reference_proportional,sex,reference_proportional,TIR,C,0.6,0.19,7
DIATREND,balanced_age_patient_aware_undersampling,age,patient_aware_undersampling,TIR,C,0.61,0.18,8
DIATREND,balanced_sex_jittering,sex,jittering,TIR,C,0.61,0.21,9
DIATREND,balanced_sex_oversampling,sex,oversampling,TIR,C,0.61,0.21,10
DIATREND,balanced_sex_patient_aware_undersampling,sex,patient_aware_undersampling,TIR,C,0.61,0.21,11
DIATREND,balanced_age_undersampling,age,undersampling,TIR,C,0.65,0.24,12
DIATREND,original,,original,TIR,C,0.66,0.23,13
DIATREND,balanced_age_jittering,age,jittering,TIR,D,0.0,0.0,1
DIATREND,balanced_age_oversampling,age,oversampling,TIR,D,0.0,0.0,2
DIATREND,balanced_age_patient_aware_undersampling,age,patient_aware_undersampling,TIR,D,0.0,0.0,3
DIATREND,balanced_age_reference_proportional,age,reference_proportional,TIR,D,0.0,0.0,4
DIATREND,balanced_age_smote,age,smote,TIR,D,0.0,0.0,5
DIATREND,balanced_age_undersampling,age,undersampling,TIR,D,0.0,0.0,6
DIATREND,balanced_sex_jittering,sex,jittering,TIR,D,0.0,0.0,7
DIATREND,balanced_sex_oversampling,sex,oversampling,TIR,D,0.0,0.0,8
DIATREND,balanced_sex_patient_aware_undersampling,sex,patient_aware_undersampling,TIR,D,0.0,0.0,9
DIATREND,balanced_sex_reference_proportional,sex,reference_proportional,TIR,D,0.0,0.0,10
DIATREND,balanced_sex_smote,sex,smote,TIR,D,0.0,0.0,11
DIATREND,balanced_sex_undersampling,sex,undersampling,TIR,D,0.0,0.0,12
DIATREND,original,,original,TIR,D,0.0,0.0,13
DIATREND,balanced_age_jittering,age,jittering,TIR,E,0.0,0.0,1
DIATREND,balanced_age_oversampling,age,oversampling,TIR,E,0.0,0.0,2
DIATREND,balanced_age_patient_aware_undersampling,age,patient_aware_undersampling,TIR,E,0.0,0.0,3
DIATREND,balanced_age_reference_proportional,age,reference_proportional,TIR,E,0.0,0.0,4
DIATREND,balanced_age_smote,age,smote,TIR,E,0.0,0.0,5
DIATREND,balanced_age_undersampling,age,undersampling,TIR,E,0.0,0.0,6
DIATREND,balanced_sex_jittering,sex,jittering,TIR,E,0.0,0.0,7
DIATREND,balanced_sex_oversampling,sex,oversampling,TIR,E,0.0,0.0,8
DIATREND,balanced_sex_patient_aware_undersampling,sex,patient_aware_undersampling,TIR,E,0.0,0.0,9
DIATREND,balanced_sex_reference_proportional,sex,reference_proportional,TIR,E,0.0,0.0,10
DIATREND,balanced_sex_smote,sex,smote,TIR,E,0.0,0.0,11
DIATREND,balanced_sex_undersampling,sex,undersampling,TIR,E,0.0,0.0,12
DIATREND,original,,original,TIR,E,0.0,0.0,13
DIATREND,balanced_age_oversampling,age,oversampling,TIR,A + B,99.49,0.18,1
DIATREND,balanced_age_reference_proportional,age,reference_proportional,TIR,A + B,99.48,0.18,2
DIATREND,balanced_age_jittering,age,jittering,TIR,A + B,99.46,0.21,3
DIATREND,balanced_age_smote,age,smote,TIR,A + B,99.46,0.19,4
DIATREND,balanced_sex_smote,sex,smote,TIR,A + B,99.4,0.21,5
DIATREND,balanced_sex_reference_proportional,sex,reference_proportional,TIR,A + B,99.4,0.19,6
DIATREND,balanced_sex_undersampling,sex,undersampling,TIR,A + B,99.4,0.19,7
DIATREND,balanced_age_patient_aware_undersampling,age,patient_aware_undersampling,TIR,A + B,99.39,0.18,8
DIATREND,balanced_sex_patient_aware_undersampling,sex,patient_aware_undersampling,TIR,A + B,99.39,0.21,9
DIATREND,balanced_sex_oversampling,sex,oversampling,TIR,A + B,99.39,0.21,10
DIATREND,balanced_sex_jittering,sex,jittering,TIR,A + B,99.38,0.21,11
DIATREND,balanced_age_undersampling,age,undersampling,TIR,A + B,99.35,0.24,12
DIATREND,original,,original,TIR,A + B,99.34,0.23,13
DIATREND,balanced_age_oversampling,age,oversampling,TIR,RMSE,29.1,1.16,1
DIATREND,balanced_age_reference_proportional,age,reference_proportional,TIR,RMSE,29.26,1.18,2
DIATREND,balanced_age_jittering,age,jittering,TIR,RMSE,29.38,1.28,3
DIATREND,balanced_age_smote,age,smote,TIR,RMSE,29.47,1.14,4
DIATREND,balanced_sex_patient_aware_undersampling,sex,patient_aware_undersampling,TIR,RMSE,30.08,1.19,5
DIATREND,balanced_sex_reference_proportional,sex,reference_proportional,TIR,RMSE,30.11,0.99,6
DIATREND,balanced_sex_smote,sex,smote,TIR,RMSE,30.15,1.24,7
DIATREND,balanced_sex_oversampling,sex,oversampling,TIR,RMSE,30.17,1.29,8
DIATREND,balanced_sex_undersampling,sex,undersampling,TIR,RMSE,30.18,1.15,9
DIATREND,balanced_sex_jittering,sex,jittering,TIR,RMSE,30.21,1.19,10
DIATREND,balanced_age_patient_aware_undersampling,age,patient_aware_undersampling,TIR,RMSE,30.37,0.83,11
DIATREND,balanced_age_undersampling,age,undersampling,TIR,RMSE,30.47,1.36,12
DIATREND,original,,original,TIR,RMSE,30.72,1.14,13
DIATREND,balanced_age_oversampling,age,oversampling,TIR,MSE,847.97,67.14,1
DIATREND,balanced_age_reference_proportional,age,reference_proportional,TIR,MSE,857.1,67.8,2
DIATREND,balanced_age_jittering,age,jittering,TIR,MSE,864.55,74.71,3
DIATREND,balanced_age_smote,age,smote,TIR,MSE,869.46,66.54,4
DIATREND,balanced_sex_patient_aware_undersampling,sex,patient_aware_undersampling,TIR,MSE,906.05,71.19,5
DIATREND,balanced_sex_reference_proportional,sex,reference_proportional,TIR,MSE,907.58,59.0,6
DIATREND,balanced_sex_smote,sex,smote,TIR,MSE,910.4,74.4,7
DIATREND,balanced_sex_oversampling,sex,oversampling,TIR,MSE,911.54,77.23,8
DIATREND,balanced_sex_undersampling,sex,undersampling,TIR,MSE,912.04,68.22,9
DIATREND,balanced_sex_jittering,sex,jittering,TIR,MSE,913.68,71.16,10
DIATREND,balanced_age_patient_aware_undersampling,age,patient_aware_undersampling,TIR,MSE,922.72,50.59,11
DIATREND,balanced_age_undersampling,age,undersampling,TIR,MSE,929.84,82.01,12
DIATREND,original,,original,TIR,MSE,944.97,69.08,13
DIATREND,balanced_age_oversampling,age,oversampling,TIR,MAE,21.47,0.73,1
DIATREND,balanced_age_reference_proportional,age,reference_proportional,TIR,MAE,21.56,0.79,2
DIATREND,balanced_age_jittering,age,jittering,TIR,MAE,21.66,0.83,3
DIATREND,balanced_age_smote,age,smote,TIR,MAE,21.73,0.76,4
DIATREND,balanced_sex_jittering,sex,jittering,TIR,MAE,22.13,0.8,5
DIATREND,balanced_sex_patient_aware_undersampling,sex,patient_aware_undersampling,TIR,MAE,22.15,0.73,6
DIATREND,balanced_sex_smote,sex,smote,TIR,MAE,22.15,0.86,7
DIATREND,balanced_sex_reference_proportional,sex,reference_proportional,TIR,MAE,22.16,0.65,8
DIATREND,balanced_sex_oversampling,sex,oversampling,TIR,MAE,22.19,0.9,9
DIATREND,balanced_sex_undersampling,sex,undersampling,TIR,MAE,22.2,0.78,10
DIATREND,balanced_age_patient_aware_undersampling,age,patient_aware_undersampling,TIR,MAE,22.39,0.65,11
DIATREND,balanced_age_undersampling,age,undersampling,TIR,MAE,22.45,0.89,12
DIATREND,original,,original,TIR,MAE,22.67,0.74,13
DIATREND,balanced_age_jittering,age,jittering,TIR,MAPE,0.18,0.01,1
DIATREND,balanced_age_oversampling,age,oversampling,TIR,MAPE,0.18,0.01,2
DIATREND,balanced_age_reference_proportional,age,reference_proportional,TIR,MAPE,0.18,0.01,3
DIATREND,balanced_age_smote,age,smote,TIR,MAPE,0.18,0.01,4
DIATREND,balanced_sex_oversampling,sex,oversampling,TIR,MAPE,0.18,0.01,5
DIATREND,balanced_sex_jittering,sex,jittering,TIR,MAPE,0.18,0.01,6
DIATREND,balanced_sex_reference_proportional,sex,reference_proportional,TIR,MAPE,0.18,0.01,7
DIATREND,balanced_sex_patient_aware_undersampling,sex,patient_aware_undersampling,TIR,MAPE,0.18,0.01,8
DIATREND,balanced_sex_smote,sex,smote,TIR,MAPE,0.18,0.01,9
DIATREND,balanced_sex_undersampling,sex,undersampling,TIR,MAPE,0.18,0.01,10
DIATREND,balanced_age_undersampling,age,undersampling,TIR,MAPE,0.19,0.01,11
DIATREND,balanced_age_patient_aware_undersampling,age,patient_aware_undersampling,TIR,MAPE,0.19,0.01,12
DIATREND,original,,original,TIR,MAPE,0.19,0.01,13
DIATREND,original,,original,TAR_1,A,70.98,1.44,1
DIATREND,balanced_age_patient_aware_undersampling,age,patient_aware_undersampling,TAR_1,A,70.84,1.94,2
DIATREND,balanced_sex_oversampling,sex,oversampling,TAR_1,A,70.64,1.01,3
DIATREND,balanced_sex_smote,sex,smote,TAR_1,A,70.62,1.31,4
DIATREND,balanced_sex_undersampling,sex,undersampling,TAR_1,A,70.56,1.41,5
DIATREND,balanced_sex_jittering,sex,jittering,TAR_1,A,70.45,1.3,6
DIATREND,balanced_age_undersampling,age,undersampling,TAR_1,A,70.4,1.22,7
DIATREND,balanced_sex_reference_proportional,sex,reference_proportional,TAR_1,A,70.05,1.67,8
DIATREND,balanced_sex_patient_aware_undersampling,sex,patient_aware_undersampling,TAR_1,A,69.79,1.32,9
DIATREND,balanced_age_jittering,age,jittering,TAR_1,A,67.97,1.49,10
DIATREND,balanced_age_reference_proportional,age,reference_proportional,TAR_1,A,67.9,1.57,11
DIATREND,balanced_age_smote,age,smote,TAR_1,A,67.43,1.55,12
DIATREND,balanced_age_oversampling,age,oversampling,TAR_1,A,66.93,1.59,13
DIATREND,balanced_age_oversampling,age,oversampling,TAR_1,B,30.41,1.4,1
DIATREND,balanced_age_smote,age,smote,TAR_1,B,29.97,1.35,2
DIATREND,balanced_age_reference_proportional,age,reference_proportional,TAR_1,B,29.52,1.38,3
DIATREND,balanced_age_jittering,age,jittering,TAR_1,B,29.44,1.29,4
DIATREND,balanced_sex_patient_aware_undersampling,sex,patient_aware_undersampling,TAR_1,B,27.87,1.17,5
DIATREND,balanced_sex_reference_proportional,sex,reference_proportional,TAR_1,B,27.64,1.49,6
DIATREND,balanced_age_undersampling,age,undersampling,TAR_1,B,27.33,1.09,7
DIATREND,balanced_sex_jittering,sex,jittering,TAR_1,B,27.25,1.16,8
DIATREND,balanced_sex_undersampling,sex,undersampling,TAR_1,B,27.16,1.26,9
DIATREND,balanced_sex_smote,sex,smote,TAR_1,B,27.08,1.12,10
DIATREND,balanced_sex_oversampling,sex,oversampling,TAR_1,B,27.08,0.89,11
DIATREND,balanced_age_patient_aware_undersampling,age,patient_aware_undersampling,TAR_1,B,26.89,1.71,12
DIATREND,original,,original,TAR_1,B,26.82,1.28,13
DIATREND,original,,original,TAR_1,C,0.1,0.05,1
DIATREND,balanced_age_undersampling,age,undersampling,TAR_1,C,0.11,0.08,2
DIATREND,balanced_sex_undersampling,sex,undersampling,TAR_1,C,0.13,0.08,3
DIATREND,balanced_sex_jittering,sex,jittering,TAR_1,C,0.13,0.08,4
DIATREND,balanced_sex_oversampling,sex,oversampling,TAR_1,C,0.14,0.09,5
DIATREND,balanced_sex_reference_proportional,sex,reference_proportional,TAR_1,C,0.14,0.08,6
DIATREND,balanced_age_jittering,age,jittering,TAR_1,C,0.14,0.09,7
DIATREND,balanced_age_patient_aware_undersampling,age,patient_aware_undersampling,TAR_1,C,0.14,0.09,8
DIATREND,balanced_sex_patient_aware_undersampling,sex,patient_aware_undersampling,TAR_1,C,0.14,0.08,9
DIATREND,balanced_sex_smote,sex,smote,TAR_1,C,0.15,0.1,10
DIATREND,balanced_age_oversampling,age,oversampling,TAR_1,C,0.15,0.1,11
DIATREND,balanced_age_reference_proportional,age,reference_proportional,TAR_1,C,0.16,0.12,12
DIATREND,balanced_age_smote,age,smote,TAR_1,C,0.17,0.11,13
DIATREND,original,,original,TAR_1,D,2.11,0.16,1
DIATREND,balanced_age_patient_aware_undersampling,age,patient_aware_undersampling,TAR_1,D,2.13,0.22,2
DIATREND,balanced_sex_undersampling,sex,undersampling,TAR_1,D,2.15,0.13,3
DIATREND,balanced_sex_oversampling,sex,oversampling,TAR_1,D,2.15,0.11,4
DIATREND,balanced_sex_smote,sex,smote,TAR_1,D,2.15,0.14,5
DIATREND,balanced_age_undersampling,age,undersampling,TAR_1,D,2.16,0.15,6
DIATREND,balanced_sex_jittering,sex,jittering,TAR_1,D,2.16,0.15,7
DIATREND,balanced_sex_reference_proportional,sex,reference_proportional,TAR_1,D,2.18,0.19,8
DIATREND,balanced_sex_patient_aware_undersampling,sex,patient_aware_undersampling,TAR_1,D,2.2,0.16,9
DIATREND,balanced_age_reference_proportional,age,reference_proportional,TAR_1,D,2.43,0.17,10
DIATREND,balanced_age_smote,age,smote,TAR_1,D,2.43,0.18,11
DIATREND,balanced_age_jittering,age,jittering,TAR_1,D,2.45,0.19,12
DIATREND,balanced_age_oversampling,age,oversampling,TAR_1,D,2.5,0.2,13
DIATREND,balanced_age_jittering,age,jittering,TAR_1,E,0.0,0.01,1
DIATREND,balanced_age_oversampling,age,oversampling,TAR_1,E,0.0,0.0,2
DIATREND,balanced_age_patient_aware_undersampling,age,patient_aware_undersampling,TAR_1,E,0.0,0.0,3
DIATREND,balanced_age_reference_proportional,age,reference_proportional,TAR_1,E,0.0,0.0,4
DIATREND,balanced_age_smote,age,smote,TAR_1,E,0.0,0.0,5
DIATREND,balanced_age_undersampling,age,undersampling,TAR_1,E,0.0,0.0,6
DIATREND,balanced_sex_jittering,sex,jittering,TAR_1,E,0.0,0.0,7
DIATREND,balanced_sex_oversampling,sex,oversampling,TAR_1,E,0.0,0.0,8
DIATREND,balanced_sex_patient_aware_undersampling,sex,patient_aware_undersampling,TAR_1,E,0.0,0.0,9
DIATREND,balanced_sex_reference_proportional,sex,reference_proportional,TAR_1,E,0.0,0.0,10
DIATREND,balanced_sex_smote,sex,smote,TAR_1,E,0.0,0.0,11
DIATREND,balanced_sex_undersampling,sex,undersampling,TAR_1,E,0.0,0.0,12
DIATREND,original,,original,TAR_1,E,0.0,0.0,13
DIATREND,original,,original,TAR_1,A + B,97.79,0.17,1
DIATREND,balanced_age_patient_aware_undersampling,age,patient_aware_undersampling,TAR_1,A + B,97.74,0.25,2
DIATREND,balanced_age_undersampling,age,undersampling,TAR_1,A + B,97.73,0.17,3
DIATREND,balanced_sex_undersampling,sex,undersampling,TAR_1,A + B,97.73,0.17,4
DIATREND,balanced_sex_oversampling,sex,oversampling,TAR_1,A + B,97.72,0.16,5
DIATREND,balanced_sex_jittering,sex,jittering,TAR_1,A + B,97.71,0.18,6
DIATREND,balanced_sex_smote,sex,smote,TAR_1,A + B,97.7,0.22,7
DIATREND,balanced_sex_reference_proportional,sex,reference_proportional,TAR_1,A + B,97.68,0.22,8
DIATREND,balanced_sex_patient_aware_undersampling,sex,patient_aware_undersampling,TAR_1,A + B,97.66,0.19,9
DIATREND,balanced_age_reference_proportional,age,reference_proportional,TAR_1,A + B,97.42,0.22,10
DIATREND,balanced_age_jittering,age,jittering,TAR_1,A + B,97.41,0.22,11
DIATREND,balanced_age_smote,age,smote,TAR_1,A + B,97.39,0.22,12
DIATREND,balanced_age_oversampling,age,oversampling,TAR_1,A + B,97.35,0.22,13
DIATREND,original,,original,TAR_1,RMSE,42.08,1.21,1
DIATREND,balanced_age_patient_aware_undersampling,age,patient_aware_undersampling,TAR_1,RMSE,42.33,1.58,2
DIATREND,balanced_sex_undersampling,sex,undersampling,TAR_1,RMSE,42.4,1.29,3
DIATREND,balanced_sex_oversampling,sex,oversampling,TAR_1,RMSE,42.41,1.06,4
DIATREND,balanced_sex_smote,sex,smote,TAR_1,RMSE,42.44,1.26,5
DIATREND,balanced_age_undersampling,age,undersampling,TAR_1,RMSE,42.52,0.96,6
DIATREND,balanced_sex_jittering,sex,jittering,TAR_1,RMSE,42.64,1.06,7
DIATREND,balanced_sex_reference_proportional,sex,reference_proportional,TAR_1,RMSE,42.7,1.24,8
DIATREND,balanced_sex_patient_aware_undersampling,sex,patient_aware_undersampling,TAR_1,RMSE,42.89,1.12,9
DIATREND,balanced_age_jittering,age,jittering,TAR_1,RMSE,44.04,1.2,10
DIATREND,balanced_age_reference_proportional,age,reference_proportional,TAR_1,RMSE,44.19,1.22,11
DIATREND,balanced_age_smote,age,smote,TAR_1,RMSE,44.48,1.42,12
DIATREND,balanced_age_oversampling,age,oversampling,TAR_1,RMSE,44.82,1.3,13
DIATREND,original,,original,TAR_1,MSE,1771.85,101.08,1
DIATREND,balanced_age_patient_aware_undersampling,age,patient_aware_undersampling,TAR_1,MSE,1793.8,131.24,2
DIATREND,balanced_sex_undersampling,sex,undersampling,TAR_1,MSE,1799.24,109.53,3
DIATREND,balanced_sex_oversampling,sex,oversampling,TAR_1,MSE,1799.76,90.46,4
DIATREND,balanced_sex_smote,sex,smote,TAR_1,MSE,1802.06,107.8,5
DIATREND,balanced_age_undersampling,age,undersampling,TAR_1,MSE,1808.92,82.02,6
DIATREND,balanced_sex_jittering,sex,jittering,TAR_1,MSE,1818.65,90.46,7
DIATREND,balanced_sex_reference_proportional,sex,reference_proportional,TAR_1,MSE,1824.58,105.52,8
DIATREND,balanced_sex_patient_aware_undersampling,sex,patient_aware_undersampling,TAR_1,MSE,1840.95,96.02,9
DIATREND,balanced_age_jittering,age,jittering,TAR_1,MSE,1940.89,105.52,10
DIATREND,balanced_age_reference_proportional,age,reference_proportional,TAR_1,MSE,1953.87,108.17,11
DIATREND,balanced_age_smote,age,smote,TAR_1,MSE,1980.11,125.32,12
DIATREND,balanced_age_oversampling,age,oversampling,TAR_1,MSE,2009.77,117.39,13
DIATREND,original,,original,TAR_1,MAE,32.9,0.89,1
DIATREND,balanced_age_patient_aware_undersampling,age,patient_aware_undersampling,TAR_1,MAE,33.09,1.38,2
DIATREND,balanced_sex_undersampling,sex,undersampling,TAR_1,MAE,33.22,0.91,3
DIATREND,balanced_sex_smote,sex,smote,TAR_1,MAE,33.22,0.87,4
DIATREND,balanced_sex_oversampling,sex,oversampling,TAR_1,MAE,33.27,0.61,5
DIATREND,balanced_sex_jittering,sex,jittering,TAR_1,MAE,33.32,0.75,6
DIATREND,balanced_age_undersampling,age,undersampling,TAR_1,MAE,33.33,0.69,7
DIATREND,balanced_sex_reference_proportional,sex,reference_proportional,TAR_1,MAE,33.64,1.01,8
DIATREND,balanced_sex_patient_aware_undersampling,sex,patient_aware_undersampling,TAR_1,MAE,33.8,0.82,9
DIATREND,balanced_age_jittering,age,jittering,TAR_1,MAE,35.01,0.86,10
DIATREND,balanced_age_reference_proportional,age,reference_proportional,TAR_1,MAE,35.21,0.92,11
DIATREND,balanced_age_smote,age,smote,TAR_1,MAE,35.52,1.05,12
DIATREND,balanced_age_oversampling,age,oversampling,TAR_1,MAE,35.91,0.94,13
DIATREND,balanced_age_patient_aware_undersampling,age,patient_aware_undersampling,TAR_1,MAPE,0.15,0.01,1
DIATREND,original,,original,TAR_1,MAPE,0.15,0.0,2
DIATREND,balanced_age_reference_proportional,age,reference_proportional,TAR_1,MAPE,0.16,0.0,3
DIATREND,balanced_age_jittering,age,jittering,TAR_1,MAPE,0.16,0.0,4
DIATREND,balanced_sex_oversampling,sex,oversampling,TAR_1,MAPE,0.16,0.0,5
DIATREND,balanced_sex_jittering,sex,jittering,TAR_1,MAPE,0.16,0.0,6
DIATREND,balanced_sex_patient_aware_undersampling,sex,patient_aware_undersampling,TAR_1,MAPE,0.16,0.0,7
DIATREND,balanced_age_undersampling,age,undersampling,TAR_1,MAPE,0.16,0.0,8
DIATREND,balanced_sex_undersampling,sex,undersampling,TAR_1,MAPE,0.16,0.0,9
DIATREND,balanced_sex_reference_proportional,sex,reference_proportional,TAR_1,MAPE,0.16,0.0,10
DIATREND,balanced_sex_smote,sex,smote,TAR_1,MAPE,0.16,0.0,11
DIATREND,balanced_age_oversampling,age,oversampling,TAR_1,MAPE,0.17,0.0,12
DIATREND,balanced_age_smote,age,smote,TAR_1,MAPE,0.17,0.0,13
DIATREND,balanced_sex_smote,sex,smote,TAR_2,A,58.13,1.17,1
DIATREND,balanced_age_patient_aware_undersampling,age,patient_aware_undersampling,TAR_2,A,57.93,3.2,2
DIATREND,balanced_age_undersampling,age,undersampling,TAR_2,A,57.83,1.8,3
DIATREND,balanced_sex_undersampling,sex,undersampling,TAR_2,A,57.81,0.68,4
DIATREND,balanced_sex_jittering,sex,jittering,TAR_2,A,57.66,1.25,5
DIATREND,balanced_sex_reference_proportional,sex,reference_proportional,TAR_2,A,57.58,1.57,6
DIATREND,balanced_sex_oversampling,sex,oversampling,TAR_2,A,57.56,1.44,7
DIATREND,balanced_sex_patient_aware_undersampling,sex,patient_aware_undersampling,TAR_2,A,57.3,1.83,8
DIATREND,original,,original,TAR_2,A,56.98,3.7,9
DIATREND,balanced_age_smote,age,smote,TAR_2,A,55.25,2.35,10
DIATREND,balanced_age_reference_proportional,age,reference_proportional,TAR_2,A,54.49,1.47,11
DIATREND,balanced_age_jittering,age,jittering,TAR_2,A,53.93,1.54,12
DIATREND,balanced_age_oversampling,age,oversampling,TAR_2,A,53.84,1.56,13
DIATREND,balanced_age_oversampling,age,oversampling,TAR_2,B,35.49,0.81,1
DIATREND,balanced_age_jittering,age,jittering,TAR_2,B,35.42,1.03,2
DIATREND,balanced_age_reference_proportional,age,reference_proportional,TAR_2,B,35.18,1.44,3
DIATREND,balanced_age_smote,age,smote,TAR_2,B,34.42,0.98,4
DIATREND,original,,original,TAR_2,B,34.13,3.78,5
DIATREND,balanced_sex_patient_aware_undersampling,sex,patient_aware_undersampling,TAR_2,B,33.36,1.32,6
DIATREND,balanced_sex_oversampling,sex,oversampling,TAR_2,B,33.33,0.48,7
DIATREND,balanced_sex_reference_proportional,sex,reference_proportional,TAR_2,B,33.19,1.41,8
DIATREND,balanced_sex_undersampling,sex,undersampling,TAR_2,B,33.13,1.51,9
DIATREND,balanced_sex_jittering,sex,jittering,TAR_2,B,33.13,1.27,10
DIATREND,balanced_age_undersampling,age,undersampling,TAR_2,B,33.08,1.97,11
DIATREND,balanced_age_patient_aware_undersampling,age,patient_aware_undersampling,TAR_2,B,33.05,2.3,12
DIATREND,balanced_sex_smote,sex,smote,TAR_2,B,32.8,0.45,13
DIATREND,balanced_age_jittering,age,jittering,TAR_2,C,0.0,0.0,1
DIATREND,balanced_age_oversampling,age,oversampling,TAR_2,C,0.0,0.0,2
DIATREND,balanced_age_patient_aware_undersampling,age,patient_aware_undersampling,TAR_2,C,0.0,0.0,3
DIATREND,balanced_age_reference_proportional,age,reference_proportional,TAR_2,C,0.0,0.0,4
DIATREND,balanced_age_smote,age,smote,TAR_2,C,0.0,0.0,5
DIATREND,balanced_age_undersampling,age,undersampling,TAR_2,C,0.0,0.0,6
DIATREND,balanced_sex_jittering,sex,jittering,TAR_2,C,0.0,0.0,7
DIATREND,balanced_sex_oversampling,sex,oversampling,TAR_2,C,0.0,0.0,8
DIATREND,balanced_sex_patient_aware_undersampling,sex,patient_aware_undersampling,TAR_2,C,0.0,0.0,9
DIATREND,balanced_sex_reference_proportional,sex,reference_proportional,TAR_2,C,0.0,0.0,10
DIATREND,balanced_sex_smote,sex,smote,TAR_2,C,0.0,0.0,11
DIATREND,balanced_sex_undersampling,sex,undersampling,TAR_2,C,0.0,0.0,12
DIATREND,original,,original,TAR_2,C,0.0,0.0,13
DIATREND,original,,original,TAR_2,D,8.89,1.28,1
DIATREND,balanced_age_patient_aware_undersampling,age,patient_aware_undersampling,TAR_2,D,9.01,1.78,2
DIATREND,balanced_sex_undersampling,sex,undersampling,TAR_2,D,9.06,1.19,3
DIATREND,balanced_sex_smote,sex,smote,TAR_2,D,9.07,1.32,4
DIATREND,balanced_age_undersampling,age,undersampling,TAR_2,D,9.09,1.2,5
DIATREND,balanced_sex_oversampling,sex,oversampling,TAR_2,D,9.11,1.37,6
DIATREND,balanced_sex_jittering,sex,jittering,TAR_2,D,9.21,1.46,7
DIATREND,balanced_sex_reference_proportional,sex,reference_proportional,TAR_2,D,9.23,1.4,8
DIATREND,balanced_sex_patient_aware_undersampling,sex,patient_aware_undersampling,TAR_2,D,9.35,1.44,9
DIATREND,balanced_age_reference_proportional,age,reference_proportional,TAR_2,D,10.33,1.34,10
DIATREND,balanced_age_smote,age,smote,TAR_2,D,10.34,1.77,11
DIATREND,balanced_age_jittering,age,jittering,TAR_2,D,10.64,1.67,12
DIATREND,balanced_age_oversampling,age,oversampling,TAR_2,D,10.67,1.59,13
DIATREND,balanced_age_jittering,age,jittering,TAR_2,E,0.0,0.0,1
DIATREND,balanced_age_oversampling,age,oversampling,TAR_2,E,0.0,0.0,2
DIATREND,balanced_age_patient_aware_undersampling,age,patient_aware_undersampling,TAR_2,E,0.0,0.0,3
DIATREND,balanced_age_reference_proportional,age,reference_proportional,TAR_2,E,0.0,0.0,4
DIATREND,balanced_age_smote,age,smote,TAR_2,E,0.0,0.0,5
DIATREND,balanced_age_undersampling,age,undersampling,TAR_2,E,0.0,0.0,6
DIATREND,balanced_sex_jittering,sex,jittering,TAR_2,E,0.0,0.0,7
DIATREND,balanced_sex_oversampling,sex,oversampling,TAR_2,E,0.0,0.0,8
DIATREND,balanced_sex_patient_aware_undersampling,sex,patient_aware_undersampling,TAR_2,E,0.0,0.0,9
DIATREND,balanced_sex_reference_proportional,sex,reference_proportional,TAR_2,E,0.0,0.0,10
DIATREND,balanced_sex_smote,sex,smote,TAR_2,E,0.0,0.0,11
DIATREND,balanced_sex_undersampling,sex,undersampling,TAR_2,E,0.0,0.0,12
DIATREND,original,,original,TAR_2,E,0.0,0.0,13
DIATREND,original,,original,TAR_2,A + B,91.11,1.28,1
DIATREND,balanced_age_patient_aware_undersampling,age,patient_aware_undersampling,TAR_2,A + B,90.99,1.78,2
DIATREND,balanced_sex_undersampling,sex,undersampling,TAR_2,A + B,90.94,1.19,3
DIATREND,balanced_sex_smote,sex,smote,TAR_2,A + B,90.93,1.33,4
DIATREND,balanced_age_undersampling,age,undersampling,TAR_2,A + B,90.91,1.2,5
DIATREND,balanced_sex_oversampling,sex,oversampling,TAR_2,A + B,90.89,1.38,6
DIATREND,balanced_sex_jittering,sex,jittering,TAR_2,A + B,90.79,1.46,7
DIATREND,balanced_sex_reference_proportional,sex,reference_proportional,TAR_2,A + B,90.77,1.41,8
DIATREND,balanced_sex_patient_aware_undersampling,sex,patient_aware_undersampling,TAR_2,A + B,90.65,1.44,9
DIATREND,balanced_age_reference_proportional,age,reference_proportional,TAR_2,A + B,89.67,1.34,10
DIATREND,balanced_age_smote,age,smote,TAR_2,A + B,89.66,1.77,11
DIATREND,balanced_age_jittering,age,jittering,TAR_2,A + B,89.36,1.68,12
DIATREND,balanced_age_oversampling,age,oversampling,TAR_2,A + B,89.33,1.59,13
DIATREND,balanced_sex_smote,sex,smote,TAR_2,RMSE,72.03,3.08,1
DIATREND,balanced_age_patient_aware_undersampling,age,patient_aware_undersampling,TAR_2,RMSE,72.14,3.8,2
DIATREND,balanced_sex_undersampling,sex,undersampling,TAR_2,RMSE,72.28,2.99,3
DIATREND,balanced_sex_oversampling,sex,oversampling,TAR_2,RMSE,72.34,2.97,4
DIATREND,original,,original,TAR_2,RMSE,72.34,4.08,5
DIATREND,balanced_age_undersampling,age,undersampling,TAR_2,RMSE,72.4,3.11,6
DIATREND,balanced_sex_reference_proportional,sex,reference_proportional,TAR_2,RMSE,72.45,3.31,7
DIATREND,balanced_sex_jittering,sex,jittering,TAR_2,RMSE,72.66,3.15,8
DIATREND,balanced_sex_patient_aware_undersampling,sex,patient_aware_undersampling,TAR_2,RMSE,72.73,3.18,9
DIATREND,balanced_age_smote,age,smote,TAR_2,RMSE,74.06,2.8,10
DIATREND,balanced_age_reference_proportional,age,reference_proportional,TAR_2,RMSE,74.67,2.39,11
DIATREND,balanced_age_oversampling,age,oversampling,TAR_2,RMSE,75.28,2.92,12
DIATREND,balanced_age_jittering,age,jittering,TAR_2,RMSE,75.51,2.78,13
DIATREND,balanced_sex_smote,sex,smote,TAR_2,MSE,5195.76,456.44,1
DIATREND,balanced_age_patient_aware_undersampling,age,patient_aware_undersampling,TAR_2,MSE,5215.18,551.51,2
DIATREND,balanced_sex_undersampling,sex,undersampling,TAR_2,MSE,5231.85,442.65,3
DIATREND,balanced_sex_oversampling,sex,oversampling,TAR_2,MSE,5239.71,440.61,4
DIATREND,original,,original,TAR_2,MSE,5246.21,605.73,5
DIATREND,balanced_age_undersampling,age,undersampling,TAR_2,MSE,5249.81,458.79,6
DIATREND,balanced_sex_reference_proportional,sex,reference_proportional,TAR_2,MSE,5257.53,490.96,7
DIATREND,balanced_sex_jittering,sex,jittering,TAR_2,MSE,5286.73,468.72,8
DIATREND,balanced_sex_patient_aware_undersampling,sex,patient_aware_undersampling,TAR_2,MSE,5297.25,472.35,9
DIATREND,balanced_age_smote,age,smote,TAR_2,MSE,5491.73,420.72,10
DIATREND,balanced_age_reference_proportional,age,reference_proportional,TAR_2,MSE,5579.84,363.05,11
DIATREND,balanced_age_oversampling,age,oversampling,TAR_2,MSE,5674.4,448.02,12
DIATREND,balanced_age_jittering,age,jittering,TAR_2,MSE,5707.64,427.46,13
DIATREND,balanced_sex_smote,sex,smote,TAR_2,MAE,60.27,2.29,1
DIATREND,balanced_age_patient_aware_undersampling,age,patient_aware_undersampling,TAR_2,MAE,60.43,3.35,2
DIATREND,original,,original,TAR_2,MAE,60.55,3.63,3
DIATREND,balanced_sex_undersampling,sex,undersampling,TAR_2,MAE,60.59,2.49,4
DIATREND,balanced_age_undersampling,age,undersampling,TAR_2,MAE,60.61,2.61,5
DIATREND,balanced_sex_oversampling,sex,oversampling,TAR_2,MAE,60.71,2.26,6
DIATREND,balanced_sex_reference_proportional,sex,reference_proportional,TAR_2,MAE,60.76,2.82,7
DIATREND,balanced_sex_jittering,sex,jittering,TAR_2,MAE,60.91,2.52,8
DIATREND,balanced_sex_patient_aware_undersampling,sex,patient_aware_undersampling,TAR_2,MAE,61.05,2.52,9
DIATREND,balanced_age_smote,age,smote,TAR_2,MAE,62.21,1.96,10
DIATREND,balanced_age_reference_proportional,age,reference_proportional,TAR_2,MAE,62.95,1.62,11
DIATREND,balanced_age_oversampling,age,oversampling,TAR_2,MAE,63.6,2.2,12
DIATREND,balanced_age_jittering,age,jittering,TAR_2,MAE,63.84,1.95,13
DIATREND,balanced_age_patient_aware_undersampling,age,patient_aware_undersampling,TAR_2,MAPE,0.2,0.01,1
DIATREND,balanced_sex_jittering,sex,jittering,TAR_2,MAPE,0.2,0.0,2
DIATREND,balanced_age_undersampling,age,undersampling,TAR_2,MAPE,0.2,0.0,3
DIATREND,balanced_age_smote,age,smote,TAR_2,MAPE,0.2,0.01,4
DIATREND,balanced_sex_oversampling,sex,oversampling,TAR_2,MAPE,0.2,0.0,5
DIATREND,balanced_sex_smote,sex,smote,TAR_2,MAPE,0.2,0.0,6
DIATREND,balanced_sex_reference_proportional,sex,reference_proportional,TAR_2,MAPE,0.2,0.01,7
DIATREND,balanced_sex_patient_aware_undersampling,sex,patient_aware_undersampling,TAR_2,MAPE,0.2,0.01,8
DIATREND,original,,original,TAR_2,MAPE,0.2,0.01,9
DIATREND,balanced_sex_undersampling,sex,undersampling,TAR_2,MAPE,0.2,0.0,10
DIATREND,balanced_age_reference_proportional,age,reference_proportional,TAR_2,MAPE,0.21,0.0,11
DIATREND,balanced_age_jittering,age,jittering,TAR_2,MAPE,0.21,0.0,12
DIATREND,balanced_age_oversampling,age,oversampling,TAR_2,MAPE,0.21,0.0,13
DIATREND,balanced_sex_smote,sex,smote,ENTIRE,A,65.54,1.94,1
DIATREND,balanced_sex_jittering,sex,jittering,ENTIRE,A,65.51,1.98,2
DIATREND,balanced_sex_undersampling,sex,undersampling,ENTIRE,A,65.33,2.02,3
DIATREND,balanced_sex_oversampling,sex,oversampling,ENTIRE,A,65.33,1.94,4
DIATREND,balanced_sex_reference_proportional,sex,reference_proportional,ENTIRE,A,65.18,2.17,5
DIATREND,balanced_age_patient_aware_undersampling,age,patient_aware_undersampling,ENTIRE,A,65.11,2.4,6
DIATREND,balanced_sex_patient_aware_undersampling,sex,patient_aware_undersampling,ENTIRE,A,65.05,2.16,7
DIATREND,balanced_age_undersampling,age,undersampling,ENTIRE,A,64.93,2.3,8
DIATREND,original,,original,ENTIRE,A,64.65,2.84,9
DIATREND,balanced_age_reference_proportional,age,reference_proportional,ENTIRE,A,64.53,2.05,10
DIATREND,balanced_age_smote,age,smote,ENTIRE,A,64.48,1.88,11
DIATREND,balanced_age_jittering,age,jittering,ENTIRE,A,64.34,2.0,12
DIATREND,balanced_age_oversampling,age,oversampling,ENTIRE,A,64.33,2.01,13
DIATREND,original,,original,ENTIRE,B,30.95,2.06,1
DIATREND,balanced_age_jittering,age,jittering,ENTIRE,B,30.93,1.3,2
DIATREND,balanced_age_oversampling,age,oversampling,ENTIRE,B,30.91,1.24,3
DIATREND,balanced_age_smote,age,smote,ENTIRE,B,30.82,1.19,4
DIATREND,balanced_age_reference_proportional,age,reference_proportional,ENTIRE,B,30.78,1.27,5
DIATREND,balanced_age_undersampling,age,undersampling,ENTIRE,B,30.63,1.57,6
DIATREND,balanced_age_patient_aware_undersampling,age,patient_aware_undersampling,ENTIRE,B,30.49,1.7,7
DIATREND,balanced_sex_patient_aware_undersampling,sex,patient_aware_undersampling,ENTIRE,B,30.46,1.42,8
DIATREND,balanced_sex_reference_proportional,sex,reference_proportional,ENTIRE,B,30.37,1.4,9
DIATREND,balanced_sex_oversampling,sex,oversampling,ENTIRE,B,30.27,1.22,10
DIATREND,balanced_sex_undersampling,sex,undersampling,ENTIRE,B,30.26,1.24,11
DIATREND,balanced_sex_jittering,sex,jittering,ENTIRE,B,30.08,1.33,12
DIATREND,balanced_sex_smote,sex,smote,ENTIRE,B,30.08,1.23,13
DIATREND,balanced_age_oversampling,age,oversampling,ENTIRE,C,0.3,0.11,1
DIATREND,balanced_age_jittering,age,jittering,ENTIRE,C,0.31,0.12,2
DIATREND,balanced_age_reference_proportional,age,reference_proportional,ENTIRE,C,0.31,0.11,3
DIATREND,balanced_age_smote,age,smote,ENTIRE,C,0.33,0.12,4
DIATREND,balanced_sex_undersampling,sex,undersampling,ENTIRE,C,0.34,0.11,5
DIATREND,balanced_age_patient_aware_undersampling,age,patient_aware_undersampling,ENTIRE,C,0.35,0.11,6
DIATREND,balanced_sex_oversampling,sex,oversampling,ENTIRE,C,0.35,0.12,7
DIATREND,balanced_sex_jittering,sex,jittering,ENTIRE,C,0.35,0.13,8
DIATREND,balanced_sex_reference_proportional,sex,reference_proportional,ENTIRE,C,0.35,0.11,9
DIATREND,balanced_sex_patient_aware_undersampling,sex,patient_aware_undersampling,ENTIRE,C,0.35,0.13,10
DIATREND,balanced_sex_smote,sex,smote,ENTIRE,C,0.35,0.12,11
DIATREND,balanced_age_undersampling,age,undersampling,ENTIRE,C,0.36,0.13,12
DIATREND,original,,original,ENTIRE,C,0.36,0.13,13
DIATREND,original,,original,ENTIRE,D,3.98,0.79,1
DIATREND,balanced_sex_smote,sex,smote,ENTIRE,D,3.99,0.76,2
DIATREND,balanced_age_patient_aware_undersampling,age,patient_aware_undersampling,ENTIRE,D,4.01,0.79,3
DIATREND,balanced_sex_oversampling,sex,oversampling,ENTIRE,D,4.01,0.73,4
DIATREND,balanced_sex_jittering,sex,jittering,ENTIRE,D,4.02,0.72,5
DIATREND,balanced_sex_undersampling,sex,undersampling,ENTIRE,D,4.03,0.79,6
DIATREND,balanced_age_undersampling,age,undersampling,ENTIRE,D,4.03,0.78,7
DIATREND,balanced_sex_reference_proportional,sex,reference_proportional,ENTIRE,D,4.06,0.78,8
DIATREND,balanced_sex_patient_aware_undersampling,sex,patient_aware_undersampling,ENTIRE,D,4.1,0.77,9
DIATREND,balanced_age_reference_proportional,age,reference_proportional,ENTIRE,D,4.34,0.8,10
DIATREND,balanced_age_smote,age,smote,ENTIRE,D,4.34,0.74,11
DIATREND,balanced_age_jittering,age,jittering,ENTIRE,D,4.37,0.74,12
DIATREND,balanced_age_oversampling,age,oversampling,ENTIRE,D,4.42,0.79,13
DIATREND,balanced_age_jittering,age,jittering,ENTIRE,E,0.04,0.02,1
DIATREND,balanced_age_oversampling,age,oversampling,ENTIRE,E,0.04,0.02,2
DIATREND,balanced_age_patient_aware_undersampling,age,patient_aware_undersampling,ENTIRE,E,0.04,0.02,3
DIATREND,balanced_age_reference_proportional,age,reference_proportional,ENTIRE,E,0.04,0.02,4
DIATREND,balanced_age_smote,age,smote,ENTIRE,E,0.04,0.01,5
DIATREND,balanced_sex_smote,sex,smote,ENTIRE,E,0.04,0.02,6
DIATREND,balanced_sex_reference_proportional,sex,reference_proportional,ENTIRE,E,0.04,0.02,7
DIATREND,balanced_sex_patient_aware_undersampling,sex,patient_aware_undersampling,ENTIRE,E,0.04,0.02,8
DIATREND,balanced_sex_undersampling,sex,undersampling,ENTIRE,E,0.04,0.02,9
DIATREND,balanced_sex_oversampling,sex,oversampling,ENTIRE,E,0.05,0.02,10
DIATREND,balanced_age_undersampling,age,undersampling,ENTIRE,E,0.05,0.02,11
DIATREND,balanced_sex_jittering,sex,jittering,ENTIRE,E,0.05,0.02,12
DIATREND,original,,original,ENTIRE,E,0.05,0.02,13
DIATREND,balanced_sex_smote,sex,smote,ENTIRE,A + B,95.62,0.82,1
DIATREND,original,,original,ENTIRE,A + B,95.6,0.84,2
DIATREND,balanced_sex_oversampling,sex,oversampling,ENTIRE,A + B,95.59,0.8,3
DIATREND,balanced_age_patient_aware_undersampling,age,patient_aware_undersampling,ENTIRE,A + B,95.59,0.84,4
DIATREND,balanced_sex_jittering,sex,jittering,ENTIRE,A + B,95.58,0.79,5
DIATREND,balanced_sex_undersampling,sex,undersampling,ENTIRE,A + B,95.58,0.84,6
DIATREND,balanced_age_undersampling,age,undersampling,ENTIRE,A + B,95.55,0.82,7
DIATREND,balanced_sex_reference_proportional,sex,reference_proportional,ENTIRE,A + B,95.55,0.83,8
DIATREND,balanced_sex_patient_aware_undersampling,sex,patient_aware_undersampling,ENTIRE,A + B,95.51,0.82,9
DIATREND,balanced_age_reference_proportional,age,reference_proportional,ENTIRE,A + B,95.31,0.86,10
DIATREND,balanced_age_smote,age,smote,ENTIRE,A + B,95.3,0.81,11
DIATREND,balanced_age_jittering,age,jittering,ENTIRE,A + B,95.27,0.8,12
DIATREND,balanced_age_oversampling,age,oversampling,ENTIRE,A + B,95.24,0.84,13
DIATREND,balanced_sex_smote,sex,smote,ENTIRE,RMSE,44.76,2.08,1
DIATREND,balanced_sex_oversampling,sex,oversampling,ENTIRE,RMSE,44.85,2.05,2
DIATREND,balanced_sex_undersampling,sex,undersampling,ENTIRE,RMSE,44.86,2.16,3
DIATREND,balanced_age_patient_aware_undersampling,age,patient_aware_undersampling,ENTIRE,RMSE,44.87,2.34,4
DIATREND,balanced_sex_reference_proportional,sex,reference_proportional,ENTIRE,RMSE,44.98,2.2,5
DIATREND,balanced_sex_jittering,sex,jittering,ENTIRE,RMSE,45.03,2.09,6
DIATREND,original,,original,ENTIRE,RMSE,45.05,2.45,7
DIATREND,balanced_age_undersampling,age,undersampling,ENTIRE,RMSE,45.06,2.16,8
DIATREND,balanced_sex_patient_aware_undersampling,sex,patient_aware_undersampling,ENTIRE,RMSE,45.11,2.16,9
DIATREND,balanced_age_smote,age,smote,ENTIRE,RMSE,45.66,2.04,10
DIATREND,balanced_age_reference_proportional,age,reference_proportional,ENTIRE,RMSE,45.71,2.05,11
DIATREND,balanced_age_jittering,age,jittering,ENTIRE,RMSE,45.98,2.11,12
DIATREND,balanced_age_oversampling,age,oversampling,ENTIRE,RMSE,46.02,2.13,13
DIATREND,balanced_sex_smote,sex,smote,ENTIRE,MSE,2006.83,188.55,1
DIATREND,balanced_sex_oversampling,sex,oversampling,ENTIRE,MSE,2015.26,186.06,2
DIATREND,balanced_sex_undersampling,sex,undersampling,ENTIRE,MSE,2016.24,195.72,3
DIATREND,balanced_age_patient_aware_undersampling,age,patient_aware_undersampling,ENTIRE,MSE,2017.31,211.25,4
DIATREND,balanced_sex_reference_proportional,sex,reference_proportional,ENTIRE,MSE,2026.96,199.68,5
DIATREND,balanced_sex_jittering,sex,jittering,ENTIRE,MSE,2031.24,190.51,6
DIATREND,original,,original,ENTIRE,MSE,2033.93,223.2,7
DIATREND,balanced_age_undersampling,age,undersampling,ENTIRE,MSE,2034.34,195.85,8
DIATREND,balanced_sex_patient_aware_undersampling,sex,patient_aware_undersampling,ENTIRE,MSE,2038.75,196.87,9
DIATREND,balanced_age_smote,age,smote,ENTIRE,MSE,2087.97,188.19,10
DIATREND,balanced_age_reference_proportional,age,reference_proportional,ENTIRE,MSE,2092.52,188.43,11
DIATREND,balanced_age_jittering,age,jittering,ENTIRE,MSE,2117.55,195.33,12
DIATREND,balanced_age_oversampling,age,oversampling,ENTIRE,MSE,2121.14,197.75,13
DIATREND,balanced_sex_smote,sex,smote,ENTIRE,MAE,32.94,1.49,1
DIATREND,balanced_sex_oversampling,sex,oversampling,ENTIRE,MAE,33.06,1.46,2
DIATREND,balanced_sex_undersampling,sex,undersampling,ENTIRE,MAE,33.06,1.57,3
DIATREND,balanced_sex_jittering,sex,jittering,ENTIRE,MAE,33.09,1.53,4
DIATREND,balanced_age_patient_aware_undersampling,age,patient_aware_undersampling,ENTIRE,MAE,33.1,1.79,5
DIATREND,balanced_sex_reference_proportional,sex,reference_proportional,ENTIRE,MAE,33.2,1.64,6
DIATREND,original,,original,ENTIRE,MAE,33.25,1.87,7
DIATREND,balanced_age_undersampling,age,undersampling,ENTIRE,MAE,33.25,1.64,8
DIATREND,balanced_sex_patient_aware_undersampling,sex,patient_aware_undersampling,ENTIRE,MAE,33.3,1.61,9
DIATREND,balanced_age_reference_proportional,age,reference_proportional,ENTIRE,MAE,33.71,1.51,10
DIATREND,balanced_age_smote,age,smote,ENTIRE,MAE,33.73,1.46,11
DIATREND,balanced_age_jittering,age,jittering,ENTIRE,MAE,33.87,1.52,12
DIATREND,balanced_age_oversampling,age,oversampling,ENTIRE,MAE,33.98,1.55,13
DIATREND,balanced_age_oversampling,age,oversampling,ENTIRE,MAPE,0.19,0.01,1
DIATREND,balanced_age_patient_aware_undersampling,age,patient_aware_undersampling,ENTIRE,MAPE,0.19,0.01,2
DIATREND,balanced_age_reference_proportional,age,reference_proportional,ENTIRE,MAPE,0.19,0.01,3
DIATREND,balanced_age_smote,age,smote,ENTIRE,MAPE,0.19,0.01,4
DIATREND,balanced_sex_oversampling,sex,oversampling,ENTIRE,MAPE,0.19,0.01,5
DIATREND,balanced_sex_jittering,sex,jittering,ENTIRE,MAPE,0.19,0.01,6
DIATREND,balanced_sex_reference_proportional,sex,reference_proportional,ENTIRE,MAPE,0.19,0.01,7
DIATREND,balanced_sex_patient_aware_undersampling,sex,patient_aware_undersampling,ENTIRE,MAPE,0.19,0.01,8
DIATREND,balanced_sex_smote,sex,smote,ENTIRE,MAPE,0.19,0.01,9
DIATREND,balanced_sex_undersampling,sex,undersampling,ENTIRE,MAPE,0.19,0.01,10
DIATREND,balanced_age_undersampling,age,undersampling,ENTIRE,MAPE,0.2,0.01,11
DIATREND,balanced_age_jittering,age,jittering,ENTIRE,MAPE,0.2,0.01,12
DIATREND,original,,original,ENTIRE,MAPE,0.2,0.01,13
REPLACE-BG,balanced_age_jittering,age,jittering,TBR_2,A,2.43,0.73,1
REPLACE-BG,balanced_age_undersampling,age,undersampling,TBR_2,A,2.0,2.47,2
REPLACE-BG,balanced_age_smote,age,smote,TBR_2,A,1.7,1.61,3
REPLACE-BG,balanced_sex_smote,sex,smote,TBR_2,A,1.64,1.47,4
REPLACE-BG,balanced_age_oversampling,age,oversampling,TBR_2,A,1.45,1.64,5
REPLACE-BG,balanced_sex_reference_proportional,sex,reference_proportional,TBR_2,A,1.09,0.98,6
REPLACE-BG,balanced_sex_jittering,sex,jittering,TBR_2,A,1.04,1.0,7
REPLACE-BG,balanced_age_patient_aware_undersampling,age,patient_aware_undersampling,TBR_2,A,0.98,1.23,8
REPLACE-BG,balanced_age_reference_proportional,age,reference_proportional,TBR_2,A,0.32,0.19,9
REPLACE-BG,original,,original,TBR_2,A,0.3,0.67,10
REPLACE-BG,balanced_sex_undersampling,sex,undersampling,TBR_2,A,0.17,0.32,11
REPLACE-BG,balanced_sex_patient_aware_undersampling,sex,patient_aware_undersampling,TBR_2,A,0.12,0.26,12
REPLACE-BG,balanced_sex_oversampling,sex,oversampling,TBR_2,A,0.01,0.03,13
REPLACE-BG,balanced_age_jittering,age,jittering,TBR_2,B,0.0,0.0,1
REPLACE-BG,balanced_age_oversampling,age,oversampling,TBR_2,B,0.0,0.0,2
REPLACE-BG,balanced_age_patient_aware_undersampling,age,patient_aware_undersampling,TBR_2,B,0.0,0.0,3
REPLACE-BG,balanced_age_reference_proportional,age,reference_proportional,TBR_2,B,0.0,0.0,4
REPLACE-BG,balanced_age_smote,age,smote,TBR_2,B,0.0,0.0,5
REPLACE-BG,balanced_age_undersampling,age,undersampling,TBR_2,B,0.0,0.0,6
REPLACE-BG,balanced_sex_jittering,sex,jittering,TBR_2,B,0.0,0.0,7
REPLACE-BG,balanced_sex_oversampling,sex,oversampling,TBR_2,B,0.0,0.0,8
REPLACE-BG,balanced_sex_patient_aware_undersampling,sex,patient_aware_undersampling,TBR_2,B,0.0,0.0,9
REPLACE-BG,balanced_sex_reference_proportional,sex,reference_proportional,TBR_2,B,0.0,0.0,10
REPLACE-BG,balanced_sex_smote,sex,smote,TBR_2,B,0.0,0.0,11
REPLACE-BG,balanced_sex_undersampling,sex,undersampling,TBR_2,B,0.0,0.0,12
REPLACE-BG,original,,original,TBR_2,B,0.0,0.0,13
REPLACE-BG,balanced_age_jittering,age,jittering,TBR_2,C,0.0,0.0,1
REPLACE-BG,balanced_age_oversampling,age,oversampling,TBR_2,C,0.0,0.0,2
REPLACE-BG,balanced_age_patient_aware_undersampling,age,patient_aware_undersampling,TBR_2,C,0.0,0.0,3
REPLACE-BG,balanced_age_reference_proportional,age,reference_proportional,TBR_2,C,0.0,0.0,4
REPLACE-BG,balanced_age_smote,age,smote,TBR_2,C,0.0,0.0,5
REPLACE-BG,balanced_age_undersampling,age,undersampling,TBR_2,C,0.0,0.0,6
REPLACE-BG,balanced_sex_jittering,sex,jittering,TBR_2,C,0.0,0.0,7
REPLACE-BG,balanced_sex_oversampling,sex,oversampling,TBR_2,C,0.0,0.0,8
REPLACE-BG,balanced_sex_patient_aware_undersampling,sex,patient_aware_undersampling,TBR_2,C,0.0,0.0,9
REPLACE-BG,balanced_sex_reference_proportional,sex,reference_proportional,TBR_2,C,0.0,0.0,10
REPLACE-BG,balanced_sex_smote,sex,smote,TBR_2,C,0.0,0.0,11
REPLACE-BG,balanced_sex_undersampling,sex,undersampling,TBR_2,C,0.0,0.0,12
REPLACE-BG,original,,original,TBR_2,C,0.0,0.0,13
REPLACE-BG,balanced_age_jittering,age,jittering,TBR_2,D,97.02,0.75,1
REPLACE-BG,balanced_age_undersampling,age,undersampling,TBR_2,D,97.44,2.38,2
REPLACE-BG,balanced_age_smote,age,smote,TBR_2,D,97.74,1.56,3
REPLACE-BG,balanced_sex_smote,sex,smote,TBR_2,D,97.8,1.46,4
REPLACE-BG,balanced_age_oversampling,age,oversampling,TBR_2,D,98.0,1.55,5
REPLACE-BG,balanced_sex_reference_proportional,sex,reference_proportional,TBR_2,D,98.32,0.97,6
REPLACE-BG,balanced_sex_jittering,sex,jittering,TBR_2,D,98.38,1.0,7
REPLACE-BG,balanced_age_patient_aware_undersampling,age,patient_aware_undersampling,TBR_2,D,98.43,1.31,8
REPLACE-BG,balanced_age_reference_proportional,age,reference_proportional,TBR_2,D,99.05,0.35,9
REPLACE-BG,original,,original,TBR_2,D,99.09,0.64,10
REPLACE-BG,balanced_sex_undersampling,sex,undersampling,TBR_2,D,99.26,0.27,11
REPLACE-BG,balanced_sex_patient_aware_undersampling,sex,patient_aware_undersampling,TBR_2,D,99.32,0.23,12
REPLACE-BG,balanced_sex_oversampling,sex,oversampling,TBR_2,D,99.39,0.11,13
REPLACE-BG,balanced_age_jittering,age,jittering,TBR_2,E,0.55,0.17,1
REPLACE-BG,balanced_age_oversampling,age,oversampling,TBR_2,E,0.55,0.19,2
REPLACE-BG,balanced_age_smote,age,smote,TBR_2,E,0.55,0.17,3
REPLACE-BG,balanced_sex_smote,sex,smote,TBR_2,E,0.55,0.16,4
REPLACE-BG,balanced_sex_patient_aware_undersampling,sex,patient_aware_undersampling,TBR_2,E,0.56,0.1,5
REPLACE-BG,balanced_age_undersampling,age,undersampling,TBR_2,E,0.56,0.16,6
REPLACE-BG,balanced_sex_undersampling,sex,undersampling,TBR_2,E,0.57,0.15,7
REPLACE-BG,balanced_sex_jittering,sex,jittering,TBR_2,E,0.58,0.2,8
REPLACE-BG,balanced_age_patient_aware_undersampling,age,patient_aware_undersampling,TBR_2,E,0.59,0.14,9
REPLACE-BG,balanced_sex_oversampling,sex,oversampling,TBR_2,E,0.59,0.13,10
REPLACE-BG,balanced_sex_reference_proportional,sex,reference_proportional,TBR_2,E,0.59,0.17,11
REPLACE-BG,original,,original,TBR_2,E,0.6,0.21,12
REPLACE-BG,balanced_age_reference_proportional,age,reference_proportional,TBR_2,E,0.63,0.22,13
REPLACE-BG,balanced_age_jittering,age,jittering,TBR_2,A + B,2.43,0.73,1
REPLACE-BG,balanced_age_undersampling,age,undersampling,TBR_2,A + B,2.0,2.47,2
REPLACE-BG,balanced_age_smote,age,smote,TBR_2,A + B,1.7,1.61,3
REPLACE-BG,balanced_sex_smote,sex,smote,TBR_2,A + B,1.64,1.47,4
REPLACE-BG,balanced_age_oversampling,age,oversampling,TBR_2,A + B,1.45,1.64,5
REPLACE-BG,balanced_sex_reference_proportional,sex,reference_proportional,TBR_2,A + B,1.09,0.98,6
REPLACE-BG,balanced_sex_jittering,sex,jittering,TBR_2,A + B,1.04,1.0,7
REPLACE-BG,balanced_age_patient_aware_undersampling,age,patient_aware_undersampling,TBR_2,A + B,0.98,1.23,8
REPLACE-BG,balanced_age_reference_proportional,age,reference_proportional,TBR_2,A + B,0.32,0.19,9
REPLACE-BG,original,,original,TBR_2,A + B,0.3,0.67,10
REPLACE-BG,balanced_sex_undersampling,sex,undersampling,TBR_2,A + B,0.17,0.32,11
REPLACE-BG,balanced_sex_patient_aware_undersampling,sex,patient_aware_undersampling,TBR_2,A + B,0.12,0.26,12
REPLACE-BG,balanced_sex_oversampling,sex,oversampling,TBR_2,A + B,0.01,0.03,13
REPLACE-BG,balanced_age_oversampling,age,oversampling,TBR_2,RMSE,56.2,1.27,1
REPLACE-BG,balanced_age_smote,age,smote,TBR_2,RMSE,56.21,1.35,2
REPLACE-BG,balanced_age_jittering,age,jittering,TBR_2,RMSE,56.32,1.48,3
REPLACE-BG,balanced_sex_oversampling,sex,oversampling,TBR_2,RMSE,56.52,0.92,4
REPLACE-BG,balanced_sex_smote,sex,smote,TBR_2,RMSE,56.68,1.67,5
REPLACE-BG,balanced_age_patient_aware_undersampling,age,patient_aware_undersampling,TBR_2,RMSE,56.76,0.53,6
REPLACE-BG,balanced_sex_jittering,sex,jittering,TBR_2,RMSE,56.77,1.73,7
REPLACE-BG,balanced_age_reference_proportional,age,reference_proportional,TBR_2,RMSE,56.79,1.37,8
REPLACE-BG,balanced_sex_patient_aware_undersampling,sex,patient_aware_undersampling,TBR_2,RMSE,56.8,1.63,9
REPLACE-BG,balanced_sex_reference_proportional,sex,reference_proportional,TBR_2,RMSE,56.99,0.95,10
REPLACE-BG,balanced_sex_undersampling,sex,undersampling,TBR_2,RMSE,57.12,1.5,11
REPLACE-BG,balanced_age_undersampling,age,undersampling,TBR_2,RMSE,57.19,1.78,12
REPLACE-BG,original,,original,TBR_2,RMSE,57.29,1.54,13
REPLACE-BG,balanced_age_oversampling,age,oversampling,TBR_2,MSE,3159.69,142.46,1
REPLACE-BG,balanced_age_smote,age,smote,TBR_2,MSE,3161.14,152.53,2
REPLACE-BG,balanced_age_jittering,age,jittering,TBR_2,MSE,3173.61,167.1,3
REPLACE-BG,balanced_sex_oversampling,sex,oversampling,TBR_2,MSE,3195.06,103.13,4
REPLACE-BG,balanced_sex_smote,sex,smote,TBR_2,MSE,3215.27,193.38,5
REPLACE-BG,balanced_age_patient_aware_undersampling,age,patient_aware_undersampling,TBR_2,MSE,3221.81,59.58,6
REPLACE-BG,balanced_sex_jittering,sex,jittering,TBR_2,MSE,3225.06,195.71,7
REPLACE-BG,balanced_age_reference_proportional,age,reference_proportional,TBR_2,MSE,3226.26,155.0,8
REPLACE-BG,balanced_sex_patient_aware_undersampling,sex,patient_aware_undersampling,TBR_2,MSE,3227.84,186.69,9
REPLACE-BG,balanced_sex_reference_proportional,sex,reference_proportional,TBR_2,MSE,3248.31,108.21,10
REPLACE-BG,balanced_sex_undersampling,sex,undersampling,TBR_2,MSE,3264.59,173.9,11
REPLACE-BG,balanced_age_undersampling,age,undersampling,TBR_2,MSE,3273.25,201.74,12
REPLACE-BG,original,,original,TBR_2,MSE,3283.67,177.46,13
REPLACE-BG,balanced_age_smote,age,smote,TBR_2,MAE,53.08,1.22,1
REPLACE-BG,balanced_age_oversampling,age,oversampling,TBR_2,MAE,53.09,1.18,2
REPLACE-BG,balanced_age_jittering,age,jittering,TBR_2,MAE,53.13,1.31,3
REPLACE-BG,balanced_sex_oversampling,sex,oversampling,TBR_2,MAE,53.56,0.97,4
REPLACE-BG,balanced_age_reference_proportional,age,reference_proportional,TBR_2,MAE,53.62,1.17,5
REPLACE-BG,balanced_sex_smote,sex,smote,TBR_2,MAE,53.63,1.61,6
REPLACE-BG,balanced_sex_jittering,sex,jittering,TBR_2,MAE,53.71,1.66,7
REPLACE-BG,balanced_age_patient_aware_undersampling,age,patient_aware_undersampling,TBR_2,MAE,53.75,0.6,8
REPLACE-BG,balanced_sex_patient_aware_undersampling,sex,patient_aware_undersampling,TBR_2,MAE,53.9,1.64,9
REPLACE-BG,balanced_sex_reference_proportional,sex,reference_proportional,TBR_2,MAE,53.91,0.69,10
REPLACE-BG,balanced_sex_undersampling,sex,undersampling,TBR_2,MAE,54.17,1.48,11
REPLACE-BG,balanced_age_undersampling,age,undersampling,TBR_2,MAE,54.21,1.89,12
REPLACE-BG,original,,original,TBR_2,MAE,54.45,1.52,13
REPLACE-BG,balanced_age_jittering,age,jittering,TBR_2,MAPE,1.17,0.03,1
REPLACE-BG,balanced_age_oversampling,age,oversampling,TBR_2,MAPE,1.17,0.03,2
REPLACE-BG,balanced_age_smote,age,smote,TBR_2,MAPE,1.17,0.03,3
REPLACE-BG,balanced_age_reference_proportional,age,reference_proportional,TBR_2,MAPE,1.18,0.02,4
REPLACE-BG,balanced_sex_oversampling,sex,oversampling,TBR_2,MAPE,1.18,0.02,5
REPLACE-BG,balanced_sex_jittering,sex,jittering,TBR_2,MAPE,1.18,0.04,6
REPLACE-BG,balanced_sex_smote,sex,smote,TBR_2,MAPE,1.18,0.04,7
REPLACE-BG,balanced_age_patient_aware_undersampling,age,patient_aware_undersampling,TBR_2,MAPE,1.19,0.01,8
REPLACE-BG,balanced_sex_reference_proportional,sex,reference_proportional,TBR_2,MAPE,1.19,0.01,9
REPLACE-BG,balanced_sex_patient_aware_undersampling,sex,patient_aware_undersampling,TBR_2,MAPE,1.19,0.04,10
REPLACE-BG,balanced_sex_undersampling,sex,undersampling,TBR_2,MAPE,1.19,0.03,11
REPLACE-BG,balanced_age_undersampling,age,undersampling,TBR_2,MAPE,1.2,0.04,12
REPLACE-BG,original,,original,TBR_2,MAPE,1.2,0.04,13
REPLACE-BG,balanced_age_jittering,age,jittering,TBR_1,A,1.72,0.56,1
REPLACE-BG,balanced_age_smote,age,smote,TBR_1,A,1.59,0.35,2
REPLACE-BG,balanced_age_undersampling,age,undersampling,TBR_1,A,1.3,1.22,3
REPLACE-BG,balanced_age_oversampling,age,oversampling,TBR_1,A,1.29,0.69,4
REPLACE-BG,balanced_sex_smote,sex,smote,TBR_1,A,1.17,0.46,5
REPLACE-BG,balanced_age_reference_proportional,age,reference_proportional,TBR_1,A,1.08,0.35,6
REPLACE-BG,balanced_sex_jittering,sex,jittering,TBR_1,A,1.07,0.19,7
REPLACE-BG,balanced_age_patient_aware_undersampling,age,patient_aware_undersampling,TBR_1,A,1.02,0.77,8
REPLACE-BG,balanced_sex_reference_proportional,sex,reference_proportional,TBR_1,A,0.97,0.72,9
REPLACE-BG,balanced_sex_undersampling,sex,undersampling,TBR_1,A,0.77,0.69,10
REPLACE-BG,balanced_sex_oversampling,sex,oversampling,TBR_1,A,0.69,0.48,11
REPLACE-BG,balanced_sex_patient_aware_undersampling,sex,patient_aware_undersampling,TBR_1,A,0.59,0.29,12
REPLACE-BG,original,,original,TBR_1,A,0.38,0.66,13
REPLACE-BG,balanced_age_jittering,age,jittering,TBR_1,B,0.0,0.0,1
REPLACE-BG,balanced_age_oversampling,age,oversampling,TBR_1,B,0.0,0.0,2
REPLACE-BG,balanced_age_patient_aware_undersampling,age,patient_aware_undersampling,TBR_1,B,0.0,0.0,3
REPLACE-BG,balanced_age_reference_proportional,age,reference_proportional,TBR_1,B,0.0,0.0,4
REPLACE-BG,balanced_age_smote,age,smote,TBR_1,B,0.0,0.0,5
REPLACE-BG,balanced_age_undersampling,age,undersampling,TBR_1,B,0.0,0.0,6
REPLACE-BG,balanced_sex_jittering,sex,jittering,TBR_1,B,0.0,0.0,7
REPLACE-BG,balanced_sex_oversampling,sex,oversampling,TBR_1,B,0.0,0.0,8
REPLACE-BG,balanced_sex_patient_aware_undersampling,sex,patient_aware_undersampling,TBR_1,B,0.0,0.0,9
REPLACE-BG,balanced_sex_reference_proportional,sex,reference_proportional,TBR_1,B,0.0,0.0,10
REPLACE-BG,balanced_sex_smote,sex,smote,TBR_1,B,0.0,0.0,11
REPLACE-BG,balanced_sex_undersampling,sex,undersampling,TBR_1,B,0.0,0.0,12
REPLACE-BG,original,,original,TBR_1,B,0.0,0.0,13
REPLACE-BG,balanced_age_jittering,age,jittering,TBR_1,C,0.0,0.0,1
REPLACE-BG,balanced_age_oversampling,age,oversampling,TBR_1,C,0.0,0.0,2
REPLACE-BG,balanced_age_patient_aware_undersampling,age,patient_aware_undersampling,TBR_1,C,0.0,0.0,3
REPLACE-BG,balanced_age_reference_proportional,age,reference_proportional,TBR_1,C,0.0,0.0,4
REPLACE-BG,balanced_age_smote,age,smote,TBR_1,C,0.0,0.0,5
REPLACE-BG,balanced_age_undersampling,age,undersampling,TBR_1,C,0.0,0.0,6
REPLACE-BG,balanced_sex_jittering,sex,jittering,TBR_1,C,0.0,0.0,7
REPLACE-BG,balanced_sex_oversampling,sex,oversampling,TBR_1,C,0.0,0.0,8
REPLACE-BG,balanced_sex_patient_aware_undersampling,sex,patient_aware_undersampling,TBR_1,C,0.0,0.0,9
REPLACE-BG,balanced_sex_reference_proportional,sex,reference_proportional,TBR_1,C,0.0,0.0,10
REPLACE-BG,balanced_sex_smote,sex,smote,TBR_1,C,0.0,0.0,11
REPLACE-BG,balanced_sex_undersampling,sex,undersampling,TBR_1,C,0.0,0.0,12
REPLACE-BG,original,,original,TBR_1,C,0.0,0.0,13
REPLACE-BG,balanced_age_jittering,age,jittering,TBR_1,D,97.82,0.5,1
REPLACE-BG,balanced_age_smote,age,smote,TBR_1,D,97.95,0.3,2
REPLACE-BG,balanced_age_undersampling,age,undersampling,TBR_1,D,98.23,1.22,3
REPLACE-BG,balanced_age_oversampling,age,oversampling,TBR_1,D,98.25,0.63,4
REPLACE-BG,balanced_sex_smote,sex,smote,TBR_1,D,98.36,0.41,5
REPLACE-BG,balanced_age_reference_proportional,age,reference_proportional,TBR_1,D,98.41,0.41,6
REPLACE-BG,balanced_sex_jittering,sex,jittering,TBR_1,D,98.45,0.2,7
REPLACE-BG,balanced_age_patient_aware_undersampling,age,patient_aware_undersampling,TBR_1,D,98.49,0.89,8
REPLACE-BG,balanced_sex_reference_proportional,sex,reference_proportional,TBR_1,D,98.54,0.85,9
REPLACE-BG,balanced_sex_undersampling,sex,undersampling,TBR_1,D,98.75,0.69,10
REPLACE-BG,balanced_sex_oversampling,sex,oversampling,TBR_1,D,98.82,0.51,11
REPLACE-BG,balanced_sex_patient_aware_undersampling,sex,patient_aware_undersampling,TBR_1,D,98.95,0.24,12
REPLACE-BG,original,,original,TBR_1,D,99.11,0.63,13
REPLACE-BG,balanced_age_smote,age,smote,TBR_1,E,0.45,0.13,1
REPLACE-BG,balanced_age_jittering,age,jittering,TBR_1,E,0.46,0.12,2
REPLACE-BG,balanced_age_oversampling,age,oversampling,TBR_1,E,0.46,0.14,3
REPLACE-BG,balanced_age_undersampling,age,undersampling,TBR_1,E,0.47,0.12,4
REPLACE-BG,balanced_sex_smote,sex,smote,TBR_1,E,0.47,0.15,5
REPLACE-BG,balanced_sex_patient_aware_undersampling,sex,patient_aware_undersampling,TBR_1,E,0.47,0.1,6
REPLACE-BG,balanced_sex_jittering,sex,jittering,TBR_1,E,0.48,0.15,7
REPLACE-BG,balanced_sex_undersampling,sex,undersampling,TBR_1,E,0.48,0.12,8
REPLACE-BG,balanced_age_patient_aware_undersampling,age,patient_aware_undersampling,TBR_1,E,0.49,0.12,9
REPLACE-BG,balanced_sex_oversampling,sex,oversampling,TBR_1,E,0.49,0.11,10
REPLACE-BG,balanced_sex_reference_proportional,sex,reference_proportional,TBR_1,E,0.49,0.15,11
REPLACE-BG,balanced_age_reference_proportional,age,reference_proportional,TBR_1,E,0.51,0.15,12
REPLACE-BG,original,,original,TBR_1,E,0.51,0.18,13
REPLACE-BG,balanced_age_jittering,age,jittering,TBR_1,A + B,1.72,0.56,1
REPLACE-BG,balanced_age_smote,age,smote,TBR_1,A + B,1.59,0.35,2
REPLACE-BG,balanced_age_undersampling,age,undersampling,TBR_1,A + B,1.3,1.22,3
REPLACE-BG,balanced_age_oversampling,age,oversampling,TBR_1,A + B,1.29,0.69,4
REPLACE-BG,balanced_sex_smote,sex,smote,TBR_1,A + B,1.17,0.46,5
REPLACE-BG,balanced_age_reference_proportional,age,reference_proportional,TBR_1,A + B,1.08,0.35,6
REPLACE-BG,balanced_sex_jittering,sex,jittering,TBR_1,A + B,1.07,0.19,7
REPLACE-BG,balanced_age_patient_aware_undersampling,age,patient_aware_undersampling,TBR_1,A + B,1.02,0.77,8
REPLACE-BG,balanced_sex_reference_proportional,sex,reference_proportional,TBR_1,A + B,0.97,0.72,9
REPLACE-BG,balanced_sex_undersampling,sex,undersampling,TBR_1,A + B,0.77,0.69,10
REPLACE-BG,balanced_sex_oversampling,sex,oversampling,TBR_1,A + B,0.69,0.48,11
REPLACE-BG,balanced_sex_patient_aware_undersampling,sex,patient_aware_undersampling,TBR_1,A + B,0.59,0.29,12
REPLACE-BG,original,,original,TBR_1,A + B,0.38,0.66,13
REPLACE-BG,balanced_age_jittering,age,jittering,TBR_1,RMSE,41.0,1.31,1
REPLACE-BG,balanced_age_oversampling,age,oversampling,TBR_1,RMSE,41.06,0.83,2
REPLACE-BG,balanced_age_smote,age,smote,TBR_1,RMSE,41.09,1.44,3
REPLACE-BG,balanced_sex_oversampling,sex,oversampling,TBR_1,RMSE,41.19,0.96,4
REPLACE-BG,balanced_sex_patient_aware_undersampling,sex,patient_aware_undersampling,TBR_1,RMSE,41.39,1.39,5
REPLACE-BG,balanced_age_patient_aware_undersampling,age,patient_aware_undersampling,TBR_1,RMSE,41.45,0.86,6
REPLACE-BG,balanced_sex_smote,sex,smote,TBR_1,RMSE,41.46,1.45,7
REPLACE-BG,balanced_sex_jittering,sex,jittering,TBR_1,RMSE,41.46,1.2,8
REPLACE-BG,balanced_age_reference_proportional,age,reference_proportional,TBR_1,RMSE,41.66,1.5,9
REPLACE-BG,balanced_age_undersampling,age,undersampling,TBR_1,RMSE,41.91,1.38,10
REPLACE-BG,balanced_sex_reference_proportional,sex,reference_proportional,TBR_1,RMSE,41.91,1.01,11
REPLACE-BG,balanced_sex_undersampling,sex,undersampling,TBR_1,RMSE,41.93,1.29,12
REPLACE-BG,original,,original,TBR_1,RMSE,42.02,1.17,13
REPLACE-BG,balanced_age_jittering,age,jittering,TBR_1,MSE,1682.35,108.33,1
REPLACE-BG,balanced_age_oversampling,age,oversampling,TBR_1,MSE,1686.12,68.67,2
REPLACE-BG,balanced_age_smote,age,smote,TBR_1,MSE,1690.4,118.71,3
REPLACE-BG,balanced_sex_oversampling,sex,oversampling,TBR_1,MSE,1697.44,79.5,4
REPLACE-BG,balanced_sex_patient_aware_undersampling,sex,patient_aware_undersampling,TBR_1,MSE,1714.44,115.12,5
REPLACE-BG,balanced_age_patient_aware_undersampling,age,patient_aware_undersampling,TBR_1,MSE,1719.1,70.54,6
REPLACE-BG,balanced_sex_jittering,sex,jittering,TBR_1,MSE,1720.13,98.98,7
REPLACE-BG,balanced_sex_smote,sex,smote,TBR_1,MSE,1720.83,122.25,8
REPLACE-BG,balanced_age_reference_proportional,age,reference_proportional,TBR_1,MSE,1737.55,123.44,9
REPLACE-BG,balanced_sex_reference_proportional,sex,reference_proportional,TBR_1,MSE,1757.2,85.38,10
REPLACE-BG,balanced_age_undersampling,age,undersampling,TBR_1,MSE,1757.83,114.51,11
REPLACE-BG,balanced_sex_undersampling,sex,undersampling,TBR_1,MSE,1759.82,109.77,12
REPLACE-BG,original,,original,TBR_1,MSE,1766.39,98.99,13
REPLACE-BG,balanced_age_jittering,age,jittering,TBR_1,MAE,37.22,1.14,1
REPLACE-BG,balanced_age_oversampling,age,oversampling,TBR_1,MAE,37.38,0.66,2
REPLACE-BG,balanced_age_smote,age,smote,TBR_1,MAE,37.39,1.34,3
REPLACE-BG,balanced_sex_oversampling,sex,oversampling,TBR_1,MAE,37.56,0.98,4
REPLACE-BG,balanced_age_patient_aware_undersampling,age,patient_aware_undersampling,TBR_1,MAE,37.83,0.91,5
REPLACE-BG,balanced_sex_jittering,sex,jittering,TBR_1,MAE,37.84,1.15,6
REPLACE-BG,balanced_sex_patient_aware_undersampling,sex,patient_aware_undersampling,TBR_1,MAE,37.86,1.3,7
REPLACE-BG,balanced_sex_smote,sex,smote,TBR_1,MAE,37.87,1.37,8
REPLACE-BG,balanced_age_reference_proportional,age,reference_proportional,TBR_1,MAE,37.93,1.33,9
REPLACE-BG,balanced_sex_reference_proportional,sex,reference_proportional,TBR_1,MAE,38.32,0.98,10
REPLACE-BG,balanced_sex_undersampling,sex,undersampling,TBR_1,MAE,38.38,1.21,11
REPLACE-BG,balanced_age_undersampling,age,undersampling,TBR_1,MAE,38.41,1.4,12
REPLACE-BG,original,,original,TBR_1,MAE,38.57,1.12,13
REPLACE-BG,balanced_age_jittering,age,jittering,TBR_1,MAPE,0.6,0.02,1
REPLACE-BG,balanced_age_oversampling,age,oversampling,TBR_1,MAPE,0.6,0.01,2
REPLACE-BG,balanced_age_smote,age,smote,TBR_1,MAPE,0.6,0.02,3
REPLACE-BG,balanced_age_patient_aware_undersampling,age,patient_aware_undersampling,TBR_1,MAPE,0.61,0.01,4
REPLACE-BG,balanced_age_reference_proportional,age,reference_proportional,TBR_1,MAPE,0.61,0.02,5
REPLACE-BG,balanced_sex_jittering,sex,jittering,TBR_1,MAPE,0.61,0.02,6
REPLACE-BG,balanced_sex_oversampling,sex,oversampling,TBR_1,MAPE,0.61,0.02,7
REPLACE-BG,balanced_sex_patient_aware_undersampling,sex,patient_aware_undersampling,TBR_1,MAPE,0.61,0.02,8
REPLACE-BG,balanced_sex_smote,sex,smote,TBR_1,MAPE,0.61,0.02,9
REPLACE-BG,balanced_age_undersampling,age,undersampling,TBR_1,MAPE,0.62,0.02,10
REPLACE-BG,balanced_sex_reference_proportional,sex,reference_proportional,TBR_1,MAPE,0.62,0.02,11
REPLACE-BG,balanced_sex_undersampling,sex,undersampling,TBR_1,MAPE,0.62,0.02,12
REPLACE-BG,original,,original,TBR_1,MAPE,0.62,0.02,13
REPLACE-BG,balanced_age_jittering,age,jittering,TIR,A,72.57,0.92,1
REPLACE-BG,balanced_age_oversampling,age,oversampling,TIR,A,72.54,0.87,2
REPLACE-BG,balanced_age_smote,age,smote,TIR,A,72.51,0.84,3
REPLACE-BG,balanced_sex_smote,sex,smote,TIR,A,72.46,0.75,4
REPLACE-BG,balanced_sex_jittering,sex,jittering,TIR,A,72.35,0.78,5
REPLACE-BG,balanced_sex_patient_aware_undersampling,sex,patient_aware_undersampling,TIR,A,72.3,0.71,6
REPLACE-BG,balanced_age_patient_aware_undersampling,age,patient_aware_undersampling,TIR,A,72.23,0.59,7
REPLACE-BG,balanced_sex_oversampling,sex,oversampling,TIR,A,72.18,0.79,8
REPLACE-BG,balanced_age_undersampling,age,undersampling,TIR,A,72.16,0.84,9
REPLACE-BG,balanced_sex_undersampling,sex,undersampling,TIR,A,72.16,0.74,10
REPLACE-BG,balanced_sex_reference_proportional,sex,reference_proportional,TIR,A,71.97,1.2,11
REPLACE-BG,original,,original,TIR,A,71.95,0.7,12
REPLACE-BG,balanced_age_reference_proportional,age,reference_proportional,TIR,A,71.82,1.52,13
REPLACE-BG,balanced_age_reference_proportional,age,reference_proportional,TIR,B,28.0,1.46,1
REPLACE-BG,original,,original,TIR,B,27.88,0.67,2
REPLACE-BG,balanced_sex_reference_proportional,sex,reference_proportional,TIR,B,27.86,1.16,3
REPLACE-BG,balanced_sex_undersampling,sex,undersampling,TIR,B,27.67,0.71,4
REPLACE-BG,balanced_age_undersampling,age,undersampling,TIR,B,27.67,0.81,5
REPLACE-BG,balanced_sex_oversampling,sex,oversampling,TIR,B,27.66,0.77,6
REPLACE-BG,balanced_age_patient_aware_undersampling,age,patient_aware_undersampling,TIR,B,27.6,0.56,7
REPLACE-BG,balanced_sex_patient_aware_undersampling,sex,patient_aware_undersampling,TIR,B,27.54,0.69,8
REPLACE-BG,balanced_sex_jittering,sex,jittering,TIR,B,27.49,0.75,9
REPLACE-BG,balanced_sex_smote,sex,smote,TIR,B,27.38,0.72,10
REPLACE-BG,balanced_age_smote,age,smote,TIR,B,27.33,0.81,11
REPLACE-BG,balanced_age_oversampling,age,oversampling,TIR,B,27.31,0.84,12
REPLACE-BG,balanced_age_jittering,age,jittering,TIR,B,27.27,0.89,13
REPLACE-BG,balanced_age_oversampling,age,oversampling,TIR,C,0.15,0.04,1
REPLACE-BG,balanced_age_jittering,age,jittering,TIR,C,0.16,0.03,2
REPLACE-BG,balanced_age_undersampling,age,undersampling,TIR,C,0.16,0.03,3
REPLACE-BG,balanced_age_smote,age,smote,TIR,C,0.16,0.03,4
REPLACE-BG,balanced_sex_jittering,sex,jittering,TIR,C,0.16,0.03,5
REPLACE-BG,balanced_sex_oversampling,sex,oversampling,TIR,C,0.16,0.03,6
REPLACE-BG,balanced_sex_smote,sex,smote,TIR,C,0.16,0.03,7
REPLACE-BG,balanced_sex_patient_aware_undersampling,sex,patient_aware_undersampling,TIR,C,0.16,0.03,8
REPLACE-BG,balanced_sex_undersampling,sex,undersampling,TIR,C,0.16,0.03,9
REPLACE-BG,balanced_age_patient_aware_undersampling,age,patient_aware_undersampling,TIR,C,0.17,0.03,10
REPLACE-BG,original,,original,TIR,C,0.17,0.03,11
REPLACE-BG,balanced_sex_reference_proportional,sex,reference_proportional,TIR,C,0.17,0.04,12
REPLACE-BG,balanced_age_reference_proportional,age,reference_proportional,TIR,C,0.18,0.05,13
REPLACE-BG,balanced_age_jittering,age,jittering,TIR,D,0.0,0.0,1
REPLACE-BG,balanced_age_oversampling,age,oversampling,TIR,D,0.0,0.0,2
REPLACE-BG,balanced_age_patient_aware_undersampling,age,patient_aware_undersampling,TIR,D,0.0,0.0,3
REPLACE-BG,balanced_age_reference_proportional,age,reference_proportional,TIR,D,0.0,0.0,4
REPLACE-BG,balanced_age_smote,age,smote,TIR,D,0.0,0.0,5
REPLACE-BG,balanced_age_undersampling,age,undersampling,TIR,D,0.0,0.0,6
REPLACE-BG,balanced_sex_jittering,sex,jittering,TIR,D,0.0,0.0,7
REPLACE-BG,balanced_sex_oversampling,sex,oversampling,TIR,D,0.0,0.0,8
REPLACE-BG,balanced_sex_patient_aware_undersampling,sex,patient_aware_undersampling,TIR,D,0.0,0.0,9
REPLACE-BG,balanced_sex_reference_proportional,sex,reference_proportional,TIR,D,0.0,0.0,10
REPLACE-BG,balanced_sex_smote,sex,smote,TIR,D,0.0,0.0,11
REPLACE-BG,balanced_sex_undersampling,sex,undersampling,TIR,D,0.0,0.0,12
REPLACE-BG,original,,original,TIR,D,0.0,0.0,13
REPLACE-BG,balanced_age_jittering,age,jittering,TIR,E,0.0,0.0,1
REPLACE-BG,balanced_age_oversampling,age,oversampling,TIR,E,0.0,0.0,2
REPLACE-BG,balanced_age_patient_aware_undersampling,age,patient_aware_undersampling,TIR,E,0.0,0.0,3
REPLACE-BG,balanced_age_reference_proportional,age,reference_proportional,TIR,E,0.0,0.0,4
REPLACE-BG,balanced_age_smote,age,smote,TIR,E,0.0,0.0,5
REPLACE-BG,balanced_age_undersampling,age,undersampling,TIR,E,0.0,0.0,6
REPLACE-BG,balanced_sex_jittering,sex,jittering,TIR,E,0.0,0.0,7
REPLACE-BG,balanced_sex_oversampling,sex,oversampling,TIR,E,0.0,0.0,8
REPLACE-BG,balanced_sex_patient_aware_undersampling,sex,patient_aware_undersampling,TIR,E,0.0,0.0,9
REPLACE-BG,balanced_sex_reference_proportional,sex,reference_proportional,TIR,E,0.0,0.0,10
REPLACE-BG,balanced_sex_smote,sex,smote,TIR,E,0.0,0.0,11
REPLACE-BG,balanced_sex_undersampling,sex,undersampling,TIR,E,0.0,0.0,12
REPLACE-BG,original,,original,TIR,E,0.0,0.0,13
REPLACE-BG,balanced_age_jittering,age,jittering,TIR,A + B,99.84,0.03,1
REPLACE-BG,balanced_age_oversampling,age,oversampling,TIR,A + B,99.84,0.03,2
REPLACE-BG,balanced_age_smote,age,smote,TIR,A + B,99.84,0.03,3
REPLACE-BG,balanced_sex_oversampling,sex,oversampling,TIR,A + B,99.84,0.02,4
REPLACE-BG,balanced_sex_jittering,sex,jittering,TIR,A + B,99.84,0.03,5
REPLACE-BG,balanced_sex_undersampling,sex,undersampling,TIR,A + B,99.84,0.03,6
REPLACE-BG,balanced_sex_smote,sex,smote,TIR,A + B,99.84,0.03,7
REPLACE-BG,balanced_sex_patient_aware_undersampling,sex,patient_aware_undersampling,TIR,A + B,99.84,0.02,8
REPLACE-BG,balanced_age_patient_aware_undersampling,age,patient_aware_undersampling,TIR,A + B,99.83,0.03,9
REPLACE-BG,balanced_sex_reference_proportional,sex,reference_proportional,TIR,A + B,99.83,0.04,10
REPLACE-BG,balanced_age_undersampling,age,undersampling,TIR,A + B,99.83,0.04,11
REPLACE-BG,original,,original,TIR,A + B,99.83,0.03,12
REPLACE-BG,balanced_age_reference_proportional,age,reference_proportional,TIR,A + B,99.82,0.05,13
REPLACE-BG,balanced_age_oversampling,age,oversampling,TIR,RMSE,25.54,0.62,1
REPLACE-BG,balanced_age_smote,age,smote,TIR,RMSE,25.59,0.49,2
REPLACE-BG,balanced_sex_smote,sex,smote,TIR,RMSE,25.6,0.61,3
REPLACE-BG,balanced_age_undersampling,age,undersampling,TIR,RMSE,25.63,0.55,4
REPLACE-BG,balanced_sex_undersampling,sex,undersampling,TIR,RMSE,25.64,0.51,5
REPLACE-BG,balanced_age_jittering,age,jittering,TIR,RMSE,25.64,0.57,6
REPLACE-BG,balanced_sex_jittering,sex,jittering,TIR,RMSE,25.66,0.62,7
REPLACE-BG,original,,original,TIR,RMSE,25.66,0.55,8
REPLACE-BG,balanced_sex_patient_aware_undersampling,sex,patient_aware_undersampling,TIR,RMSE,25.7,0.46,9
REPLACE-BG,balanced_sex_oversampling,sex,oversampling,TIR,RMSE,25.77,0.5,10
REPLACE-BG,balanced_sex_reference_proportional,sex,reference_proportional,TIR,RMSE,25.78,0.69,11
REPLACE-BG,balanced_age_patient_aware_undersampling,age,patient_aware_undersampling,TIR,RMSE,25.79,0.52,12
REPLACE-BG,balanced_age_reference_proportional,age,reference_proportional,TIR,RMSE,25.94,0.79,13
REPLACE-BG,balanced_age_oversampling,age,oversampling,TIR,MSE,652.59,31.28,1
REPLACE-BG,balanced_age_smote,age,smote,TIR,MSE,655.12,24.68,2
REPLACE-BG,balanced_sex_smote,sex,smote,TIR,MSE,655.61,30.92,3
REPLACE-BG,balanced_age_undersampling,age,undersampling,TIR,MSE,657.07,27.99,4
REPLACE-BG,balanced_sex_undersampling,sex,undersampling,TIR,MSE,657.39,25.73,5
REPLACE-BG,balanced_age_jittering,age,jittering,TIR,MSE,657.68,28.88,6
REPLACE-BG,balanced_sex_jittering,sex,jittering,TIR,MSE,658.51,31.25,7
REPLACE-BG,original,,original,TIR,MSE,658.58,28.15,8
REPLACE-BG,balanced_sex_patient_aware_undersampling,sex,patient_aware_undersampling,TIR,MSE,660.71,23.75,9
REPLACE-BG,balanced_sex_oversampling,sex,oversampling,TIR,MSE,664.31,25.29,10
REPLACE-BG,balanced_sex_reference_proportional,sex,reference_proportional,TIR,MSE,664.9,35.55,11
REPLACE-BG,balanced_age_patient_aware_undersampling,age,patient_aware_undersampling,TIR,MSE,665.36,26.66,12
REPLACE-BG,balanced_age_reference_proportional,age,reference_proportional,TIR,MSE,673.36,41.15,13
REPLACE-BG,balanced_age_oversampling,age,oversampling,TIR,MAE,18.92,0.42,1
REPLACE-BG,balanced_age_smote,age,smote,TIR,MAE,18.94,0.33,2
REPLACE-BG,balanced_sex_smote,sex,smote,TIR,MAE,18.98,0.41,3
REPLACE-BG,balanced_sex_jittering,sex,jittering,TIR,MAE,19.0,0.41,4
REPLACE-BG,balanced_age_jittering,age,jittering,TIR,MAE,19.0,0.4,5
REPLACE-BG,original,,original,TIR,MAE,19.01,0.35,6
REPLACE-BG,balanced_age_undersampling,age,undersampling,TIR,MAE,19.02,0.38,7
REPLACE-BG,balanced_sex_undersampling,sex,undersampling,TIR,MAE,19.02,0.32,8
REPLACE-BG,balanced_sex_patient_aware_undersampling,sex,patient_aware_undersampling,TIR,MAE,19.04,0.37,9
REPLACE-BG,balanced_age_patient_aware_undersampling,age,patient_aware_undersampling,TIR,MAE,19.09,0.35,10
REPLACE-BG,balanced_sex_oversampling,sex,oversampling,TIR,MAE,19.09,0.33,11
REPLACE-BG,balanced_sex_reference_proportional,sex,reference_proportional,TIR,MAE,19.13,0.41,12
REPLACE-BG,balanced_age_reference_proportional,age,reference_proportional,TIR,MAE,19.2,0.51,13
REPLACE-BG,balanced_age_jittering,age,jittering,TIR,MAPE,0.16,0.0,1
REPLACE-BG,balanced_age_oversampling,age,oversampling,TIR,MAPE,0.16,0.0,2
REPLACE-BG,balanced_age_patient_aware_undersampling,age,patient_aware_undersampling,TIR,MAPE,0.16,0.0,3
REPLACE-BG,balanced_age_reference_proportional,age,reference_proportional,TIR,MAPE,0.16,0.01,4
REPLACE-BG,balanced_age_smote,age,smote,TIR,MAPE,0.16,0.0,5
REPLACE-BG,balanced_age_undersampling,age,undersampling,TIR,MAPE,0.16,0.0,6
REPLACE-BG,balanced_sex_jittering,sex,jittering,TIR,MAPE,0.16,0.0,7
REPLACE-BG,balanced_sex_oversampling,sex,oversampling,TIR,MAPE,0.16,0.0,8
REPLACE-BG,balanced_sex_patient_aware_undersampling,sex,patient_aware_undersampling,TIR,MAPE,0.16,0.0,9
REPLACE-BG,balanced_sex_reference_proportional,sex,reference_proportional,TIR,MAPE,0.16,0.01,10
REPLACE-BG,balanced_sex_smote,sex,smote,TIR,MAPE,0.16,0.0,11
REPLACE-BG,balanced_sex_undersampling,sex,undersampling,TIR,MAPE,0.16,0.0,12
REPLACE-BG,original,,original,TIR,MAPE,0.16,0.0,13
REPLACE-BG,balanced_age_reference_proportional,age,reference_proportional,TAR_1,A,70.12,1.68,1
REPLACE-BG,original,,original,TAR_1,A,69.22,1.58,2
REPLACE-BG,balanced_sex_reference_proportional,sex,reference_proportional,TAR_1,A,69.2,1.53,3
REPLACE-BG,balanced_age_patient_aware_undersampling,age,patient_aware_undersampling,TAR_1,A,69.12,1.54,4
REPLACE-BG,balanced_sex_undersampling,sex,undersampling,TAR_1,A,69.06,0.93,5
REPLACE-BG,balanced_sex_oversampling,sex,oversampling,TAR_1,A,69.02,1.05,6
REPLACE-BG,balanced_sex_jittering,sex,jittering,TAR_1,A,68.9,1.37,7
REPLACE-BG,balanced_age_undersampling,age,undersampling,TAR_1,A,68.84,1.33,8
REPLACE-BG,balanced_sex_patient_aware_undersampling,sex,patient_aware_undersampling,TAR_1,A,68.72,1.29,9
REPLACE-BG,balanced_age_smote,age,smote,TAR_1,A,68.48,1.27,10
REPLACE-BG,balanced_sex_smote,sex,smote,TAR_1,A,68.46,1.47,11
REPLACE-BG,balanced_age_oversampling,age,oversampling,TAR_1,A,68.24,1.09,12
REPLACE-BG,balanced_age_jittering,age,jittering,TAR_1,A,68.07,1.2,13
REPLACE-BG,balanced_age_jittering,age,jittering,TAR_1,B,29.98,1.16,1
REPLACE-BG,balanced_age_oversampling,age,oversampling,TAR_1,B,29.82,1.06,2
REPLACE-BG,balanced_sex_smote,sex,smote,TAR_1,B,29.62,1.38,3
REPLACE-BG,balanced_age_smote,age,smote,TAR_1,B,29.6,1.23,4
REPLACE-BG,balanced_sex_patient_aware_undersampling,sex,patient_aware_undersampling,TAR_1,B,29.39,1.24,5
REPLACE-BG,balanced_age_undersampling,age,undersampling,TAR_1,B,29.27,1.3,6
REPLACE-BG,balanced_sex_jittering,sex,jittering,TAR_1,B,29.22,1.32,7
REPLACE-BG,balanced_sex_oversampling,sex,oversampling,TAR_1,B,29.11,1.01,8
REPLACE-BG,balanced_sex_undersampling,sex,undersampling,TAR_1,B,29.06,0.94,9
REPLACE-BG,balanced_age_patient_aware_undersampling,age,patient_aware_undersampling,TAR_1,B,29.01,1.48,10
REPLACE-BG,balanced_sex_reference_proportional,sex,reference_proportional,TAR_1,B,28.94,1.42,11
REPLACE-BG,original,,original,TAR_1,B,28.92,1.52,12
REPLACE-BG,balanced_age_reference_proportional,age,reference_proportional,TAR_1,B,28.07,1.54,13
REPLACE-BG,original,,original,TAR_1,C,0.03,0.01,1
REPLACE-BG,balanced_age_jittering,age,jittering,TAR_1,C,0.04,0.01,2
REPLACE-BG,balanced_sex_oversampling,sex,oversampling,TAR_1,C,0.04,0.01,3
REPLACE-BG,balanced_age_oversampling,age,oversampling,TAR_1,C,0.04,0.01,4
REPLACE-BG,balanced_sex_patient_aware_undersampling,sex,patient_aware_undersampling,TAR_1,C,0.04,0.01,5
REPLACE-BG,balanced_sex_undersampling,sex,undersampling,TAR_1,C,0.04,0.01,6
REPLACE-BG,balanced_age_reference_proportional,age,reference_proportional,TAR_1,C,0.05,0.01,7
REPLACE-BG,balanced_age_patient_aware_undersampling,age,patient_aware_undersampling,TAR_1,C,0.05,0.01,8
REPLACE-BG,balanced_sex_jittering,sex,jittering,TAR_1,C,0.05,0.01,9
REPLACE-BG,balanced_age_undersampling,age,undersampling,TAR_1,C,0.05,0.01,10
REPLACE-BG,balanced_age_smote,age,smote,TAR_1,C,0.05,0.01,11
REPLACE-BG,balanced_sex_reference_proportional,sex,reference_proportional,TAR_1,C,0.05,0.0,12
REPLACE-BG,balanced_sex_smote,sex,smote,TAR_1,C,0.05,0.01,13
REPLACE-BG,balanced_age_reference_proportional,age,reference_proportional,TAR_1,D,1.76,0.16,1
REPLACE-BG,balanced_age_patient_aware_undersampling,age,patient_aware_undersampling,TAR_1,D,1.81,0.07,2
REPLACE-BG,balanced_sex_reference_proportional,sex,reference_proportional,TAR_1,D,1.81,0.12,3
REPLACE-BG,balanced_sex_oversampling,sex,oversampling,TAR_1,D,1.83,0.07,4
REPLACE-BG,original,,original,TAR_1,D,1.83,0.06,5
REPLACE-BG,balanced_sex_undersampling,sex,undersampling,TAR_1,D,1.84,0.03,6
REPLACE-BG,balanced_sex_jittering,sex,jittering,TAR_1,D,1.84,0.06,7
REPLACE-BG,balanced_age_undersampling,age,undersampling,TAR_1,D,1.84,0.04,8
REPLACE-BG,balanced_sex_patient_aware_undersampling,sex,patient_aware_undersampling,TAR_1,D,1.85,0.06,9
REPLACE-BG,balanced_sex_smote,sex,smote,TAR_1,D,1.87,0.09,10
REPLACE-BG,balanced_age_smote,age,smote,TAR_1,D,1.87,0.04,11
REPLACE-BG,balanced_age_oversampling,age,oversampling,TAR_1,D,1.89,0.05,12
REPLACE-BG,balanced_age_jittering,age,jittering,TAR_1,D,1.9,0.05,13
REPLACE-BG,balanced_age_jittering,age,jittering,TAR_1,E,0.0,0.01,1
REPLACE-BG,balanced_age_oversampling,age,oversampling,TAR_1,E,0.0,0.0,2
REPLACE-BG,balanced_age_patient_aware_undersampling,age,patient_aware_undersampling,TAR_1,E,0.0,0.0,3
REPLACE-BG,balanced_age_reference_proportional,age,reference_proportional,TAR_1,E,0.0,0.0,4
REPLACE-BG,balanced_age_smote,age,smote,TAR_1,E,0.0,0.0,5
REPLACE-BG,balanced_age_undersampling,age,undersampling,TAR_1,E,0.0,0.0,6
REPLACE-BG,balanced_sex_jittering,sex,jittering,TAR_1,E,0.0,0.0,7
REPLACE-BG,balanced_sex_oversampling,sex,oversampling,TAR_1,E,0.0,0.0,8
REPLACE-BG,balanced_sex_patient_aware_undersampling,sex,patient_aware_undersampling,TAR_1,E,0.0,0.0,9
REPLACE-BG,balanced_sex_reference_proportional,sex,reference_proportional,TAR_1,E,0.0,0.0,10
REPLACE-BG,balanced_sex_smote,sex,smote,TAR_1,E,0.0,0.0,11
REPLACE-BG,balanced_sex_undersampling,sex,undersampling,TAR_1,E,0.0,0.0,12
REPLACE-BG,original,,original,TAR_1,E,0.0,0.0,13
REPLACE-BG,balanced_age_reference_proportional,age,reference_proportional,TAR_1,A + B,98.19,0.15,1
REPLACE-BG,balanced_sex_reference_proportional,sex,reference_proportional,TAR_1,A + B,98.14,0.12,2
REPLACE-BG,original,,original,TAR_1,A + B,98.14,0.08,3
REPLACE-BG,balanced_age_patient_aware_undersampling,age,patient_aware_undersampling,TAR_1,A + B,98.13,0.07,4
REPLACE-BG,balanced_sex_oversampling,sex,oversampling,TAR_1,A + B,98.13,0.06,5
REPLACE-BG,balanced_sex_undersampling,sex,undersampling,TAR_1,A + B,98.12,0.03,6
REPLACE-BG,balanced_sex_jittering,sex,jittering,TAR_1,A + B,98.12,0.07,7
REPLACE-BG,balanced_sex_patient_aware_undersampling,sex,patient_aware_undersampling,TAR_1,A + B,98.11,0.07,8
REPLACE-BG,balanced_age_undersampling,age,undersampling,TAR_1,A + B,98.1,0.05,9
REPLACE-BG,balanced_age_smote,age,smote,TAR_1,A + B,98.08,0.05,10
REPLACE-BG,balanced_sex_smote,sex,smote,TAR_1,A + B,98.08,0.1,11
REPLACE-BG,balanced_age_oversampling,age,oversampling,TAR_1,A + B,98.06,0.05,12
REPLACE-BG,balanced_age_jittering,age,jittering,TAR_1,A + B,98.05,0.06,13
REPLACE-BG,balanced_age_reference_proportional,age,reference_proportional,TAR_1,RMSE,42.65,0.87,1
REPLACE-BG,balanced_sex_reference_proportional,sex,reference_proportional,TAR_1,RMSE,43.12,0.84,2
REPLACE-BG,original,,original,TAR_1,RMSE,43.18,1.1,3
REPLACE-BG,balanced_sex_undersampling,sex,undersampling,TAR_1,RMSE,43.25,0.68,4
REPLACE-BG,balanced_age_patient_aware_undersampling,age,patient_aware_undersampling,TAR_1,RMSE,43.3,1.11,5
REPLACE-BG,balanced_sex_oversampling,sex,oversampling,TAR_1,RMSE,43.31,0.77,6
REPLACE-BG,balanced_age_undersampling,age,undersampling,TAR_1,RMSE,43.34,1.0,7
REPLACE-BG,balanced_sex_jittering,sex,jittering,TAR_1,RMSE,43.4,1.0,8
REPLACE-BG,balanced_sex_patient_aware_undersampling,sex,patient_aware_undersampling,TAR_1,RMSE,43.54,0.98,9
REPLACE-BG,balanced_sex_smote,sex,smote,TAR_1,RMSE,43.59,1.13,10
REPLACE-BG,balanced_age_smote,age,smote,TAR_1,RMSE,43.64,0.98,11
REPLACE-BG,balanced_age_oversampling,age,oversampling,TAR_1,RMSE,43.73,0.86,12
REPLACE-BG,balanced_age_jittering,age,jittering,TAR_1,RMSE,43.94,0.95,13
REPLACE-BG,balanced_age_reference_proportional,age,reference_proportional,TAR_1,MSE,1819.93,73.22,1
REPLACE-BG,balanced_sex_reference_proportional,sex,reference_proportional,TAR_1,MSE,1859.49,72.41,2
REPLACE-BG,original,,original,TAR_1,MSE,1865.19,95.31,3
REPLACE-BG,balanced_sex_undersampling,sex,undersampling,TAR_1,MSE,1870.79,58.86,4
REPLACE-BG,balanced_age_patient_aware_undersampling,age,patient_aware_undersampling,TAR_1,MSE,1875.59,97.22,5
REPLACE-BG,balanced_sex_oversampling,sex,oversampling,TAR_1,MSE,1876.03,67.31,6
REPLACE-BG,balanced_age_undersampling,age,undersampling,TAR_1,MSE,1879.51,87.01,7
REPLACE-BG,balanced_sex_jittering,sex,jittering,TAR_1,MSE,1884.46,86.92,8
REPLACE-BG,balanced_sex_patient_aware_undersampling,sex,patient_aware_undersampling,TAR_1,MSE,1896.5,86.14,9
REPLACE-BG,balanced_sex_smote,sex,smote,TAR_1,MSE,1901.42,98.47,10
REPLACE-BG,balanced_age_smote,age,smote,TAR_1,MSE,1905.26,86.18,11
REPLACE-BG,balanced_age_oversampling,age,oversampling,TAR_1,MSE,1913.03,75.32,12
REPLACE-BG,balanced_age_jittering,age,jittering,TAR_1,MSE,1931.34,83.65,13
REPLACE-BG,balanced_age_reference_proportional,age,reference_proportional,TAR_1,MAE,33.8,1.32,1
REPLACE-BG,balanced_sex_reference_proportional,sex,reference_proportional,TAR_1,MAE,34.39,1.15,2
REPLACE-BG,balanced_age_patient_aware_undersampling,age,patient_aware_undersampling,TAR_1,MAE,34.49,0.98,3
REPLACE-BG,balanced_sex_oversampling,sex,oversampling,TAR_1,MAE,34.52,0.68,4
REPLACE-BG,original,,original,TAR_1,MAE,34.56,0.86,5
REPLACE-BG,balanced_sex_undersampling,sex,undersampling,TAR_1,MAE,34.6,0.54,6
REPLACE-BG,balanced_age_undersampling,age,undersampling,TAR_1,MAE,34.64,0.84,7
REPLACE-BG,balanced_sex_jittering,sex,jittering,TAR_1,MAE,34.65,0.85,8
REPLACE-BG,balanced_sex_patient_aware_undersampling,sex,patient_aware_undersampling,TAR_1,MAE,34.82,0.78,9
REPLACE-BG,balanced_sex_smote,sex,smote,TAR_1,MAE,34.96,0.98,10
REPLACE-BG,balanced_age_smote,age,smote,TAR_1,MAE,35.02,0.72,11
REPLACE-BG,balanced_age_oversampling,age,oversampling,TAR_1,MAE,35.12,0.62,12
REPLACE-BG,balanced_age_jittering,age,jittering,TAR_1,MAE,35.21,0.67,13
REPLACE-BG,balanced_age_reference_proportional,age,reference_proportional,TAR_1,MAPE,0.16,0.01,1
REPLACE-BG,balanced_age_patient_aware_undersampling,age,patient_aware_undersampling,TAR_1,MAPE,0.16,0.0,2
REPLACE-BG,balanced_sex_jittering,sex,jittering,TAR_1,MAPE,0.16,0.0,3
REPLACE-BG,balanced_age_undersampling,age,undersampling,TAR_1,MAPE,0.16,0.0,4
REPLACE-BG,balanced_sex_oversampling,sex,oversampling,TAR_1,MAPE,0.16,0.0,5
REPLACE-BG,original,,original,TAR_1,MAPE,0.16,0.0,6
REPLACE-BG,balanced_sex_undersampling,sex,undersampling,TAR_1,MAPE,0.16,0.0,7
REPLACE-BG,balanced_sex_reference_proportional,sex,reference_proportional,TAR_1,MAPE,0.16,0.01,8
REPLACE-BG,balanced_age_smote,age,smote,TAR_1,MAPE,0.17,0.0,9
REPLACE-BG,balanced_age_jittering,age,jittering,TAR_1,MAPE,0.17,0.0,10
REPLACE-BG,balanced_age_oversampling,age,oversampling,TAR_1,MAPE,0.17,0.0,11
REPLACE-BG,balanced_sex_patient_aware_undersampling,sex,patient_aware_undersampling,TAR_1,MAPE,0.17,0.0,12
REPLACE-BG,balanced_sex_smote,sex,smote,TAR_1,MAPE,0.17,0.0,13
REPLACE-BG,balanced_age_reference_proportional,age,reference_proportional,TAR_2,A,60.09,2.81,1
REPLACE-BG,balanced_age_patient_aware_undersampling,age,patient_aware_undersampling,TAR_2,A,59.34,2.28,2
REPLACE-BG,balanced_sex_reference_proportional,sex,reference_proportional,TAR_2,A,59.14,2.22,3
REPLACE-BG,balanced_age_undersampling,age,undersampling,TAR_2,A,58.69,1.74,4
REPLACE-BG,balanced_sex_jittering,sex,jittering,TAR_2,A,58.41,1.77,5
REPLACE-BG,balanced_sex_oversampling,sex,oversampling,TAR_2,A,58.23,1.55,6
REPLACE-BG,balanced_sex_patient_aware_undersampling,sex,patient_aware_undersampling,TAR_2,A,58.12,0.77,7
REPLACE-BG,balanced_age_smote,age,smote,TAR_2,A,57.94,1.64,8
REPLACE-BG,balanced_sex_smote,sex,smote,TAR_2,A,57.93,2.07,9
REPLACE-BG,balanced_sex_undersampling,sex,undersampling,TAR_2,A,57.69,1.54,10
REPLACE-BG,balanced_age_jittering,age,jittering,TAR_2,A,57.49,1.49,11
REPLACE-BG,balanced_age_oversampling,age,oversampling,TAR_2,A,57.13,1.64,12
REPLACE-BG,original,,original,TAR_2,A,55.88,1.88,13
REPLACE-BG,original,,original,TAR_2,B,34.73,1.89,1
REPLACE-BG,balanced_age_oversampling,age,oversampling,TAR_2,B,33.11,0.81,2
REPLACE-BG,balanced_sex_undersampling,sex,undersampling,TAR_2,B,32.91,0.68,3
REPLACE-BG,balanced_age_jittering,age,jittering,TAR_2,B,32.62,0.46,4
REPLACE-BG,balanced_sex_smote,sex,smote,TAR_2,B,32.48,1.25,5
REPLACE-BG,balanced_age_smote,age,smote,TAR_2,B,32.47,0.82,6
REPLACE-BG,balanced_sex_oversampling,sex,oversampling,TAR_2,B,32.41,1.07,7
REPLACE-BG,balanced_sex_patient_aware_undersampling,sex,patient_aware_undersampling,TAR_2,B,32.4,0.29,8
REPLACE-BG,balanced_sex_jittering,sex,jittering,TAR_2,B,32.13,0.81,9
REPLACE-BG,balanced_age_undersampling,age,undersampling,TAR_2,B,31.84,1.14,10
REPLACE-BG,balanced_sex_reference_proportional,sex,reference_proportional,TAR_2,B,31.64,1.87,11
REPLACE-BG,balanced_age_patient_aware_undersampling,age,patient_aware_undersampling,TAR_2,B,31.35,1.41,12
REPLACE-BG,balanced_age_reference_proportional,age,reference_proportional,TAR_2,B,30.96,2.37,13
REPLACE-BG,balanced_age_jittering,age,jittering,TAR_2,C,0.0,0.0,1
REPLACE-BG,balanced_age_oversampling,age,oversampling,TAR_2,C,0.0,0.0,2
REPLACE-BG,balanced_age_patient_aware_undersampling,age,patient_aware_undersampling,TAR_2,C,0.0,0.0,3
REPLACE-BG,balanced_age_reference_proportional,age,reference_proportional,TAR_2,C,0.0,0.0,4
REPLACE-BG,balanced_age_smote,age,smote,TAR_2,C,0.0,0.0,5
REPLACE-BG,balanced_age_undersampling,age,undersampling,TAR_2,C,0.0,0.0,6
REPLACE-BG,balanced_sex_jittering,sex,jittering,TAR_2,C,0.0,0.0,7
REPLACE-BG,balanced_sex_oversampling,sex,oversampling,TAR_2,C,0.0,0.0,8
REPLACE-BG,balanced_sex_patient_aware_undersampling,sex,patient_aware_undersampling,TAR_2,C,0.0,0.0,9
REPLACE-BG,balanced_sex_reference_proportional,sex,reference_proportional,TAR_2,C,0.0,0.0,10
REPLACE-BG,balanced_sex_smote,sex,smote,TAR_2,C,0.0,0.0,11
REPLACE-BG,balanced_sex_undersampling,sex,undersampling,TAR_2,C,0.0,0.0,12
REPLACE-BG,original,,original,TAR_2,C,0.0,0.0,13
REPLACE-BG,balanced_age_reference_proportional,age,reference_proportional,TAR_2,D,8.95,0.68,1
REPLACE-BG,balanced_sex_reference_proportional,sex,reference_proportional,TAR_2,D,9.22,0.69,2
REPLACE-BG,balanced_age_patient_aware_undersampling,age,patient_aware_undersampling,TAR_2,D,9.31,1.06,3
REPLACE-BG,balanced_sex_oversampling,sex,oversampling,TAR_2,D,9.37,0.86,4
REPLACE-BG,original,,original,TAR_2,D,9.39,1.15,5
REPLACE-BG,balanced_sex_undersampling,sex,undersampling,TAR_2,D,9.4,0.95,6
REPLACE-BG,balanced_sex_jittering,sex,jittering,TAR_2,D,9.47,0.99,7
REPLACE-BG,balanced_age_undersampling,age,undersampling,TAR_2,D,9.47,0.91,8
REPLACE-BG,balanced_sex_patient_aware_undersampling,sex,patient_aware_undersampling,TAR_2,D,9.48,1.02,9
REPLACE-BG,balanced_age_smote,age,smote,TAR_2,D,9.58,1.08,10
REPLACE-BG,balanced_sex_smote,sex,smote,TAR_2,D,9.59,0.93,11
REPLACE-BG,balanced_age_oversampling,age,oversampling,TAR_2,D,9.75,0.97,12
REPLACE-BG,balanced_age_jittering,age,jittering,TAR_2,D,9.89,1.06,13
REPLACE-BG,balanced_age_jittering,age,jittering,TAR_2,E,0.0,0.0,1
REPLACE-BG,balanced_age_oversampling,age,oversampling,TAR_2,E,0.0,0.0,2
REPLACE-BG,balanced_age_patient_aware_undersampling,age,patient_aware_undersampling,TAR_2,E,0.0,0.0,3
REPLACE-BG,balanced_age_reference_proportional,age,reference_proportional,TAR_2,E,0.0,0.0,4
REPLACE-BG,balanced_age_smote,age,smote,TAR_2,E,0.0,0.0,5
REPLACE-BG,balanced_age_undersampling,age,undersampling,TAR_2,E,0.0,0.0,6
REPLACE-BG,balanced_sex_jittering,sex,jittering,TAR_2,E,0.0,0.0,7
REPLACE-BG,balanced_sex_oversampling,sex,oversampling,TAR_2,E,0.0,0.0,8
REPLACE-BG,balanced_sex_patient_aware_undersampling,sex,patient_aware_undersampling,TAR_2,E,0.0,0.0,9
REPLACE-BG,balanced_sex_reference_proportional,sex,reference_proportional,TAR_2,E,0.0,0.0,10
REPLACE-BG,balanced_sex_smote,sex,smote,TAR_2,E,0.0,0.0,11
REPLACE-BG,balanced_sex_undersampling,sex,undersampling,TAR_2,E,0.0,0.0,12
REPLACE-BG,original,,original,TAR_2,E,0.0,0.0,13
REPLACE-BG,balanced_age_reference_proportional,age,reference_proportional,TAR_2,A + B,91.05,0.68,1
REPLACE-BG,balanced_sex_reference_proportional,sex,reference_proportional,TAR_2,A + B,90.78,0.69,2
REPLACE-BG,balanced_age_patient_aware_undersampling,age,patient_aware_undersampling,TAR_2,A + B,90.69,1.06,3
REPLACE-BG,balanced_sex_oversampling,sex,oversampling,TAR_2,A + B,90.64,0.86,4
REPLACE-BG,original,,original,TAR_2,A + B,90.61,1.15,5
REPLACE-BG,balanced_sex_undersampling,sex,undersampling,TAR_2,A + B,90.6,0.95,6
REPLACE-BG,balanced_sex_jittering,sex,jittering,TAR_2,A + B,90.54,0.99,7
REPLACE-BG,balanced_age_undersampling,age,undersampling,TAR_2,A + B,90.53,0.91,8
REPLACE-BG,balanced_sex_patient_aware_undersampling,sex,patient_aware_undersampling,TAR_2,A + B,90.52,1.02,9
REPLACE-BG,balanced_age_smote,age,smote,TAR_2,A + B,90.42,1.08,10
REPLACE-BG,balanced_sex_smote,sex,smote,TAR_2,A + B,90.41,0.93,11
REPLACE-BG,balanced_age_oversampling,age,oversampling,TAR_2,A + B,90.24,0.97,12
REPLACE-BG,balanced_age_jittering,age,jittering,TAR_2,A + B,90.11,1.06,13
REPLACE-BG,balanced_age_reference_proportional,age,reference_proportional,TAR_2,RMSE,66.93,2.3,1
REPLACE-BG,balanced_age_patient_aware_undersampling,age,patient_aware_undersampling,TAR_2,RMSE,67.44,1.39,2
REPLACE-BG,balanced_sex_reference_proportional,sex,reference_proportional,TAR_2,RMSE,67.53,1.84,3
REPLACE-BG,balanced_age_undersampling,age,undersampling,TAR_2,RMSE,67.89,1.33,4
REPLACE-BG,balanced_sex_jittering,sex,jittering,TAR_2,RMSE,68.12,1.13,5
REPLACE-BG,balanced_sex_oversampling,sex,oversampling,TAR_2,RMSE,68.27,0.71,6
REPLACE-BG,balanced_sex_patient_aware_undersampling,sex,patient_aware_undersampling,TAR_2,RMSE,68.34,0.53,7
REPLACE-BG,balanced_age_smote,age,smote,TAR_2,RMSE,68.35,1.12,8
REPLACE-BG,balanced_sex_smote,sex,smote,TAR_2,RMSE,68.35,1.38,9
REPLACE-BG,balanced_sex_undersampling,sex,undersampling,TAR_2,RMSE,68.42,0.94,10
REPLACE-BG,balanced_age_oversampling,age,oversampling,TAR_2,RMSE,68.88,1.08,11
REPLACE-BG,balanced_age_jittering,age,jittering,TAR_2,RMSE,69.03,0.94,12
REPLACE-BG,original,,original,TAR_2,RMSE,69.31,0.89,13
REPLACE-BG,balanced_age_reference_proportional,age,reference_proportional,TAR_2,MSE,4484.11,303.74,1
REPLACE-BG,balanced_age_patient_aware_undersampling,age,patient_aware_undersampling,TAR_2,MSE,4549.7,187.0,2
REPLACE-BG,balanced_sex_reference_proportional,sex,reference_proportional,TAR_2,MSE,4563.42,248.36,3
REPLACE-BG,balanced_age_undersampling,age,undersampling,TAR_2,MSE,4610.77,178.62,4
REPLACE-BG,balanced_sex_jittering,sex,jittering,TAR_2,MSE,4641.04,152.53,5
REPLACE-BG,balanced_sex_oversampling,sex,oversampling,TAR_2,MSE,4661.05,96.59,6
REPLACE-BG,balanced_sex_patient_aware_undersampling,sex,patient_aware_undersampling,TAR_2,MSE,4671.14,72.43,7
REPLACE-BG,balanced_age_smote,age,smote,TAR_2,MSE,4672.3,152.95,8
REPLACE-BG,balanced_sex_smote,sex,smote,TAR_2,MSE,4672.75,186.77,9
REPLACE-BG,balanced_sex_undersampling,sex,undersampling,TAR_2,MSE,4681.74,128.72,10
REPLACE-BG,balanced_age_oversampling,age,oversampling,TAR_2,MSE,4745.12,148.1,11
REPLACE-BG,balanced_age_jittering,age,jittering,TAR_2,MSE,4765.62,129.62,12
REPLACE-BG,original,,original,TAR_2,MSE,4804.83,122.19,13
REPLACE-BG,balanced_age_reference_proportional,age,reference_proportional,TAR_2,MAE,56.54,2.68,1
REPLACE-BG,balanced_age_patient_aware_undersampling,age,patient_aware_undersampling,TAR_2,MAE,57.02,1.35,2
REPLACE-BG,balanced_sex_reference_proportional,sex,reference_proportional,TAR_2,MAE,57.22,2.07,3
REPLACE-BG,balanced_age_undersampling,age,undersampling,TAR_2,MAE,57.55,1.29,4
REPLACE-BG,balanced_sex_jittering,sex,jittering,TAR_2,MAE,57.83,0.92,5
REPLACE-BG,balanced_sex_oversampling,sex,oversampling,TAR_2,MAE,58.02,0.78,6
REPLACE-BG,balanced_age_smote,age,smote,TAR_2,MAE,58.1,0.94,7
REPLACE-BG,balanced_sex_smote,sex,smote,TAR_2,MAE,58.12,1.3,8
REPLACE-BG,balanced_sex_patient_aware_undersampling,sex,patient_aware_undersampling,TAR_2,MAE,58.15,0.32,9
REPLACE-BG,balanced_sex_undersampling,sex,undersampling,TAR_2,MAE,58.31,0.8,10
REPLACE-BG,balanced_age_oversampling,age,oversampling,TAR_2,MAE,58.7,0.97,11
REPLACE-BG,balanced_age_jittering,age,jittering,TAR_2,MAE,58.78,0.66,12
REPLACE-BG,original,,original,TAR_2,MAE,59.37,0.95,13
REPLACE-BG,balanced_age_reference_proportional,age,reference_proportional,TAR_2,MAPE,0.19,0.01,1
REPLACE-BG,balanced_age_patient_aware_undersampling,age,patient_aware_undersampling,TAR_2,MAPE,0.19,0.01,2
REPLACE-BG,balanced_age_undersampling,age,undersampling,TAR_2,MAPE,0.19,0.0,3
REPLACE-BG,balanced_sex_reference_proportional,sex,reference_proportional,TAR_2,MAPE,0.19,0.01,4
REPLACE-BG,balanced_age_jittering,age,jittering,TAR_2,MAPE,0.2,0.0,5
REPLACE-BG,balanced_age_smote,age,smote,TAR_2,MAPE,0.2,0.0,6
REPLACE-BG,balanced_sex_jittering,sex,jittering,TAR_2,MAPE,0.2,0.0,7
REPLACE-BG,balanced_age_oversampling,age,oversampling,TAR_2,MAPE,0.2,0.0,8
REPLACE-BG,balanced_sex_oversampling,sex,oversampling,TAR_2,MAPE,0.2,0.0,9
REPLACE-BG,balanced_sex_patient_aware_undersampling,sex,patient_aware_undersampling,TAR_2,MAPE,0.2,0.0,10
REPLACE-BG,balanced_sex_smote,sex,smote,TAR_2,MAPE,0.2,0.0,11
REPLACE-BG,balanced_sex_undersampling,sex,undersampling,TAR_2,MAPE,0.2,0.0,12
REPLACE-BG,original,,original,TAR_2,MAPE,0.2,0.0,13
REPLACE-BG,balanced_age_patient_aware_undersampling,age,patient_aware_undersampling,ENTIRE,A,67.77,0.76,1
REPLACE-BG,balanced_age_reference_proportional,age,reference_proportional,ENTIRE,A,67.74,0.65,2
REPLACE-BG,balanced_sex_jittering,sex,jittering,ENTIRE,A,67.72,0.68,3
REPLACE-BG,balanced_age_smote,age,smote,ENTIRE,A,67.69,0.67,4
REPLACE-BG,balanced_sex_smote,sex,smote,ENTIRE,A,67.65,0.71,5
REPLACE-BG,balanced_age_undersampling,age,undersampling,ENTIRE,A,67.61,0.77,6
REPLACE-BG,balanced_age_jittering,age,jittering,ENTIRE,A,67.61,0.82,7
REPLACE-BG,balanced_sex_oversampling,sex,oversampling,ENTIRE,A,67.59,0.84,8
REPLACE-BG,balanced_age_oversampling,age,oversampling,ENTIRE,A,67.58,0.68,9
REPLACE-BG,balanced_sex_patient_aware_undersampling,sex,patient_aware_undersampling,ENTIRE,A,67.58,0.79,10
REPLACE-BG,balanced_sex_reference_proportional,sex,reference_proportional,ENTIRE,A,67.57,0.61,11
REPLACE-BG,balanced_sex_undersampling,sex,undersampling,ENTIRE,A,67.54,0.58,12
REPLACE-BG,original,,original,ENTIRE,A,67.27,0.59,13
REPLACE-BG,original,,original,ENTIRE,B,27.73,0.48,1
REPLACE-BG,balanced_sex_undersampling,sex,undersampling,ENTIRE,B,27.46,0.47,2
REPLACE-BG,balanced_sex_reference_proportional,sex,reference_proportional,ENTIRE,B,27.45,0.48,3
REPLACE-BG,balanced_age_undersampling,age,undersampling,ENTIRE,B,27.41,0.65,4
REPLACE-BG,balanced_age_oversampling,age,oversampling,ENTIRE,B,27.41,0.54,5
REPLACE-BG,balanced_sex_oversampling,sex,oversampling,ENTIRE,B,27.41,0.64,6
REPLACE-BG,balanced_sex_patient_aware_undersampling,sex,patient_aware_undersampling,ENTIRE,B,27.41,0.59,7
REPLACE-BG,balanced_age_jittering,age,jittering,ENTIRE,B,27.38,0.64,8
REPLACE-BG,balanced_sex_smote,sex,smote,ENTIRE,B,27.35,0.52,9
REPLACE-BG,balanced_age_reference_proportional,age,reference_proportional,ENTIRE,B,27.32,0.55,10
REPLACE-BG,balanced_age_smote,age,smote,ENTIRE,B,27.32,0.51,11
REPLACE-BG,balanced_sex_jittering,sex,jittering,ENTIRE,B,27.29,0.52,12
REPLACE-BG,balanced_age_patient_aware_undersampling,age,patient_aware_undersampling,ENTIRE,B,27.25,0.63,13
REPLACE-BG,balanced_age_jittering,age,jittering,ENTIRE,C,0.11,0.02,1
REPLACE-BG,balanced_age_oversampling,age,oversampling,ENTIRE,C,0.11,0.02,2
REPLACE-BG,balanced_sex_jittering,sex,jittering,ENTIRE,C,0.11,0.02,3
REPLACE-BG,balanced_age_smote,age,smote,ENTIRE,C,0.11,0.02,4
REPLACE-BG,balanced_sex_oversampling,sex,oversampling,ENTIRE,C,0.11,0.02,5
REPLACE-BG,balanced_sex_undersampling,sex,undersampling,ENTIRE,C,0.11,0.02,6
REPLACE-BG,balanced_sex_smote,sex,smote,ENTIRE,C,0.11,0.02,7
REPLACE-BG,balanced_sex_patient_aware_undersampling,sex,patient_aware_undersampling,ENTIRE,C,0.11,0.02,8
REPLACE-BG,original,,original,ENTIRE,C,0.11,0.01,9
REPLACE-BG,balanced_age_undersampling,age,undersampling,ENTIRE,C,0.12,0.02,10
REPLACE-BG,balanced_age_patient_aware_undersampling,age,patient_aware_undersampling,ENTIRE,C,0.12,0.02,11
REPLACE-BG,balanced_age_reference_proportional,age,reference_proportional,ENTIRE,C,0.12,0.04,12
REPLACE-BG,balanced_sex_reference_proportional,sex,reference_proportional,ENTIRE,C,0.12,0.03,13
REPLACE-BG,balanced_age_reference_proportional,age,reference_proportional,ENTIRE,D,4.81,0.2,1
REPLACE-BG,balanced_age_patient_aware_undersampling,age,patient_aware_undersampling,ENTIRE,D,4.84,0.19,2
REPLACE-BG,balanced_sex_reference_proportional,sex,reference_proportional,ENTIRE,D,4.84,0.21,3
REPLACE-BG,balanced_age_undersampling,age,undersampling,ENTIRE,D,4.85,0.18,4
REPLACE-BG,balanced_sex_jittering,sex,jittering,ENTIRE,D,4.86,0.19,5
REPLACE-BG,balanced_age_smote,age,smote,ENTIRE,D,4.86,0.17,6
REPLACE-BG,balanced_sex_smote,sex,smote,ENTIRE,D,4.87,0.19,7
REPLACE-BG,balanced_sex_oversampling,sex,oversampling,ENTIRE,D,4.87,0.21,8
REPLACE-BG,balanced_sex_undersampling,sex,undersampling,ENTIRE,D,4.87,0.16,9
REPLACE-BG,original,,original,ENTIRE,D,4.87,0.18,10
REPLACE-BG,balanced_age_jittering,age,jittering,ENTIRE,D,4.88,0.21,11
REPLACE-BG,balanced_age_oversampling,age,oversampling,ENTIRE,D,4.89,0.17,12
REPLACE-BG,balanced_sex_patient_aware_undersampling,sex,patient_aware_undersampling,ENTIRE,D,4.89,0.2,13
REPLACE-BG,balanced_age_jittering,age,jittering,ENTIRE,E,0.02,0.01,1
REPLACE-BG,balanced_age_oversampling,age,oversampling,ENTIRE,E,0.02,0.01,2
REPLACE-BG,balanced_age_patient_aware_undersampling,age,patient_aware_undersampling,ENTIRE,E,0.02,0.01,3
REPLACE-BG,balanced_age_reference_proportional,age,reference_proportional,ENTIRE,E,0.02,0.01,4
REPLACE-BG,balanced_age_smote,age,smote,ENTIRE,E,0.02,0.01,5
REPLACE-BG,balanced_age_undersampling,age,undersampling,ENTIRE,E,0.02,0.01,6
REPLACE-BG,balanced_sex_jittering,sex,jittering,ENTIRE,E,0.02,0.01,7
REPLACE-BG,balanced_sex_oversampling,sex,oversampling,ENTIRE,E,0.02,0.0,8
REPLACE-BG,balanced_sex_patient_aware_undersampling,sex,patient_aware_undersampling,ENTIRE,E,0.02,0.01,9
REPLACE-BG,balanced_sex_reference_proportional,sex,reference_proportional,ENTIRE,E,0.02,0.01,10
REPLACE-BG,balanced_sex_smote,sex,smote,ENTIRE,E,0.02,0.01,11
REPLACE-BG,balanced_sex_undersampling,sex,undersampling,ENTIRE,E,0.02,0.01,12
REPLACE-BG,original,,original,ENTIRE,E,0.02,0.01,13
REPLACE-BG,balanced_age_reference_proportional,age,reference_proportional,ENTIRE,A + B,95.05,0.2,1
REPLACE-BG,balanced_age_patient_aware_undersampling,age,patient_aware_undersampling,ENTIRE,A + B,95.02,0.21,2
REPLACE-BG,balanced_age_undersampling,age,undersampling,ENTIRE,A + B,95.02,0.2,3
REPLACE-BG,balanced_sex_reference_proportional,sex,reference_proportional,ENTIRE,A + B,95.02,0.21,4
REPLACE-BG,balanced_age_smote,age,smote,ENTIRE,A + B,95.01,0.19,5
REPLACE-BG,balanced_sex_jittering,sex,jittering,ENTIRE,A + B,95.01,0.2,6
REPLACE-BG,balanced_sex_smote,sex,smote,ENTIRE,A + B,95.0,0.2,7
REPLACE-BG,balanced_sex_undersampling,sex,undersampling,ENTIRE,A + B,95.0,0.18,8
REPLACE-BG,balanced_sex_oversampling,sex,oversampling,ENTIRE,A + B,95.0,0.22,9
REPLACE-BG,original,,original,ENTIRE,A + B,95.0,0.19,10
REPLACE-BG,balanced_age_jittering,age,jittering,ENTIRE,A + B,94.99,0.22,11
REPLACE-BG,balanced_age_oversampling,age,oversampling,ENTIRE,A + B,94.99,0.18,12
REPLACE-BG,balanced_sex_patient_aware_undersampling,sex,patient_aware_undersampling,ENTIRE,A + B,94.99,0.22,13
REPLACE-BG,balanced_age_reference_proportional,age,reference_proportional,ENTIRE,RMSE,36.63,1.1,1
REPLACE-BG,balanced_age_patient_aware_undersampling,age,patient_aware_undersampling,ENTIRE,RMSE,36.75,0.76,2
REPLACE-BG,balanced_sex_reference_proportional,sex,reference_proportional,ENTIRE,RMSE,36.75,0.94,3
REPLACE-BG,balanced_age_undersampling,age,undersampling,ENTIRE,RMSE,36.79,0.66,4
REPLACE-BG,balanced_sex_jittering,sex,jittering,ENTIRE,RMSE,36.83,0.69,5
REPLACE-BG,balanced_sex_undersampling,sex,undersampling,ENTIRE,RMSE,36.85,0.76,6
REPLACE-BG,balanced_sex_oversampling,sex,oversampling,ENTIRE,RMSE,36.87,0.84,7
REPLACE-BG,balanced_age_smote,age,smote,ENTIRE,RMSE,36.89,0.62,8
REPLACE-BG,balanced_sex_smote,sex,smote,ENTIRE,RMSE,36.89,0.75,9
REPLACE-BG,balanced_sex_patient_aware_undersampling,sex,patient_aware_undersampling,ENTIRE,RMSE,36.93,0.86,10
REPLACE-BG,balanced_age_oversampling,age,oversampling,ENTIRE,RMSE,36.98,0.79,11
REPLACE-BG,original,,original,ENTIRE,RMSE,37.0,0.83,12
REPLACE-BG,balanced_age_jittering,age,jittering,ENTIRE,RMSE,37.1,0.82,13
REPLACE-BG,balanced_age_reference_proportional,age,reference_proportional,ENTIRE,MSE,1342.48,80.11,1
REPLACE-BG,balanced_age_patient_aware_undersampling,age,patient_aware_undersampling,ENTIRE,MSE,1350.73,55.99,2
REPLACE-BG,balanced_sex_reference_proportional,sex,reference_proportional,ENTIRE,MSE,1351.2,68.49,3
REPLACE-BG,balanced_age_undersampling,age,undersampling,ENTIRE,MSE,1353.79,48.37,4
REPLACE-BG,balanced_sex_jittering,sex,jittering,ENTIRE,MSE,1356.47,50.53,5
REPLACE-BG,balanced_sex_undersampling,sex,undersampling,ENTIRE,MSE,1358.71,56.18,6
REPLACE-BG,balanced_sex_oversampling,sex,oversampling,ENTIRE,MSE,1360.2,62.43,7
REPLACE-BG,balanced_age_smote,age,smote,ENTIRE,MSE,1361.04,46.08,8
REPLACE-BG,balanced_sex_smote,sex,smote,ENTIRE,MSE,1361.23,55.06,9
REPLACE-BG,balanced_sex_patient_aware_undersampling,sex,patient_aware_undersampling,ENTIRE,MSE,1364.5,63.3,10
REPLACE-BG,balanced_age_oversampling,age,oversampling,ENTIRE,MSE,1367.68,58.55,11
REPLACE-BG,original,,original,ENTIRE,MSE,1369.77,62.09,12
REPLACE-BG,balanced_age_jittering,age,jittering,ENTIRE,MSE,1377.26,60.91,13
REPLACE-BG,balanced_age_reference_proportional,age,reference_proportional,ENTIRE,MAE,26.86,0.97,1
REPLACE-BG,balanced_age_patient_aware_undersampling,age,patient_aware_undersampling,ENTIRE,MAE,26.94,0.74,2
REPLACE-BG,balanced_sex_jittering,sex,jittering,ENTIRE,MAE,26.99,0.64,3
REPLACE-BG,balanced_sex_reference_proportional,sex,reference_proportional,ENTIRE,MAE,26.99,0.8,4
REPLACE-BG,balanced_age_undersampling,age,undersampling,ENTIRE,MAE,27.0,0.59,5
REPLACE-BG,balanced_sex_oversampling,sex,oversampling,ENTIRE,MAE,27.03,0.78,6
REPLACE-BG,balanced_age_smote,age,smote,ENTIRE,MAE,27.05,0.64,7
REPLACE-BG,balanced_sex_undersampling,sex,undersampling,ENTIRE,MAE,27.06,0.74,8
REPLACE-BG,balanced_sex_smote,sex,smote,ENTIRE,MAE,27.08,0.74,9
REPLACE-BG,balanced_sex_patient_aware_undersampling,sex,patient_aware_undersampling,ENTIRE,MAE,27.1,0.84,10
REPLACE-BG,balanced_age_oversampling,age,oversampling,ENTIRE,MAE,27.11,0.74,11
REPLACE-BG,original,,original,ENTIRE,MAE,27.15,0.75,12
REPLACE-BG,balanced_age_jittering,age,jittering,ENTIRE,MAE,27.19,0.78,13
REPLACE-BG,balanced_age_jittering,age,jittering,ENTIRE,MAPE,0.18,0.0,1
REPLACE-BG,balanced_age_oversampling,age,oversampling,ENTIRE,MAPE,0.18,0.0,2
REPLACE-BG,balanced_age_patient_aware_undersampling,age,patient_aware_undersampling,ENTIRE,MAPE,0.18,0.0,3
REPLACE-BG,balanced_age_reference_proportional,age,reference_proportional,ENTIRE,MAPE,0.18,0.0,4
REPLACE-BG,balanced_age_smote,age,smote,ENTIRE,MAPE,0.18,0.0,5
REPLACE-BG,balanced_age_undersampling,age,undersampling,ENTIRE,MAPE,0.18,0.0,6
REPLACE-BG,balanced_sex_jittering,sex,jittering,ENTIRE,MAPE,0.18,0.0,7
REPLACE-BG,balanced_sex_oversampling,sex,oversampling,ENTIRE,MAPE,0.18,0.0,8
REPLACE-BG,balanced_sex_patient_aware_undersampling,sex,patient_aware_undersampling,ENTIRE,MAPE,0.18,0.0,9
REPLACE-BG,balanced_sex_reference_proportional,sex,reference_proportional,ENTIRE,MAPE,0.18,0.0,10
REPLACE-BG,balanced_sex_smote,sex,smote,ENTIRE,MAPE,0.18,0.0,11
REPLACE-BG,balanced_sex_undersampling,sex,undersampling,ENTIRE,MAPE,0.18,0.0,12
REPLACE-BG,original,,original,ENTIRE,MAPE,0.18,0.0,13
T1DiabetesGranada,balanced_age_smote,age,smote,TBR_2,A,22.48,3.46,1
T1DiabetesGranada,balanced_sex_reference_proportional,sex,reference_proportional,TBR_2,A,22.28,3.96,2
T1DiabetesGranada,balanced_sex_jittering,sex,jittering,TBR_2,A,22.26,4.17,3
T1DiabetesGranada,balanced_age_patient_aware_undersampling,age,patient_aware_undersampling,TBR_2,A,22.07,5.41,4
T1DiabetesGranada,balanced_sex_oversampling,sex,oversampling,TBR_2,A,21.92,3.44,5
T1DiabetesGranada,balanced_sex_smote,sex,smote,TBR_2,A,21.82,6.84,6
T1DiabetesGranada,balanced_age_reference_proportional,age,reference_proportional,TBR_2,A,21.4,2.73,7
T1DiabetesGranada,balanced_age_jittering,age,jittering,TBR_2,A,21.24,3.79,8
T1DiabetesGranada,balanced_sex_undersampling,sex,undersampling,TBR_2,A,20.2,2.85,9
T1DiabetesGranada,original,,original,TBR_2,A,19.98,5.16,10
T1DiabetesGranada,balanced_sex_patient_aware_undersampling,sex,patient_aware_undersampling,TBR_2,A,19.21,4.44,11
T1DiabetesGranada,balanced_age_undersampling,age,undersampling,TBR_2,A,17.42,4.59,12
T1DiabetesGranada,balanced_age_jittering,age,jittering,TBR_2,B,0.0,0.0,1
T1DiabetesGranada,balanced_age_patient_aware_undersampling,age,patient_aware_undersampling,TBR_2,B,0.0,0.0,2
T1DiabetesGranada,balanced_age_reference_proportional,age,reference_proportional,TBR_2,B,0.0,0.0,3
T1DiabetesGranada,balanced_age_smote,age,smote,TBR_2,B,0.0,0.0,4
T1DiabetesGranada,balanced_age_undersampling,age,undersampling,TBR_2,B,0.0,0.0,5
T1DiabetesGranada,balanced_sex_jittering,sex,jittering,TBR_2,B,0.0,0.0,6
T1DiabetesGranada,balanced_sex_oversampling,sex,oversampling,TBR_2,B,0.0,0.0,7
T1DiabetesGranada,balanced_sex_patient_aware_undersampling,sex,patient_aware_undersampling,TBR_2,B,0.0,0.0,8
T1DiabetesGranada,balanced_sex_reference_proportional,sex,reference_proportional,TBR_2,B,0.0,0.0,9
T1DiabetesGranada,balanced_sex_smote,sex,smote,TBR_2,B,0.0,0.0,10
T1DiabetesGranada,balanced_sex_undersampling,sex,undersampling,TBR_2,B,0.0,0.0,11
T1DiabetesGranada,original,,original,TBR_2,B,0.0,0.0,12
T1DiabetesGranada,balanced_age_jittering,age,jittering,TBR_2,C,0.0,0.0,1
T1DiabetesGranada,balanced_age_patient_aware_undersampling,age,patient_aware_undersampling,TBR_2,C,0.0,0.0,2
T1DiabetesGranada,balanced_age_reference_proportional,age,reference_proportional,TBR_2,C,0.0,0.0,3
T1DiabetesGranada,balanced_age_smote,age,smote,TBR_2,C,0.0,0.0,4
T1DiabetesGranada,balanced_age_undersampling,age,undersampling,TBR_2,C,0.0,0.0,5
T1DiabetesGranada,balanced_sex_jittering,sex,jittering,TBR_2,C,0.0,0.0,6
T1DiabetesGranada,balanced_sex_oversampling,sex,oversampling,TBR_2,C,0.0,0.0,7
T1DiabetesGranada,balanced_sex_patient_aware_undersampling,sex,patient_aware_undersampling,TBR_2,C,0.0,0.0,8
T1DiabetesGranada,balanced_sex_reference_proportional,sex,reference_proportional,TBR_2,C,0.0,0.0,9
T1DiabetesGranada,balanced_sex_smote,sex,smote,TBR_2,C,0.0,0.0,10
T1DiabetesGranada,balanced_sex_undersampling,sex,undersampling,TBR_2,C,0.0,0.0,11
T1DiabetesGranada,original,,original,TBR_2,C,0.0,0.0,12
T1DiabetesGranada,balanced_age_smote,age,smote,TBR_2,D,77.17,3.41,1
T1DiabetesGranada,balanced_sex_reference_proportional,sex,reference_proportional,TBR_2,D,77.4,3.91,2
T1DiabetesGranada,balanced_sex_jittering,sex,jittering,TBR_2,D,77.41,4.13,3
T1DiabetesGranada,balanced_age_patient_aware_undersampling,age,patient_aware_undersampling,TBR_2,D,77.59,5.41,4
T1DiabetesGranada,balanced_sex_oversampling,sex,oversampling,TBR_2,D,77.77,3.43,5
T1DiabetesGranada,balanced_sex_smote,sex,smote,TBR_2,D,77.84,6.85,6
T1DiabetesGranada,balanced_age_reference_proportional,age,reference_proportional,TBR_2,D,78.28,2.71,7
T1DiabetesGranada,balanced_age_jittering,age,jittering,TBR_2,D,78.41,3.79,8
T1DiabetesGranada,balanced_sex_undersampling,sex,undersampling,TBR_2,D,79.47,2.88,9
T1DiabetesGranada,original,,original,TBR_2,D,79.69,5.11,10
T1DiabetesGranada,balanced_sex_patient_aware_undersampling,sex,patient_aware_undersampling,TBR_2,D,80.47,4.43,11
T1DiabetesGranada,balanced_age_undersampling,age,undersampling,TBR_2,D,82.25,4.57,12
T1DiabetesGranada,balanced_sex_oversampling,sex,oversampling,TBR_2,E,0.32,0.07,1
T1DiabetesGranada,balanced_sex_patient_aware_undersampling,sex,patient_aware_undersampling,TBR_2,E,0.32,0.06,2
T1DiabetesGranada,balanced_age_reference_proportional,age,reference_proportional,TBR_2,E,0.33,0.06,3
T1DiabetesGranada,balanced_sex_jittering,sex,jittering,TBR_2,E,0.33,0.05,4
T1DiabetesGranada,balanced_age_undersampling,age,undersampling,TBR_2,E,0.33,0.06,5
T1DiabetesGranada,balanced_sex_undersampling,sex,undersampling,TBR_2,E,0.33,0.05,6
T1DiabetesGranada,balanced_sex_smote,sex,smote,TBR_2,E,0.33,0.06,7
T1DiabetesGranada,balanced_sex_reference_proportional,sex,reference_proportional,TBR_2,E,0.33,0.07,8
T1DiabetesGranada,balanced_age_smote,age,smote,TBR_2,E,0.34,0.06,9
T1DiabetesGranada,original,,original,TBR_2,E,0.34,0.06,10
T1DiabetesGranada,balanced_age_patient_aware_undersampling,age,patient_aware_undersampling,TBR_2,E,0.35,0.06,11
T1DiabetesGranada,balanced_age_jittering,age,jittering,TBR_2,E,0.35,0.05,12
T1DiabetesGranada,balanced_age_smote,age,smote,TBR_2,A + B,22.48,3.46,1
T1DiabetesGranada,balanced_sex_reference_proportional,sex,reference_proportional,TBR_2,A + B,22.28,3.96,2
T1DiabetesGranada,balanced_sex_jittering,sex,jittering,TBR_2,A + B,22.26,4.17,3
T1DiabetesGranada,balanced_age_patient_aware_undersampling,age,patient_aware_undersampling,TBR_2,A + B,22.07,5.41,4
T1DiabetesGranada,balanced_sex_oversampling,sex,oversampling,TBR_2,A + B,21.92,3.44,5
T1DiabetesGranada,balanced_sex_smote,sex,smote,TBR_2,A + B,21.82,6.84,6
T1DiabetesGranada,balanced_age_reference_proportional,age,reference_proportional,TBR_2,A + B,21.4,2.73,7
T1DiabetesGranada,balanced_age_jittering,age,jittering,TBR_2,A + B,21.24,3.79,8
T1DiabetesGranada,balanced_sex_undersampling,sex,undersampling,TBR_2,A + B,20.2,2.85,9
T1DiabetesGranada,original,,original,TBR_2,A + B,19.98,5.16,10
T1DiabetesGranada,balanced_sex_patient_aware_undersampling,sex,patient_aware_undersampling,TBR_2,A + B,19.21,4.44,11
T1DiabetesGranada,balanced_age_undersampling,age,undersampling,TBR_2,A + B,17.42,4.59,12
T1DiabetesGranada,balanced_age_patient_aware_undersampling,age,patient_aware_undersampling,TBR_2,RMSE,39.25,1.51,1
T1DiabetesGranada,balanced_age_smote,age,smote,TBR_2,RMSE,39.26,1.63,2
T1DiabetesGranada,balanced_sex_reference_proportional,sex,reference_proportional,TBR_2,RMSE,39.33,1.79,3
T1DiabetesGranada,balanced_sex_jittering,sex,jittering,TBR_2,RMSE,39.37,1.22,4
T1DiabetesGranada,balanced_sex_smote,sex,smote,TBR_2,RMSE,39.38,0.67,5
T1DiabetesGranada,original,,original,TBR_2,RMSE,39.38,1.38,6
T1DiabetesGranada,balanced_sex_oversampling,sex,oversampling,TBR_2,RMSE,39.38,1.01,7
T1DiabetesGranada,balanced_sex_patient_aware_undersampling,sex,patient_aware_undersampling,TBR_2,RMSE,39.56,1.53,8
T1DiabetesGranada,balanced_age_reference_proportional,age,reference_proportional,TBR_2,RMSE,39.7,1.23,9
T1DiabetesGranada,balanced_sex_undersampling,sex,undersampling,TBR_2,RMSE,39.74,1.04,10
T1DiabetesGranada,balanced_age_undersampling,age,undersampling,TBR_2,RMSE,39.8,1.33,11
T1DiabetesGranada,balanced_age_jittering,age,jittering,TBR_2,RMSE,40.04,1.64,12
T1DiabetesGranada,balanced_age_patient_aware_undersampling,age,patient_aware_undersampling,TBR_2,MSE,1542.39,119.53,1
T1DiabetesGranada,balanced_age_smote,age,smote,TBR_2,MSE,1543.33,127.7,2
T1DiabetesGranada,balanced_sex_reference_proportional,sex,reference_proportional,TBR_2,MSE,1549.16,142.29,3
T1DiabetesGranada,balanced_sex_jittering,sex,jittering,TBR_2,MSE,1551.38,95.6,4
T1DiabetesGranada,balanced_sex_smote,sex,smote,TBR_2,MSE,1551.5,53.27,5
T1DiabetesGranada,balanced_sex_oversampling,sex,oversampling,TBR_2,MSE,1551.6,79.32,6
T1DiabetesGranada,original,,original,TBR_2,MSE,1552.07,108.63,7
T1DiabetesGranada,balanced_sex_patient_aware_undersampling,sex,patient_aware_undersampling,TBR_2,MSE,1566.94,120.73,8
T1DiabetesGranada,balanced_age_reference_proportional,age,reference_proportional,TBR_2,MSE,1577.37,98.25,9
T1DiabetesGranada,balanced_sex_undersampling,sex,undersampling,TBR_2,MSE,1580.46,82.51,10
T1DiabetesGranada,balanced_age_undersampling,age,undersampling,TBR_2,MSE,1585.78,105.55,11
T1DiabetesGranada,balanced_age_jittering,age,jittering,TBR_2,MSE,1605.15,133.85,12
T1DiabetesGranada,balanced_age_patient_aware_undersampling,age,patient_aware_undersampling,TBR_2,MAE,34.75,1.37,1
T1DiabetesGranada,balanced_age_smote,age,smote,TBR_2,MAE,34.75,1.44,2
T1DiabetesGranada,balanced_sex_jittering,sex,jittering,TBR_2,MAE,34.93,1.17,3
T1DiabetesGranada,balanced_sex_smote,sex,smote,TBR_2,MAE,34.93,0.69,4
T1DiabetesGranada,balanced_sex_reference_proportional,sex,reference_proportional,TBR_2,MAE,34.97,1.72,5
T1DiabetesGranada,balanced_sex_oversampling,sex,oversampling,TBR_2,MAE,35.0,0.9,6
T1DiabetesGranada,original,,original,TBR_2,MAE,35.1,1.31,7
T1DiabetesGranada,balanced_sex_patient_aware_undersampling,sex,patient_aware_undersampling,TBR_2,MAE,35.34,1.4,8
T1DiabetesGranada,balanced_age_reference_proportional,age,reference_proportional,TBR_2,MAE,35.34,1.04,9
T1DiabetesGranada,balanced_sex_undersampling,sex,undersampling,TBR_2,MAE,35.45,0.83,10
T1DiabetesGranada,balanced_age_jittering,age,jittering,TBR_2,MAE,35.56,1.61,11
T1DiabetesGranada,balanced_age_undersampling,age,undersampling,TBR_2,MAE,35.67,1.14,12
T1DiabetesGranada,balanced_age_patient_aware_undersampling,age,patient_aware_undersampling,TBR_2,MAPE,0.73,0.03,1
T1DiabetesGranada,balanced_age_smote,age,smote,TBR_2,MAPE,0.73,0.03,2
T1DiabetesGranada,balanced_sex_oversampling,sex,oversampling,TBR_2,MAPE,0.73,0.02,3
T1DiabetesGranada,balanced_sex_jittering,sex,jittering,TBR_2,MAPE,0.73,0.03,4
T1DiabetesGranada,balanced_sex_smote,sex,smote,TBR_2,MAPE,0.73,0.01,5
T1DiabetesGranada,original,,original,TBR_2,MAPE,0.73,0.03,6
T1DiabetesGranada,balanced_sex_reference_proportional,sex,reference_proportional,TBR_2,MAPE,0.73,0.04,7
T1DiabetesGranada,balanced_age_reference_proportional,age,reference_proportional,TBR_2,MAPE,0.74,0.02,8
T1DiabetesGranada,balanced_age_jittering,age,jittering,TBR_2,MAPE,0.74,0.04,9
T1DiabetesGranada,balanced_sex_patient_aware_undersampling,sex,patient_aware_undersampling,TBR_2,MAPE,0.74,0.03,10
T1DiabetesGranada,balanced_sex_undersampling,sex,undersampling,TBR_2,MAPE,0.74,0.02,11
T1DiabetesGranada,balanced_age_undersampling,age,undersampling,TBR_2,MAPE,0.75,0.02,12
T1DiabetesGranada,balanced_sex_reference_proportional,sex,reference_proportional,TBR_1,A,14.78,2.8,1
T1DiabetesGranada,balanced_age_patient_aware_undersampling,age,patient_aware_undersampling,TBR_1,A,14.69,2.61,2
T1DiabetesGranada,balanced_sex_smote,sex,smote,TBR_1,A,14.67,3.58,3
T1DiabetesGranada,balanced_age_smote,age,smote,TBR_1,A,14.67,1.53,4
T1DiabetesGranada,balanced_sex_jittering,sex,jittering,TBR_1,A,14.62,1.66,5
T1DiabetesGranada,balanced_sex_oversampling,sex,oversampling,TBR_1,A,14.31,2.4,6
T1DiabetesGranada,balanced_age_jittering,age,jittering,TBR_1,A,13.61,2.6,7
T1DiabetesGranada,balanced_age_reference_proportional,age,reference_proportional,TBR_1,A,13.41,1.89,8
T1DiabetesGranada,balanced_sex_undersampling,sex,undersampling,TBR_1,A,13.31,1.54,9
T1DiabetesGranada,balanced_age_undersampling,age,undersampling,TBR_1,A,12.96,2.34,10
T1DiabetesGranada,balanced_sex_patient_aware_undersampling,sex,patient_aware_undersampling,TBR_1,A,12.3,3.35,11
T1DiabetesGranada,original,,original,TBR_1,A,11.95,1.44,12
T1DiabetesGranada,balanced_age_jittering,age,jittering,TBR_1,B,0.0,0.0,1
T1DiabetesGranada,balanced_age_patient_aware_undersampling,age,patient_aware_undersampling,TBR_1,B,0.0,0.0,2
T1DiabetesGranada,balanced_age_reference_proportional,age,reference_proportional,TBR_1,B,0.0,0.0,3
T1DiabetesGranada,balanced_age_smote,age,smote,TBR_1,B,0.0,0.0,4
T1DiabetesGranada,balanced_age_undersampling,age,undersampling,TBR_1,B,0.0,0.0,5
T1DiabetesGranada,balanced_sex_jittering,sex,jittering,TBR_1,B,0.0,0.0,6
T1DiabetesGranada,balanced_sex_oversampling,sex,oversampling,TBR_1,B,0.0,0.0,7
T1DiabetesGranada,balanced_sex_patient_aware_undersampling,sex,patient_aware_undersampling,TBR_1,B,0.0,0.0,8
T1DiabetesGranada,balanced_sex_reference_proportional,sex,reference_proportional,TBR_1,B,0.0,0.0,9
T1DiabetesGranada,balanced_sex_smote,sex,smote,TBR_1,B,0.0,0.0,10
T1DiabetesGranada,balanced_sex_undersampling,sex,undersampling,TBR_1,B,0.0,0.0,11
T1DiabetesGranada,original,,original,TBR_1,B,0.0,0.0,12
T1DiabetesGranada,balanced_age_jittering,age,jittering,TBR_1,C,0.0,0.0,1
T1DiabetesGranada,balanced_age_patient_aware_undersampling,age,patient_aware_undersampling,TBR_1,C,0.0,0.0,2
T1DiabetesGranada,balanced_age_reference_proportional,age,reference_proportional,TBR_1,C,0.0,0.0,3
T1DiabetesGranada,balanced_age_smote,age,smote,TBR_1,C,0.0,0.0,4
T1DiabetesGranada,balanced_age_undersampling,age,undersampling,TBR_1,C,0.0,0.0,5
T1DiabetesGranada,balanced_sex_jittering,sex,jittering,TBR_1,C,0.0,0.0,6
T1DiabetesGranada,balanced_sex_oversampling,sex,oversampling,TBR_1,C,0.0,0.0,7
T1DiabetesGranada,balanced_sex_patient_aware_undersampling,sex,patient_aware_undersampling,TBR_1,C,0.0,0.0,8
T1DiabetesGranada,balanced_sex_reference_proportional,sex,reference_proportional,TBR_1,C,0.0,0.0,9
T1DiabetesGranada,balanced_sex_smote,sex,smote,TBR_1,C,0.0,0.0,10
T1DiabetesGranada,balanced_sex_undersampling,sex,undersampling,TBR_1,C,0.0,0.0,11
T1DiabetesGranada,original,,original,TBR_1,C,0.0,0.0,12
T1DiabetesGranada,balanced_sex_reference_proportional,sex,reference_proportional,TBR_1,D,84.72,2.75,1
T1DiabetesGranada,balanced_age_patient_aware_undersampling,age,patient_aware_undersampling,TBR_1,D,84.77,2.59,2
T1DiabetesGranada,balanced_age_smote,age,smote,TBR_1,D,84.81,1.47,3
T1DiabetesGranada,balanced_sex_smote,sex,smote,TBR_1,D,84.82,3.62,4
T1DiabetesGranada,balanced_sex_jittering,sex,jittering,TBR_1,D,84.87,1.65,5
T1DiabetesGranada,balanced_sex_oversampling,sex,oversampling,TBR_1,D,85.2,2.4,6
T1DiabetesGranada,balanced_age_jittering,age,jittering,TBR_1,D,85.86,2.57,7
T1DiabetesGranada,balanced_age_reference_proportional,age,reference_proportional,TBR_1,D,86.08,1.85,8
T1DiabetesGranada,balanced_sex_undersampling,sex,undersampling,TBR_1,D,86.19,1.55,9
T1DiabetesGranada,balanced_age_undersampling,age,undersampling,TBR_1,D,86.52,2.35,10
T1DiabetesGranada,balanced_sex_patient_aware_undersampling,sex,patient_aware_undersampling,TBR_1,D,87.2,3.34,11
T1DiabetesGranada,original,,original,TBR_1,D,87.54,1.42,12
T1DiabetesGranada,balanced_sex_oversampling,sex,oversampling,TBR_1,E,0.48,0.06,1
T1DiabetesGranada,balanced_sex_patient_aware_undersampling,sex,patient_aware_undersampling,TBR_1,E,0.5,0.06,2
T1DiabetesGranada,balanced_sex_reference_proportional,sex,reference_proportional,TBR_1,E,0.5,0.06,3
T1DiabetesGranada,balanced_age_reference_proportional,age,reference_proportional,TBR_1,E,0.51,0.05,4
T1DiabetesGranada,balanced_sex_smote,sex,smote,TBR_1,E,0.51,0.06,5
T1DiabetesGranada,balanced_sex_undersampling,sex,undersampling,TBR_1,E,0.51,0.05,6
T1DiabetesGranada,balanced_sex_jittering,sex,jittering,TBR_1,E,0.51,0.04,7
T1DiabetesGranada,balanced_age_jittering,age,jittering,TBR_1,E,0.52,0.04,8
T1DiabetesGranada,balanced_age_smote,age,smote,TBR_1,E,0.52,0.07,9
T1DiabetesGranada,balanced_age_undersampling,age,undersampling,TBR_1,E,0.52,0.07,10
T1DiabetesGranada,original,,original,TBR_1,E,0.52,0.06,11
T1DiabetesGranada,balanced_age_patient_aware_undersampling,age,patient_aware_undersampling,TBR_1,E,0.54,0.07,12
T1DiabetesGranada,balanced_sex_reference_proportional,sex,reference_proportional,TBR_1,A + B,14.78,2.8,1
T1DiabetesGranada,balanced_age_patient_aware_undersampling,age,patient_aware_undersampling,TBR_1,A + B,14.69,2.61,2
T1DiabetesGranada,balanced_sex_smote,sex,smote,TBR_1,A + B,14.67,3.58,3
T1DiabetesGranada,balanced_age_smote,age,smote,TBR_1,A + B,14.67,1.53,4
T1DiabetesGranada,balanced_sex_jittering,sex,jittering,TBR_1,A + B,14.62,1.66,5
T1DiabetesGranada,balanced_sex_oversampling,sex,oversampling,TBR_1,A + B,14.31,2.4,6
T1DiabetesGranada,balanced_age_jittering,age,jittering,TBR_1,A + B,13.61,2.6,7
T1DiabetesGranada,balanced_age_reference_proportional,age,reference_proportional,TBR_1,A + B,13.41,1.89,8
T1DiabetesGranada,balanced_sex_undersampling,sex,undersampling,TBR_1,A + B,13.31,1.54,9
T1DiabetesGranada,balanced_age_undersampling,age,undersampling,TBR_1,A + B,12.96,2.34,10
T1DiabetesGranada,balanced_sex_patient_aware_undersampling,sex,patient_aware_undersampling,TBR_1,A + B,12.3,3.35,11
T1DiabetesGranada,original,,original,TBR_1,A + B,11.95,1.44,12
T1DiabetesGranada,balanced_sex_reference_proportional,sex,reference_proportional,TBR_1,RMSE,35.44,1.44,1
T1DiabetesGranada,balanced_age_smote,age,smote,TBR_1,RMSE,35.53,1.45,2
T1DiabetesGranada,balanced_sex_oversampling,sex,oversampling,TBR_1,RMSE,35.53,0.89,3
T1DiabetesGranada,balanced_sex_jittering,sex,jittering,TBR_1,RMSE,35.56,0.8,4
T1DiabetesGranada,balanced_sex_smote,sex,smote,TBR_1,RMSE,35.57,0.59,5
T1DiabetesGranada,balanced_age_patient_aware_undersampling,age,patient_aware_undersampling,TBR_1,RMSE,35.66,1.36,6
T1DiabetesGranada,balanced_age_undersampling,age,undersampling,TBR_1,RMSE,35.74,0.97,7
T1DiabetesGranada,balanced_sex_undersampling,sex,undersampling,TBR_1,RMSE,35.82,0.94,8
T1DiabetesGranada,balanced_age_reference_proportional,age,reference_proportional,TBR_1,RMSE,35.84,1.07,9
T1DiabetesGranada,balanced_sex_patient_aware_undersampling,sex,patient_aware_undersampling,TBR_1,RMSE,35.92,1.29,10
T1DiabetesGranada,original,,original,TBR_1,RMSE,35.92,0.9,11
T1DiabetesGranada,balanced_age_jittering,age,jittering,TBR_1,RMSE,36.15,1.35,12
T1DiabetesGranada,balanced_sex_reference_proportional,sex,reference_proportional,TBR_1,MSE,1257.35,102.75,1
T1DiabetesGranada,balanced_sex_oversampling,sex,oversampling,TBR_1,MSE,1263.12,62.91,2
T1DiabetesGranada,balanced_age_smote,age,smote,TBR_1,MSE,1264.25,102.27,3
T1DiabetesGranada,balanced_sex_jittering,sex,jittering,TBR_1,MSE,1264.84,56.37,4
T1DiabetesGranada,balanced_sex_smote,sex,smote,TBR_1,MSE,1265.54,42.31,5
T1DiabetesGranada,balanced_age_patient_aware_undersampling,age,patient_aware_undersampling,TBR_1,MSE,1273.26,97.68,6
T1DiabetesGranada,balanced_age_undersampling,age,undersampling,TBR_1,MSE,1277.85,69.05,7
T1DiabetesGranada,balanced_sex_undersampling,sex,undersampling,TBR_1,MSE,1283.82,67.43,8
T1DiabetesGranada,balanced_age_reference_proportional,age,reference_proportional,TBR_1,MSE,1285.32,76.34,9
T1DiabetesGranada,original,,original,TBR_1,MSE,1290.64,64.65,10
T1DiabetesGranada,balanced_sex_patient_aware_undersampling,sex,patient_aware_undersampling,TBR_1,MSE,1291.86,92.26,11
T1DiabetesGranada,balanced_age_jittering,age,jittering,TBR_1,MSE,1308.37,99.08,12
T1DiabetesGranada,balanced_age_smote,age,smote,TBR_1,MAE,29.98,1.26,1
T1DiabetesGranada,balanced_sex_reference_proportional,sex,reference_proportional,TBR_1,MAE,30.02,1.42,2
T1DiabetesGranada,balanced_sex_smote,sex,smote,TBR_1,MAE,30.08,0.58,3
T1DiabetesGranada,balanced_age_patient_aware_undersampling,age,patient_aware_undersampling,TBR_1,MAE,30.09,1.25,4
T1DiabetesGranada,balanced_sex_jittering,sex,jittering,TBR_1,MAE,30.12,0.71,5
T1DiabetesGranada,balanced_sex_oversampling,sex,oversampling,TBR_1,MAE,30.17,0.91,6
T1DiabetesGranada,balanced_age_undersampling,age,undersampling,TBR_1,MAE,30.42,0.85,7
T1DiabetesGranada,balanced_age_reference_proportional,age,reference_proportional,TBR_1,MAE,30.52,0.99,8
T1DiabetesGranada,balanced_sex_undersampling,sex,undersampling,TBR_1,MAE,30.53,0.81,9
T1DiabetesGranada,original,,original,TBR_1,MAE,30.64,0.77,10
T1DiabetesGranada,balanced_sex_patient_aware_undersampling,sex,patient_aware_undersampling,TBR_1,MAE,30.73,1.29,11
T1DiabetesGranada,balanced_age_jittering,age,jittering,TBR_1,MAE,30.74,1.39,12
T1DiabetesGranada,balanced_age_patient_aware_undersampling,age,patient_aware_undersampling,TBR_1,MAPE,0.49,0.02,1
T1DiabetesGranada,balanced_age_smote,age,smote,TBR_1,MAPE,0.49,0.02,2
T1DiabetesGranada,balanced_sex_jittering,sex,jittering,TBR_1,MAPE,0.49,0.01,3
T1DiabetesGranada,balanced_age_undersampling,age,undersampling,TBR_1,MAPE,0.49,0.01,4
T1DiabetesGranada,balanced_sex_oversampling,sex,oversampling,TBR_1,MAPE,0.49,0.02,5
T1DiabetesGranada,balanced_sex_reference_proportional,sex,reference_proportional,TBR_1,MAPE,0.49,0.02,6
T1DiabetesGranada,balanced_sex_smote,sex,smote,TBR_1,MAPE,0.49,0.01,7
T1DiabetesGranada,balanced_age_jittering,age,jittering,TBR_1,MAPE,0.5,0.02,8
T1DiabetesGranada,balanced_sex_patient_aware_undersampling,sex,patient_aware_undersampling,TBR_1,MAPE,0.5,0.02,9
T1DiabetesGranada,balanced_age_reference_proportional,age,reference_proportional,TBR_1,MAPE,0.5,0.02,10
T1DiabetesGranada,balanced_sex_undersampling,sex,undersampling,TBR_1,MAPE,0.5,0.01,11
T1DiabetesGranada,original,,original,TBR_1,MAPE,0.5,0.01,12
T1DiabetesGranada,balanced_sex_oversampling,sex,oversampling,TIR,A,72.13,0.97,1
T1DiabetesGranada,balanced_sex_reference_proportional,sex,reference_proportional,TIR,A,72.07,0.94,2
T1DiabetesGranada,balanced_sex_jittering,sex,jittering,TIR,A,72.06,0.93,3
T1DiabetesGranada,balanced_age_jittering,age,jittering,TIR,A,72.0,0.84,4
T1DiabetesGranada,balanced_sex_undersampling,sex,undersampling,TIR,A,71.99,0.85,5
T1DiabetesGranada,balanced_sex_smote,sex,smote,TIR,A,71.99,0.97,6
T1DiabetesGranada,balanced_age_reference_proportional,age,reference_proportional,TIR,A,71.95,0.8,7
T1DiabetesGranada,balanced_sex_patient_aware_undersampling,sex,patient_aware_undersampling,TIR,A,71.94,0.95,8
T1DiabetesGranada,balanced_age_undersampling,age,undersampling,TIR,A,71.91,0.79,9
T1DiabetesGranada,balanced_age_patient_aware_undersampling,age,patient_aware_undersampling,TIR,A,71.8,0.91,10
T1DiabetesGranada,original,,original,TIR,A,71.8,0.77,11
T1DiabetesGranada,balanced_age_smote,age,smote,TIR,A,71.68,0.89,12
T1DiabetesGranada,balanced_age_smote,age,smote,TIR,B,28.07,0.85,1
T1DiabetesGranada,balanced_age_patient_aware_undersampling,age,patient_aware_undersampling,TIR,B,27.96,0.87,2
T1DiabetesGranada,original,,original,TIR,B,27.96,0.73,3
T1DiabetesGranada,balanced_age_undersampling,age,undersampling,TIR,B,27.84,0.75,4
T1DiabetesGranada,balanced_sex_patient_aware_undersampling,sex,patient_aware_undersampling,TIR,B,27.83,0.91,5
T1DiabetesGranada,balanced_age_reference_proportional,age,reference_proportional,TIR,B,27.81,0.76,6
T1DiabetesGranada,balanced_sex_undersampling,sex,undersampling,TIR,B,27.78,0.81,7
T1DiabetesGranada,balanced_sex_smote,sex,smote,TIR,B,27.78,0.92,8
T1DiabetesGranada,balanced_age_jittering,age,jittering,TIR,B,27.77,0.81,9
T1DiabetesGranada,balanced_sex_jittering,sex,jittering,TIR,B,27.7,0.89,10
T1DiabetesGranada,balanced_sex_reference_proportional,sex,reference_proportional,TIR,B,27.7,0.9,11
T1DiabetesGranada,balanced_sex_oversampling,sex,oversampling,TIR,B,27.65,0.92,12
T1DiabetesGranada,balanced_age_jittering,age,jittering,TIR,C,0.23,0.04,1
T1DiabetesGranada,balanced_sex_patient_aware_undersampling,sex,patient_aware_undersampling,TIR,C,0.23,0.04,2
T1DiabetesGranada,balanced_sex_oversampling,sex,oversampling,TIR,C,0.23,0.05,3
T1DiabetesGranada,balanced_sex_jittering,sex,jittering,TIR,C,0.23,0.05,4
T1DiabetesGranada,balanced_sex_undersampling,sex,undersampling,TIR,C,0.23,0.04,5
T1DiabetesGranada,balanced_sex_reference_proportional,sex,reference_proportional,TIR,C,0.23,0.04,6
T1DiabetesGranada,balanced_age_patient_aware_undersampling,age,patient_aware_undersampling,TIR,C,0.24,0.04,7
T1DiabetesGranada,balanced_age_reference_proportional,age,reference_proportional,TIR,C,0.24,0.05,8
T1DiabetesGranada,balanced_sex_smote,sex,smote,TIR,C,0.24,0.05,9
T1DiabetesGranada,balanced_age_undersampling,age,undersampling,TIR,C,0.24,0.04,10
T1DiabetesGranada,original,,original,TIR,C,0.24,0.04,11
T1DiabetesGranada,balanced_age_smote,age,smote,TIR,C,0.25,0.05,12
T1DiabetesGranada,balanced_age_jittering,age,jittering,TIR,D,0.0,0.0,1
T1DiabetesGranada,balanced_age_patient_aware_undersampling,age,patient_aware_undersampling,TIR,D,0.0,0.0,2
T1DiabetesGranada,balanced_age_reference_proportional,age,reference_proportional,TIR,D,0.0,0.0,3
T1DiabetesGranada,balanced_age_smote,age,smote,TIR,D,0.0,0.0,4
T1DiabetesGranada,balanced_age_undersampling,age,undersampling,TIR,D,0.0,0.0,5
T1DiabetesGranada,balanced_sex_jittering,sex,jittering,TIR,D,0.0,0.0,6
T1DiabetesGranada,balanced_sex_oversampling,sex,oversampling,TIR,D,0.0,0.0,7
T1DiabetesGranada,balanced_sex_patient_aware_undersampling,sex,patient_aware_undersampling,TIR,D,0.0,0.0,8
T1DiabetesGranada,balanced_sex_reference_proportional,sex,reference_proportional,TIR,D,0.0,0.0,9
T1DiabetesGranada,balanced_sex_smote,sex,smote,TIR,D,0.0,0.0,10
T1DiabetesGranada,balanced_sex_undersampling,sex,undersampling,TIR,D,0.0,0.0,11
T1DiabetesGranada,original,,original,TIR,D,0.0,0.0,12
T1DiabetesGranada,balanced_age_jittering,age,jittering,TIR,E,0.0,0.0,1
T1DiabetesGranada,balanced_age_patient_aware_undersampling,age,patient_aware_undersampling,TIR,E,0.0,0.0,2
T1DiabetesGranada,balanced_age_reference_proportional,age,reference_proportional,TIR,E,0.0,0.0,3
T1DiabetesGranada,balanced_age_smote,age,smote,TIR,E,0.0,0.0,4
T1DiabetesGranada,balanced_age_undersampling,age,undersampling,TIR,E,0.0,0.0,5
T1DiabetesGranada,balanced_sex_jittering,sex,jittering,TIR,E,0.0,0.0,6
T1DiabetesGranada,balanced_sex_oversampling,sex,oversampling,TIR,E,0.0,0.0,7
T1DiabetesGranada,balanced_sex_patient_aware_undersampling,sex,patient_aware_undersampling,TIR,E,0.0,0.0,8
T1DiabetesGranada,balanced_sex_reference_proportional,sex,reference_proportional,TIR,E,0.0,0.0,9
T1DiabetesGranada,balanced_sex_smote,sex,smote,TIR,E,0.0,0.0,10
T1DiabetesGranada,balanced_sex_undersampling,sex,undersampling,TIR,E,0.0,0.0,11
T1DiabetesGranada,original,,original,TIR,E,0.0,0.0,12
T1DiabetesGranada,balanced_age_jittering,age,jittering,TIR,A + B,99.77,0.04,1
T1DiabetesGranada,balanced_age_reference_proportional,age,reference_proportional,TIR,A + B,99.77,0.04,2
T1DiabetesGranada,balanced_sex_oversampling,sex,oversampling,TIR,A + B,99.77,0.05,3
T1DiabetesGranada,balanced_sex_jittering,sex,jittering,TIR,A + B,99.77,0.05,4
T1DiabetesGranada,balanced_sex_undersampling,sex,undersampling,TIR,A + B,99.77,0.03,5
T1DiabetesGranada,balanced_sex_smote,sex,smote,TIR,A + B,99.77,0.05,6
T1DiabetesGranada,balanced_sex_patient_aware_undersampling,sex,patient_aware_undersampling,TIR,A + B,99.77,0.04,7
T1DiabetesGranada,balanced_sex_reference_proportional,sex,reference_proportional,TIR,A + B,99.77,0.04,8
T1DiabetesGranada,balanced_age_undersampling,age,undersampling,TIR,A + B,99.76,0.04,9
T1DiabetesGranada,balanced_age_patient_aware_undersampling,age,patient_aware_undersampling,TIR,A + B,99.76,0.04,10
T1DiabetesGranada,original,,original,TIR,A + B,99.76,0.05,11
T1DiabetesGranada,balanced_age_smote,age,smote,TIR,A + B,99.75,0.05,12
T1DiabetesGranada,balanced_sex_patient_aware_undersampling,sex,patient_aware_undersampling,TIR,RMSE,26.46,0.61,1
T1DiabetesGranada,balanced_sex_oversampling,sex,oversampling,TIR,RMSE,26.48,0.68,2
T1DiabetesGranada,balanced_sex_undersampling,sex,undersampling,TIR,RMSE,26.51,0.56,3
T1DiabetesGranada,balanced_age_jittering,age,jittering,TIR,RMSE,26.52,0.59,4
T1DiabetesGranada,balanced_sex_jittering,sex,jittering,TIR,RMSE,26.54,0.67,5
T1DiabetesGranada,balanced_sex_reference_proportional,sex,reference_proportional,TIR,RMSE,26.57,0.55,6
T1DiabetesGranada,balanced_age_reference_proportional,age,reference_proportional,TIR,RMSE,26.61,0.58,7
T1DiabetesGranada,balanced_sex_smote,sex,smote,TIR,RMSE,26.61,0.76,8
T1DiabetesGranada,original,,original,TIR,RMSE,26.62,0.64,9
T1DiabetesGranada,balanced_age_undersampling,age,undersampling,TIR,RMSE,26.69,0.59,10
T1DiabetesGranada,balanced_age_patient_aware_undersampling,age,patient_aware_undersampling,TIR,RMSE,26.8,0.57,11
T1DiabetesGranada,balanced_age_smote,age,smote,TIR,RMSE,26.83,0.59,12
T1DiabetesGranada,balanced_sex_patient_aware_undersampling,sex,patient_aware_undersampling,TIR,MSE,700.67,32.5,1
T1DiabetesGranada,balanced_sex_oversampling,sex,oversampling,TIR,MSE,701.35,35.83,2
T1DiabetesGranada,balanced_sex_undersampling,sex,undersampling,TIR,MSE,702.82,29.79,3
T1DiabetesGranada,balanced_age_jittering,age,jittering,TIR,MSE,703.73,31.29,4
T1DiabetesGranada,balanced_sex_jittering,sex,jittering,TIR,MSE,704.99,35.79,5
T1DiabetesGranada,balanced_sex_reference_proportional,sex,reference_proportional,TIR,MSE,706.32,29.28,6
T1DiabetesGranada,balanced_sex_smote,sex,smote,TIR,MSE,708.31,40.5,7
T1DiabetesGranada,balanced_age_reference_proportional,age,reference_proportional,TIR,MSE,708.58,30.76,8
T1DiabetesGranada,original,,original,TIR,MSE,708.96,34.27,9
T1DiabetesGranada,balanced_age_undersampling,age,undersampling,TIR,MSE,712.37,31.26,10
T1DiabetesGranada,balanced_age_patient_aware_undersampling,age,patient_aware_undersampling,TIR,MSE,718.37,30.48,11
T1DiabetesGranada,balanced_age_smote,age,smote,TIR,MSE,720.37,31.49,12
T1DiabetesGranada,balanced_sex_oversampling,sex,oversampling,TIR,MAE,19.27,0.46,1
T1DiabetesGranada,balanced_sex_undersampling,sex,undersampling,TIR,MAE,19.27,0.38,2
T1DiabetesGranada,balanced_sex_reference_proportional,sex,reference_proportional,TIR,MAE,19.29,0.38,3
T1DiabetesGranada,balanced_sex_jittering,sex,jittering,TIR,MAE,19.29,0.48,4
T1DiabetesGranada,balanced_sex_patient_aware_undersampling,sex,patient_aware_undersampling,TIR,MAE,19.3,0.45,5
T1DiabetesGranada,balanced_age_jittering,age,jittering,TIR,MAE,19.31,0.39,6
T1DiabetesGranada,balanced_sex_smote,sex,smote,TIR,MAE,19.34,0.49,7
T1DiabetesGranada,balanced_age_reference_proportional,age,reference_proportional,TIR,MAE,19.36,0.38,8
T1DiabetesGranada,original,,original,TIR,MAE,19.37,0.42,9
T1DiabetesGranada,balanced_age_undersampling,age,undersampling,TIR,MAE,19.4,0.37,10
T1DiabetesGranada,balanced_age_patient_aware_undersampling,age,patient_aware_undersampling,TIR,MAE,19.47,0.39,11
T1DiabetesGranada,balanced_age_smote,age,smote,TIR,MAE,19.51,0.39,12
T1DiabetesGranada,balanced_age_jittering,age,jittering,TIR,MAPE,0.16,0.0,1
T1DiabetesGranada,balanced_age_patient_aware_undersampling,age,patient_aware_undersampling,TIR,MAPE,0.16,0.0,2
T1DiabetesGranada,balanced_age_reference_proportional,age,reference_proportional,TIR,MAPE,0.16,0.0,3
T1DiabetesGranada,balanced_age_smote,age,smote,TIR,MAPE,0.16,0.0,4
T1DiabetesGranada,balanced_age_undersampling,age,undersampling,TIR,MAPE,0.16,0.0,5
T1DiabetesGranada,balanced_sex_jittering,sex,jittering,TIR,MAPE,0.16,0.0,6
T1DiabetesGranada,balanced_sex_oversampling,sex,oversampling,TIR,MAPE,0.16,0.0,7
T1DiabetesGranada,balanced_sex_patient_aware_undersampling,sex,patient_aware_undersampling,TIR,MAPE,0.16,0.0,8
T1DiabetesGranada,balanced_sex_reference_proportional,sex,reference_proportional,TIR,MAPE,0.16,0.0,9
T1DiabetesGranada,balanced_sex_smote,sex,smote,TIR,MAPE,0.16,0.0,10
T1DiabetesGranada,balanced_sex_undersampling,sex,undersampling,TIR,MAPE,0.16,0.0,11
T1DiabetesGranada,original,,original,TIR,MAPE,0.16,0.0,12
T1DiabetesGranada,balanced_age_smote,age,smote,TAR_1,A,70.92,0.5,1
T1DiabetesGranada,balanced_age_patient_aware_undersampling,age,patient_aware_undersampling,TAR_1,A,70.8,0.5,2
T1DiabetesGranada,original,,original,TAR_1,A,70.58,0.76,3
T1DiabetesGranada,balanced_sex_undersampling,sex,undersampling,TAR_1,A,70.55,1.34,4
T1DiabetesGranada,balanced_sex_reference_proportional,sex,reference_proportional,TAR_1,A,70.5,0.37,5
T1DiabetesGranada,balanced_age_reference_proportional,age,reference_proportional,TAR_1,A,70.41,0.36,6
T1DiabetesGranada,balanced_sex_smote,sex,smote,TAR_1,A,70.31,0.61,7
T1DiabetesGranada,balanced_sex_jittering,sex,jittering,TAR_1,A,70.2,0.65,8
T1DiabetesGranada,balanced_age_undersampling,age,undersampling,TAR_1,A,70.11,0.26,9
T1DiabetesGranada,balanced_sex_patient_aware_undersampling,sex,patient_aware_undersampling,TAR_1,A,69.98,0.45,10
T1DiabetesGranada,balanced_sex_oversampling,sex,oversampling,TAR_1,A,69.73,0.51,11
T1DiabetesGranada,balanced_age_jittering,age,jittering,TAR_1,A,69.71,0.51,12
T1DiabetesGranada,balanced_age_jittering,age,jittering,TAR_1,B,28.32,0.46,1
T1DiabetesGranada,balanced_sex_oversampling,sex,oversampling,TAR_1,B,28.3,0.49,2
T1DiabetesGranada,balanced_sex_patient_aware_undersampling,sex,patient_aware_undersampling,TAR_1,B,28.09,0.42,3
T1DiabetesGranada,balanced_age_undersampling,age,undersampling,TAR_1,B,27.98,0.26,4
T1DiabetesGranada,balanced_sex_jittering,sex,jittering,TAR_1,B,27.87,0.61,5
T1DiabetesGranada,balanced_sex_smote,sex,smote,TAR_1,B,27.77,0.6,6
T1DiabetesGranada,balanced_age_reference_proportional,age,reference_proportional,TAR_1,B,27.69,0.35,7
T1DiabetesGranada,balanced_sex_reference_proportional,sex,reference_proportional,TAR_1,B,27.59,0.37,8
T1DiabetesGranada,balanced_sex_undersampling,sex,undersampling,TAR_1,B,27.55,1.24,9
T1DiabetesGranada,original,,original,TAR_1,B,27.52,0.73,10
T1DiabetesGranada,balanced_age_patient_aware_undersampling,age,patient_aware_undersampling,TAR_1,B,27.33,0.46,11
T1DiabetesGranada,balanced_age_smote,age,smote,TAR_1,B,27.21,0.45,12
T1DiabetesGranada,balanced_age_jittering,age,jittering,TAR_1,C,0.06,0.02,1
T1DiabetesGranada,balanced_age_patient_aware_undersampling,age,patient_aware_undersampling,TAR_1,C,0.06,0.02,2
T1DiabetesGranada,balanced_age_reference_proportional,age,reference_proportional,TAR_1,C,0.06,0.03,3
T1DiabetesGranada,balanced_sex_jittering,sex,jittering,TAR_1,C,0.06,0.03,4
T1DiabetesGranada,balanced_sex_patient_aware_undersampling,sex,patient_aware_undersampling,TAR_1,C,0.06,0.02,5
T1DiabetesGranada,balanced_sex_oversampling,sex,oversampling,TAR_1,C,0.06,0.03,6
T1DiabetesGranada,balanced_sex_smote,sex,smote,TAR_1,C,0.06,0.02,7
T1DiabetesGranada,balanced_sex_reference_proportional,sex,reference_proportional,TAR_1,C,0.06,0.02,8
T1DiabetesGranada,balanced_sex_undersampling,sex,undersampling,TAR_1,C,0.06,0.02,9
T1DiabetesGranada,original,,original,TAR_1,C,0.06,0.02,10
T1DiabetesGranada,balanced_age_undersampling,age,undersampling,TAR_1,C,0.07,0.03,11
T1DiabetesGranada,balanced_age_smote,age,smote,TAR_1,C,0.07,0.03,12
T1DiabetesGranada,balanced_age_patient_aware_undersampling,age,patient_aware_undersampling,TAR_1,D,1.77,0.06,1
T1DiabetesGranada,balanced_age_smote,age,smote,TAR_1,D,1.77,0.04,2
T1DiabetesGranada,balanced_age_reference_proportional,age,reference_proportional,TAR_1,D,1.8,0.04,3
T1DiabetesGranada,original,,original,TAR_1,D,1.8,0.06,4
T1DiabetesGranada,balanced_sex_undersampling,sex,undersampling,TAR_1,D,1.81,0.11,5
T1DiabetesGranada,balanced_sex_smote,sex,smote,TAR_1,D,1.82,0.04,6
T1DiabetesGranada,balanced_sex_reference_proportional,sex,reference_proportional,TAR_1,D,1.82,0.06,7
T1DiabetesGranada,balanced_age_undersampling,age,undersampling,TAR_1,D,1.82,0.04,8
T1DiabetesGranada,balanced_sex_jittering,sex,jittering,TAR_1,D,1.83,0.06,9
T1DiabetesGranada,balanced_sex_patient_aware_undersampling,sex,patient_aware_undersampling,TAR_1,D,1.84,0.05,10
T1DiabetesGranada,balanced_sex_oversampling,sex,oversampling,TAR_1,D,1.86,0.06,11
T1DiabetesGranada,balanced_age_jittering,age,jittering,TAR_1,D,1.88,0.06,12
T1DiabetesGranada,balanced_sex_patient_aware_undersampling,sex,patient_aware_undersampling,TAR_1,E,0.03,0.0,1
T1DiabetesGranada,balanced_age_undersampling,age,undersampling,TAR_1,E,0.03,0.01,2
T1DiabetesGranada,balanced_sex_undersampling,sex,undersampling,TAR_1,E,0.03,0.01,3
T1DiabetesGranada,original,,original,TAR_1,E,0.03,0.01,4
T1DiabetesGranada,balanced_age_smote,age,smote,TAR_1,E,0.04,0.01,5
T1DiabetesGranada,balanced_age_reference_proportional,age,reference_proportional,TAR_1,E,0.04,0.01,6
T1DiabetesGranada,balanced_age_jittering,age,jittering,TAR_1,E,0.04,0.02,7
T1DiabetesGranada,balanced_age_patient_aware_undersampling,age,patient_aware_undersampling,TAR_1,E,0.04,0.01,8
T1DiabetesGranada,balanced_sex_oversampling,sex,oversampling,TAR_1,E,0.04,0.01,9
T1DiabetesGranada,balanced_sex_jittering,sex,jittering,TAR_1,E,0.04,0.01,10
T1DiabetesGranada,balanced_sex_smote,sex,smote,TAR_1,E,0.04,0.02,11
T1DiabetesGranada,balanced_sex_reference_proportional,sex,reference_proportional,TAR_1,E,0.04,0.01,12
T1DiabetesGranada,balanced_age_patient_aware_undersampling,age,patient_aware_undersampling,TAR_1,A + B,98.13,0.07,1
T1DiabetesGranada,balanced_age_smote,age,smote,TAR_1,A + B,98.12,0.08,2
T1DiabetesGranada,balanced_age_reference_proportional,age,reference_proportional,TAR_1,A + B,98.1,0.07,3
T1DiabetesGranada,original,,original,TAR_1,A + B,98.1,0.06,4
T1DiabetesGranada,balanced_sex_undersampling,sex,undersampling,TAR_1,A + B,98.09,0.12,5
T1DiabetesGranada,balanced_sex_reference_proportional,sex,reference_proportional,TAR_1,A + B,98.09,0.06,6
T1DiabetesGranada,balanced_sex_smote,sex,smote,TAR_1,A + B,98.08,0.04,7
T1DiabetesGranada,balanced_age_undersampling,age,undersampling,TAR_1,A + B,98.08,0.06,8
T1DiabetesGranada,balanced_sex_patient_aware_undersampling,sex,patient_aware_undersampling,TAR_1,A + B,98.07,0.06,9
T1DiabetesGranada,balanced_sex_jittering,sex,jittering,TAR_1,A + B,98.07,0.07,10
T1DiabetesGranada,balanced_sex_oversampling,sex,oversampling,TAR_1,A + B,98.04,0.05,11
T1DiabetesGranada,balanced_age_jittering,age,jittering,TAR_1,A + B,98.03,0.08,12
T1DiabetesGranada,balanced_age_smote,age,smote,TAR_1,RMSE,42.78,0.4,1
T1DiabetesGranada,balanced_age_patient_aware_undersampling,age,patient_aware_undersampling,TAR_1,RMSE,42.91,0.42,2
T1DiabetesGranada,original,,original,TAR_1,RMSE,42.95,0.65,3
T1DiabetesGranada,balanced_sex_undersampling,sex,undersampling,TAR_1,RMSE,43.0,1.05,4
T1DiabetesGranada,balanced_age_reference_proportional,age,reference_proportional,TAR_1,RMSE,43.08,0.35,5
T1DiabetesGranada,balanced_sex_reference_proportional,sex,reference_proportional,TAR_1,RMSE,43.11,0.25,6
T1DiabetesGranada,balanced_sex_smote,sex,smote,TAR_1,RMSE,43.16,0.49,7
T1DiabetesGranada,balanced_sex_patient_aware_undersampling,sex,patient_aware_undersampling,TAR_1,RMSE,43.26,0.53,8
T1DiabetesGranada,balanced_sex_jittering,sex,jittering,TAR_1,RMSE,43.28,0.63,9
T1DiabetesGranada,balanced_age_undersampling,age,undersampling,TAR_1,RMSE,43.34,0.31,10
T1DiabetesGranada,balanced_sex_oversampling,sex,oversampling,TAR_1,RMSE,43.45,0.43,11
T1DiabetesGranada,balanced_age_jittering,age,jittering,TAR_1,RMSE,43.45,0.56,12
T1DiabetesGranada,balanced_age_smote,age,smote,TAR_1,MSE,1830.18,34.42,1
T1DiabetesGranada,balanced_age_patient_aware_undersampling,age,patient_aware_undersampling,TAR_1,MSE,1841.53,36.16,2
T1DiabetesGranada,original,,original,TAR_1,MSE,1844.89,55.59,3
T1DiabetesGranada,balanced_sex_undersampling,sex,undersampling,TAR_1,MSE,1849.63,89.11,4
T1DiabetesGranada,balanced_age_reference_proportional,age,reference_proportional,TAR_1,MSE,1856.17,29.8,5
T1DiabetesGranada,balanced_sex_reference_proportional,sex,reference_proportional,TAR_1,MSE,1858.49,21.25,6
T1DiabetesGranada,balanced_sex_smote,sex,smote,TAR_1,MSE,1863.0,42.73,7
T1DiabetesGranada,balanced_sex_patient_aware_undersampling,sex,patient_aware_undersampling,TAR_1,MSE,1871.7,45.86,8
T1DiabetesGranada,balanced_sex_jittering,sex,jittering,TAR_1,MSE,1873.33,54.43,9
T1DiabetesGranada,balanced_age_undersampling,age,undersampling,TAR_1,MSE,1878.46,27.1,10
T1DiabetesGranada,balanced_sex_oversampling,sex,oversampling,TAR_1,MSE,1888.3,37.47,11
T1DiabetesGranada,balanced_age_jittering,age,jittering,TAR_1,MSE,1888.31,48.6,12
T1DiabetesGranada,balanced_age_smote,age,smote,TAR_1,MAE,33.45,0.35,1
T1DiabetesGranada,balanced_age_patient_aware_undersampling,age,patient_aware_undersampling,TAR_1,MAE,33.57,0.42,2
T1DiabetesGranada,original,,original,TAR_1,MAE,33.73,0.51,3
T1DiabetesGranada,balanced_sex_undersampling,sex,undersampling,TAR_1,MAE,33.79,0.99,4
T1DiabetesGranada,balanced_age_reference_proportional,age,reference_proportional,TAR_1,MAE,33.81,0.23,5
T1DiabetesGranada,balanced_sex_reference_proportional,sex,reference_proportional,TAR_1,MAE,33.86,0.3,6
T1DiabetesGranada,balanced_sex_smote,sex,smote,TAR_1,MAE,33.92,0.43,7
T1DiabetesGranada,balanced_sex_jittering,sex,jittering,TAR_1,MAE,34.05,0.49,8
T1DiabetesGranada,balanced_age_undersampling,age,undersampling,TAR_1,MAE,34.12,0.15,9
T1DiabetesGranada,balanced_sex_patient_aware_undersampling,sex,patient_aware_undersampling,TAR_1,MAE,34.13,0.41,10
T1DiabetesGranada,balanced_sex_oversampling,sex,oversampling,TAR_1,MAE,34.34,0.35,11
T1DiabetesGranada,balanced_age_jittering,age,jittering,TAR_1,MAE,34.4,0.41,12
T1DiabetesGranada,balanced_age_jittering,age,jittering,TAR_1,MAPE,0.16,0.0,1
T1DiabetesGranada,balanced_age_patient_aware_undersampling,age,patient_aware_undersampling,TAR_1,MAPE,0.16,0.0,2
T1DiabetesGranada,balanced_age_reference_proportional,age,reference_proportional,TAR_1,MAPE,0.16,0.0,3
T1DiabetesGranada,balanced_age_smote,age,smote,TAR_1,MAPE,0.16,0.0,4
T1DiabetesGranada,balanced_age_undersampling,age,undersampling,TAR_1,MAPE,0.16,0.0,5
T1DiabetesGranada,balanced_sex_jittering,sex,jittering,TAR_1,MAPE,0.16,0.0,6
T1DiabetesGranada,balanced_sex_oversampling,sex,oversampling,TAR_1,MAPE,0.16,0.0,7
T1DiabetesGranada,balanced_sex_patient_aware_undersampling,sex,patient_aware_undersampling,TAR_1,MAPE,0.16,0.0,8
T1DiabetesGranada,balanced_sex_reference_proportional,sex,reference_proportional,TAR_1,MAPE,0.16,0.0,9
T1DiabetesGranada,balanced_sex_smote,sex,smote,TAR_1,MAPE,0.16,0.0,10
T1DiabetesGranada,balanced_sex_undersampling,sex,undersampling,TAR_1,MAPE,0.16,0.0,11
T1DiabetesGranada,original,,original,TAR_1,MAPE,0.16,0.0,12
T1DiabetesGranada,balanced_age_smote,age,smote,TAR_2,A,62.4,1.19,1
T1DiabetesGranada,balanced_age_undersampling,age,undersampling,TAR_2,A,62.33,0.87,2
T1DiabetesGranada,balanced_age_patient_aware_undersampling,age,patient_aware_undersampling,TAR_2,A,62.24,0.83,3
T1DiabetesGranada,balanced_sex_smote,sex,smote,TAR_2,A,61.81,0.27,4
T1DiabetesGranada,balanced_age_reference_proportional,age,reference_proportional,TAR_2,A,61.8,0.5,5
T1DiabetesGranada,original,,original,TAR_2,A,61.68,0.63,6
T1DiabetesGranada,balanced_sex_undersampling,sex,undersampling,TAR_2,A,61.4,1.6,7
T1DiabetesGranada,balanced_sex_reference_proportional,sex,reference_proportional,TAR_2,A,61.24,0.34,8
T1DiabetesGranada,balanced_sex_jittering,sex,jittering,TAR_2,A,61.11,0.69,9
T1DiabetesGranada,balanced_sex_oversampling,sex,oversampling,TAR_2,A,60.94,0.7,10
T1DiabetesGranada,balanced_sex_patient_aware_undersampling,sex,patient_aware_undersampling,TAR_2,A,60.93,0.79,11
T1DiabetesGranada,balanced_age_jittering,age,jittering,TAR_2,A,60.48,0.84,12
T1DiabetesGranada,balanced_age_jittering,age,jittering,TAR_2,B,31.57,1.03,1
T1DiabetesGranada,balanced_sex_patient_aware_undersampling,sex,patient_aware_undersampling,TAR_2,B,31.28,0.75,2
T1DiabetesGranada,balanced_sex_oversampling,sex,oversampling,TAR_2,B,31.15,0.43,3
T1DiabetesGranada,balanced_sex_jittering,sex,jittering,TAR_2,B,31.12,0.31,4
T1DiabetesGranada,balanced_sex_reference_proportional,sex,reference_proportional,TAR_2,B,31.05,0.52,5
T1DiabetesGranada,balanced_sex_undersampling,sex,undersampling,TAR_2,B,30.91,1.14,6
T1DiabetesGranada,original,,original,TAR_2,B,30.69,1.09,7
T1DiabetesGranada,balanced_age_reference_proportional,age,reference_proportional,TAR_2,B,30.57,0.87,8
T1DiabetesGranada,balanced_sex_smote,sex,smote,TAR_2,B,30.48,0.49,9
T1DiabetesGranada,balanced_age_patient_aware_undersampling,age,patient_aware_undersampling,TAR_2,B,30.28,0.86,10
T1DiabetesGranada,balanced_age_smote,age,smote,TAR_2,B,30.2,1.14,11
T1DiabetesGranada,balanced_age_undersampling,age,undersampling,TAR_2,B,29.97,1.22,12
T1DiabetesGranada,balanced_age_jittering,age,jittering,TAR_2,C,0.03,0.02,1
T1DiabetesGranada,balanced_age_patient_aware_undersampling,age,patient_aware_undersampling,TAR_2,C,0.03,0.02,2
T1DiabetesGranada,balanced_age_reference_proportional,age,reference_proportional,TAR_2,C,0.03,0.02,3
T1DiabetesGranada,balanced_age_smote,age,smote,TAR_2,C,0.03,0.02,4
T1DiabetesGranada,balanced_age_undersampling,age,undersampling,TAR_2,C,0.03,0.02,5
T1DiabetesGranada,balanced_sex_jittering,sex,jittering,TAR_2,C,0.03,0.02,6
T1DiabetesGranada,balanced_sex_oversampling,sex,oversampling,TAR_2,C,0.03,0.02,7
T1DiabetesGranada,balanced_sex_patient_aware_undersampling,sex,patient_aware_undersampling,TAR_2,C,0.03,0.02,8
T1DiabetesGranada,balanced_sex_reference_proportional,sex,reference_proportional,TAR_2,C,0.03,0.02,9
T1DiabetesGranada,balanced_sex_smote,sex,smote,TAR_2,C,0.03,0.02,10
T1DiabetesGranada,balanced_sex_undersampling,sex,undersampling,TAR_2,C,0.03,0.02,11
T1DiabetesGranada,original,,original,TAR_2,C,0.03,0.02,12
T1DiabetesGranada,balanced_age_smote,age,smote,TAR_2,D,7.37,0.37,1
T1DiabetesGranada,balanced_age_patient_aware_undersampling,age,patient_aware_undersampling,TAR_2,D,7.45,0.53,2
T1DiabetesGranada,balanced_age_reference_proportional,age,reference_proportional,TAR_2,D,7.6,0.48,3
T1DiabetesGranada,original,,original,TAR_2,D,7.6,0.59,4
T1DiabetesGranada,balanced_sex_undersampling,sex,undersampling,TAR_2,D,7.65,0.76,5
T1DiabetesGranada,balanced_sex_reference_proportional,sex,reference_proportional,TAR_2,D,7.67,0.53,6
T1DiabetesGranada,balanced_age_undersampling,age,undersampling,TAR_2,D,7.67,0.43,7
T1DiabetesGranada,balanced_sex_smote,sex,smote,TAR_2,D,7.68,0.6,8
T1DiabetesGranada,balanced_sex_jittering,sex,jittering,TAR_2,D,7.74,0.62,9
T1DiabetesGranada,balanced_sex_patient_aware_undersampling,sex,patient_aware_undersampling,TAR_2,D,7.76,0.53,10
T1DiabetesGranada,balanced_sex_oversampling,sex,oversampling,TAR_2,D,7.88,0.56,11
T1DiabetesGranada,balanced_age_jittering,age,jittering,TAR_2,D,7.92,0.45,12
T1DiabetesGranada,balanced_age_jittering,age,jittering,TAR_2,E,0.0,0.0,1
T1DiabetesGranada,balanced_age_patient_aware_undersampling,age,patient_aware_undersampling,TAR_2,E,0.0,0.0,2
T1DiabetesGranada,balanced_age_reference_proportional,age,reference_proportional,TAR_2,E,0.0,0.0,3
T1DiabetesGranada,balanced_age_smote,age,smote,TAR_2,E,0.0,0.0,4
T1DiabetesGranada,balanced_age_undersampling,age,undersampling,TAR_2,E,0.0,0.0,5
T1DiabetesGranada,balanced_sex_jittering,sex,jittering,TAR_2,E,0.0,0.0,6
T1DiabetesGranada,balanced_sex_oversampling,sex,oversampling,TAR_2,E,0.0,0.0,7
T1DiabetesGranada,balanced_sex_patient_aware_undersampling,sex,patient_aware_undersampling,TAR_2,E,0.0,0.0,8
T1DiabetesGranada,balanced_sex_reference_proportional,sex,reference_proportional,TAR_2,E,0.0,0.0,9
T1DiabetesGranada,balanced_sex_smote,sex,smote,TAR_2,E,0.0,0.0,10
T1DiabetesGranada,balanced_sex_undersampling,sex,undersampling,TAR_2,E,0.0,0.0,11
T1DiabetesGranada,original,,original,TAR_2,E,0.0,0.0,12
T1DiabetesGranada,balanced_age_smote,age,smote,TAR_2,A + B,92.59,0.36,1
T1DiabetesGranada,balanced_age_patient_aware_undersampling,age,patient_aware_undersampling,TAR_2,A + B,92.52,0.52,2
T1DiabetesGranada,balanced_age_reference_proportional,age,reference_proportional,TAR_2,A + B,92.37,0.46,3
T1DiabetesGranada,original,,original,TAR_2,A + B,92.37,0.57,4
T1DiabetesGranada,balanced_sex_undersampling,sex,undersampling,TAR_2,A + B,92.31,0.75,5
T1DiabetesGranada,balanced_sex_reference_proportional,sex,reference_proportional,TAR_2,A + B,92.3,0.52,6
T1DiabetesGranada,balanced_sex_smote,sex,smote,TAR_2,A + B,92.29,0.58,7
T1DiabetesGranada,balanced_age_undersampling,age,undersampling,TAR_2,A + B,92.29,0.41,8
T1DiabetesGranada,balanced_sex_jittering,sex,jittering,TAR_2,A + B,92.23,0.6,9
T1DiabetesGranada,balanced_sex_patient_aware_undersampling,sex,patient_aware_undersampling,TAR_2,A + B,92.21,0.51,10
T1DiabetesGranada,balanced_sex_oversampling,sex,oversampling,TAR_2,A + B,92.09,0.55,11
T1DiabetesGranada,balanced_age_jittering,age,jittering,TAR_2,A + B,92.05,0.43,12
T1DiabetesGranada,balanced_age_smote,age,smote,TAR_2,RMSE,65.6,1.59,1
T1DiabetesGranada,balanced_age_undersampling,age,undersampling,TAR_2,RMSE,65.89,1.47,2
T1DiabetesGranada,balanced_age_patient_aware_undersampling,age,patient_aware_undersampling,TAR_2,RMSE,65.96,1.39,3
T1DiabetesGranada,balanced_age_reference_proportional,age,reference_proportional,TAR_2,RMSE,66.19,1.28,4
T1DiabetesGranada,balanced_sex_smote,sex,smote,TAR_2,RMSE,66.29,0.85,5
T1DiabetesGranada,original,,original,TAR_2,RMSE,66.33,1.27,6
T1DiabetesGranada,balanced_sex_undersampling,sex,undersampling,TAR_2,RMSE,66.49,1.2,7
T1DiabetesGranada,balanced_sex_reference_proportional,sex,reference_proportional,TAR_2,RMSE,66.63,0.96,8
T1DiabetesGranada,balanced_sex_jittering,sex,jittering,TAR_2,RMSE,66.74,0.7,9
T1DiabetesGranada,balanced_sex_patient_aware_undersampling,sex,patient_aware_undersampling,TAR_2,RMSE,66.87,1.18,10
T1DiabetesGranada,balanced_sex_oversampling,sex,oversampling,TAR_2,RMSE,66.9,0.66,11
T1DiabetesGranada,balanced_age_jittering,age,jittering,TAR_2,RMSE,67.19,1.42,12
T1DiabetesGranada,balanced_age_smote,age,smote,TAR_2,MSE,4305.11,207.35,1
T1DiabetesGranada,balanced_age_undersampling,age,undersampling,TAR_2,MSE,4343.73,194.79,2
T1DiabetesGranada,balanced_age_patient_aware_undersampling,age,patient_aware_undersampling,TAR_2,MSE,4352.71,184.81,3
T1DiabetesGranada,balanced_age_reference_proportional,age,reference_proportional,TAR_2,MSE,4382.24,170.35,4
T1DiabetesGranada,balanced_sex_smote,sex,smote,TAR_2,MSE,4395.55,113.68,5
T1DiabetesGranada,original,,original,TAR_2,MSE,4400.96,168.79,6
T1DiabetesGranada,balanced_sex_undersampling,sex,undersampling,TAR_2,MSE,4421.45,160.48,7
T1DiabetesGranada,balanced_sex_reference_proportional,sex,reference_proportional,TAR_2,MSE,4440.12,127.7,8
T1DiabetesGranada,balanced_sex_jittering,sex,jittering,TAR_2,MSE,4454.97,92.8,9
T1DiabetesGranada,balanced_sex_patient_aware_undersampling,sex,patient_aware_undersampling,TAR_2,MSE,4473.19,158.17,10
T1DiabetesGranada,balanced_sex_oversampling,sex,oversampling,TAR_2,MSE,4475.42,88.87,11
T1DiabetesGranada,balanced_age_jittering,age,jittering,TAR_2,MSE,4515.65,190.11,12
T1DiabetesGranada,balanced_age_smote,age,smote,TAR_2,MAE,55.18,1.49,1
T1DiabetesGranada,balanced_age_undersampling,age,undersampling,TAR_2,MAE,55.36,1.5,2
T1DiabetesGranada,balanced_age_patient_aware_undersampling,age,patient_aware_undersampling,TAR_2,MAE,55.52,1.28,3
T1DiabetesGranada,balanced_age_reference_proportional,age,reference_proportional,TAR_2,MAE,55.74,1.21,4
T1DiabetesGranada,balanced_sex_smote,sex,smote,TAR_2,MAE,55.81,0.77,5
T1DiabetesGranada,original,,original,TAR_2,MAE,55.9,1.29,6
T1DiabetesGranada,balanced_sex_undersampling,sex,undersampling,TAR_2,MAE,56.11,1.13,7
T1DiabetesGranada,balanced_sex_reference_proportional,sex,reference_proportional,TAR_2,MAE,56.29,0.82,8
T1DiabetesGranada,balanced_sex_jittering,sex,jittering,TAR_2,MAE,56.32,0.42,9
T1DiabetesGranada,balanced_sex_oversampling,sex,oversampling,TAR_2,MAE,56.49,0.5,10
T1DiabetesGranada,balanced_sex_patient_aware_undersampling,sex,patient_aware_undersampling,TAR_2,MAE,56.53,1.06,11
T1DiabetesGranada,balanced_age_jittering,age,jittering,TAR_2,MAE,56.81,1.34,12
T1DiabetesGranada,balanced_age_patient_aware_undersampling,age,patient_aware_undersampling,TAR_2,MAPE,0.18,0.0,1
T1DiabetesGranada,balanced_age_reference_proportional,age,reference_proportional,TAR_2,MAPE,0.18,0.0,2
T1DiabetesGranada,balanced_age_smote,age,smote,TAR_2,MAPE,0.18,0.0,3
T1DiabetesGranada,balanced_age_undersampling,age,undersampling,TAR_2,MAPE,0.18,0.0,4
T1DiabetesGranada,original,,original,TAR_2,MAPE,0.18,0.0,5
T1DiabetesGranada,balanced_sex_smote,sex,smote,TAR_2,MAPE,0.18,0.0,6
T1DiabetesGranada,balanced_age_jittering,age,jittering,TAR_2,MAPE,0.19,0.0,7
T1DiabetesGranada,balanced_sex_jittering,sex,jittering,TAR_2,MAPE,0.19,0.0,8
T1DiabetesGranada,balanced_sex_patient_aware_undersampling,sex,patient_aware_undersampling,TAR_2,MAPE,0.19,0.0,9
T1DiabetesGranada,balanced_sex_oversampling,sex,oversampling,TAR_2,MAPE,0.19,0.0,10
T1DiabetesGranada,balanced_sex_reference_proportional,sex,reference_proportional,TAR_2,MAPE,0.19,0.0,11
T1DiabetesGranada,balanced_sex_undersampling,sex,undersampling,TAR_2,MAPE,0.19,0.0,12
T1DiabetesGranada,balanced_age_patient_aware_undersampling,age,patient_aware_undersampling,ENTIRE,A,67.82,0.95,1
T1DiabetesGranada,balanced_age_smote,age,smote,ENTIRE,A,67.82,0.77,2
T1DiabetesGranada,balanced_sex_reference_proportional,sex,reference_proportional,ENTIRE,A,67.8,0.8,3
T1DiabetesGranada,balanced_sex_smote,sex,smote,ENTIRE,A,67.79,0.64,4
T1DiabetesGranada,balanced_sex_jittering,sex,jittering,ENTIRE,A,67.72,0.9,5
T1DiabetesGranada,balanced_age_reference_proportional,age,reference_proportional,ENTIRE,A,67.72,0.72,6
T1DiabetesGranada,balanced_sex_undersampling,sex,undersampling,ENTIRE,A,67.72,0.81,7
T1DiabetesGranada,balanced_age_undersampling,age,undersampling,ENTIRE,A,67.63,0.68,8
T1DiabetesGranada,balanced_sex_oversampling,sex,oversampling,ENTIRE,A,67.62,0.78,9
T1DiabetesGranada,original,,original,ENTIRE,A,67.59,0.81,10
T1DiabetesGranada,balanced_sex_patient_aware_undersampling,sex,patient_aware_undersampling,ENTIRE,A,67.45,0.94,11
T1DiabetesGranada,balanced_age_jittering,age,jittering,ENTIRE,A,67.43,0.86,12
T1DiabetesGranada,balanced_age_jittering,age,jittering,ENTIRE,B,27.02,0.53,1
T1DiabetesGranada,balanced_sex_patient_aware_undersampling,sex,patient_aware_undersampling,ENTIRE,B,26.96,0.56,2
T1DiabetesGranada,balanced_sex_oversampling,sex,oversampling,ENTIRE,B,26.88,0.47,3
T1DiabetesGranada,original,,original,ENTIRE,B,26.84,0.48,4
T1DiabetesGranada,balanced_sex_jittering,sex,jittering,ENTIRE,B,26.81,0.55,5
T1DiabetesGranada,balanced_age_undersampling,age,undersampling,ENTIRE,B,26.8,0.42,6
T1DiabetesGranada,balanced_age_reference_proportional,age,reference_proportional,ENTIRE,B,26.78,0.4,7
T1DiabetesGranada,balanced_age_smote,age,smote,ENTIRE,B,26.77,0.46,8
T1DiabetesGranada,balanced_sex_undersampling,sex,undersampling,ENTIRE,B,26.76,0.57,9
T1DiabetesGranada,balanced_sex_smote,sex,smote,ENTIRE,B,26.76,0.44,10
T1DiabetesGranada,balanced_age_patient_aware_undersampling,age,patient_aware_undersampling,ENTIRE,B,26.75,0.55,11
T1DiabetesGranada,balanced_sex_reference_proportional,sex,reference_proportional,ENTIRE,B,26.74,0.42,12
T1DiabetesGranada,balanced_sex_oversampling,sex,oversampling,ENTIRE,C,0.15,0.04,1
T1DiabetesGranada,balanced_sex_patient_aware_undersampling,sex,patient_aware_undersampling,ENTIRE,C,0.15,0.03,2
T1DiabetesGranada,balanced_age_jittering,age,jittering,ENTIRE,C,0.16,0.03,3
T1DiabetesGranada,balanced_age_patient_aware_undersampling,age,patient_aware_undersampling,ENTIRE,C,0.16,0.03,4
T1DiabetesGranada,balanced_sex_jittering,sex,jittering,ENTIRE,C,0.16,0.03,5
T1DiabetesGranada,balanced_age_reference_proportional,age,reference_proportional,ENTIRE,C,0.16,0.03,6
T1DiabetesGranada,balanced_sex_smote,sex,smote,ENTIRE,C,0.16,0.04,7
T1DiabetesGranada,balanced_sex_reference_proportional,sex,reference_proportional,ENTIRE,C,0.16,0.03,8
T1DiabetesGranada,balanced_sex_undersampling,sex,undersampling,ENTIRE,C,0.16,0.03,9
T1DiabetesGranada,original,,original,ENTIRE,C,0.16,0.03,10
T1DiabetesGranada,balanced_age_undersampling,age,undersampling,ENTIRE,C,0.17,0.03,11
T1DiabetesGranada,balanced_age_smote,age,smote,ENTIRE,C,0.17,0.03,12
T1DiabetesGranada,balanced_age_smote,age,smote,ENTIRE,D,5.22,0.3,1
T1DiabetesGranada,balanced_age_patient_aware_undersampling,age,patient_aware_undersampling,ENTIRE,D,5.23,0.4,2
T1DiabetesGranada,balanced_sex_smote,sex,smote,ENTIRE,D,5.26,0.2,3
T1DiabetesGranada,balanced_sex_reference_proportional,sex,reference_proportional,ENTIRE,D,5.27,0.39,4
T1DiabetesGranada,balanced_sex_jittering,sex,jittering,ENTIRE,D,5.28,0.32,5
T1DiabetesGranada,balanced_age_reference_proportional,age,reference_proportional,ENTIRE,D,5.31,0.35,6
T1DiabetesGranada,balanced_sex_oversampling,sex,oversampling,ENTIRE,D,5.31,0.28,7
T1DiabetesGranada,balanced_sex_undersampling,sex,undersampling,ENTIRE,D,5.33,0.27,8
T1DiabetesGranada,balanced_age_jittering,age,jittering,ENTIRE,D,5.36,0.35,9
T1DiabetesGranada,balanced_age_undersampling,age,undersampling,ENTIRE,D,5.37,0.24,10
T1DiabetesGranada,original,,original,ENTIRE,D,5.38,0.33,11
T1DiabetesGranada,balanced_sex_patient_aware_undersampling,sex,patient_aware_undersampling,ENTIRE,D,5.4,0.38,12
T1DiabetesGranada,balanced_age_jittering,age,jittering,ENTIRE,E,0.03,0.01,1
T1DiabetesGranada,balanced_age_patient_aware_undersampling,age,patient_aware_undersampling,ENTIRE,E,0.03,0.01,2
T1DiabetesGranada,balanced_age_reference_proportional,age,reference_proportional,ENTIRE,E,0.03,0.01,3
T1DiabetesGranada,balanced_age_smote,age,smote,ENTIRE,E,0.03,0.01,4
T1DiabetesGranada,balanced_age_undersampling,age,undersampling,ENTIRE,E,0.03,0.01,5
T1DiabetesGranada,balanced_sex_jittering,sex,jittering,ENTIRE,E,0.03,0.0,6
T1DiabetesGranada,balanced_sex_oversampling,sex,oversampling,ENTIRE,E,0.03,0.01,7
T1DiabetesGranada,balanced_sex_patient_aware_undersampling,sex,patient_aware_undersampling,ENTIRE,E,0.03,0.0,8
T1DiabetesGranada,balanced_sex_reference_proportional,sex,reference_proportional,ENTIRE,E,0.03,0.0,9
T1DiabetesGranada,balanced_sex_smote,sex,smote,ENTIRE,E,0.03,0.01,10
T1DiabetesGranada,balanced_sex_undersampling,sex,undersampling,ENTIRE,E,0.03,0.01,11
T1DiabetesGranada,original,,original,ENTIRE,E,0.03,0.01,12
T1DiabetesGranada,balanced_age_smote,age,smote,ENTIRE,A + B,94.58,0.33,1
T1DiabetesGranada,balanced_age_patient_aware_undersampling,age,patient_aware_undersampling,ENTIRE,A + B,94.57,0.43,2
T1DiabetesGranada,balanced_sex_reference_proportional,sex,reference_proportional,ENTIRE,A + B,94.55,0.41,3
T1DiabetesGranada,balanced_sex_smote,sex,smote,ENTIRE,A + B,94.55,0.24,4
T1DiabetesGranada,balanced_sex_jittering,sex,jittering,ENTIRE,A + B,94.53,0.35,5
T1DiabetesGranada,balanced_age_reference_proportional,age,reference_proportional,ENTIRE,A + B,94.5,0.37,6
T1DiabetesGranada,balanced_sex_oversampling,sex,oversampling,ENTIRE,A + B,94.5,0.32,7
T1DiabetesGranada,balanced_sex_undersampling,sex,undersampling,ENTIRE,A + B,94.48,0.3,8
T1DiabetesGranada,balanced_age_jittering,age,jittering,ENTIRE,A + B,94.45,0.36,9
T1DiabetesGranada,balanced_age_undersampling,age,undersampling,ENTIRE,A + B,94.43,0.27,10
T1DiabetesGranada,original,,original,ENTIRE,A + B,94.43,0.36,11
T1DiabetesGranada,balanced_sex_patient_aware_undersampling,sex,patient_aware_undersampling,ENTIRE,A + B,94.41,0.42,12
T1DiabetesGranada,balanced_age_smote,age,smote,ENTIRE,RMSE,37.68,0.77,1
T1DiabetesGranada,balanced_age_patient_aware_undersampling,age,patient_aware_undersampling,ENTIRE,RMSE,37.78,0.86,2
T1DiabetesGranada,balanced_sex_undersampling,sex,undersampling,ENTIRE,RMSE,37.79,0.86,3
T1DiabetesGranada,balanced_age_reference_proportional,age,reference_proportional,ENTIRE,RMSE,37.8,0.72,4
T1DiabetesGranada,original,,original,ENTIRE,RMSE,37.8,0.81,5
T1DiabetesGranada,balanced_sex_smote,sex,smote,ENTIRE,RMSE,37.83,0.67,6
T1DiabetesGranada,balanced_age_undersampling,age,undersampling,ENTIRE,RMSE,37.85,0.74,7
T1DiabetesGranada,balanced_sex_reference_proportional,sex,reference_proportional,ENTIRE,RMSE,37.86,0.7,8
T1DiabetesGranada,balanced_sex_jittering,sex,jittering,ENTIRE,RMSE,37.92,0.76,9
T1DiabetesGranada,balanced_sex_patient_aware_undersampling,sex,patient_aware_undersampling,ENTIRE,RMSE,37.93,0.85,10
T1DiabetesGranada,balanced_sex_oversampling,sex,oversampling,ENTIRE,RMSE,37.97,0.66,11
T1DiabetesGranada,balanced_age_jittering,age,jittering,ENTIRE,RMSE,38.08,0.9,12
T1DiabetesGranada,balanced_age_smote,age,smote,ENTIRE,MSE,1420.01,58.08,1
T1DiabetesGranada,balanced_age_patient_aware_undersampling,age,patient_aware_undersampling,ENTIRE,MSE,1428.29,65.42,2
T1DiabetesGranada,balanced_sex_undersampling,sex,undersampling,ENTIRE,MSE,1428.81,65.89,3
T1DiabetesGranada,original,,original,ENTIRE,MSE,1429.28,61.53,4
T1DiabetesGranada,balanced_age_reference_proportional,age,reference_proportional,ENTIRE,MSE,1429.48,54.37,5
T1DiabetesGranada,balanced_sex_smote,sex,smote,ENTIRE,MSE,1431.14,50.63,6
T1DiabetesGranada,balanced_age_undersampling,age,undersampling,ENTIRE,MSE,1432.77,56.37,7
T1DiabetesGranada,balanced_sex_reference_proportional,sex,reference_proportional,ENTIRE,MSE,1433.97,53.37,8
T1DiabetesGranada,balanced_sex_jittering,sex,jittering,ENTIRE,MSE,1438.13,57.75,9
T1DiabetesGranada,balanced_sex_patient_aware_undersampling,sex,patient_aware_undersampling,ENTIRE,MSE,1439.22,65.01,10
T1DiabetesGranada,balanced_sex_oversampling,sex,oversampling,ENTIRE,MSE,1441.79,49.75,11
T1DiabetesGranada,balanced_age_jittering,age,jittering,ENTIRE,MSE,1450.89,69.02,12
T1DiabetesGranada,balanced_age_smote,age,smote,ENTIRE,MAE,27.41,0.55,1
T1DiabetesGranada,balanced_age_patient_aware_undersampling,age,patient_aware_undersampling,ENTIRE,MAE,27.47,0.64,2
T1DiabetesGranada,balanced_sex_undersampling,sex,undersampling,ENTIRE,MAE,27.49,0.67,3
T1DiabetesGranada,balanced_age_reference_proportional,age,reference_proportional,ENTIRE,MAE,27.5,0.52,4
T1DiabetesGranada,balanced_sex_smote,sex,smote,ENTIRE,MAE,27.5,0.51,5
T1DiabetesGranada,original,,original,ENTIRE,MAE,27.51,0.62,6
T1DiabetesGranada,balanced_sex_reference_proportional,sex,reference_proportional,ENTIRE,MAE,27.52,0.52,7
T1DiabetesGranada,balanced_age_undersampling,age,undersampling,ENTIRE,MAE,27.56,0.56,8
T1DiabetesGranada,balanced_sex_jittering,sex,jittering,ENTIRE,MAE,27.56,0.59,9
T1DiabetesGranada,balanced_sex_oversampling,sex,oversampling,ENTIRE,MAE,27.64,0.54,10
T1DiabetesGranada,balanced_sex_patient_aware_undersampling,sex,patient_aware_undersampling,ENTIRE,MAE,27.64,0.68,11
T1DiabetesGranada,balanced_age_jittering,age,jittering,ENTIRE,MAE,27.75,0.65,12
T1DiabetesGranada,balanced_age_jittering,age,jittering,ENTIRE,MAPE,0.18,0.0,1
T1DiabetesGranada,balanced_age_patient_aware_undersampling,age,patient_aware_undersampling,ENTIRE,MAPE,0.18,0.01,2
T1DiabetesGranada,balanced_age_reference_proportional,age,reference_proportional,ENTIRE,MAPE,0.18,0.0,3
T1DiabetesGranada,balanced_age_smote,age,smote,ENTIRE,MAPE,0.18,0.0,4
T1DiabetesGranada,balanced_age_undersampling,age,undersampling,ENTIRE,MAPE,0.18,0.0,5
T1DiabetesGranada,balanced_sex_jittering,sex,jittering,ENTIRE,MAPE,0.18,0.0,6
T1DiabetesGranada,balanced_sex_oversampling,sex,oversampling,ENTIRE,MAPE,0.18,0.0,7
T1DiabetesGranada,balanced_sex_patient_aware_undersampling,sex,patient_aware_undersampling,ENTIRE,MAPE,0.18,0.01,8
T1DiabetesGranada,balanced_sex_reference_proportional,sex,reference_proportional,ENTIRE,MAPE,0.18,0.0,9
T1DiabetesGranada,balanced_sex_smote,sex,smote,ENTIRE,MAPE,0.18,0.0,10
T1DiabetesGranada,balanced_sex_undersampling,sex,undersampling,ENTIRE,MAPE,0.18,0.0,11
T1DiabetesGranada,original,,original,ENTIRE,MAPE,0.18,0.0,12
